{"type":"FeatureCollection","features":[{"type":"Feature","geometry":{"type":"Polygon","coordinates":[[[-66.6448,-9.8834],[-66.8062,-9.8145],[-66.8102,-9.8181],[-67.06,-9.7087],[-67.2227,-9.6375],[-67.3248,-9.5928],[-67.5173,-9.5607],[-67.9771,-9.3526],[-68.2202,-9.2426],[-68.6375,-9.0538],[-68.7066,-8.9984],[-68.9689,-8.7734],[-69.0621,-8.6935],[-69.2862,-8.5017],[-69.5868,-8.2445],[-69.8016,-8.0611],[-69.9893,-7.901],[-70.0513,-7.8482],[-70.2358,-7.8244],[-70.3331,-7.8133],[-70.5187,-7.792],[-70.6788,-7.7736],[-70.7724,-7.7628],[-70.7924,-7.7605],[-71.0884,-7.7263],[-71.3815,-7.6923],[-71.7922,-7.6446],[-72.0775,-7.6114],[-72.3647,-7.5778],[-72.5884,-7.5506],[-72.901,-7.4373],[-73.1823,-7.3355],[-73.8014,-7.1119],[-73.794,-7.1335],[-73.7595,-7.1717],[-73.7542,-7.2018],[-73.7147,-7.2346],[-73.7166,-7.268],[-73.7003,-7.2936],[-73.7182,-7.3287],[-73.7563,-7.3473],[-73.7668,-7.3322],[-73.7938,-7.3427],[-73.818,-7.3358],[-73.8531,-7.3477],[-73.8705,-7.3792],[-73.9104,-7.3785],[-73.9343,-7.3519],[-73.968,-7.3606],[-73.9322,-7.4236],[-73.9202,-7.4661],[-73.9484,-7.527],[-73.9913,-7.5367],[-73.9432,-7.5994],[-73.8892,-7.632],[-73.886,-7.6561],[-73.845,-7.6765],[-73.8225,-7.7183],[-73.7409,-7.7345],[-73.692,-7.7682],[-73.6828,-7.7904],[-73.6846,-7.845],[-73.7139,-7.8762],[-73.767,-7.871],[-73.7535,-7.8927],[-73.7474,-7.9533],[-73.7296,-7.9698],[-73.6985,-7.961],[-73.6789,-8.0052],[-73.6408,-8.0085],[-73.6246,-8.0292],[-73.632,-8.0619],[-73.5948,-8.0982],[-73.5838,-8.1281],[-73.5921,-8.1431],[-73.5803,-8.2097],[-73.5373,-8.2707],[-73.5306,-8.3129],[-73.5378,-8.3463],[-73.5051,-8.3795],[-73.4434,-8.4081],[-73.4133,-8.4114],[-73.39,-8.4692],[-73.366,-8.4642],[-73.3296,-8.4773],[-73.3059,-8.4724],[-73.2828,-8.561],[-73.292,-8.5965],[-73.2519,-8.6335],[-73.252,-8.6542],[-73.223,-8.6785],[-73.1503,-8.6843],[-73.1157,-8.7293],[-73.1079,-8.7705],[-73.0921,-8.7893],[-73.0902,-8.8184],[-73.0635,-8.8547],[-73.0458,-8.9032],[-73.0339,-8.9164],[-72.992,-8.9198],[-72.9674,-8.9792],[-72.9422,-8.9873],[-72.9571,-9.0164],[-72.9414,-9.0648],[-72.9533,-9.1291],[-72.9741,-9.1529],[-73.0047,-9.1655],[-72.9955,-9.1946],[-73.0079,-9.2156],[-73.0424,-9.2375],[-73.0786,-9.2373],[-73.1138,-9.2803],[-73.1025,-9.3066],[-73.13,-9.314],[-73.1594,-9.3529],[-73.1885,-9.361],[-73.2081,-9.4121],[-72.7509,-9.4107],[-72.741,-9.4303],[-72.7117,-9.4344],[-72.6902,-9.4495],[-72.5949,-9.4609],[-72.557,-9.4833],[-72.4374,-9.4766],[-72.3703,-9.505],[-72.3547,-9.5408],[-72.2836,-9.5403],[-72.2884,-9.6013],[-72.2528,-9.6173],[-72.2465,-9.6549],[-72.2518,-9.691],[-72.2649,-9.7139],[-72.2696,-9.7502],[-72.2441,-9.7665],[-72.1762,-9.7827],[-72.1493,-9.7998],[-72.1783,-9.8223],[-72.1717,-9.8619],[-72.1551,-9.8805],[-72.1859,-9.9166],[-72.1708,-9.9667],[-72.1994,-10.0006],[-71.6577,-10.001],[-71.376,-10.0012],[-71.3398,-9.9728],[-71.3187,-9.992],[-71.272,-9.9791],[-71.254,-9.9643],[-71.2118,-9.9672],[-71.1823,-9.9183],[-71.1726,-9.8889],[-71.1452,-9.8633],[-71.1041,-9.8521],[-71.0778,-9.8285],[-71.0491,-9.8166],[-70.9958,-9.8171],[-70.9743,-9.7583],[-70.9521,-9.7418],[-70.9254,-9.7411],[-70.8889,-9.6893],[-70.8521,-9.6544],[-70.7932,-9.6367],[-70.7875,-9.6133],[-70.757,-9.6024],[-70.7603,-9.5836],[-70.7295,-9.568],[-70.7146,-9.5454],[-70.6728,-9.5273],[-70.6356,-9.4995],[-70.6309,-9.4796],[-70.5608,-9.4278],[-70.507,-9.4224],[-70.4951,-9.4398],[-70.5232,-9.4602],[-70.5119,-9.4903],[-70.5424,-9.5363],[-70.5844,-9.5515],[-70.5855,-9.5895],[-70.5975,-9.6048],[-70.5706,-9.6612],[-70.5416,-9.6817],[-70.5263,-9.7231],[-70.5353,-9.7637],[-70.5601,-9.7879],[-70.579,-9.7771],[-70.5911,-9.8032],[-70.6221,-9.822],[-70.6213,-9.9617],[-70.6246,-10.0754],[-70.6259,-10.499],[-70.6233,-10.7117],[-70.6215,-11.0002],[-70.5308,-10.9351],[-70.48,-10.9716],[-70.45,-11.0012],[-70.4246,-11.0386],[-70.3859,-11.0477],[-70.3745,-11.0609],[-70.3072,-11.0703],[-70.2418,-11.0464],[-70.2004,-11.054],[-70.1423,-11.03],[-70.1075,-11.0074],[-70.0924,-10.9864],[-70.0677,-10.9929],[-70.0283,-10.9777],[-69.9349,-10.9223],[-69.9003,-10.9205],[-69.8314,-10.934],[-69.801,-10.9266],[-69.7611,-10.9452],[-69.74,-10.9642],[-69.7016,-10.9659],[-69.6594,-10.9524],[-69.6356,-10.9576],[-69.6022,-10.9423],[-69.5545,-10.946],[-69.5174,-10.9361],[-69.4961,-10.9499],[-69.4545,-10.9502],[-69.4501,-10.9365],[-69.4065,-10.9298],[-69.3431,-10.9525],[-69.3198,-10.9444],[-69.2324,-10.9403],[-69.1371,-10.9737],[-69.1018,-10.9805],[-69.0728,-10.9664],[-69.0619,-10.9847],[-69.0391,-10.9773],[-69.0134,-11.0053],[-68.9846,-11.0094],[-68.9738,-10.9897],[-68.9087,-11.0221],[-68.86,-11.0057],[-68.8289,-11.0086],[-68.8124,-10.9955],[-68.7484,-11.011],[-68.7655,-11.0666],[-68.746,-11.0957],[-68.7213,-11.104],[-68.7162,-11.1453],[-68.543,-11.1105],[-68.4878,-11.051],[-68.4453,-11.0464],[-68.4322,-11.0319],[-68.4055,-11.0539],[-68.3853,-11.0184],[-68.3543,-11.0046],[-68.3327,-11.0137],[-68.3081,-10.9926],[-68.2787,-10.9897],[-68.2379,-10.9566],[-68.2248,-10.912],[-68.2093,-10.9047],[-68.1968,-10.8595],[-68.1826,-10.8566],[-68.1541,-10.8206],[-68.1038,-10.7758],[-68.1087,-10.7253],[-68.1004,-10.7096],[-68.0551,-10.6704],[-68.0024,-10.6484],[-67.9766,-10.663],[-67.9085,-10.6418],[-67.8643,-10.6411],[-67.837,-10.6499],[-67.7921,-10.6781],[-67.762,-10.685],[-67.7333,-10.7138],[-67.7053,-10.6984],[-67.6768,-10.6053],[-67.6606,-10.6167],[-67.634,-10.5795],[-67.6125,-10.564],[-67.5879,-10.5104],[-67.5471,-10.4899],[-67.4441,-10.4553],[-67.4137,-10.4276],[-67.4076,-10.3743],[-67.3113,-10.3767],[-67.3159,-10.3197],[-67.2861,-10.3205],[-67.2661,-10.3336],[-67.2359,-10.3175],[-67.1953,-10.3253],[-67.1875,-10.3407],[-67.1434,-10.3266],[-67.1311,-10.2933],[-67.0986,-10.2827],[-67.0797,-10.2898],[-67.0485,-10.2657],[-67.0162,-10.2583],[-66.9816,-10.1961],[-66.9542,-10.1896],[-66.9451,-10.1579],[-66.9026,-10.1269],[-66.8667,-10.0847],[-66.8385,-10.0835],[-66.8068,-10.0378],[-66.7317,-9.9809],[-66.6762,-9.9683],[-66.6637,-9.9398],[-66.6381,-9.9522],[-66.6198,-9.8941],[-66.6448,-9.8834]]]},"properties":{"sigla":"AC","nome":"Acre"},"id":"AC"},{"type":"Feature","geometry":{"type":"Polygon","coordinates":[[[-36.3939,-10.5004],[-36.3854,-10.4994],[-36.3358,-10.4038],[-36.2938,-10.3549],[-36.3027,-10.3262],[-36.2922,-10.3005],[-36.2231,-10.2232],[-36.1866,-10.1975],[-36.1709,-10.1713],[-36.1354,-10.1593],[-36.0839,-10.0908],[-36.0464,-10.0757],[-36.0041,-10.0037],[-35.9746,-9.9659],[-35.9353,-9.8992],[-35.9028,-9.8701],[-35.8897,-9.84],[-35.8129,-9.7322],[-35.7556,-9.6782],[-35.7228,-9.6762],[-35.6994,-9.6496],[-35.6868,-9.614],[-35.6305,-9.552],[-35.5586,-9.4875],[-35.5253,-9.443],[-35.5135,-9.4403],[-35.4875,-9.3747],[-35.4376,-9.3275],[-35.4158,-9.3212],[-35.3541,-9.2555],[-35.3201,-9.1995],[-35.3067,-9.1934],[-35.2705,-9.1225],[-35.2389,-9.049],[-35.2103,-9.0017],[-35.1753,-8.9639],[-35.1552,-8.9032],[-35.1709,-8.891],[-35.2091,-8.8918],[-35.2351,-8.8832],[-35.2445,-8.885],[-35.3064,-8.8719],[-35.383,-8.8527],[-35.4091,-8.838],[-35.4359,-8.841],[-35.4599,-8.8378],[-35.4702,-8.8132],[-35.4806,-8.82],[-35.4935,-8.8254],[-35.5004,-8.825],[-35.5043,-8.8223],[-35.5178,-8.8168],[-35.5352,-8.8195],[-35.557,-8.8315],[-35.5962,-8.861],[-35.6055,-8.8652],[-35.6292,-8.8794],[-35.6648,-8.891],[-35.7003,-8.9066],[-35.7484,-8.9172],[-35.7792,-8.8887],[-35.7837,-8.882],[-35.776,-8.8585],[-35.7814,-8.861],[-35.7951,-8.8477],[-35.82,-8.8569],[-35.8492,-8.8718],[-35.8513,-8.8681],[-35.887,-8.8631],[-35.9115,-8.8613],[-35.9243,-8.8847],[-35.9426,-8.8856],[-35.9507,-8.8923],[-36.0054,-8.913],[-36.064,-8.9154],[-36.0865,-8.9441],[-36.1273,-8.9561],[-36.1296,-8.9714],[-36.1044,-8.999],[-36.1151,-9.0134],[-36.1115,-9.0177],[-36.1273,-9.0337],[-36.1428,-9.0404],[-36.1548,-9.04],[-36.1795,-9.041],[-36.1958,-9.0448],[-36.222,-9.0733],[-36.2456,-9.0991],[-36.267,-9.1111],[-36.2463,-9.1436],[-36.2391,-9.16],[-36.2525,-9.1813],[-36.2616,-9.1773],[-36.2878,-9.1733],[-36.3006,-9.1758],[-36.3389,-9.207],[-36.354,-9.2012],[-36.3489,-9.2148],[-36.3584,-9.2183],[-36.4198,-9.2296],[-36.437,-9.2121],[-36.4543,-9.2257],[-36.4577,-9.2331],[-36.4879,-9.2417],[-36.4898,-9.2527],[-36.5034,-9.271],[-36.5719,-9.2926],[-36.5639,-9.3228],[-36.5675,-9.3322],[-36.5863,-9.3381],[-36.6249,-9.3319],[-36.6279,-9.3324],[-36.6347,-9.3269],[-36.6355,-9.3208],[-36.6572,-9.3111],[-36.6849,-9.283],[-36.6939,-9.2754],[-36.7588,-9.2714],[-36.7734,-9.2796],[-36.7972,-9.2931],[-36.8397,-9.2882],[-36.8713,-9.2681],[-36.8748,-9.277],[-36.8898,-9.2837],[-36.9217,-9.3136],[-36.9274,-9.3254],[-36.9525,-9.3826],[-36.977,-9.3614],[-37.0034,-9.3526],[-37.0243,-9.3157],[-37.0456,-9.3159],[-37.0576,-9.3176],[-37.0572,-9.2818],[-37.0809,-9.254],[-37.1063,-9.2398],[-37.1644,-9.2757],[-37.159,-9.2391],[-37.1983,-9.2155],[-37.2344,-9.2401],[-37.2336,-9.2066],[-37.2626,-9.1589],[-37.2823,-9.1489],[-37.3111,-9.1076],[-37.3107,-9.1005],[-37.3406,-9.0796],[-37.4185,-9.0439],[-37.4337,-9.0298],[-37.4694,-9.0277],[-37.4938,-9.0007],[-37.4896,-8.9884],[-37.4904,-8.9659],[-37.5001,-8.968],[-37.5301,-8.9631],[-37.5411,-8.9584],[-37.5624,-8.974],[-37.5836,-8.9702],[-37.6146,-8.9892],[-37.6262,-9.0144],[-37.6439,-9.0184],[-37.6641,-8.9996],[-37.6617,-8.9873],[-37.6895,-8.9903],[-37.6885,-8.9788],[-37.684,-8.9684],[-37.7352,-8.8876],[-37.7416,-8.8877],[-37.7589,-8.8566],[-37.7761,-8.8625],[-37.8118,-8.8848],[-37.8285,-8.9218],[-37.8263,-8.9328],[-37.8391,-8.9784],[-37.8827,-9.0407],[-37.905,-9.0403],[-37.9392,-9.0833],[-37.9516,-9.0973],[-37.9543,-9.1096],[-37.991,-9.1554],[-38.0793,-9.1706],[-38.0923,-9.1728],[-38.1193,-9.2018],[-38.1439,-9.2182],[-38.1564,-9.2492],[-38.158,-9.2639],[-38.1807,-9.2917],[-38.2021,-9.2968],[-38.2376,-9.3298],[-38.2096,-9.3586],[-38.2019,-9.4004],[-38.205,-9.4168],[-38.155,-9.4435],[-38.1214,-9.4416],[-38.0797,-9.4404],[-38.0679,-9.4585],[-38.0222,-9.47],[-37.998,-9.4993],[-38.0033,-9.5151],[-37.9894,-9.5274],[-37.9172,-9.549],[-37.8862,-9.5502],[-37.8183,-9.5929],[-37.7851,-9.6387],[-37.7469,-9.6258],[-37.7118,-9.6313],[-37.6709,-9.6567],[-37.6569,-9.6837],[-37.5719,-9.7388],[-37.4737,-9.7469],[-37.4178,-9.763],[-37.3976,-9.7776],[-37.3483,-9.7932],[-37.3212,-9.8205],[-37.2855,-9.831],[-37.257,-9.8603],[-37.2472,-9.8847],[-37.2266,-9.8995],[-37.153,-9.9009],[-37.1327,-9.9138],[-37.0618,-9.9785],[-37.0442,-9.9887],[-36.9949,-9.9754],[-36.9676,-9.9929],[-36.9564,-10.0237],[-36.9591,-10.0506],[-36.9471,-10.0866],[-36.9109,-10.138],[-36.8486,-10.1628],[-36.8357,-10.2041],[-36.8085,-10.2209],[-36.7562,-10.2318],[-36.7562,-10.2464],[-36.6851,-10.2753],[-36.6445,-10.2526],[-36.622,-10.2592],[-36.5912,-10.2874],[-36.5659,-10.3296],[-36.5631,-10.4197],[-36.5101,-10.4328],[-36.4636,-10.4068],[-36.4305,-10.4253],[-36.3939,-10.5004]]]},"properties":{"sigla":"AL","nome":"Alagoas"},"id":"AL"},{"type":"Feature","geometry":{"type":"Polygon","coordinates":[[[-63.3719,2.2119],[-63.3887,2.183],[-63.3976,2.1469],[-63.444,2.1252],[-63.4665,2.141],[-63.4923,2.1155],[-63.5362,2.131],[-63.5617,2.1324],[-63.6173,2.1066],[-63.6448,2.065],[-63.662,2.0655],[-63.6679,2.0169],[-63.7031,2.0463],[-63.7848,1.9816],[-63.8237,1.9911],[-63.8295,1.9683],[-63.9065,1.9916],[-63.9226,1.983],[-63.9754,1.9913],[-64.019,1.9513],[-64.0618,1.9308],[-64.0618,1.8827],[-64.0709,1.8524],[-64.0559,1.841],[-64.0623,1.7897],[-64.0779,1.7591],[-64.0612,1.7016],[-64.0651,1.676],[-64.112,1.5894],[-64.144,1.5825],[-64.1937,1.5427],[-64.2154,1.5085],[-64.2401,1.5113],[-64.2673,1.4847],[-64.302,1.4683],[-64.3259,1.436],[-64.3295,1.3949],[-64.3426,1.3844],[-64.3998,1.3949],[-64.3973,1.4244],[-64.3787,1.4636],[-64.357,1.4838],[-64.3512,1.5183],[-64.3973,1.5269],[-64.4384,1.4718],[-64.4534,1.4803],[-64.5004,1.4427],[-64.5531,1.4169],[-64.5826,1.3755],[-64.5759,1.3541],[-64.5906,1.3374],[-64.6348,1.3202],[-64.6601,1.2914],[-64.7017,1.2913],[-64.7223,1.2385],[-64.7637,1.2308],[-64.7934,1.2694],[-64.789,1.2858],[-64.8104,1.3144],[-64.8615,1.2693],[-64.8687,1.241],[-64.9065,1.2416],[-64.9262,1.2147],[-64.9695,1.2172],[-64.9606,1.1897],[-65.0221,1.115],[-65.0659,1.1191],[-65.0607,1.1377],[-65.1029,1.1567],[-65.1223,1.1352],[-65.1549,1.125],[-65.1539,1.0564],[-65.1667,1.0114],[-65.1648,0.9505],[-65.197,0.9108],[-65.2087,0.9288],[-65.2406,0.9211],[-65.3026,0.9422],[-65.329,0.9316],[-65.3518,0.873],[-65.3734,0.8647],[-65.3979,0.8214],[-65.3973,0.75],[-65.4212,0.7321],[-65.4234,0.708],[-65.4526,0.6855],[-65.5304,0.668],[-65.564,0.6757],[-65.5762,0.7116],[-65.5912,0.7216],[-65.5734,0.7644],[-65.5484,0.7746],[-65.5212,0.8402],[-65.5001,0.8425],[-65.5121,0.8853],[-65.5082,0.9156],[-65.5362,0.9481],[-65.5417,0.9756],[-65.5721,0.985],[-65.5854,1.009],[-65.6065,1.0045],[-65.6526,1.0118],[-65.6784,0.9888],[-65.6954,1.0041],[-65.7392,0.9996],[-65.767,0.9641],[-65.8162,0.9521],[-65.8621,0.9309],[-65.8814,0.9016],[-65.9364,0.8822],[-65.9712,0.8061],[-66.0171,0.8001],[-66.0378,0.8121],[-66.0699,0.8051],[-66.0884,0.7591],[-66.1509,0.7445],[-66.2128,0.7807],[-66.3183,0.7551],[-66.5952,0.9963],[-66.8567,1.2302],[-67.088,1.1669],[-67.0886,1.325],[-67.0721,1.4426],[-67.0785,1.4999],[-67.0813,1.6382],[-67.0994,1.6818],[-67.0972,1.7326],[-67.1239,1.799],[-67.1569,1.8489],[-67.1741,1.8571],[-67.2438,1.8582],[-67.2779,1.8758],[-67.3,1.9267],[-67.3259,2.0298],[-67.3367,2.0981],[-67.3433,2.2055],[-67.3891,2.2441],[-67.4308,2.2417],[-67.448,2.2081],[-67.5217,2.1704],[-67.5507,2.1418],[-67.5578,2.1061],[-67.5862,2.0855],[-67.6069,2.0355],[-67.6196,2.0237],[-67.6726,2.0203],[-67.7497,2.0402],[-67.7792,2.0311],[-67.818,1.9669],[-67.8595,1.9202],[-67.8824,1.9028],[-67.9128,1.8979],[-67.9067,1.8662],[-67.9411,1.8308],[-67.9734,1.8328],[-68.0432,1.8997],[-68.0873,1.9014],[-68.1029,1.9364],[-68.1405,1.9848],[-68.1827,1.9788],[-68.2431,1.9268],[-68.2667,1.8274],[-68.2335,1.83],[-68.2448,1.7949],[-68.2364,1.7726],[-68.2024,1.7864],[-68.1693,1.7707],[-68.1566,1.7317],[-68.6971,1.732],[-69.1784,1.7335],[-69.3847,1.7298],[-69.426,1.7569],[-69.4785,1.76],[-69.5521,1.7918],[-69.5672,1.7773],[-69.6574,1.7368],[-69.6816,1.7357],[-69.7109,1.7495],[-69.7415,1.7445],[-69.7949,1.71],[-69.8216,1.7051],[-69.8423,1.7208],[-69.8443,1.5757],[-69.8442,1.0854],[-69.83,1.0721],[-69.8019,1.0736],[-69.7846,1.1014],[-69.7545,1.1187],[-69.7104,1.1265],[-69.709,1.0902],[-69.6846,1.0765],[-69.6492,1.0955],[-69.6067,1.1052],[-69.5663,1.0808],[-69.5212,1.0796],[-69.4932,1.0879],[-69.4372,1.0807],[-69.4163,1.0524],[-69.3858,1.0826],[-69.3214,1.0957],[-69.2896,1.0624],[-69.2651,1.0644],[-69.2142,1.0213],[-69.2034,0.9996],[-69.2059,0.9723],[-69.1733,0.9599],[-69.1904,0.9326],[-69.1716,0.9027],[-69.1356,0.8772],[-69.142,0.8523],[-69.1659,0.8519],[-69.1657,0.8285],[-69.1448,0.7831],[-69.1522,0.7653],[-69.1871,0.7493],[-69.1802,0.7245],[-69.1443,0.7025],[-69.115,0.6499],[-69.193,0.6516],[-69.2126,0.6096],[-69.2387,0.6024],[-69.2859,0.6196],[-69.3113,0.6375],[-69.3686,0.6275],[-69.4088,0.6611],[-69.4098,0.6748],[-69.4813,0.7356],[-69.5663,0.6841],[-69.5908,0.659],[-69.6066,0.6292],[-69.6344,0.6364],[-69.6479,0.6609],[-69.6796,0.6706],[-69.7178,0.643],[-69.725,0.6169],[-69.75,0.6221],[-69.764,0.6054],[-69.8129,0.5828],[-69.8314,0.59],[-69.8871,0.575],[-69.9146,0.5853],[-69.9422,0.5543],[-69.9912,0.561],[-70.004,0.5409],[-70.0434,0.5588],[-70.0462,0.1091],[-70.0459,-0.0167],[-70.0415,-0.1241],[-70.0579,-0.1583],[-70.0572,-0.1868],[-69.997,-0.2348],[-69.9636,-0.2849],[-69.937,-0.3063],[-69.923,-0.3315],[-69.8923,-0.3492],[-69.8447,-0.3458],[-69.8233,-0.381],[-69.7751,-0.4003],[-69.739,-0.4404],[-69.7175,-0.4551],[-69.6448,-0.483],[-69.6109,-0.5134],[-69.6145,-0.5403],[-69.5936,-0.5695],[-69.6048,-0.6],[-69.5736,-0.6498],[-69.6037,-0.7217],[-69.6224,-0.7321],[-69.6119,-0.7702],[-69.574,-0.8011],[-69.5594,-0.8229],[-69.5735,-0.8422],[-69.5383,-0.862],[-69.5231,-0.8863],[-69.5272,-0.9219],[-69.4634,-0.9673],[-69.4499,-0.9983],[-69.4215,-1.0004],[-69.4432,-1.0366],[-69.4241,-1.0495],[-69.4249,-1.0836],[-69.4007,-1.1139],[-69.3982,-1.1444],[-69.413,-1.1577],[-69.414,-1.1868],[-69.4311,-1.233],[-69.4084,-1.2932],[-69.4092,-1.3338],[-69.3998,-1.3707],[-69.4287,-1.3866],[-69.4369,-1.4174],[-69.4351,-1.4579],[-69.4573,-1.4935],[-69.4531,-1.5314],[-69.5166,-1.8998],[-69.6132,-2.4402],[-69.6893,-2.8717],[-69.7423,-3.166],[-69.8375,-3.6866],[-69.8833,-3.942],[-69.935,-4.2165],[-69.9511,-4.2271],[-69.9636,-4.3006],[-69.9808,-4.3274],[-70.0112,-4.3366],[-70.0326,-4.3552],[-70.05,-4.3346],[-70.0791,-4.325],[-70.0814,-4.292],[-70.1127,-4.2833],[-70.1286,-4.2937],[-70.1516,-4.2802],[-70.168,-4.3148],[-70.1522,-4.3356],[-70.2055,-4.361],[-70.2088,-4.3281],[-70.2553,-4.3184],[-70.2554,-4.2777],[-70.2894,-4.2823],[-70.3157,-4.2595],[-70.2847,-4.2338],[-70.2987,-4.1661],[-70.3317,-4.1563],[-70.3406,-4.1868],[-70.3757,-4.1418],[-70.419,-4.1405],[-70.4731,-4.1774],[-70.5093,-4.1636],[-70.5208,-4.1427],[-70.5651,-4.1691],[-70.6248,-4.1928],[-70.6387,-4.1663],[-70.6259,-4.1431],[-70.6533,-4.1272],[-70.6656,-4.1467],[-70.6809,-4.1998],[-70.7298,-4.1844],[-70.7588,-4.16],[-70.7913,-4.1861],[-70.808,-4.1835],[-70.83,-4.2189],[-70.8327,-4.2502],[-70.8562,-4.2476],[-70.8497,-4.2787],[-70.8793,-4.2926],[-70.8799,-4.3228],[-70.8997,-4.3246],[-70.9153,-4.354],[-70.9492,-4.3795],[-70.9883,-4.3697],[-71.0431,-4.401],[-71.0585,-4.3867],[-71.1003,-4.3774],[-71.1175,-4.4105],[-71.1378,-4.3866],[-71.1847,-4.3927],[-71.1887,-4.4147],[-71.2287,-4.3877],[-71.2714,-4.397],[-71.2664,-4.4287],[-71.2859,-4.443],[-71.3101,-4.4177],[-71.3198,-4.4446],[-71.3886,-4.4282],[-71.4176,-4.4662],[-71.4598,-4.4395],[-71.4978,-4.4496],[-71.5071,-4.4655],[-71.5374,-4.4674],[-71.5695,-4.5073],[-71.6041,-4.5337],[-71.6538,-4.5083],[-71.6899,-4.5021],[-71.7148,-4.5123],[-71.741,-4.4855],[-71.761,-4.5036],[-71.7768,-4.4876],[-71.8563,-4.5132],[-71.9024,-4.5439],[-71.9362,-4.5769],[-71.9453,-4.6049],[-71.9766,-4.6081],[-72.0057,-4.6417],[-72.0391,-4.6233],[-72.0451,-4.6518],[-72.0624,-4.6535],[-72.1001,-4.7032],[-72.1269,-4.7234],[-72.1456,-4.7216],[-72.2144,-4.757],[-72.247,-4.781],[-72.3205,-4.7779],[-72.3239,-4.7969],[-72.3715,-4.8074],[-72.3833,-4.8314],[-72.3855,-4.8723],[-72.4122,-4.8849],[-72.433,-4.9114],[-72.5475,-4.9585],[-72.5694,-4.9815],[-72.6065,-4.9956],[-72.6109,-5.0373],[-72.6524,-5.0637],[-72.7073,-5.0529],[-72.7341,-5.0641],[-72.7391,-5.0915],[-72.774,-5.0989],[-72.7826,-5.1125],[-72.8144,-5.1098],[-72.8158,-5.1385],[-72.8849,-5.1668],[-72.8687,-5.1998],[-72.8633,-5.2398],[-72.8699,-5.2994],[-72.8984,-5.3371],[-72.9567,-5.4654],[-72.9636,-5.4981],[-72.9536,-5.5402],[-72.9743,-5.6241],[-72.9616,-5.6546],[-72.9861,-5.6623],[-72.9848,-5.6943],[-73.0204,-5.7395],[-73.0423,-5.749],[-73.0638,-5.7893],[-73.0933,-5.8217],[-73.1168,-5.8286],[-73.1145,-5.8538],[-73.1508,-5.8635],[-73.1698,-5.8928],[-73.1681,-5.9094],[-73.1876,-5.9388],[-73.1816,-5.9628],[-73.21,-6.0051],[-73.2373,-6.0322],[-73.2316,-6.0736],[-73.2506,-6.1049],[-73.25,-6.145],[-73.2203,-6.1786],[-73.219,-6.2217],[-73.1653,-6.2742],[-73.1333,-6.3874],[-73.1088,-6.4106],[-73.1224,-6.4319],[-73.1382,-6.498],[-73.1532,-6.52],[-73.184,-6.5276],[-73.2128,-6.5779],[-73.3013,-6.5947],[-73.3543,-6.5949],[-73.379,-6.6173],[-73.3805,-6.635],[-73.4368,-6.6511],[-73.4584,-6.6656],[-73.5162,-6.6774],[-73.5596,-6.721],[-73.5843,-6.7247],[-73.6426,-6.7622],[-73.6666,-6.8065],[-73.707,-6.8397],[-73.7212,-6.8891],[-73.7413,-6.9096],[-73.7544,-6.9419],[-73.7266,-7.0226],[-73.7385,-7.0454],[-73.8014,-7.1119],[-73.1823,-7.3355],[-72.901,-7.4373],[-72.5884,-7.5506],[-72.3647,-7.5778],[-72.0775,-7.6114],[-71.7922,-7.6446],[-71.3815,-7.6923],[-71.0884,-7.7263],[-70.7924,-7.7605],[-70.7724,-7.7628],[-70.6788,-7.7736],[-70.5187,-7.792],[-70.3331,-7.8133],[-70.2358,-7.8244],[-70.0513,-7.8482],[-69.9893,-7.901],[-69.8016,-8.0611],[-69.5868,-8.2445],[-69.2862,-8.5017],[-69.0621,-8.6935],[-68.9689,-8.7734],[-68.7066,-8.9984],[-68.6375,-9.0538],[-68.2202,-9.2426],[-67.9771,-9.3526],[-67.5173,-9.5607],[-67.3248,-9.5928],[-67.2227,-9.6375],[-67.06,-9.7087],[-66.8102,-9.8181],[-66.8062,-9.8145],[-66.7805,-9.7914],[-66.7753,-9.7531],[-66.7253,-9.7561],[-66.6917,-9.7339],[-66.6849,-9.7147],[-66.6241,-9.6808],[-66.6094,-9.6649],[-66.5862,-9.6736],[-66.5368,-9.6436],[-66.5005,-9.6336],[-66.4948,-9.6016],[-66.4388,-9.5544],[-66.4235,-9.5258],[-66.3923,-9.5005],[-66.39,-9.4557],[-66.4146,-9.422],[-66.3747,-9.4264],[-66.2596,-9.411],[-66.2433,-9.4294],[-66.2047,-9.426],[-66.1735,-9.4344],[-66.1161,-9.409],[-66.0596,-9.4182],[-66.0423,-9.4024],[-65.9702,-9.4132],[-65.9318,-9.4476],[-65.9125,-9.4838],[-65.8808,-9.4875],[-65.8482,-9.5324],[-65.825,-9.5301],[-65.8179,-9.5623],[-65.7999,-9.585],[-65.7235,-9.5591],[-65.696,-9.5077],[-65.6809,-9.5004],[-65.6793,-9.4514],[-65.588,-9.4138],[-65.5482,-9.4261],[-65.5031,-9.47],[-65.4566,-9.4705],[-65.432,-9.4587],[-65.4565,-9.4012],[-65.446,-9.3707],[-65.4401,-9.3118],[-65.3774,-9.3245],[-65.3003,-9.2871],[-65.2841,-9.2703],[-65.2466,-9.2577],[-65.2117,-9.279],[-65.2089,-9.3097],[-65.1882,-9.3449],[-65.1961,-9.3753],[-65.1735,-9.3855],[-65.1867,-9.4151],[-65.1428,-9.4468],[-65.0888,-9.4251],[-65.0778,-9.401],[-65.0535,-9.4022],[-65.0004,-9.3046],[-64.9628,-9.2928],[-64.9196,-9.2203],[-64.9398,-9.1246],[-64.9156,-9.0746],[-64.9172,-9.0432],[-64.894,-9.0437],[-64.8698,-9.012],[-64.8077,-8.9856],[-64.7839,-8.9893],[-64.7611,-9.0206],[-64.7304,-9.0125],[-64.7067,-8.9898],[-64.6833,-8.9936],[-64.6713,-9.0148],[-64.6414,-9.0067],[-64.611,-9.0165],[-64.5879,-9.0095],[-64.55,-8.9783],[-64.4465,-8.9769],[-64.3798,-8.9468],[-64.3233,-8.9289],[-64.3095,-8.9345],[-64.326,-8.9799],[-64.3112,-8.9965],[-64.265,-8.9884],[-64.2331,-8.9923],[-64.1749,-8.9606],[-64.1494,-8.959],[-64.1435,-8.9337],[-64.1487,-8.8731],[-64.1581,-8.8432],[-64.1294,-8.8052],[-64.1447,-8.7765],[-64.143,-8.7431],[-64.1245,-8.7167],[-64.0947,-8.7284],[-64.0673,-8.7107],[-64.0278,-8.7157],[-64.0354,-8.6936],[-64.0163,-8.6677],[-64.0048,-8.6259],[-63.991,-8.6174],[-63.9861,-8.5857],[-63.9459,-8.6095],[-63.9224,-8.5674],[-63.9455,-8.5505],[-63.9437,-8.5266],[-63.9708,-8.4994],[-63.9731,-8.4785],[-63.9407,-8.4523],[-63.9769,-8.4098],[-63.9453,-8.3878],[-63.944,-8.3312],[-63.9107,-8.3285],[-63.8948,-8.302],[-63.8674,-8.2893],[-63.8252,-8.3062],[-63.7911,-8.3332],[-63.7658,-8.3072],[-63.7465,-8.2702],[-63.7227,-8.2495],[-63.7485,-8.2079],[-63.7301,-8.1802],[-63.6933,-8.1584],[-63.6624,-8.1012],[-63.6669,-8.0816],[-63.6217,-8.0296],[-63.6207,-7.9693],[-63.5346,-7.9743],[-63.3219,-7.9766],[-62.8665,-7.9759],[-62.8327,-7.9944],[-62.8099,-8.0254],[-62.7861,-8.0264],[-62.7439,-8.0453],[-62.6922,-8.0929],[-62.6729,-8.1453],[-62.6866,-8.1738],[-62.6598,-8.1996],[-62.6499,-8.237],[-62.5853,-8.2719],[-62.5395,-8.3581],[-62.5184,-8.3848],[-62.4654,-8.3398],[-62.4452,-8.3625],[-62.4161,-8.3766],[-62.3839,-8.3776],[-62.365,-8.391],[-62.3611,-8.4237],[-62.3692,-8.4461],[-62.366,-8.4936],[-62.3373,-8.5167],[-62.3257,-8.5637],[-62.3419,-8.5949],[-62.3357,-8.6095],[-62.2894,-8.6391],[-62.2942,-8.6055],[-62.2688,-8.5758],[-62.2284,-8.5906],[-62.1883,-8.5906],[-62.1746,-8.6282],[-62.2004,-8.6443],[-62.165,-8.6794],[-62.1717,-8.6951],[-62.1487,-8.7183],[-62.1569,-8.7322],[-62.1249,-8.8017],[-62.0979,-8.8089],[-62.0742,-8.7986],[-62.031,-8.7997],[-62.0212,-8.8236],[-62.0022,-8.8327],[-61.9901,-8.8727],[-61.9301,-8.8805],[-61.86,-8.8531],[-61.8609,-8.8036],[-61.8432,-8.7794],[-61.844,-8.7474],[-61.828,-8.7326],[-61.8062,-8.7478],[-61.7745,-8.7482],[-61.7488,-8.7238],[-61.7418,-8.6952],[-61.7132,-8.6879],[-61.7053,-8.7075],[-61.6735,-8.705],[-61.6264,-8.7289],[-61.6295,-8.753],[-61.6059,-8.7947],[-61.5831,-8.7987],[-61.1846,-8.7986],[-60.8488,-8.7982],[-60.4201,-8.7966],[-60.0724,-8.8002],[-59.4127,-8.8033],[-59.0961,-8.8033],[-58.5003,-8.8028],[-58.4429,-8.7995],[-58.4227,-8.7887],[-58.4158,-8.7929],[-58.3906,-8.7765],[-58.385,-8.7715],[-58.3546,-8.7373],[-58.332,-8.7265],[-58.3283,-8.7122],[-58.351,-8.7016],[-58.3812,-8.7056],[-58.3864,-8.7074],[-58.4119,-8.7206],[-58.4372,-8.7034],[-58.4142,-8.6439],[-58.3894,-8.5948],[-58.4104,-8.5704],[-58.4041,-8.5395],[-58.417,-8.492],[-58.3893,-8.44],[-58.3536,-8.3928],[-58.348,-8.3462],[-58.3185,-8.3301],[-58.3158,-8.3064],[-58.322,-8.2352],[-58.3213,-8.2301],[-58.3129,-8.2091],[-58.3224,-8.17],[-58.2912,-8.1341],[-58.2912,-8.1102],[-58.2883,-8.0796],[-58.3217,-8.025],[-58.3314,-7.9688],[-58.355,-7.944],[-58.3732,-7.9072],[-58.3746,-7.8648],[-58.3847,-7.844],[-58.3716,-7.8212],[-58.334,-7.8044],[-58.3006,-7.7773],[-58.2926,-7.7683],[-58.2824,-7.7168],[-58.2497,-7.6728],[-58.2397,-7.6536],[-58.2326,-7.6474],[-58.2021,-7.6209],[-58.2024,-7.5968],[-58.2223,-7.5261],[-58.2219,-7.5215],[-58.213,-7.4585],[-58.1733,-7.3944],[-58.1436,-7.3662],[-58.137,-7.3561],[-58.1473,-7.3433],[-58.1699,-7.3132],[-58.1747,-7.2714],[-58.168,-7.2313],[-58.1822,-7.1798],[-58.2398,-7.0955],[-58.2882,-7.0617],[-58.3353,-6.9864],[-58.3802,-6.9705],[-58.4345,-6.9088],[-58.48,-6.7852],[-58.4784,-6.6996],[-58.4651,-6.6701],[-58.4217,-6.6107],[-58.3498,-6.5624],[-58.3322,-6.533],[-58.3256,-6.4993],[-58.293,-6.4939],[-58.2666,-6.4756],[-58.2552,-6.4541],[-58.0336,-5.9781],[-57.8606,-5.6007],[-57.6598,-5.1632],[-57.4766,-4.7704],[-57.3501,-4.502],[-57.1307,-4.0357],[-57.0004,-3.7592],[-56.8872,-3.4991],[-56.7628,-3.2322],[-56.5759,-2.8241],[-56.4331,-2.5164],[-56.4021,-2.4566],[-56.4644,-2.4316],[-56.4655,-2.4231],[-56.4208,-2.3602],[-56.4127,-2.3218],[-56.3842,-2.2705],[-56.2634,-2.2211],[-56.2202,-2.1959],[-56.192,-2.1715],[-56.1023,-2.0481],[-56.0986,-2.027],[-56.145,-2.0392],[-56.1866,-2.0429],[-56.197,-2.057],[-56.2283,-2.0563],[-56.2561,-2.0884],[-56.2974,-2.1008],[-56.3167,-2.1402],[-56.3435,-2.1495],[-56.3677,-2.1371],[-56.4138,-2.176],[-56.4535,-2.1541],[-56.4778,-2.1704],[-56.5076,-2.1437],[-56.527,-2.1392],[-56.5803,-2.1794],[-56.5994,-2.1776],[-56.6128,-2.2102],[-56.6353,-2.2036],[-56.679,-2.2126],[-56.7077,-2.1839],[-56.7609,-2.1741],[-56.7694,-2.1407],[-56.7327,-2.0918],[-56.7213,-2.0592],[-56.7265,-2.031],[-56.7669,-2.0087],[-56.8167,-2.023],[-56.859,-2.016],[-56.886,-1.9837],[-56.9236,-1.9643],[-56.9445,-1.9639],[-56.9883,-1.9072],[-57.0371,-1.9116],[-57.0735,-1.8317],[-57.0604,-1.8158],[-57.0978,-1.7751],[-57.1157,-1.7918],[-57.1293,-1.7642],[-57.1717,-1.7498],[-57.1617,-1.7291],[-57.2307,-1.726],[-57.2743,-1.7098],[-57.3279,-1.7159],[-57.3524,-1.7328],[-57.4119,-1.6733],[-57.4386,-1.6665],[-57.4751,-1.678],[-57.5071,-1.6413],[-57.5456,-1.6106],[-57.5858,-1.5962],[-57.59,-1.5801],[-57.6786,-1.5944],[-57.7124,-1.5357],[-57.7131,-1.5042],[-57.7732,-1.5088],[-57.7972,-1.4858],[-57.824,-1.4398],[-57.8798,-1.4233],[-57.8941,-1.4336],[-57.9184,-1.4198],[-57.9708,-1.3591],[-57.9963,-1.3444],[-57.9906,-1.2921],[-57.9654,-1.2061],[-57.9791,-1.1544],[-58.0071,-1.1458],[-58.0175,-1.1062],[-58.0422,-1.1034],[-58.0818,-1.1265],[-58.0942,-1.1605],[-58.1236,-1.1646],[-58.1277,-1.1901],[-58.1626,-1.2297],[-58.1945,-1.1997],[-58.2152,-1.1657],[-58.2433,-1.1566],[-58.2547,-1.1326],[-58.3232,-1.1433],[-58.3443,-1.1085],[-58.3612,-1.1051],[-58.3684,-1.0661],[-58.4116,-1.0443],[-58.43,-1.0271],[-58.4147,-0.9671],[-58.4507,-0.9261],[-58.453,-0.8982],[-58.436,-0.8835],[-58.4589,-0.864],[-58.4875,-0.8598],[-58.5009,-0.8364],[-58.5605,-0.8046],[-58.5713,-0.7857],[-58.6137,-0.7555],[-58.6367,-0.7181],[-58.6566,-0.7161],[-58.6835,-0.6873],[-58.7051,-0.679],[-58.7095,-0.6485],[-58.7319,-0.6274],[-58.7291,-0.5622],[-58.7108,-0.5471],[-58.7107,-0.5215],[-58.7353,-0.4716],[-58.7251,-0.4423],[-58.7439,-0.4175],[-58.782,-0.3898],[-58.8465,-0.3651],[-58.872,-0.343],[-58.8749,-0.2959],[-58.8653,-0.2656],[-58.8792,-0.2294],[-58.8809,-0.1966],[-58.863,-0.161],[-58.8638,-0.0781],[-58.8865,-0.0592],[-58.8949,-0.011],[-58.8954,0.2635],[-59.1922,0.2635],[-59.4334,0.2635],[-59.9528,0.2635],[-60.0379,0.2635],[-60.059,0.163],[-60.0731,0.1499],[-60.0867,0.1427],[-60.1203,0.1235],[-60.1362,0.093],[-60.1234,0.081],[-60.1431,0.0374],[-60.2032,-0.0336],[-60.2061,-0.0616],[-60.2221,-0.0831],[-60.2287,-0.1012],[-60.2251,-0.1196],[-60.2204,-0.1354],[-60.2498,-0.167],[-60.2759,-0.2026],[-60.2934,-0.2056],[-60.2915,-0.2293],[-60.3048,-0.2648],[-60.2995,-0.2748],[-60.2898,-0.2932],[-60.3184,-0.3307],[-60.3221,-0.3776],[-60.3359,-0.3854],[-60.3446,-0.4406],[-60.3824,-0.4703],[-60.391,-0.4942],[-60.3909,-0.5032],[-60.3979,-0.5459],[-60.3823,-0.5576],[-60.3832,-0.5901],[-60.3657,-0.5882],[-60.3509,-0.6223],[-60.3276,-0.6404],[-60.3134,-0.6415],[-60.3087,-0.6898],[-60.3032,-0.7071],[-60.3171,-0.7229],[-60.3459,-0.7459],[-60.3773,-0.7429],[-60.4009,-0.7576],[-60.4271,-0.7784],[-60.4579,-0.7743],[-60.4671,-0.769],[-60.494,-0.7826],[-60.4921,-0.7968],[-60.5065,-0.8215],[-60.5198,-0.8337],[-60.5046,-0.8493],[-60.531,-0.8751],[-60.5476,-0.869],[-60.5912,-0.8534],[-60.6204,-0.8634],[-60.6679,-0.8945],[-60.6757,-0.8734],[-60.7076,-0.8656],[-60.7526,-0.8612],[-60.7545,-0.8423],[-60.7532,-0.8198],[-60.7737,-0.7912],[-60.7665,-0.7781],[-60.7687,-0.7545],[-60.7771,-0.7562],[-60.7971,-0.7448],[-60.7979,-0.7112],[-60.8121,-0.692],[-60.8432,-0.6906],[-60.8473,-0.664],[-60.8546,-0.6479],[-60.8826,-0.6493],[-60.9087,-0.6159],[-60.9123,-0.5812],[-60.9301,-0.5548],[-60.9582,-0.5604],[-60.9754,-0.5626],[-61.0251,-0.544],[-61.0459,-0.5459],[-61.0637,-0.5131],[-61.0873,-0.5001],[-61.129,-0.4976],[-61.1487,-0.4993],[-61.1575,-0.5153],[-61.1984,-0.5059],[-61.2168,-0.5001],[-61.2162,-0.5331],[-61.2309,-0.564],[-61.2836,-0.5744],[-61.2982,-0.5762],[-61.3259,-0.5979],[-61.3665,-0.607],[-61.4071,-0.6315],[-61.4265,-0.6531],[-61.4646,-0.6648],[-61.4848,-0.7206],[-61.5326,-0.7512],[-61.5402,-0.7612],[-61.5462,-0.7816],[-61.5521,-0.8017],[-61.5498,-0.8392],[-61.5434,-0.8523],[-61.5582,-0.864],[-61.5587,-0.8931],[-61.5784,-0.9101],[-61.5851,-0.937],[-61.5834,-0.9826],[-61.5606,-0.9881],[-61.5601,-1.0101],[-61.5479,-1.0231],[-61.544,-1.0623],[-61.5765,-1.0792],[-61.5662,-1.0998],[-61.5665,-1.1326],[-61.5787,-1.1509],[-61.5821,-1.1645],[-61.5882,-1.1973],[-61.5957,-1.2234],[-61.6068,-1.2445],[-61.6076,-1.2781],[-61.6287,-1.3015],[-61.6115,-1.3081],[-61.5821,-1.3534],[-61.5998,-1.3676],[-61.6146,-1.4026],[-61.5943,-1.4056],[-61.5737,-1.4287],[-61.5382,-1.4334],[-61.5329,-1.4651],[-61.5164,-1.5024],[-61.4732,-1.5279],[-61.4704,-1.5459],[-61.4826,-1.5806],[-61.5446,-1.5256],[-61.5596,-1.4951],[-61.6048,-1.4481],[-61.6748,-1.4244],[-61.7231,-1.4057],[-61.7407,-1.392],[-61.7979,-1.3806],[-61.8171,-1.3995],[-61.8693,-1.4017],[-61.8965,-1.3954],[-61.9054,-1.3795],[-61.909,-1.3487],[-61.9498,-1.297],[-61.9668,-1.2429],[-61.9893,-1.2017],[-62.0173,-1.1417],[-62.0621,-1.0998],[-62.0879,-1.1001],[-62.1054,-1.0865],[-62.1182,-1.0765],[-62.1254,-1.0373],[-62.1454,-1.0284],[-62.1682,-1.0142],[-62.1998,-1.0003],[-62.2273,-0.9734],[-62.259,-0.9759],[-62.2859,-0.944],[-62.317,-0.9142],[-62.3401,-0.9042],[-62.3565,-0.8751],[-62.3665,-0.8692],[-62.3734,-0.8487],[-62.3957,-0.8204],[-62.4332,-0.804],[-62.4654,-0.789],[-62.5009,-0.7815],[-62.5043,-0.7656],[-62.4948,-0.7506],[-62.4987,-0.734],[-62.5082,-0.7142],[-62.4929,-0.6876],[-62.4695,-0.694],[-62.4557,-0.692],[-62.4254,-0.7001],[-62.4104,-0.7103],[-62.3904,-0.7095],[-62.3671,-0.7101],[-62.3612,-0.6995],[-62.3726,-0.6865],[-62.3412,-0.6759],[-62.318,-0.6617],[-62.3091,-0.6608],[-62.2963,-0.6522],[-62.2919,-0.6105],[-62.3082,-0.5675],[-62.3027,-0.5086],[-62.2863,-0.4936],[-62.2844,-0.4775],[-62.2749,-0.4786],[-62.278,-0.4653],[-62.2432,-0.4322],[-62.2216,-0.4094],[-62.2171,-0.3994],[-62.2038,-0.3683],[-62.1938,-0.3386],[-62.2263,-0.3172],[-62.2394,-0.308],[-62.2541,-0.2797],[-62.2382,-0.2528],[-62.253,-0.2367],[-62.2452,-0.2117],[-62.2469,-0.19],[-62.2449,-0.1747],[-62.268,-0.1639],[-62.2938,-0.1283],[-62.3196,-0.1025],[-62.3301,-0.0689],[-62.3321,-0.0606],[-62.3231,-0.0609],[-62.3226,-0.0242],[-62.3465,0.0296],[-62.3706,0.0541],[-62.3907,0.0596],[-62.4148,0.0744],[-62.4287,0.1185],[-62.4284,0.1735],[-62.4526,0.2074],[-62.4543,0.2436],[-62.4682,0.2758],[-62.4584,0.3135],[-62.4609,0.3527],[-62.4462,0.3791],[-62.4584,0.4177],[-62.4851,0.4541],[-62.5185,0.4437],[-62.5329,0.5088],[-62.5182,0.5838],[-62.5382,0.6752],[-62.5284,0.7102],[-62.5004,0.748],[-62.4576,0.7852],[-62.4659,0.8291],[-62.4859,0.8665],[-62.4709,0.9171],[-62.4482,0.9433],[-62.4434,0.9676],[-62.4498,0.9838],[-62.4746,1.0163],[-62.4743,1.0402],[-62.4704,1.0774],[-62.4715,1.0863],[-62.5209,1.0838],[-62.5295,1.0888],[-62.547,1.1299],[-62.5546,1.1749],[-62.5895,1.2668],[-62.6021,1.3258],[-62.6204,1.3627],[-62.6201,1.4038],[-62.6398,1.4382],[-62.6768,1.4546],[-62.7307,1.4996],[-62.7362,1.5296],[-62.8051,1.5914],[-62.8066,1.6041],[-62.7962,1.6307],[-62.756,1.6758],[-62.7333,1.6951],[-62.7236,1.7124],[-62.7309,1.8182],[-62.704,1.874],[-62.6986,1.912],[-62.705,1.9366],[-62.7195,1.9535],[-62.7423,1.9667],[-62.8131,1.9917],[-62.8387,2.0165],[-62.9197,2.025],[-62.9483,2.0311],[-62.9806,2.0178],[-63.0236,2.0147],[-63.0534,2.0289],[-63.0854,2.0615],[-63.1197,2.0965],[-63.1384,2.1428],[-63.1414,2.1725],[-63.194,2.1812],[-63.2826,2.1539],[-63.3106,2.165],[-63.3719,2.2119]]]},"properties":{"sigla":"AM","nome":"Amazonas"},"id":"AM"},{"type":"Feature","geometry":{"type":"Polygon","coordinates":[[[-50.0939,0.702],[-50.0931,0.7821],[-50.0685,0.7922],[-50.0517,0.8508],[-50.0247,0.8689],[-49.9766,0.9586],[-49.9408,0.9935],[-49.9489,1.0398],[-49.9419,1.1024],[-49.918,1.1369],[-49.8936,1.193],[-49.9104,1.2965],[-49.8818,1.3901],[-49.8762,1.4808],[-49.8892,1.5407],[-49.8972,1.6315],[-49.9217,1.7039],[-50.0338,1.7705],[-50.0563,1.7745],[-50.1696,1.8142],[-50.2381,1.8031],[-50.3004,1.9581],[-50.3171,2.0077],[-50.3476,2.0507],[-50.3524,2.0868],[-50.4125,2.1593],[-50.4224,2.1798],[-50.4565,2.2038],[-50.522,2.2083],[-50.6013,2.1801],[-50.6658,2.1508],[-50.6823,2.173],[-50.6933,2.2084],[-50.7222,2.2371],[-50.7224,2.2763],[-50.7426,2.3112],[-50.7437,2.3418],[-50.7705,2.4117],[-50.7648,2.448],[-50.7915,2.5009],[-50.8156,2.5087],[-50.8314,2.5331],[-50.8428,2.5861],[-50.841,2.6387],[-50.8686,2.6794],[-50.8827,2.6857],[-50.8818,2.7413],[-50.9032,2.7563],[-50.9082,2.8008],[-50.9414,2.8144],[-50.9475,2.8361],[-50.9443,2.8841],[-50.9812,2.9369],[-50.9889,3.0033],[-51.0148,3.0454],[-51.0071,3.0937],[-51.0358,3.1371],[-51.034,3.1749],[-51.022,3.208],[-51.0876,3.3917],[-51.0905,3.4467],[-51.071,3.4914],[-51.0827,3.6325],[-51.0908,3.6798],[-51.0799,3.7838],[-51.0756,3.8905],[-51.0944,3.9098],[-51.123,3.9104],[-51.179,3.9448],[-51.1767,3.9871],[-51.1848,4.0507],[-51.2102,4.1231],[-51.252,4.1913],[-51.346,4.2952],[-51.4276,4.3735],[-51.514,4.4367],[-51.5541,4.4146],[-51.5738,4.3443],[-51.586,4.2621],[-51.5978,4.2297],[-51.5955,4.1913],[-51.6197,4.142],[-51.6465,4.0444],[-51.6855,4.0251],[-51.7098,4.0005],[-51.7465,3.9949],[-51.7776,3.957],[-51.7799,3.9248],[-51.802,3.8818],[-51.846,3.8463],[-51.8761,3.8073],[-51.9243,3.7833],[-51.9215,3.7467],[-51.9331,3.7268],[-51.972,3.7188],[-51.9892,3.6749],[-51.9962,3.6263],[-52.0251,3.5915],[-52.0614,3.5229],[-52.0941,3.4893],[-52.1627,3.3541],[-52.1932,3.314],[-52.2338,3.2468],[-52.2691,3.2442],[-52.2955,3.231],[-52.3104,3.2042],[-52.3061,3.177],[-52.3332,3.1721],[-52.3509,3.1376],[-52.3474,3.1005],[-52.329,3.0801],[-52.3686,3.0026],[-52.4015,2.9242],[-52.3969,2.893],[-52.427,2.8862],[-52.4784,2.7901],[-52.4815,2.7623],[-52.5333,2.647],[-52.5585,2.6339],[-52.5276,2.5767],[-52.5635,2.5445],[-52.5548,2.5149],[-52.5857,2.4941],[-52.6054,2.4522],[-52.6423,2.4356],[-52.6608,2.4042],[-52.6616,2.3813],[-52.7437,2.3255],[-52.7999,2.2982],[-52.8573,2.2773],[-52.9059,2.1854],[-52.9233,2.1921],[-52.9442,2.1687],[-52.9844,2.1571],[-53.0405,2.1733],[-53.0795,2.2104],[-53.1386,2.2118],[-53.2154,2.1937],[-53.2427,2.2075],[-53.2655,2.1887],[-53.287,2.1965],[-53.2773,2.2214],[-53.2295,2.2623],[-53.2347,2.2753],[-53.315,2.3266],[-53.3232,2.347],[-53.36,2.3492],[-53.3676,2.3206],[-53.4403,2.2802],[-53.4613,2.2909],[-53.473,2.2566],[-53.5202,2.2664],[-53.5499,2.2582],[-53.5842,2.2688],[-53.6012,2.2861],[-53.6562,2.2844],[-53.6955,2.3122],[-53.7487,2.3127],[-53.7279,2.351],[-53.7416,2.3749],[-53.7672,2.3788],[-53.8349,2.3396],[-53.8877,2.2987],[-53.942,2.278],[-53.9356,2.2593],[-53.9749,2.2323],[-53.9993,2.2313],[-54.189,2.1787],[-54.4365,2.2098],[-54.6016,2.3371],[-54.6622,2.3269],[-54.692,2.3613],[-54.6849,2.4467],[-54.744,2.4714],[-54.7973,2.4389],[-54.8722,2.4337],[-54.8762,2.4266],[-54.866,2.4028],[-54.8075,2.3416],[-54.805,2.3291],[-54.809,2.2863],[-54.7989,2.2455],[-54.7706,2.2083],[-54.7678,2.1808],[-54.7814,2.1671],[-54.8009,2.1425],[-54.8046,2.1078],[-54.8061,2.0763],[-54.812,2.0709],[-54.8059,2.0536],[-54.8113,2.0393],[-54.7808,1.9995],[-54.7639,1.9787],[-54.7601,1.9601],[-54.7715,1.9404],[-54.7531,1.8509],[-54.734,1.8319],[-54.7469,1.8057],[-54.7464,1.7864],[-54.7022,1.7722],[-54.6711,1.7656],[-54.6436,1.7685],[-54.6258,1.7806],[-54.6019,1.7845],[-54.528,1.7649],[-54.5085,1.7482],[-54.5018,1.751],[-54.4706,1.7557],[-54.4246,1.7604],[-54.4178,1.7565],[-54.3874,1.7451],[-54.3777,1.7636],[-54.3516,1.754],[-54.3441,1.7466],[-54.3295,1.7437],[-54.3092,1.741],[-54.2898,1.7205],[-54.2656,1.6957],[-54.2636,1.6801],[-54.2444,1.676],[-54.2029,1.6489],[-54.1974,1.6317],[-54.1874,1.6279],[-54.1822,1.658],[-54.1761,1.6479],[-54.1468,1.6437],[-54.123,1.6073],[-54.1185,1.5814],[-54.1019,1.5842],[-54.1175,1.5581],[-54.0987,1.5504],[-54.089,1.5136],[-54.0887,1.4919],[-54.0779,1.4856],[-54.0559,1.4934],[-54.0399,1.5061],[-53.9995,1.5047],[-53.9974,1.4757],[-53.967,1.4843],[-53.9435,1.4712],[-53.9303,1.4498],[-53.9175,1.4568],[-53.8959,1.455],[-53.8767,1.4354],[-53.8877,1.4077],[-53.8762,1.4074],[-53.8549,1.4015],[-53.807,1.3917],[-53.8227,1.4138],[-53.8039,1.4234],[-53.7746,1.3968],[-53.7551,1.3945],[-53.7134,1.3964],[-53.6874,1.3857],[-53.6705,1.3719],[-53.6603,1.3998],[-53.6412,1.3991],[-53.6435,1.3638],[-53.6332,1.3473],[-53.5952,1.3581],[-53.5706,1.3372],[-53.5421,1.3448],[-53.5333,1.3223],[-53.5626,1.3065],[-53.5566,1.2847],[-53.5233,1.2613],[-53.5463,1.2284],[-53.5389,1.2123],[-53.4737,1.2393],[-53.4253,1.2214],[-53.4029,1.1939],[-53.4044,1.1511],[-53.4212,1.1473],[-53.4533,1.1436],[-53.4591,1.1336],[-53.4558,1.0773],[-53.4274,1.0432],[-53.4282,1.0116],[-53.4108,0.982],[-53.4106,0.9566],[-53.4114,0.9293],[-53.3613,0.896],[-53.2874,0.8456],[-53.2551,0.8091],[-53.1902,0.7683],[-53.1846,0.7474],[-53.1574,0.729],[-53.1469,0.6997],[-53.1169,0.6915],[-53.1057,0.6794],[-53.1227,0.63],[-53.1473,0.6003],[-53.1548,0.5633],[-53.152,0.5318],[-53.1595,0.4882],[-53.1677,0.4457],[-53.1599,0.4029],[-53.1753,0.3817],[-53.1513,0.3518],[-53.1343,0.3001],[-53.1119,0.2865],[-53.0948,0.2621],[-53.1064,0.2317],[-53.0942,0.1952],[-53.0521,0.1573],[-53.0396,0.1359],[-53.0292,0.1047],[-53.0111,0.095],[-53.0149,0.0596],[-52.9852,0.0356],[-52.9767,-0.0077],[-52.971,-0.0432],[-52.9327,-0.1424],[-52.8976,-0.1545],[-52.8768,-0.1428],[-52.8447,-0.1598],[-52.8361,-0.1862],[-52.7584,-0.2397],[-52.7402,-0.2767],[-52.7009,-0.2929],[-52.6841,-0.3144],[-52.6818,-0.34],[-52.6985,-0.3872],[-52.6791,-0.4237],[-52.7026,-0.4593],[-52.6954,-0.4965],[-52.6736,-0.5194],[-52.6677,-0.5442],[-52.64,-0.585],[-52.6129,-0.5949],[-52.593,-0.5818],[-52.5351,-0.5741],[-52.5231,-0.5891],[-52.5112,-0.6399],[-52.5158,-0.6636],[-52.5017,-0.6928],[-52.4978,-0.7308],[-52.5227,-0.7917],[-52.5098,-0.8135],[-52.535,-0.8421],[-52.5169,-0.8587],[-52.4968,-0.8496],[-52.4555,-0.8303],[-52.4198,-0.8547],[-52.4031,-0.8772],[-52.4139,-0.919],[-52.4395,-0.9356],[-52.4199,-0.966],[-52.4144,-1.0093],[-52.4292,-1.0427],[-52.42,-1.0527],[-52.3831,-1.054],[-52.3581,-1.0626],[-52.3329,-1.1159],[-52.3009,-1.116],[-52.2733,-1.1286],[-52.2386,-1.1263],[-52.2221,-1.1346],[-52.1735,-1.1302],[-52.1467,-1.1488],[-52.1166,-1.15],[-52.1067,-1.1831],[-52.1098,-1.2182],[-52.0704,-1.236],[-52.0546,-1.2343],[-52.0475,-1.2143],[-52.0629,-1.1929],[-52.0409,-1.1702],[-51.9911,-1.1719],[-51.9937,-1.132],[-51.9656,-1.1259],[-51.9659,-1.1596],[-51.9558,-1.1697],[-51.9259,-1.1324],[-51.882,-1.1664],[-51.8091,-1.1571],[-51.7784,-1.1405],[-51.7004,-1.0633],[-51.6856,-1.0129],[-51.6956,-0.9248],[-51.6882,-0.8233],[-51.6654,-0.7619],[-51.5955,-0.6505],[-51.5031,-0.556],[-51.4578,-0.5133],[-51.4324,-0.4734],[-51.4207,-0.429],[-51.3625,-0.3682],[-51.3547,-0.3211],[-51.328,-0.269],[-51.3021,-0.2517],[-51.2657,-0.1955],[-51.2163,-0.1187],[-51.1749,-0.1046],[-51.1184,-0.0976],[-51.0656,-0.0763],[-51.0074,-0.0004],[-50.9969,0.0034],[-50.9851,0.0294],[-50.9341,0.0696],[-50.908,0.0794],[-50.8035,0.1063],[-50.7519,0.1261],[-50.6756,0.1791],[-50.6448,0.2087],[-50.5996,0.2493],[-50.5561,0.3067],[-50.5239,0.3723],[-50.504,0.435],[-50.4762,0.4815],[-50.4672,0.5309],[-50.4523,0.5709],[-50.4365,0.6001],[-50.4098,0.6233],[-50.3472,0.6668],[-50.2478,0.6918],[-50.198,0.7008],[-50.1569,0.7051],[-50.0939,0.702]]]},"properties":{"sigla":"AP","nome":"Amapá"},"id":"AP"},{"type":"Feature","geometry":{"type":"Polygon","coordinates":[[[-38.2376,-9.3298],[-38.2506,-9.2905],[-38.2875,-9.2172],[-38.2876,-9.1739],[-38.3195,-9.1383],[-38.3211,-9.0701],[-38.2889,-9.0404],[-38.3208,-8.9908],[-38.3562,-8.9972],[-38.3859,-9.0249],[-38.4155,-9.0386],[-38.4491,-9.0264],[-38.5035,-8.9814],[-38.5198,-8.9476],[-38.5021,-8.9167],[-38.4793,-8.9018],[-38.4698,-8.8658],[-38.5065,-8.8333],[-38.5412,-8.8235],[-38.5729,-8.8324],[-38.6076,-8.8933],[-38.6093,-8.9552],[-38.6407,-8.9873],[-38.6744,-8.9718],[-38.6938,-8.9319],[-38.6961,-8.8906],[-38.7066,-8.8623],[-38.7397,-8.8449],[-38.8041,-8.7892],[-38.8681,-8.7839],[-38.925,-8.7948],[-38.9437,-8.8043],[-38.9775,-8.7931],[-38.9919,-8.7676],[-39.0302,-8.7385],[-39.1538,-8.7086],[-39.1696,-8.6921],[-39.2008,-8.711],[-39.2343,-8.7054],[-39.248,-8.6688],[-39.2439,-8.6317],[-39.2665,-8.611],[-39.2864,-8.5638],[-39.3452,-8.5585],[-39.3645,-8.5379],[-39.4161,-8.5422],[-39.4279,-8.5587],[-39.4566,-8.5683],[-39.4761,-8.5928],[-39.515,-8.6025],[-39.61,-8.6572],[-39.6609,-8.6574],[-39.692,-8.6643],[-39.6931,-8.6805],[-39.675,-8.7367],[-39.6768,-8.7886],[-39.7005,-8.8],[-39.7478,-8.7941],[-39.7927,-8.8199],[-39.82,-8.8135],[-39.8868,-8.825],[-39.9031,-8.8539],[-39.8823,-8.8982],[-39.8735,-8.9341],[-39.89,-8.9669],[-39.9581,-9.0486],[-39.9961,-9.061],[-40.0656,-9.0631],[-40.0736,-9.0754],[-40.1294,-9.1102],[-40.165,-9.1065],[-40.2088,-9.0638],[-40.239,-9.0544],[-40.2789,-9.0946],[-40.294,-9.1521],[-40.2858,-9.1819],[-40.3096,-9.2755],[-40.3361,-9.3272],[-40.3351,-9.3539],[-40.3564,-9.377],[-40.3913,-9.3722],[-40.4117,-9.3542],[-40.4359,-9.3622],[-40.4678,-9.4206],[-40.5107,-9.4072],[-40.5418,-9.4261],[-40.5652,-9.464],[-40.5951,-9.4674],[-40.6232,-9.4829],[-40.6813,-9.4673],[-40.7222,-9.446],[-40.7673,-9.4457],[-40.765,-9.4133],[-40.7452,-9.4047],[-40.7465,-9.3711],[-40.7373,-9.3369],[-40.7556,-9.3136],[-40.7395,-9.2966],[-40.7201,-9.3059],[-40.6873,-9.2784],[-40.6805,-9.2577],[-40.6945,-9.2335],[-40.6707,-9.1887],[-40.6674,-9.1591],[-40.6851,-9.1376],[-40.7062,-9.142],[-40.7773,-9.1007],[-40.8041,-9.0984],[-40.821,-9.0799],[-40.8252,-9.0382],[-40.851,-8.9853],[-40.8516,-8.9525],[-40.8813,-8.9157],[-40.8964,-8.8711],[-40.9214,-8.8355],[-40.9464,-8.845],[-40.9791,-8.8235],[-41.0213,-8.8436],[-41.0363,-8.7859],[-41.1018,-8.782],[-41.129,-8.7434],[-41.1137,-8.7038],[-41.1764,-8.7112],[-41.2253,-8.7047],[-41.2816,-8.7361],[-41.3344,-8.7277],[-41.3584,-8.7077],[-41.3813,-8.7073],[-41.4243,-8.8026],[-41.4319,-8.7971],[-41.4722,-8.8431],[-41.4879,-8.8439],[-41.5106,-8.8763],[-41.5445,-8.9606],[-41.6058,-8.9574],[-41.629,-8.9849],[-41.6694,-8.9901],[-41.6805,-9.0123],[-41.7236,-9.0136],[-41.733,-9.0465],[-41.7352,-9.0947],[-41.8001,-9.1481],[-41.8383,-9.2424],[-41.8705,-9.2375],[-41.9248,-9.2778],[-41.9723,-9.2487],[-41.9999,-9.266],[-42.0219,-9.2498],[-42.0692,-9.2576],[-42.0995,-9.2809],[-42.142,-9.2882],[-42.1795,-9.2853],[-42.2064,-9.2928],[-42.2261,-9.2833],[-42.2679,-9.3097],[-42.3204,-9.321],[-42.3551,-9.3499],[-42.3595,-9.3776],[-42.4252,-9.4171],[-42.4283,-9.4398],[-42.4518,-9.4621],[-42.4891,-9.4621],[-42.4911,-9.4932],[-42.5219,-9.503],[-42.5865,-9.4968],[-42.6217,-9.5414],[-42.6912,-9.5455],[-42.7578,-9.5893],[-42.7652,-9.6168],[-42.8206,-9.6193],[-42.8282,-9.5606],[-42.848,-9.5497],[-42.8767,-9.5617],[-42.904,-9.5268],[-42.9463,-9.5184],[-42.9621,-9.4699],[-42.9564,-9.4387],[-42.9703,-9.4096],[-42.9879,-9.4014],[-43.0401,-9.4147],[-43.1196,-9.3719],[-43.1332,-9.3873],[-43.1586,-9.3771],[-43.1739,-9.4113],[-43.1917,-9.4205],[-43.2143,-9.3997],[-43.2851,-9.4201],[-43.2932,-9.401],[-43.3361,-9.3686],[-43.3764,-9.3489],[-43.3992,-9.3082],[-43.4278,-9.2726],[-43.4587,-9.2614],[-43.4855,-9.2653],[-43.5256,-9.3001],[-43.5728,-9.3163],[-43.6216,-9.3716],[-43.6891,-9.4197],[-43.7514,-9.4341],[-43.7862,-9.4577],[-43.8163,-9.492],[-43.8497,-9.5481],[-43.8415,-9.5861],[-43.842,-9.6375],[-43.7995,-9.6925],[-43.7977,-9.7277],[-43.7849,-9.7624],[-43.7616,-9.7779],[-43.6935,-9.8053],[-43.6532,-9.8391],[-43.6774,-9.8866],[-43.709,-9.9133],[-43.6896,-9.9391],[-43.703,-9.9661],[-43.6652,-9.9911],[-43.6695,-10.0308],[-43.6903,-10.0447],[-43.6929,-10.0774],[-43.7621,-10.0758],[-43.7731,-10.0988],[-43.766,-10.1207],[-43.7848,-10.1917],[-43.8346,-10.246],[-43.8383,-10.3047],[-43.8951,-10.3545],[-43.9148,-10.3842],[-43.9162,-10.4267],[-43.9427,-10.4359],[-43.9769,-10.4314],[-43.9981,-10.4101],[-44.0233,-10.4081],[-44.0359,-10.4355],[-44.0258,-10.4755],[-44.051,-10.5063],[-44.0728,-10.5811],[-44.1106,-10.5972],[-44.1313,-10.6349],[-44.1529,-10.6441],[-44.2141,-10.6145],[-44.2415,-10.6274],[-44.2829,-10.6071],[-44.3145,-10.5574],[-44.3444,-10.5497],[-44.3986,-10.6062],[-44.4636,-10.6153],[-44.4767,-10.6393],[-44.5223,-10.6498],[-44.5511,-10.6286],[-44.5895,-10.6324],[-44.627,-10.6756],[-44.6552,-10.6767],[-44.6696,-10.6922],[-44.6613,-10.7327],[-44.6668,-10.7589],[-44.6851,-10.7691],[-44.7118,-10.7612],[-44.7512,-10.7822],[-44.7589,-10.8049],[-44.7881,-10.8085],[-44.8103,-10.8466],[-44.8111,-10.8705],[-44.8443,-10.9001],[-44.8638,-10.8853],[-44.9312,-10.9288],[-44.995,-10.8839],[-45.0732,-10.8404],[-45.1053,-10.8468],[-45.2156,-10.8302],[-45.248,-10.822],[-45.2662,-10.7814],[-45.2894,-10.7656],[-45.3224,-10.7603],[-45.3582,-10.7322],[-45.3691,-10.68],[-45.3902,-10.6483],[-45.4144,-10.6451],[-45.4373,-10.6156],[-45.4368,-10.5768],[-45.4473,-10.5564],[-45.4382,-10.5255],[-45.4472,-10.5074],[-45.4003,-10.4631],[-45.396,-10.445],[-45.4245,-10.4265],[-45.4299,-10.3602],[-45.4846,-10.3049],[-45.5173,-10.2865],[-45.5262,-10.237],[-45.5566,-10.2169],[-45.5713,-10.1869],[-45.5674,-10.1395],[-45.5839,-10.117],[-45.6057,-10.1088],[-45.6487,-10.1274],[-45.6693,-10.1454],[-45.7231,-10.1552],[-45.6993,-10.1669],[-45.7059,-10.1883],[-45.6981,-10.2155],[-45.6975,-10.2636],[-45.7056,-10.2702],[-45.724,-10.3172],[-45.7532,-10.3523],[-45.806,-10.3559],[-45.8263,-10.3673],[-45.8274,-10.3683],[-45.8203,-10.4139],[-45.8308,-10.4388],[-45.8648,-10.4389],[-45.9007,-10.4609],[-45.9067,-10.4737],[-45.9621,-10.5097],[-45.9712,-10.5286],[-46.025,-10.5428],[-46.0278,-10.5671],[-46.0599,-10.5745],[-46.0594,-10.5935],[-46.0645,-10.6028],[-46.0956,-10.6046],[-46.116,-10.6196],[-46.1563,-10.63],[-46.1879,-10.6266],[-46.1892,-10.6318],[-46.211,-10.6497],[-46.1879,-10.6831],[-46.1925,-10.7197],[-46.1991,-10.7232],[-46.2393,-10.7484],[-46.2514,-10.7571],[-46.2276,-10.7668],[-46.2298,-10.7986],[-46.2839,-10.8321],[-46.2973,-10.8673],[-46.2834,-10.9068],[-46.357,-10.9596],[-46.3989,-10.9944],[-46.4061,-11.0197],[-46.4217,-11.0359],[-46.4475,-11.0923],[-46.4534,-11.1562],[-46.4723,-11.1912],[-46.582,-11.2468],[-46.609,-11.2557],[-46.5996,-11.2654],[-46.6091,-11.2847],[-46.6171,-11.2895],[-46.6017,-11.3472],[-46.5863,-11.3665],[-46.5493,-11.3807],[-46.5489,-11.4084],[-46.5282,-11.4225],[-46.5219,-11.4798],[-46.4793,-11.5164],[-46.4455,-11.5147],[-46.4172,-11.5392],[-46.36,-11.5356],[-46.3462,-11.5449],[-46.3134,-11.5395],[-46.2262,-11.5712],[-46.2096,-11.5982],[-46.1995,-11.6033],[-46.1664,-11.5994],[-46.1411,-11.6082],[-46.1357,-11.6067],[-46.0875,-11.625],[-46.0852,-11.6309],[-46.0832,-11.6361],[-46.087,-11.6427],[-46.1318,-11.6465],[-46.154,-11.657],[-46.2217,-11.6447],[-46.2563,-11.6212],[-46.3115,-11.6272],[-46.3165,-11.6373],[-46.3153,-11.6434],[-46.298,-11.6707],[-46.294,-11.6928],[-46.2975,-11.6983],[-46.309,-11.7041],[-46.3293,-11.7373],[-46.3735,-11.7511],[-46.3473,-11.7539],[-46.3228,-11.7711],[-46.3355,-11.7868],[-46.3316,-11.803],[-46.3491,-11.8215],[-46.3509,-11.8223],[-46.3475,-11.836],[-46.3734,-11.8367],[-46.3746,-11.8686],[-46.318,-11.8985],[-46.285,-11.886],[-46.2381,-11.9026],[-46.1811,-11.8854],[-46.1751,-11.91],[-46.1925,-11.9295],[-46.2479,-11.9475],[-46.2955,-11.9493],[-46.3257,-11.9585],[-46.3735,-12.0043],[-46.3736,-12.0155],[-46.3954,-12.0263],[-46.3785,-12.0598],[-46.3791,-12.0605],[-46.3884,-12.0726],[-46.3839,-12.0794],[-46.3663,-12.1113],[-46.3753,-12.1532],[-46.3793,-12.1608],[-46.3897,-12.1669],[-46.382,-12.1764],[-46.3807,-12.1794],[-46.391,-12.1939],[-46.3733,-12.1986],[-46.3598,-12.2241],[-46.366,-12.2403],[-46.3664,-12.2415],[-46.3808,-12.2475],[-46.3668,-12.2758],[-46.3743,-12.2898],[-46.3293,-12.2981],[-46.3251,-12.3085],[-46.3515,-12.3208],[-46.3505,-12.3242],[-46.3496,-12.327],[-46.3528,-12.3305],[-46.353,-12.3308],[-46.3247,-12.3561],[-46.2856,-12.3791],[-46.2943,-12.3847],[-46.296,-12.3977],[-46.2968,-12.3984],[-46.3047,-12.4056],[-46.3028,-12.4107],[-46.2928,-12.4177],[-46.285,-12.4123],[-46.2649,-12.4127],[-46.2476,-12.4485],[-46.2536,-12.4602],[-46.2548,-12.4943],[-46.2278,-12.4984],[-46.1868,-12.4776],[-46.1539,-12.4834],[-46.1582,-12.5025],[-46.152,-12.5139],[-46.1562,-12.5211],[-46.2017,-12.5303],[-46.2611,-12.5497],[-46.2785,-12.5836],[-46.2799,-12.5849],[-46.2777,-12.5879],[-46.2732,-12.594],[-46.2907,-12.633],[-46.2561,-12.6552],[-46.2932,-12.6928],[-46.2649,-12.717],[-46.2791,-12.7497],[-46.2803,-12.7507],[-46.275,-12.775],[-46.2832,-12.7836],[-46.2808,-12.8059],[-46.2735,-12.8112],[-46.2623,-12.8317],[-46.2733,-12.8472],[-46.293,-12.8604],[-46.2855,-12.8886],[-46.2975,-12.9073],[-46.2952,-12.9128],[-46.2924,-12.9196],[-46.2797,-12.943],[-46.2756,-12.9353],[-46.2205,-12.9406],[-46.1981,-12.9253],[-46.1389,-12.9094],[-46.1132,-12.9334],[-46.1222,-12.9573],[-46.1222,-12.9574],[-46.1662,-12.976],[-46.1969,-12.9968],[-46.2323,-12.9955],[-46.2734,-13.015],[-46.2813,-13.0341],[-46.2789,-13.0375],[-46.279,-13.0377],[-46.2897,-13.0519],[-46.3226,-13.0983],[-46.2916,-13.1436],[-46.3098,-13.158],[-46.3039,-13.1672],[-46.3144,-13.1781],[-46.3008,-13.1936],[-46.3122,-13.2115],[-46.3142,-13.2254],[-46.3311,-13.2496],[-46.2979,-13.2559],[-46.3014,-13.2667],[-46.299,-13.2818],[-46.3138,-13.2981],[-46.3153,-13.3049],[-46.2986,-13.3135],[-46.2886,-13.3146],[-46.2794,-13.3479],[-46.2376,-13.3362],[-46.2182,-13.3173],[-46.1723,-13.3123],[-46.0638,-13.2613],[-46.0411,-13.2776],[-46.0412,-13.2805],[-46.0484,-13.3092],[-46.0951,-13.3325],[-46.134,-13.3752],[-46.2143,-13.4007],[-46.2433,-13.4303],[-46.2257,-13.4345],[-46.2064,-13.4657],[-46.2302,-13.4814],[-46.2203,-13.4878],[-46.2219,-13.4977],[-46.2186,-13.5005],[-46.2413,-13.5255],[-46.2346,-13.541],[-46.2387,-13.5546],[-46.2144,-13.5723],[-46.1843,-13.5676],[-46.1619,-13.5909],[-46.1937,-13.6218],[-46.2429,-13.659],[-46.2551,-13.6835],[-46.2615,-13.6891],[-46.2357,-13.7076],[-46.2355,-13.7082],[-46.2669,-13.7403],[-46.2371,-13.7448],[-46.2243,-13.7654],[-46.2276,-13.7742],[-46.2824,-13.7965],[-46.2626,-13.8086],[-46.2717,-13.8219],[-46.2336,-13.8456],[-46.2621,-13.9026],[-46.2622,-13.9282],[-46.2681,-13.9438],[-46.2163,-13.9799],[-46.2188,-14.0025],[-46.21,-14.0129],[-46.2106,-14.0193],[-46.2484,-14.0566],[-46.2252,-14.0696],[-46.242,-14.0927],[-46.2658,-14.098],[-46.2022,-14.1196],[-46.1943,-14.1454],[-46.1742,-14.1547],[-46.1337,-14.1533],[-46.1135,-14.1699],[-46.1161,-14.1878],[-46.1045,-14.1918],[-46.0914,-14.2057],[-46.0526,-14.2049],[-46.061,-14.2325],[-46.0576,-14.2353],[-46.0463,-14.2446],[-46.0293,-14.2461],[-46.0229,-14.2596],[-45.9918,-14.2628],[-45.9632,-14.2859],[-45.954,-14.3254],[-45.9385,-14.3461],[-45.9301,-14.3506],[-45.9069,-14.3581],[-45.9128,-14.3665],[-45.9121,-14.375],[-45.9261,-14.3862],[-45.9276,-14.4103],[-45.9727,-14.4321],[-45.9988,-14.4294],[-46.0039,-14.4223],[-46.0173,-14.4207],[-46.0008,-14.4346],[-46.0015,-14.4488],[-46.0164,-14.4695],[-45.9963,-14.4894],[-45.9936,-14.4954],[-45.9941,-14.5007],[-46.0013,-14.5043],[-45.9988,-14.5097],[-46.0042,-14.5158],[-45.9799,-14.5325],[-45.9771,-14.5389],[-45.9793,-14.5451],[-45.9966,-14.543],[-45.9891,-14.5503],[-45.9939,-14.5538],[-45.9919,-14.555],[-45.9958,-14.5662],[-45.9853,-14.5736],[-46.001,-14.6016],[-45.9848,-14.6208],[-45.9911,-14.6339],[-45.9952,-14.6392],[-45.989,-14.6458],[-45.9984,-14.6637],[-46.0076,-14.6614],[-46.0118,-14.6611],[-46.0246,-14.6652],[-46.0225,-14.671],[-46.0296,-14.6834],[-46.0065,-14.7017],[-46.0065,-14.7067],[-46.0018,-14.7203],[-46.0129,-14.7339],[-46.0074,-14.7431],[-46.0079,-14.7623],[-46.013,-14.7694],[-46.0127,-14.7698],[-46.008,-14.7936],[-46.008,-14.7941],[-46.0233,-14.818],[-46.0528,-14.8314],[-46.0497,-14.8332],[-46.0512,-14.8371],[-46.05,-14.8374],[-46.0354,-14.8527],[-46.0326,-14.8567],[-46.0375,-14.8747],[-46.0039,-14.9023],[-46.0072,-14.9252],[-46.0073,-14.9259],[-45.9717,-14.9491],[-45.9661,-14.9657],[-45.9785,-14.9986],[-45.9748,-15.0047],[-45.9755,-15.0389],[-45.9955,-15.0545],[-45.9956,-15.0593],[-46.0185,-15.0813],[-46.0284,-15.1141],[-46.0504,-15.133],[-46.0434,-15.1462],[-46.0471,-15.1501],[-46.0533,-15.1708],[-46.0977,-15.1926],[-46.1192,-15.1922],[-46.1189,-15.2021],[-46.0988,-15.2168],[-46.0991,-15.2383],[-46.0771,-15.2647],[-46.0526,-15.2592],[-46.0555,-15.2506],[-46.0507,-15.247],[-46.0509,-15.2416],[-46.0385,-15.2309],[-46.0386,-15.2305],[-46.0321,-15.214],[-46.0316,-15.2061],[-45.9845,-15.196],[-45.9768,-15.1776],[-45.9795,-15.1744],[-45.9724,-15.1702],[-45.9565,-15.1418],[-45.9187,-15.1334],[-45.8735,-15.1581],[-45.8576,-15.1489],[-45.8588,-15.1444],[-45.8443,-15.1453],[-45.8195,-15.1175],[-45.8032,-15.1181],[-45.7893,-15.1127],[-45.789,-15.1155],[-45.7567,-15.1185],[-45.7521,-15.1218],[-45.7307,-15.1165],[-45.7288,-15.1132],[-45.7216,-15.1122],[-45.7239,-15.1043],[-45.7159,-15.1037],[-45.7189,-15.0974],[-45.6932,-15.0897],[-45.6939,-15.0842],[-45.6748,-15.0806],[-45.6558,-15.0485],[-45.6604,-15.0383],[-45.6473,-15.0234],[-45.6495,-15.028],[-45.6233,-15.0203],[-45.6074,-14.9966],[-45.601,-14.9963],[-45.6024,-14.9906],[-45.6027,-14.9896],[-45.5868,-14.9782],[-45.5884,-14.9737],[-45.5843,-14.9704],[-45.5675,-14.9459],[-45.5347,-14.9383],[-45.5207,-14.9536],[-45.49,-14.9608],[-45.4551,-14.9537],[-45.4553,-14.9491],[-45.451,-14.939],[-45.4512,-14.9387],[-45.4291,-14.9197],[-45.3998,-14.9175],[-45.3689,-14.8895],[-45.3721,-14.881],[-45.364,-14.8717],[-45.3572,-14.8764],[-45.3499,-14.8681],[-45.3528,-14.8641],[-45.318,-14.8526],[-45.3114,-14.8411],[-45.3171,-14.832],[-45.2956,-14.8274],[-45.2954,-14.8274],[-45.2857,-14.8325],[-45.2901,-14.8258],[-45.2869,-14.8218],[-45.287,-14.8215],[-45.2419,-14.7866],[-45.2331,-14.7766],[-45.2166,-14.7579],[-45.2171,-14.7558],[-45.2003,-14.7466],[-45.1913,-14.7497],[-45.1741,-14.741],[-45.1688,-14.7338],[-45.1636,-14.7324],[-45.1664,-14.7353],[-45.0931,-14.7521],[-45.0828,-14.7488],[-45.0391,-14.6901],[-45.0403,-14.6805],[-44.9957,-14.6678],[-44.9966,-14.6589],[-44.9825,-14.6577],[-44.9834,-14.6519],[-44.9739,-14.6521],[-44.9806,-14.6435],[-44.9548,-14.6379],[-44.943,-14.6302],[-44.9466,-14.6238],[-44.9167,-14.6197],[-44.917,-14.6147],[-44.908,-14.6134],[-44.9102,-14.6036],[-44.8766,-14.5921],[-44.8765,-14.5921],[-44.8759,-14.5997],[-44.8692,-14.5934],[-44.8708,-14.5894],[-44.8613,-14.5796],[-44.8589,-14.5809],[-44.8434,-14.5809],[-44.8439,-14.5663],[-44.8588,-14.5715],[-44.8541,-14.5672],[-44.8549,-14.5626],[-44.8499,-14.5628],[-44.8469,-14.5578],[-44.8243,-14.5394],[-44.8349,-14.5359],[-44.8318,-14.5272],[-44.8363,-14.5185],[-44.824,-14.5182],[-44.8245,-14.5136],[-44.8355,-14.5046],[-44.8092,-14.4979],[-44.8182,-14.4902],[-44.7943,-14.4966],[-44.7943,-14.4879],[-44.7567,-14.4784],[-44.7482,-14.4647],[-44.7231,-14.4494],[-44.7138,-14.445],[-44.6931,-14.4327],[-44.6942,-14.4235],[-44.6878,-14.4216],[-44.6883,-14.4167],[-44.6677,-14.4234],[-44.6625,-14.4176],[-44.658,-14.4164],[-44.6588,-14.4151],[-44.6634,-14.4077],[-44.6614,-14.4027],[-44.647,-14.3979],[-44.6458,-14.3981],[-44.6411,-14.3962],[-44.6438,-14.392],[-44.6377,-14.3905],[-44.6336,-14.3945],[-44.6166,-14.3752],[-44.6113,-14.3664],[-44.5646,-14.3486],[-44.5655,-14.3401],[-44.5108,-14.3227],[-44.4872,-14.3285],[-44.4835,-14.3228],[-44.4732,-14.3173],[-44.475,-14.3144],[-44.4536,-14.312],[-44.4307,-14.2895],[-44.39,-14.2762],[-44.3895,-14.2805],[-44.3785,-14.2772],[-44.3785,-14.2704],[-44.3603,-14.2718],[-44.3529,-14.2662],[-44.353,-14.261],[-44.346,-14.2633],[-44.3518,-14.2577],[-44.3501,-14.2576],[-44.3402,-14.2567],[-44.3406,-14.2494],[-44.3165,-14.2404],[-44.2895,-14.2517],[-44.2844,-14.2477],[-44.2799,-14.2501],[-44.2813,-14.2525],[-44.2749,-14.2512],[-44.2686,-14.2466],[-44.247,-14.2597],[-44.2444,-14.2571],[-44.2488,-14.2541],[-44.2496,-14.2535],[-44.2493,-14.2532],[-44.24,-14.2571],[-44.2387,-14.258],[-44.2396,-14.2485],[-44.2351,-14.247],[-44.2406,-14.2407],[-44.209,-14.2373],[-44.2091,-14.2467],[-44.2012,-14.2512],[-44.2013,-14.2545],[-44.1655,-14.269],[-44.1372,-14.2642],[-44.136,-14.2749],[-44.1436,-14.2785],[-44.1356,-14.2822],[-44.1071,-14.2604],[-44.0994,-14.2735],[-44.0869,-14.2685],[-44.0883,-14.2781],[-44.0824,-14.2755],[-44.0824,-14.269],[-44.0744,-14.2707],[-44.0779,-14.2782],[-44.0734,-14.2857],[-44.0672,-14.2802],[-44.0613,-14.2824],[-44.0574,-14.2776],[-44.0571,-14.2843],[-44.0154,-14.2765],[-44.0155,-14.2716],[-43.9864,-14.2676],[-43.9906,-14.2726],[-43.9768,-14.2806],[-43.9696,-14.2743],[-43.9553,-14.2922],[-43.9561,-14.2997],[-43.9237,-14.3034],[-43.9239,-14.296],[-43.9164,-14.296],[-43.9157,-14.3025],[-43.9091,-14.3026],[-43.911,-14.2977],[-43.8919,-14.2933],[-43.8903,-14.3066],[-43.8814,-14.3075],[-43.8809,-14.3118],[-43.8514,-14.3136],[-43.8554,-14.3181],[-43.8467,-14.3131],[-43.8472,-14.3218],[-43.819,-14.3122],[-43.8223,-14.3231],[-43.8153,-14.3207],[-43.8148,-14.326],[-43.7832,-14.3393],[-43.8194,-14.3893],[-43.8271,-14.429],[-43.8748,-14.5246],[-43.8813,-14.5624],[-43.8772,-14.5634],[-43.8872,-14.5832],[-43.8826,-14.5867],[-43.886,-14.5957],[-43.8764,-14.5914],[-43.8745,-14.5947],[-43.8765,-14.6071],[-43.8769,-14.6092],[-43.87,-14.6129],[-43.8744,-14.6145],[-43.871,-14.6221],[-43.8817,-14.6295],[-43.8746,-14.6368],[-43.8858,-14.6355],[-43.8771,-14.6404],[-43.8837,-14.643],[-43.883,-14.6435],[-43.8793,-14.6461],[-43.8829,-14.6522],[-43.8835,-14.6533],[-43.8749,-14.6528],[-43.8732,-14.6536],[-43.8719,-14.6636],[-43.8592,-14.6743],[-43.7856,-14.6858],[-43.778,-14.691],[-43.7277,-14.6985],[-43.7122,-14.715],[-43.7196,-14.7209],[-43.7198,-14.7296],[-43.6866,-14.7217],[-43.6902,-14.7273],[-43.6838,-14.7285],[-43.6811,-14.7322],[-43.6738,-14.7296],[-43.6759,-14.7267],[-43.657,-14.7458],[-43.6112,-14.7606],[-43.5738,-14.7652],[-43.5339,-14.7888],[-43.5392,-14.8058],[-43.5097,-14.8076],[-43.5111,-14.7966],[-43.4784,-14.7921],[-43.4687,-14.7795],[-43.4812,-14.7679],[-43.4628,-14.7659],[-43.4571,-14.7588],[-43.4562,-14.7578],[-43.4613,-14.7463],[-43.4346,-14.7265],[-43.4349,-14.7231],[-43.4282,-14.7264],[-43.4287,-14.7222],[-43.4119,-14.7218],[-43.3808,-14.7039],[-43.3465,-14.6961],[-43.3112,-14.6698],[-43.2661,-14.6615],[-43.2629,-14.6628],[-43.245,-14.6565],[-43.1813,-14.6609],[-43.1713,-14.6538],[-43.1515,-14.6664],[-43.1111,-14.679],[-43.1083,-14.6737],[-43.0734,-14.6891],[-43.067,-14.6815],[-43.0262,-14.6874],[-43.0268,-14.6936],[-43.0088,-14.7004],[-43.0028,-14.6963],[-42.993,-14.6997],[-42.9782,-14.6988],[-42.9389,-14.7081],[-42.925,-14.7339],[-42.9253,-14.7354],[-42.927,-14.7442],[-42.9209,-14.7462],[-42.917,-14.7475],[-42.9134,-14.7453],[-42.9059,-14.7611],[-42.8672,-14.7717],[-42.8724,-14.7754],[-42.791,-14.8394],[-42.7537,-14.8478],[-42.7296,-14.8786],[-42.7185,-14.8855],[-42.7136,-14.8843],[-42.7149,-14.8801],[-42.6988,-14.8904],[-42.7004,-14.8946],[-42.6525,-14.9208],[-42.6552,-14.9243],[-42.6254,-14.9451],[-42.6025,-14.9247],[-42.5607,-14.9623],[-42.4957,-14.9949],[-42.4759,-15.0171],[-42.4368,-15.0228],[-42.4432,-15.0478],[-42.4429,-15.0614],[-42.4011,-15.0773],[-42.3745,-15.0714],[-42.3549,-15.0982],[-42.34,-15.0833],[-42.2648,-15.1252],[-42.2274,-15.0993],[-42.1533,-15.0994],[-42.1539,-15.1106],[-42.127,-15.1336],[-42.1087,-15.1633],[-42.0955,-15.183],[-42.0916,-15.1866],[-42.0733,-15.1757],[-41.9975,-15.1589],[-41.9878,-15.1684],[-41.9325,-15.1745],[-41.897,-15.1519],[-41.8704,-15.1152],[-41.8483,-15.1169],[-41.8007,-15.1011],[-41.6513,-15.236],[-41.4643,-15.4019],[-41.358,-15.4988],[-41.3312,-15.7447],[-41.293,-15.739],[-41.2686,-15.7487],[-41.2154,-15.7372],[-41.1695,-15.7606],[-41.1356,-15.7662],[-41.1286,-15.7468],[-41.0929,-15.7387],[-41.0776,-15.7193],[-41.0534,-15.7252],[-41.008,-15.7144],[-40.9796,-15.6917],[-40.9631,-15.6484],[-40.9265,-15.6561],[-40.9071,-15.6752],[-40.9087,-15.6813],[-40.8816,-15.6945],[-40.8315,-15.6708],[-40.8324,-15.6542],[-40.8169,-15.6476],[-40.7803,-15.6802],[-40.786,-15.6923],[-40.7677,-15.7141],[-40.7375,-15.6978],[-40.7438,-15.6841],[-40.7072,-15.6664],[-40.6819,-15.6945],[-40.6823,-15.6991],[-40.6294,-15.7158],[-40.601,-15.7435],[-40.5998,-15.7511],[-40.604,-15.7593],[-40.5926,-15.7624],[-40.5931,-15.7718],[-40.5674,-15.776],[-40.5731,-15.7881],[-40.5635,-15.8029],[-40.5183,-15.7976],[-40.5191,-15.7809],[-40.4841,-15.7758],[-40.4614,-15.7533],[-40.4325,-15.7787],[-40.425,-15.8057],[-40.3769,-15.8236],[-40.3392,-15.8168],[-40.34,-15.8217],[-40.2756,-15.8175],[-40.2311,-15.8039],[-40.2238,-15.8205],[-40.224,-15.8275],[-40.2183,-15.8266],[-40.2188,-15.8358],[-40.2155,-15.8358],[-40.213,-15.8358],[-40.2128,-15.8423],[-40.2058,-15.8462],[-40.2069,-15.8545],[-40.1992,-15.8569],[-40.2001,-15.8626],[-40.1927,-15.8578],[-40.1774,-15.8682],[-40.1661,-15.8684],[-40.1658,-15.8941],[-40.1753,-15.9041],[-40.1119,-15.9114],[-40.0969,-15.9002],[-40.0817,-15.9049],[-40.0868,-15.9136],[-40.0661,-15.9099],[-40.0669,-15.9124],[-40.0717,-15.9262],[-40.0672,-15.9252],[-40.0664,-15.925],[-40.0769,-15.9344],[-40.0787,-15.9406],[-40.0788,-15.941],[-40.0661,-15.9398],[-40.0662,-15.9504],[-40.0591,-15.9532],[-40.0662,-15.9602],[-40.0431,-15.9684],[-40.0465,-15.97],[-40.0315,-15.9733],[-40.0327,-15.9786],[-40.0273,-15.9805],[-40.0282,-15.9856],[-40.001,-15.9947],[-40.0045,-16.0019],[-39.98,-15.9977],[-39.98,-15.9978],[-39.964,-16.0054],[-39.9646,-15.9989],[-39.9152,-16],[-39.9357,-16.0238],[-39.8995,-16.0496],[-39.9003,-16.0588],[-39.8767,-16.0793],[-39.8774,-16.0917],[-39.874,-16.0929],[-39.8648,-16.1037],[-39.8636,-16.1054],[-39.8568,-16.1139],[-39.8602,-16.1231],[-39.897,-16.1416],[-39.883,-16.1638],[-39.8834,-16.1947],[-39.9127,-16.2103],[-39.9365,-16.2458],[-39.9201,-16.2638],[-39.9167,-16.2839],[-39.9794,-16.3169],[-39.9784,-16.3112],[-40.0252,-16.3574],[-40.0419,-16.4057],[-40.041,-16.4119],[-40.0627,-16.432],[-40.0657,-16.4571],[-40.0965,-16.4488],[-40.0959,-16.4467],[-40.0923,-16.4346],[-40.0955,-16.4239],[-40.1361,-16.4897],[-40.1712,-16.5242],[-40.1702,-16.5336],[-40.1749,-16.5379],[-40.168,-16.5401],[-40.1614,-16.5586],[-40.1551,-16.5629],[-40.161,-16.572],[-40.1593,-16.5758],[-40.212,-16.5732],[-40.2367,-16.5641],[-40.244,-16.5664],[-40.2757,-16.5741],[-40.2877,-16.5976],[-40.2875,-16.5979],[-40.2983,-16.6525],[-40.3132,-16.6787],[-40.3111,-16.6959],[-40.3024,-16.7082],[-40.3106,-16.7193],[-40.3102,-16.7363],[-40.3455,-16.7873],[-40.3236,-16.8013],[-40.2691,-16.7958],[-40.2578,-16.8066],[-40.2585,-16.8208],[-40.2535,-16.8247],[-40.2476,-16.8447],[-40.2469,-16.8458],[-40.2546,-16.8603],[-40.266,-16.8603],[-40.2651,-16.8644],[-40.2817,-16.9012],[-40.3028,-16.8923],[-40.3235,-16.9048],[-40.3272,-16.9094],[-40.3488,-16.8993],[-40.3483,-16.8881],[-40.3665,-16.8742],[-40.4176,-16.8993],[-40.4347,-16.8876],[-40.4802,-16.8768],[-40.5163,-16.9636],[-40.5455,-16.9842],[-40.5556,-17.0134],[-40.5526,-17.0197],[-40.5708,-17.0624],[-40.5699,-17.0811],[-40.5566,-17.0968],[-40.5732,-17.1418],[-40.5786,-17.1496],[-40.5786,-17.1497],[-40.5746,-17.1804],[-40.5542,-17.1888],[-40.5524,-17.1992],[-40.5627,-17.2175],[-40.5584,-17.2307],[-40.5634,-17.2383],[-40.5645,-17.24],[-40.5686,-17.2471],[-40.5713,-17.253],[-40.5634,-17.2593],[-40.562,-17.2725],[-40.5478,-17.2837],[-40.5723,-17.2948],[-40.609,-17.327],[-40.5927,-17.3455],[-40.6055,-17.3589],[-40.5977,-17.3769],[-40.6016,-17.3826],[-40.5987,-17.3897],[-40.6235,-17.406],[-40.5961,-17.4206],[-40.5775,-17.4136],[-40.5542,-17.4356],[-40.5197,-17.4468],[-40.5199,-17.4486],[-40.521,-17.4584],[-40.5078,-17.473],[-40.483,-17.4885],[-40.4891,-17.5198],[-40.4845,-17.5279],[-40.4677,-17.5512],[-40.4451,-17.5788],[-40.4119,-17.5678],[-40.4145,-17.5762],[-40.4105,-17.5871],[-40.4182,-17.5991],[-40.3968,-17.6256],[-40.372,-17.6125],[-40.3486,-17.6308],[-40.3505,-17.6166],[-40.3322,-17.6339],[-40.3218,-17.6437],[-40.3253,-17.6513],[-40.3259,-17.6526],[-40.3064,-17.667],[-40.299,-17.6746],[-40.2981,-17.6963],[-40.2776,-17.724],[-40.2703,-17.7271],[-40.224,-17.7341],[-40.2137,-17.7537],[-40.2175,-17.7643],[-40.2144,-17.777],[-40.215,-17.7798],[-40.2181,-17.7957],[-40.2066,-17.8039],[-40.2018,-17.8159],[-40.2042,-17.8291],[-40.1744,-17.8519],[-40.2127,-17.8958],[-40.2636,-17.922],[-40.2646,-17.9339],[-40.2268,-17.9583],[-40.222,-17.9807],[-39.9189,-18.1745],[-39.8658,-18.2083],[-39.689,-18.3208],[-39.666,-18.3332],[-39.6363,-18.2351],[-39.5634,-18.1091],[-39.5499,-18.0958],[-39.5213,-18.0408],[-39.4927,-17.998],[-39.4431,-17.9449],[-39.3987,-17.9179],[-39.3418,-17.894],[-39.3259,-17.8952],[-39.2713,-17.8718],[-39.2603,-17.8307],[-39.1805,-17.7497],[-39.1842,-17.7327],[-39.1374,-17.6848],[-39.1836,-17.6185],[-39.1949,-17.5796],[-39.1886,-17.5616],[-39.193,-17.5159],[-39.1913,-17.447],[-39.2041,-17.4052],[-39.2199,-17.3117],[-39.2123,-17.2391],[-39.2131,-17.1688],[-39.2054,-17.1412],[-39.1849,-17.1182],[-39.1734,-17.0139],[-39.1558,-16.9803],[-39.1527,-16.9423],[-39.1178,-16.899],[-39.1423,-16.8674],[-39.1414,-16.7569],[-39.1076,-16.7099],[-39.0941,-16.6531],[-39.0943,-16.6084],[-39.0833,-16.5356],[-39.0611,-16.4736],[-39.0586,-16.4276],[-39.0392,-16.3944],[-39.0085,-16.3755],[-39.0055,-16.3325],[-39.0208,-16.3228],[-39.0213,-16.2603],[-38.9919,-16.2212],[-38.9756,-16.2126],[-38.9491,-16.1563],[-38.9581,-16.1253],[-38.9375,-16.0547],[-38.9164,-16.0054],[-38.8873,-15.9177],[-38.8567,-15.8606],[-38.9331,-15.6761],[-38.9444,-15.5958],[-38.9426,-15.5283],[-38.9541,-15.4592],[-38.974,-15.3863],[-38.9989,-15.2281],[-38.9982,-14.9941],[-39.0196,-14.9241],[-39.0321,-14.786],[-39.0536,-14.7783],[-39.0657,-14.7054],[-39.0644,-14.6408],[-39.0366,-14.5319],[-39.0356,-14.5015],[-39.0019,-14.3664],[-39.0004,-14.3388],[-38.9823,-14.296],[-38.9972,-14.2479],[-38.9896,-14.1879],[-38.9564,-14.0789],[-38.9452,-14.002],[-38.9287,-13.9371],[-38.9285,-13.907],[-38.9845,-13.8248],[-39.0002,-13.7836],[-38.9882,-13.715],[-38.937,-13.6556],[-38.9156,-13.674],[-38.8909,-13.6565],[-38.8897,-13.6206],[-38.9354,-13.5601],[-38.9273,-13.5106],[-38.9079,-13.4945],[-38.8895,-13.4574],[-38.9052,-13.4265],[-38.9061,-13.3812],[-38.9432,-13.3957],[-38.9682,-13.3445],[-38.9644,-13.2809],[-38.9325,-13.2179],[-38.8683,-13.1855],[-38.8346,-13.1549],[-38.8057,-13.1468],[-38.7635,-13.1183],[-38.7145,-13.0603],[-38.6553,-13.0295],[-38.6059,-12.9591],[-38.6163,-12.9313],[-38.5622,-12.92],[-38.5597,-12.9543],[-38.5832,-12.9998],[-38.489,-13.0147],[-38.4573,-13.0048],[-38.3957,-12.9573],[-38.3471,-12.9508],[-38.3185,-12.9256],[-38.2787,-12.8766],[-38.248,-12.8541],[-38.1975,-12.7891],[-38.1769,-12.7723],[-38.1249,-12.7067],[-38.0779,-12.6568],[-38.0496,-12.635],[-38.0445,-12.6123],[-38.0041,-12.5774],[-37.9443,-12.4721],[-37.8848,-12.3939],[-37.8368,-12.3226],[-37.7933,-12.2673],[-37.6983,-12.1212],[-37.6866,-12.0932],[-37.6225,-11.9958],[-37.6168,-11.9667],[-37.5167,-11.7506],[-37.4123,-11.5434],[-37.3878,-11.5042],[-37.3462,-11.4622],[-37.3733,-11.4547],[-37.4031,-11.4885],[-37.4502,-11.5204],[-37.5036,-11.5245],[-37.5161,-11.5359],[-37.5529,-11.5476],[-37.5689,-11.5399],[-37.5738,-11.5426],[-37.5857,-11.5424],[-37.5792,-11.5344],[-37.6034,-11.5403],[-37.632,-11.5188],[-37.6649,-11.5333],[-37.6726,-11.5595],[-37.6736,-11.5687],[-37.7194,-11.5501],[-37.7596,-11.525],[-37.7707,-11.5315],[-37.8008,-11.5205],[-37.809,-11.497],[-37.8249,-11.4917],[-37.8485,-11.4699],[-37.8526,-11.4464],[-37.8509,-11.4403],[-37.8811,-11.4334],[-37.9065,-11.4202],[-37.9144,-11.4082],[-37.9367,-11.4226],[-37.9512,-11.4045],[-37.9526,-11.3959],[-37.9656,-11.4028],[-37.9811,-11.3854],[-37.9688,-11.3819],[-37.9825,-11.3482],[-37.9958,-11.3124],[-38.0014,-11.3031],[-38.0108,-11.2941],[-38.0149,-11.2857],[-37.9863,-11.2672],[-37.9909,-11.2663],[-37.9843,-11.2478],[-37.9779,-11.222],[-37.9741,-11.1954],[-37.9849,-11.1959],[-37.9874,-11.196],[-38.0009,-11.1951],[-38.014,-11.1848],[-38.0468,-11.1787],[-38.0624,-11.1641],[-38.0664,-11.1491],[-38.0838,-11.1197],[-38.0922,-11.0984],[-38.0864,-11.0978],[-38.0814,-11.0644],[-38.1211,-11.0074],[-38.1239,-11.0184],[-38.1495,-11.0015],[-38.1874,-10.9627],[-38.1803,-10.9503],[-38.1992,-10.9274],[-38.2264,-10.9166],[-38.2365,-10.8817],[-38.2322,-10.8399],[-38.2396,-10.8264],[-38.2451,-10.823],[-38.2367,-10.808],[-38.2364,-10.7963],[-38.2185,-10.7826],[-38.2175,-10.7382],[-38.2182,-10.7363],[-38.2108,-10.7173],[-38.1754,-10.7063],[-38.1568,-10.7126],[-38.1229,-10.7184],[-38.0677,-10.7157],[-38.0421,-10.7008],[-38.0215,-10.731],[-38.0126,-10.7353],[-37.9852,-10.7591],[-37.8822,-10.7184],[-37.8449,-10.7035],[-37.8445,-10.7033],[-37.814,-10.6911],[-37.8305,-10.5847],[-37.8316,-10.579],[-37.8331,-10.5606],[-37.8397,-10.5561],[-37.8318,-10.5514],[-37.828,-10.5477],[-37.8196,-10.5395],[-37.8157,-10.5174],[-37.8131,-10.5085],[-37.8211,-10.4847],[-37.8589,-10.4302],[-37.8407,-10.3899],[-37.839,-10.3792],[-37.8307,-10.375],[-37.8221,-10.3724],[-37.7626,-10.3445],[-37.7414,-10.318],[-37.7657,-10.1963],[-37.7802,-10.1879],[-37.7744,-10.1448],[-37.7983,-10.1091],[-37.821,-10.0573],[-37.8233,-10.0157],[-37.8333,-9.9984],[-37.8755,-9.9788],[-37.9156,-9.9759],[-37.9274,-9.9656],[-37.9496,-9.9715],[-37.9684,-9.9628],[-37.988,-9.9219],[-37.9857,-9.8899],[-37.9826,-9.8688],[-37.9665,-9.8199],[-37.9978,-9.8034],[-38.0201,-9.778],[-38.0299,-9.7655],[-38.0398,-9.7334],[-38.0399,-9.6866],[-38.007,-9.6518],[-37.9931,-9.6569],[-37.9904,-9.656],[-38.0088,-9.6318],[-38.0187,-9.6236],[-38.0405,-9.6026],[-38.0369,-9.5812],[-38.0403,-9.5725],[-38.0318,-9.5681],[-38.0231,-9.5491],[-38.0139,-9.535],[-37.998,-9.4993],[-38.0222,-9.47],[-38.0679,-9.4585],[-38.0797,-9.4404],[-38.1214,-9.4416],[-38.155,-9.4435],[-38.205,-9.4168],[-38.2019,-9.4004],[-38.2096,-9.3586],[-38.2376,-9.3298]]]},"properties":{"sigla":"BA","nome":"Bahia"},"id":"BA"},{"type":"Feature","geometry":{"type":"Polygon","coordinates":[[[-37.253,-4.8318],[-37.2874,-4.743],[-37.3252,-4.7018],[-37.342,-4.6924],[-37.4149,-4.6714],[-37.4731,-4.6492],[-37.4991,-4.626],[-37.5405,-4.6443],[-37.5977,-4.6229],[-37.6544,-4.5731],[-37.6886,-4.5329],[-37.7294,-4.4973],[-37.7701,-4.4013],[-37.8074,-4.3986],[-37.8627,-4.3726],[-37.9565,-4.2967],[-37.9896,-4.2611],[-38.0123,-4.2476],[-38.1183,-4.1457],[-38.193,-4.0395],[-38.2024,-4.0335],[-38.2713,-3.9466],[-38.3185,-3.9264],[-38.3643,-3.8819],[-38.4357,-3.7709],[-38.4667,-3.714],[-38.4993,-3.7253],[-38.5419,-3.7153],[-38.58,-3.6942],[-38.6391,-3.6874],[-38.6669,-3.6747],[-38.7047,-3.637],[-38.7636,-3.6049],[-38.806,-3.548],[-38.8536,-3.539],[-38.8913,-3.5052],[-38.9107,-3.5037],[-38.9385,-3.4513],[-38.995,-3.3975],[-39.0399,-3.4113],[-39.0665,-3.4044],[-39.0915,-3.3846],[-39.1127,-3.3474],[-39.1394,-3.3459],[-39.1699,-3.3237],[-39.2263,-3.2441],[-39.2525,-3.2222],[-39.2793,-3.2209],[-39.3249,-3.2017],[-39.3454,-3.1801],[-39.3844,-3.1842],[-39.4377,-3.1469],[-39.4648,-3.1422],[-39.4875,-3.1185],[-39.5216,-3.103],[-39.5508,-3.0798],[-39.5967,-3.0657],[-39.6194,-3.0264],[-39.6542,-3.0237],[-39.6879,-2.9947],[-39.714,-2.9999],[-39.7683,-2.9606],[-39.7992,-2.9462],[-39.8867,-2.8848],[-39.9529,-2.8612],[-39.9877,-2.8425],[-40.0228,-2.844],[-40.1281,-2.8256],[-40.1479,-2.8396],[-40.1877,-2.8159],[-40.3174,-2.8058],[-40.3914,-2.8141],[-40.455,-2.8043],[-40.4997,-2.7845],[-40.5208,-2.791],[-40.5337,-2.8181],[-40.5922,-2.8438],[-40.6454,-2.8501],[-40.7761,-2.8542],[-40.7951,-2.8693],[-40.8446,-2.8848],[-40.8527,-2.8654],[-40.8999,-2.8624],[-40.9205,-2.8746],[-41.0092,-2.8921],[-41.0853,-2.8958],[-41.1738,-2.8877],[-41.2334,-2.8898],[-41.2591,-2.8844],[-41.3227,-2.9214],[-41.323,-2.9515],[-41.2985,-2.9684],[-41.2724,-2.9707],[-41.249,-3.0287],[-41.2553,-3.0328],[-41.2615,-3.0539],[-41.268,-3.0939],[-41.2858,-3.1033],[-41.3194,-3.1501],[-41.3225,-3.1798],[-41.3605,-3.2442],[-41.4003,-3.3186],[-41.4235,-3.368],[-41.4007,-3.3779],[-41.3888,-3.4129],[-41.356,-3.4109],[-41.3439,-3.4405],[-41.3387,-3.4599],[-41.3278,-3.4914],[-41.3064,-3.4883],[-41.3242,-3.5034],[-41.3257,-3.5364],[-41.3369,-3.5539],[-41.3647,-3.558],[-41.3706,-3.5749],[-41.3449,-3.5888],[-41.3313,-3.6247],[-41.3418,-3.6808],[-41.3266,-3.6874],[-41.3077,-3.6848],[-41.2554,-3.7033],[-41.2394,-3.7208],[-41.2574,-3.7299],[-41.2612,-3.7576],[-41.2648,-3.7916],[-41.2769,-3.8257],[-41.2678,-3.8619],[-41.2279,-3.9154],[-41.2203,-3.9415],[-41.229,-3.9684],[-41.2444,-3.9798],[-41.2442,-3.9864],[-41.2502,-4.0378],[-41.2208,-4.0267],[-41.1829,-4.0181],[-41.1838,-4.0244],[-41.16,-4.0317],[-41.1431,-4.0368],[-41.1141,-4.0519],[-41.1222,-4.0772],[-41.1432,-4.1243],[-41.1262,-4.1529],[-41.0909,-4.1704],[-41.1359,-4.2335],[-41.1191,-4.3066],[-41.1202,-4.3306],[-41.1509,-4.3707],[-41.1597,-4.4106],[-41.1771,-4.4413],[-41.1908,-4.5156],[-41.2221,-4.5677],[-41.2408,-4.5685],[-41.2399,-4.5736],[-41.2212,-4.579],[-41.2293,-4.6201],[-41.1739,-4.6686],[-41.2341,-4.7338],[-41.2352,-4.7466],[-41.2128,-4.7721],[-41.208,-4.7768],[-41.2325,-4.8046],[-41.2496,-4.8697],[-41.2281,-4.891],[-41.2349,-4.9058],[-41.2038,-4.9498],[-41.1986,-4.9375],[-41.1802,-4.9476],[-41.1509,-4.9921],[-41.1226,-5.0081],[-41.1319,-5.0481],[-41.0959,-5.0617],[-41.0804,-5.0787],[-41.0801,-5.0911],[-41.0524,-5.1034],[-41.0403,-5.0914],[-41.034,-5.0911],[-41.0264,-5.1097],[-40.9684,-5.1494],[-40.9378,-5.1666],[-40.932,-5.2013],[-40.934,-5.2368],[-40.9119,-5.271],[-40.9197,-5.2712],[-40.922,-5.2844],[-40.9132,-5.3081],[-40.9185,-5.3383],[-40.9337,-5.3494],[-40.9361,-5.366],[-40.9116,-5.4074],[-40.9382,-5.4164],[-40.9212,-5.4509],[-40.9158,-5.4662],[-40.9331,-5.5008],[-40.9318,-5.5365],[-40.933,-5.5473],[-40.9145,-5.5674],[-40.9029,-5.6297],[-40.9078,-5.6424],[-40.9388,-5.6734],[-40.9136,-5.7268],[-40.9098,-5.7657],[-40.9091,-5.8256],[-40.8937,-5.8838],[-40.8802,-5.9177],[-40.8737,-5.9668],[-40.904,-6.0209],[-40.9063,-6.0466],[-40.8843,-6.0478],[-40.8729,-6.0567],[-40.8458,-6.135],[-40.8529,-6.1751],[-40.8522,-6.2243],[-40.8341,-6.2445],[-40.8105,-6.2871],[-40.8042,-6.2929],[-40.7875,-6.3043],[-40.7793,-6.3433],[-40.7904,-6.3719],[-40.8052,-6.3932],[-40.7964,-6.4268],[-40.7921,-6.5129],[-40.7459,-6.5656],[-40.722,-6.6177],[-40.723,-6.6215],[-40.7323,-6.6536],[-40.7102,-6.6762],[-40.6492,-6.6789],[-40.6022,-6.716],[-40.5618,-6.7204],[-40.4739,-6.7349],[-40.472,-6.745],[-40.4571,-6.7626],[-40.439,-6.8067],[-40.4324,-6.8129],[-40.3888,-6.797],[-40.3706,-6.808],[-40.429,-6.8849],[-40.4245,-6.9372],[-40.4293,-6.9947],[-40.4111,-6.9991],[-40.4063,-7.0054],[-40.4694,-7.0877],[-40.4898,-7.1187],[-40.4844,-7.1332],[-40.4948,-7.1824],[-40.5103,-7.2244],[-40.5153,-7.2752],[-40.5116,-7.2995],[-40.5237,-7.3185],[-40.4336,-7.3672],[-40.3939,-7.3682],[-40.361,-7.3556],[-40.3508,-7.3342],[-40.3182,-7.3034],[-40.279,-7.2994],[-40.263,-7.3011],[-40.2208,-7.3413],[-40.1957,-7.3582],[-40.1278,-7.382],[-40.0875,-7.3831],[-40.0091,-7.3756],[-39.9264,-7.341],[-39.8902,-7.3399],[-39.8515,-7.3252],[-39.8287,-7.3324],[-39.7892,-7.332],[-39.7413,-7.3269],[-39.6975,-7.3422],[-39.6531,-7.3723],[-39.6289,-7.4257],[-39.599,-7.4288],[-39.5713,-7.4308],[-39.566,-7.449],[-39.5529,-7.4807],[-39.5459,-7.484],[-39.5024,-7.4642],[-39.4679,-7.4696],[-39.4585,-7.4742],[-39.4557,-7.5019],[-39.4697,-7.5206],[-39.4826,-7.5301],[-39.4765,-7.5534],[-39.4725,-7.5752],[-39.435,-7.5738],[-39.4197,-7.6044],[-39.384,-7.6086],[-39.368,-7.6239],[-39.3429,-7.6357],[-39.3056,-7.666],[-39.2724,-7.6602],[-39.2511,-7.681],[-39.2475,-7.6907],[-39.2084,-7.6895],[-39.171,-7.7153],[-39.1437,-7.7186],[-39.134,-7.7253],[-39.1026,-7.7711],[-39.1019,-7.7865],[-39.0906,-7.8096],[-39.0958,-7.8465],[-39.0649,-7.8395],[-39.0538,-7.8193],[-39.0264,-7.8247],[-39.0181,-7.8127],[-39.0014,-7.8402],[-38.9594,-7.8383],[-38.9529,-7.8106],[-38.94,-7.7951],[-38.941,-7.7714],[-38.9419,-7.7625],[-38.9341,-7.7589],[-38.9156,-7.7445],[-38.8814,-7.7475],[-38.8809,-7.725],[-38.8698,-7.7116],[-38.8281,-7.7197],[-38.8122,-7.6688],[-38.7861,-7.6686],[-38.7356,-7.6342],[-38.715,-7.6163],[-38.713,-7.6084],[-38.711,-7.5867],[-38.6888,-7.5822],[-38.6592,-7.5607],[-38.646,-7.502],[-38.6309,-7.4874],[-38.6449,-7.4601],[-38.6034,-7.4576],[-38.595,-7.434],[-38.5843,-7.4332],[-38.5962,-7.4148],[-38.5494,-7.335],[-38.5504,-7.3155],[-38.5346,-7.2938],[-38.5422,-7.2659],[-38.5545,-7.2519],[-38.552,-7.2435],[-38.5831,-7.2484],[-38.6194,-7.2208],[-38.6248,-7.1914],[-38.6442,-7.1838],[-38.683,-7.176],[-38.6753,-7.1558],[-38.6774,-7.131],[-38.6572,-7.0943],[-38.6773,-7.0671],[-38.6699,-7.0477],[-38.7135,-7.0181],[-38.761,-6.9901],[-38.7429,-6.975],[-38.7654,-6.948],[-38.7588,-6.9253],[-38.759,-6.9167],[-38.7563,-6.9036],[-38.7287,-6.8874],[-38.6785,-6.8641],[-38.6723,-6.847],[-38.6756,-6.8303],[-38.6556,-6.8142],[-38.6485,-6.8074],[-38.6402,-6.7892],[-38.6527,-6.7598],[-38.656,-6.7303],[-38.6729,-6.7068],[-38.6571,-6.6423],[-38.6492,-6.6276],[-38.6292,-6.6046],[-38.6331,-6.5693],[-38.6327,-6.5625],[-38.6105,-6.5323],[-38.6123,-6.5132],[-38.5704,-6.4702],[-38.5698,-6.4549],[-38.5555,-6.4376],[-38.5245,-6.4071],[-38.5309,-6.3932],[-38.5734,-6.4038],[-38.5824,-6.4004],[-38.5816,-6.3968],[-38.5761,-6.3627],[-38.5653,-6.3567],[-38.5633,-6.3561],[-38.5632,-6.3528],[-38.5771,-6.3475],[-38.5787,-6.2803],[-38.529,-6.2399],[-38.5272,-6.1934],[-38.5008,-6.1797],[-38.473,-6.152],[-38.4735,-6.136],[-38.4473,-6.0853],[-38.4132,-6.0584],[-38.3857,-6.0647],[-38.3653,-6.0885],[-38.3199,-6.0771],[-38.3048,-6.087],[-38.2526,-6.0431],[-38.2522,-6.0102],[-38.206,-5.9644],[-38.1648,-5.9466],[-38.1655,-5.9321],[-38.125,-5.8877],[-38.1116,-5.8187],[-38.0762,-5.7811],[-38.047,-5.7303],[-38.0901,-5.7205],[-38.0793,-5.6662],[-38.0343,-5.6372],[-38.014,-5.5944],[-37.9984,-5.5854],[-37.9901,-5.5558],[-37.9481,-5.5347],[-37.9327,-5.5032],[-37.9023,-5.5007],[-37.8889,-5.4494],[-37.8605,-5.4067],[-37.8638,-5.3741],[-37.8475,-5.3401],[-37.7831,-5.2949],[-37.7919,-5.2688],[-37.7836,-5.2429],[-37.7901,-5.211],[-37.7763,-5.1872],[-37.765,-5.1397],[-37.7335,-5.1007],[-37.724,-5.0698],[-37.6777,-5.0541],[-37.6404,-4.9265],[-37.4465,-4.881],[-37.253,-4.8318]]]},"properties":{"sigla":"CE","nome":"Ceará"},"id":"CE"},{"type":"Feature","geometry":{"type":"Polygon","coordinates":[[[-47.407,-15.5465],[-47.4173,-15.5003],[-47.619,-15.5005],[-47.6455,-15.5005],[-48.2005,-15.5002],[-48.2004,-15.5116],[-48.1998,-15.6163],[-48.2003,-15.6219],[-48.2189,-15.6226],[-48.2349,-15.6591],[-48.2423,-15.688],[-48.2426,-15.6892],[-48.2417,-15.7014],[-48.2343,-15.7089],[-48.2327,-15.7095],[-48.221,-15.7083],[-48.2181,-15.708],[-48.2082,-15.7176],[-48.2076,-15.7182],[-48.2075,-15.7183],[-48.2065,-15.7347],[-48.206,-15.7415],[-48.2099,-15.7505],[-48.2123,-15.756],[-48.2163,-15.7627],[-48.2219,-15.7688],[-48.2242,-15.7714],[-48.2267,-15.7741],[-48.2337,-15.7819],[-48.2382,-15.7847],[-48.2387,-15.7864],[-48.2401,-15.7916],[-48.2414,-15.7967],[-48.2419,-15.7987],[-48.2437,-15.7982],[-48.2467,-15.7973],[-48.2564,-15.8017],[-48.2605,-15.8035],[-48.2679,-15.8069],[-48.2691,-15.8088],[-48.2692,-15.8089],[-48.2858,-15.8395],[-48.2871,-15.8431],[-48.2864,-15.8453],[-48.2842,-15.8518],[-48.2831,-15.8552],[-48.2819,-15.859],[-48.2816,-15.8599],[-48.2799,-15.8651],[-48.2788,-15.8685],[-48.278,-15.8713],[-48.2769,-15.8758],[-48.2761,-15.8788],[-48.2722,-15.8817],[-48.2767,-15.8906],[-48.2753,-15.897],[-48.2757,-15.899],[-48.2764,-15.9023],[-48.2773,-15.9063],[-48.2728,-15.91],[-48.2706,-15.9117],[-48.2733,-15.921],[-48.274,-15.9212],[-48.2769,-15.9227],[-48.2769,-15.9249],[-48.2768,-15.9272],[-48.2767,-15.9305],[-48.266,-15.9317],[-48.2612,-15.929],[-48.2588,-15.931],[-48.2572,-15.9323],[-48.257,-15.9325],[-48.253,-15.9359],[-48.2528,-15.9402],[-48.2527,-15.9422],[-48.2527,-15.9427],[-48.2527,-15.943],[-48.2526,-15.9478],[-48.2525,-15.9521],[-48.2525,-15.9541],[-48.2534,-15.9555],[-48.2562,-15.9599],[-48.2573,-15.9616],[-48.2597,-15.9706],[-48.2603,-15.9777],[-48.2718,-16.0061],[-48.2727,-16.0104],[-48.2719,-16.0236],[-48.2717,-16.027],[-48.2716,-16.0287],[-48.2731,-16.0313],[-48.2732,-16.0315],[-48.2773,-16.0386],[-48.2778,-16.0422],[-48.2787,-16.049],[-48.2791,-16.0515],[-47.9817,-16.0514],[-47.9392,-16.0514],[-47.6834,-16.0506],[-47.3088,-16.0505],[-47.3087,-16.0464],[-47.3086,-16.0456],[-47.3086,-16.0421],[-47.3099,-16.0417],[-47.3105,-16.0395],[-47.309,-16.0361],[-47.316,-16.0365],[-47.3182,-16.0341],[-47.3174,-16.0318],[-47.3211,-16.031],[-47.3214,-16.0291],[-47.3218,-16.0262],[-47.3239,-16.029],[-47.3252,-16.0285],[-47.3284,-16.0273],[-47.3321,-16.0216],[-47.3352,-16.0169],[-47.3395,-16.019],[-47.3378,-16.0135],[-47.3373,-16.012],[-47.3447,-16.0113],[-47.3461,-16.0089],[-47.3472,-16.007],[-47.3478,-16.006],[-47.3516,-16.0066],[-47.3535,-16.0068],[-47.3598,-16.0077],[-47.3611,-16.0056],[-47.364,-16.0009],[-47.3652,-16.0008],[-47.3688,-15.9982],[-47.3685,-15.9941],[-47.3714,-15.9946],[-47.3758,-15.9866],[-47.3744,-15.9846],[-47.3715,-15.9804],[-47.3732,-15.9798],[-47.3741,-15.9794],[-47.3769,-15.9784],[-47.3778,-15.9738],[-47.3759,-15.9707],[-47.3748,-15.9687],[-47.3736,-15.9667],[-47.3757,-15.964],[-47.3722,-15.9609],[-47.3735,-15.9571],[-47.3702,-15.956],[-47.3675,-15.9477],[-47.3671,-15.9467],[-47.3698,-15.9389],[-47.3715,-15.9374],[-47.3632,-15.9335],[-47.3634,-15.9303],[-47.3608,-15.9317],[-47.3617,-15.9198],[-47.3635,-15.9203],[-47.3663,-15.9148],[-47.3653,-15.9128],[-47.3642,-15.9103],[-47.3636,-15.909],[-47.3726,-15.9067],[-47.3741,-15.8979],[-47.3757,-15.8967],[-47.3757,-15.8957],[-47.3758,-15.8914],[-47.3759,-15.889],[-47.3759,-15.8875],[-47.3763,-15.8807],[-47.3743,-15.88],[-47.3714,-15.8741],[-47.3727,-15.8638],[-47.3686,-15.8569],[-47.3674,-15.8492],[-47.3687,-15.8489],[-47.3702,-15.8487],[-47.3694,-15.8416],[-47.3673,-15.8365],[-47.3664,-15.8359],[-47.3637,-15.8339],[-47.3659,-15.8282],[-47.3643,-15.8276],[-47.3614,-15.8266],[-47.3607,-15.8236],[-47.36,-15.8206],[-47.3586,-15.8223],[-47.3574,-15.8237],[-47.3538,-15.8223],[-47.3538,-15.8222],[-47.3532,-15.8178],[-47.3529,-15.816],[-47.3526,-15.8141],[-47.3523,-15.8122],[-47.347,-15.8079],[-47.3486,-15.8038],[-47.3439,-15.7995],[-47.3387,-15.7946],[-47.3382,-15.7932],[-47.3355,-15.7847],[-47.3342,-15.7805],[-47.3315,-15.7799],[-47.3298,-15.7795],[-47.3301,-15.7739],[-47.3268,-15.7711],[-47.3274,-15.77],[-47.3287,-15.7674],[-47.3256,-15.7637],[-47.3207,-15.7579],[-47.32,-15.757],[-47.3208,-15.7557],[-47.3219,-15.754],[-47.3186,-15.7546],[-47.318,-15.7518],[-47.3169,-15.7469],[-47.3166,-15.7458],[-47.3154,-15.7465],[-47.3141,-15.7472],[-47.3137,-15.7443],[-47.3134,-15.7422],[-47.313,-15.7392],[-47.3129,-15.7381],[-47.3156,-15.7358],[-47.3168,-15.7347],[-47.3188,-15.733],[-47.3188,-15.7297],[-47.3186,-15.7231],[-47.3186,-15.7188],[-47.3185,-15.7175],[-47.3155,-15.7124],[-47.3145,-15.7108],[-47.3139,-15.7098],[-47.313,-15.7083],[-47.3123,-15.7072],[-47.3136,-15.6988],[-47.3127,-15.6946],[-47.3197,-15.687],[-47.3216,-15.6872],[-47.3251,-15.6876],[-47.3278,-15.6879],[-47.328,-15.6879],[-47.3315,-15.6817],[-47.3309,-15.6806],[-47.3269,-15.6736],[-47.327,-15.6735],[-47.328,-15.6655],[-47.3281,-15.6646],[-47.3292,-15.6559],[-47.3274,-15.651],[-47.3266,-15.6488],[-47.327,-15.6476],[-47.3306,-15.6371],[-47.3322,-15.6326],[-47.3319,-15.6263],[-47.3305,-15.6221],[-47.3298,-15.6199],[-47.3297,-15.6198],[-47.327,-15.6117],[-47.3224,-15.598],[-47.3164,-15.5963],[-47.3168,-15.5925],[-47.317,-15.5907],[-47.3227,-15.5861],[-47.3258,-15.5891],[-47.3278,-15.5884],[-47.3325,-15.5868],[-47.3392,-15.5844],[-47.3421,-15.5829],[-47.3443,-15.5817],[-47.3499,-15.58],[-47.3536,-15.5789],[-47.3574,-15.5813],[-47.3594,-15.5801],[-47.3804,-15.5674],[-47.3881,-15.5674],[-47.3896,-15.5674],[-47.3965,-15.5579],[-47.3993,-15.554],[-47.4048,-15.5465],[-47.407,-15.5465]]]},"properties":{"sigla":"DF","nome":"Distrito Federal"},"id":"DF"},{"type":"Feature","geometry":{"type":"Polygon","coordinates":[[[-40.222,-17.9807],[-40.2554,-17.9718],[-40.3234,-17.939],[-40.3678,-17.9227],[-40.4174,-17.9271],[-40.4841,-17.9087],[-40.5033,-17.9107],[-40.527,-17.892],[-40.5478,-17.9075],[-40.5847,-17.9182],[-40.6135,-17.9398],[-40.6248,-17.9891],[-40.6618,-18.0129],[-40.7037,-18.0237],[-40.7258,-18.0012],[-40.7508,-18.0099],[-40.7712,-17.9811],[-40.8093,-17.9523],[-40.837,-17.9572],[-40.8631,-17.9883],[-40.9028,-17.9873],[-40.7733,-18.1076],[-40.7715,-18.1559],[-40.7937,-18.1602],[-40.8633,-18.1392],[-40.8776,-18.1194],[-40.9046,-18.1159],[-40.9545,-18.1545],[-40.9768,-18.1414],[-40.9932,-18.1663],[-41.0146,-18.1576],[-41.0561,-18.1666],[-41.1045,-18.2133],[-41.0965,-18.2556],[-41.1588,-18.3088],[-41.1481,-18.3792],[-41.1821,-18.4393],[-41.1743,-18.4447],[-41.0239,-18.4572],[-41.0157,-18.4724],[-41.042,-18.6054],[-41.0509,-18.6342],[-40.9878,-18.6781],[-40.9415,-18.6893],[-40.94,-18.7703],[-40.9167,-18.81],[-40.938,-18.8317],[-40.9639,-18.8412],[-41.0191,-18.8373],[-41.1105,-18.8389],[-41.1341,-18.7961],[-41.2325,-18.7973],[-41.2455,-18.822],[-41.243,-18.8545],[-41.1661,-18.8584],[-41.153,-18.8866],[-41.1269,-18.8945],[-41.1037,-18.9341],[-41.0649,-18.9451],[-41.0615,-18.9677],[-41.0322,-18.9909],[-41.0667,-19.0065],[-41.0718,-19.0239],[-41.0539,-19.0689],[-41.0355,-19.0716],[-41.0097,-19.0979],[-40.9561,-19.1291],[-40.9411,-19.1806],[-40.9265,-19.1886],[-40.931,-19.2224],[-40.92,-19.2714],[-40.9396,-19.3586],[-40.9285,-19.3819],[-40.9572,-19.3988],[-40.968,-19.4253],[-40.9449,-19.4601],[-40.9883,-19.5079],[-41.0203,-19.5041],[-41.0409,-19.5159],[-41.0363,-19.5685],[-41.0993,-19.6042],[-41.1086,-19.6395],[-41.1685,-19.6722],[-41.1743,-19.7156],[-41.1909,-19.7469],[-41.1749,-19.767],[-41.1662,-19.8106],[-41.184,-19.8488],[-41.1849,-19.889],[-41.2289,-19.9057],[-41.2435,-19.9367],[-41.2994,-19.9371],[-41.3116,-19.9717],[-41.3091,-20.0164],[-41.3336,-20.0588],[-41.3375,-20.087],[-41.3821,-20.1888],[-41.4111,-20.2074],[-41.7568,-20.2069],[-41.7658,-20.2239],[-41.7821,-20.2945],[-41.8031,-20.2992],[-41.8419,-20.3265],[-41.8591,-20.3737],[-41.8365,-20.4093],[-41.8034,-20.4222],[-41.7994,-20.4773],[-41.8122,-20.5191],[-41.8083,-20.5505],[-41.8284,-20.5573],[-41.8413,-20.6004],[-41.8564,-20.6172],[-41.8212,-20.6371],[-41.8132,-20.6532],[-41.8468,-20.6861],[-41.8741,-20.7441],[-41.875,-20.7665],[-41.8481,-20.7751],[-41.8012,-20.8056],[-41.7822,-20.7982],[-41.7409,-20.8183],[-41.7402,-20.8661],[-41.719,-20.8755],[-41.7231,-20.9228],[-41.7161,-20.9921],[-41.7324,-21.0668],[-41.7356,-21.1033],[-41.7079,-21.1071],[-41.6541,-21.143],[-41.6289,-21.1444],[-41.5484,-21.1828],[-41.4884,-21.1803],[-41.4701,-21.2027],[-41.4356,-21.216],[-41.4173,-21.1998],[-41.3637,-21.2029],[-41.3171,-21.2137],[-41.2978,-21.2344],[-41.2413,-21.2211],[-41.2053,-21.2439],[-41.1414,-21.2387],[-41.1043,-21.2197],[-41.0815,-21.222],[-41.0414,-21.2551],[-41.0067,-21.252],[-40.9947,-21.2863],[-40.9655,-21.2997],[-40.9606,-21.2579],[-40.9345,-21.2045],[-40.9081,-21.1677],[-40.8564,-21.128],[-40.8282,-21.0469],[-40.8134,-21.036],[-40.8058,-21.0046],[-40.8102,-20.9674],[-40.7957,-20.9263],[-40.7651,-20.8896],[-40.7445,-20.8485],[-40.7194,-20.8468],[-40.666,-20.8124],[-40.629,-20.8194],[-40.5774,-20.791],[-40.571,-20.7663],[-40.5269,-20.7291],[-40.5117,-20.6931],[-40.4701,-20.6342],[-40.4333,-20.6427],[-40.4038,-20.599],[-40.4006,-20.5767],[-40.3662,-20.5209],[-40.349,-20.4772],[-40.3206,-20.4265],[-40.3099,-20.3815],[-40.2852,-20.3528],[-40.2921,-20.2857],[-40.2617,-20.2664],[-40.2298,-20.2587],[-40.1978,-20.2168],[-40.1714,-20.1104],[-40.1728,-20.0747],[-40.1907,-20.0566],[-40.159,-20.0386],[-40.1312,-19.9362],[-40.0991,-19.9189],[-40.0862,-19.8831],[-40.0635,-19.853],[-40.0563,-19.8179],[-40.0043,-19.7578],[-39.9117,-19.687],[-39.8738,-19.6686],[-39.8074,-19.6482],[-39.8067,-19.6315],[-39.7712,-19.5603],[-39.7295,-19.4659],[-39.6965,-19.3677],[-39.6891,-19.2963],[-39.7083,-19.1802],[-39.7371,-18.9686],[-39.7503,-18.8417],[-39.747,-18.7062],[-39.7243,-18.6],[-39.7287,-18.5861],[-39.7286,-18.5004],[-39.7,-18.4152],[-39.666,-18.3332],[-39.689,-18.3208],[-39.8658,-18.2083],[-39.9189,-18.1745],[-40.222,-17.9807]]]},"properties":{"sigla":"ES","nome":"Espírito Santo"},"id":"ES"},{"type":"Feature","geometry":{"type":"Polygon","coordinates":[[[-50.1651,-12.4371],[-50.1426,-12.3959],[-50.1724,-12.4085],[-50.175,-12.4237],[-50.1852,-12.423],[-50.189,-12.4137],[-50.1965,-12.4133],[-50.184,-12.4315],[-50.1986,-12.4321],[-50.2157,-12.4414],[-50.2081,-12.4425],[-50.2076,-12.4488],[-50.2225,-12.4461],[-50.2746,-12.4815],[-50.3251,-12.5088],[-50.3188,-12.5092],[-50.3312,-12.5355],[-50.3465,-12.5339],[-50.3463,-12.5431],[-50.3597,-12.5417],[-50.3873,-12.5902],[-50.4186,-12.6246],[-50.4185,-12.6516],[-50.4273,-12.6425],[-50.4408,-12.6533],[-50.4385,-12.6581],[-50.4328,-12.65],[-50.437,-12.6613],[-50.4325,-12.69],[-50.4398,-12.698],[-50.4617,-12.6943],[-50.478,-12.71],[-50.4683,-12.7361],[-50.4832,-12.7526],[-50.4719,-12.7523],[-50.4938,-12.7857],[-50.4848,-12.812],[-50.5112,-12.8608],[-50.5018,-12.8827],[-50.5261,-12.9399],[-50.5259,-12.9764],[-50.5568,-13.0025],[-50.593,-13.0029],[-50.5769,-13.0511],[-50.6117,-13.0644],[-50.5902,-13.1096],[-50.6033,-13.1969],[-50.5845,-13.2153],[-50.5877,-13.2485],[-50.6052,-13.2735],[-50.6072,-13.3109],[-50.6463,-13.3612],[-50.6656,-13.3761],[-50.6654,-13.4423],[-50.6841,-13.4442],[-50.6969,-13.4759],[-50.745,-13.5076],[-50.7634,-13.53],[-50.7684,-13.597],[-50.7813,-13.6191],[-50.8039,-13.691],[-50.8229,-13.7132],[-50.8564,-13.7158],[-50.8707,-13.7393],[-50.8538,-13.7658],[-50.8567,-13.8315],[-50.8414,-13.86],[-50.8457,-13.9417],[-50.8627,-13.9569],[-50.8631,-13.9853],[-50.8492,-14.0008],[-50.8518,-14.0291],[-50.8317,-14.0727],[-50.8414,-14.1049],[-50.8678,-14.1251],[-50.9186,-14.1258],[-50.9144,-14.1723],[-50.9622,-14.2509],[-50.9752,-14.2909],[-50.9692,-14.3339],[-50.9898,-14.3627],[-50.989,-14.3992],[-50.999,-14.4192],[-50.987,-14.4571],[-50.9682,-14.4823],[-50.9628,-14.527],[-50.9973,-14.5782],[-50.9915,-14.6128],[-51.0315,-14.6801],[-51.0272,-14.7068],[-51.0539,-14.7467],[-51.0445,-14.795],[-51.0683,-14.8103],[-51.0894,-14.8404],[-51.0911,-14.8943],[-51.084,-14.9164],[-51.127,-14.9371],[-51.1469,-14.9595],[-51.1507,-14.9838],[-51.1986,-15.0049],[-51.2426,-15.0354],[-51.2904,-15.0343],[-51.3019,-14.9865],[-51.3377,-14.9734],[-51.3572,-15.0025],[-51.3768,-15.0129],[-51.3983,-15.0035],[-51.4277,-15.0083],[-51.4416,-15.0301],[-51.4777,-15.0567],[-51.5123,-15.0546],[-51.5359,-15.0697],[-51.5527,-15.1059],[-51.5739,-15.1135],[-51.5989,-15.1567],[-51.652,-15.1799],[-51.6529,-15.2067],[-51.668,-15.2463],[-51.6469,-15.2679],[-51.6787,-15.2907],[-51.6883,-15.3089],[-51.6862,-15.3459],[-51.6713,-15.3717],[-51.6976,-15.41],[-51.6928,-15.4332],[-51.7084,-15.4565],[-51.7046,-15.4967],[-51.7354,-15.5109],[-51.7277,-15.5508],[-51.7776,-15.5543],[-51.7536,-15.6102],[-51.7578,-15.6359],[-51.8045,-15.7133],[-51.8296,-15.7402],[-51.8902,-15.832],[-51.912,-15.8136],[-51.9488,-15.8104],[-51.9541,-15.8377],[-51.9832,-15.844],[-52.0113,-15.8862],[-52.1074,-15.8823],[-52.1285,-15.895],[-52.1911,-15.8818],[-52.2526,-15.8927],[-52.2653,-15.947],[-52.289,-15.9661],[-52.3104,-16.0074],[-52.328,-16.0706],[-52.3751,-16.0984],[-52.3978,-16.0934],[-52.4769,-16.1264],[-52.5486,-16.1651],[-52.5461,-16.2196],[-52.5683,-16.2349],[-52.5463,-16.2585],[-52.6107,-16.2724],[-52.6235,-16.2874],[-52.6624,-16.2837],[-52.6869,-16.3155],[-52.6823,-16.3435],[-52.6929,-16.3683],[-52.6766,-16.4123],[-52.6505,-16.4087],[-52.6385,-16.4371],[-52.6043,-16.4647],[-52.6055,-16.4862],[-52.6357,-16.5516],[-52.6627,-16.5511],[-52.7037,-16.5957],[-52.7248,-16.5868],[-52.7408,-16.6039],[-52.7465,-16.6553],[-52.7692,-16.6724],[-52.7617,-16.7063],[-52.7889,-16.7205],[-52.8323,-16.7723],[-52.8822,-16.7761],[-52.907,-16.7993],[-52.9444,-16.8132],[-52.927,-16.8416],[-52.9691,-16.8697],[-53.0138,-16.8649],[-53.0189,-16.8987],[-53.0396,-16.912],[-53.0341,-16.9413],[-53.0551,-16.9634],[-53.0499,-16.9928],[-53.0689,-17.03],[-53.056,-17.0704],[-53.0877,-17.0987],[-53.1191,-17.1132],[-53.1281,-17.1546],[-53.1574,-17.1706],[-53.1562,-17.1886],[-53.1959,-17.2766],[-53.2191,-17.2996],[-53.205,-17.3333],[-53.1969,-17.3805],[-53.2095,-17.3856],[-53.2295,-17.4284],[-53.2288,-17.4661],[-53.2415,-17.4929],[-53.2479,-17.5589],[-53.2391,-17.5809],[-53.2508,-17.6281],[-53.2379,-17.7131],[-53.2008,-17.7307],[-53.1773,-17.7559],[-53.1634,-17.7955],[-53.1363,-17.8371],[-53.143,-17.8717],[-53.1314,-17.9169],[-53.1004,-17.9368],[-53.07,-17.9859],[-53.0722,-18.034],[-53.0892,-18.0568],[-53.1236,-18.0588],[-53.1432,-18.0818],[-53.129,-18.1385],[-53.1297,-18.1607],[-53.1101,-18.2196],[-53.1011,-18.3108],[-53.0699,-18.3429],[-53.0276,-18.3515],[-53.0139,-18.3261],[-52.976,-18.3035],[-52.9352,-18.2966],[-52.8732,-18.3148],[-52.8207,-18.3107],[-52.7874,-18.3206],[-52.7591,-18.3506],[-52.7619,-18.3713],[-52.786,-18.3903],[-52.7985,-18.4149],[-52.8732,-18.4268],[-52.8809,-18.4655],[-52.899,-18.4768],[-52.9157,-18.5089],[-52.9452,-18.5197],[-52.9649,-18.55],[-52.9344,-18.5991],[-52.9143,-18.6198],[-52.9127,-18.642],[-52.8734,-18.6462],[-52.8276,-18.6719],[-52.72,-18.6918],[-52.6754,-18.679],[-52.6433,-18.6884],[-52.5928,-18.6899],[-52.553,-18.657],[-52.4491,-18.691],[-52.4098,-18.755],[-52.354,-18.8002],[-52.3443,-18.8224],[-52.309,-18.8397],[-52.2949,-18.8293],[-52.2514,-18.8396],[-52.1814,-18.8479],[-52.148,-18.8939],[-52.1062,-18.9059],[-52.1043,-18.9281],[-52.0813,-18.9509],[-52.0452,-18.9505],[-52.0082,-18.977],[-51.9578,-18.9783],[-51.9404,-18.9679],[-51.8988,-18.9942],[-51.8755,-19.0306],[-51.8413,-19.0571],[-51.8183,-19.0536],[-51.7812,-19.0812],[-51.7287,-19.1082],[-51.6831,-19.1215],[-51.6579,-19.1379],[-51.6396,-19.1274],[-51.6092,-19.1409],[-51.5925,-19.1274],[-51.5274,-19.1396],[-51.4939,-19.163],[-51.4731,-19.1543],[-51.4428,-19.1686],[-51.4204,-19.1665],[-51.3955,-19.1961],[-51.3751,-19.1946],[-51.3682,-19.2217],[-51.3078,-19.2185],[-51.2747,-19.2621],[-51.2409,-19.2691],[-51.2163,-19.259],[-51.1805,-19.2835],[-51.1438,-19.2872],[-51.126,-19.3034],[-51.0578,-19.3294],[-51.031,-19.3638],[-51.0209,-19.3899],[-50.985,-19.4104],[-50.9853,-19.4314],[-50.9508,-19.4434],[-50.9344,-19.4674],[-50.9343,-19.468],[-50.8421,-19.4991],[-50.8249,-19.475],[-50.8759,-19.4199],[-50.8379,-19.3456],[-50.8147,-19.2858],[-50.7714,-19.2593],[-50.7451,-19.2332],[-50.742,-19.2144],[-50.7428,-19.1982],[-50.7334,-19.1858],[-50.6778,-19.1725],[-50.6725,-19.1637],[-50.6786,-19.1406],[-50.6545,-19.1334],[-50.585,-19.1374],[-50.5433,-19.1059],[-50.5059,-19.0511],[-50.495,-19.0129],[-50.504,-19.0045],[-50.5,-18.9812],[-50.5118,-18.952],[-50.5015,-18.9301],[-50.461,-18.9136],[-50.4415,-18.8908],[-50.425,-18.8369],[-50.3702,-18.8044],[-50.3523,-18.7603],[-50.3237,-18.7122],[-50.3062,-18.6955],[-50.2502,-18.6779],[-50.1988,-18.6791],[-50.1642,-18.6643],[-50.08,-18.6722],[-50.0502,-18.6435],[-50.037,-18.6099],[-50.0139,-18.5995],[-49.9316,-18.624],[-49.8839,-18.609],[-49.8361,-18.6367],[-49.7836,-18.6413],[-49.7685,-18.611],[-49.7382,-18.6169],[-49.7055,-18.5954],[-49.635,-18.5921],[-49.6536,-18.5706],[-49.6532,-18.5638],[-49.5752,-18.5423],[-49.5424,-18.5274],[-49.5479,-18.5078],[-49.5339,-18.4925],[-49.4972,-18.4926],[-49.4857,-18.5094],[-49.4861,-18.5323],[-49.4818,-18.561],[-49.4324,-18.6067],[-49.4167,-18.6385],[-49.3787,-18.6423],[-49.3432,-18.598],[-49.3248,-18.5608],[-49.2926,-18.564],[-49.2734,-18.5287],[-49.2488,-18.5229],[-49.2284,-18.4798],[-49.1925,-18.4497],[-49.2118,-18.4176],[-49.2037,-18.4122],[-49.1832,-18.4162],[-49.1262,-18.3825],[-49.1071,-18.3889],[-49.1138,-18.3978],[-49.077,-18.4168],[-49.0537,-18.4026],[-49.042,-18.3765],[-49.0059,-18.3744],[-48.9815,-18.3564],[-48.9842,-18.3414],[-48.9367,-18.3062],[-48.9177,-18.3059],[-48.9079,-18.3156],[-48.832,-18.3461],[-48.828,-18.3752],[-48.7557,-18.3444],[-48.7306,-18.3533],[-48.6411,-18.3403],[-48.6415,-18.3334],[-48.5537,-18.3314],[-48.5544,-18.3362],[-48.5545,-18.3469],[-48.5156,-18.3664],[-48.4814,-18.3606],[-48.4869,-18.3719],[-48.4456,-18.3553],[-48.4036,-18.3712],[-48.3416,-18.3697],[-48.3046,-18.3831],[-48.3045,-18.3802],[-48.3149,-18.3642],[-48.2883,-18.3487],[-48.279,-18.3315],[-48.2268,-18.3457],[-48.2267,-18.3579],[-48.1728,-18.375],[-48.1478,-18.4082],[-48.1178,-18.425],[-48.0393,-18.4337],[-47.9979,-18.4546],[-47.976,-18.4526],[-47.9799,-18.4627],[-47.9622,-18.4961],[-47.9295,-18.4878],[-47.9142,-18.4666],[-47.8879,-18.4765],[-47.8632,-18.4697],[-47.8736,-18.4591],[-47.8604,-18.4402],[-47.8308,-18.4435],[-47.837,-18.4358],[-47.8307,-18.4252],[-47.8311,-18.4141],[-47.7975,-18.4069],[-47.8007,-18.412],[-47.779,-18.4241],[-47.7468,-18.4099],[-47.7568,-18.3957],[-47.7333,-18.3759],[-47.736,-18.3713],[-47.7405,-18.3638],[-47.7249,-18.3627],[-47.7103,-18.3797],[-47.6861,-18.3628],[-47.6864,-18.3575],[-47.6707,-18.3575],[-47.6469,-18.3303],[-47.6481,-18.3407],[-47.6112,-18.3154],[-47.6387,-18.2877],[-47.619,-18.2717],[-47.6258,-18.2594],[-47.6145,-18.2509],[-47.6152,-18.2623],[-47.6023,-18.2563],[-47.6074,-18.2469],[-47.5886,-18.227],[-47.5345,-18.1986],[-47.5401,-18.2173],[-47.5275,-18.2262],[-47.5306,-18.2178],[-47.518,-18.2106],[-47.5182,-18.1989],[-47.4849,-18.1935],[-47.4881,-18.1868],[-47.4512,-18.1592],[-47.4273,-18.1613],[-47.4353,-18.152],[-47.3965,-18.1374],[-47.4073,-18.1318],[-47.3684,-18.113],[-47.3592,-18.106],[-47.3547,-18.0968],[-47.3613,-18.0962],[-47.3227,-18.0697],[-47.302,-18.0711],[-47.3055,-18.0637],[-47.2832,-18.0582],[-47.3007,-18.027],[-47.2957,-18.0266],[-47.2972,-18.0205],[-47.294,-18.017],[-47.3229,-17.9845],[-47.3139,-17.977],[-47.3138,-17.9632],[-47.3406,-17.9374],[-47.3394,-17.9282],[-47.3448,-17.9209],[-47.3423,-17.9218],[-47.3441,-17.9185],[-47.3384,-17.9125],[-47.3442,-17.909],[-47.3423,-17.9052],[-47.3581,-17.8921],[-47.3558,-17.8919],[-47.3593,-17.8868],[-47.3537,-17.8709],[-47.3595,-17.866],[-47.3563,-17.8606],[-47.373,-17.831],[-47.3506,-17.8113],[-47.358,-17.8053],[-47.348,-17.7973],[-47.3544,-17.7875],[-47.3491,-17.7864],[-47.3506,-17.7832],[-47.34,-17.7771],[-47.3422,-17.7738],[-47.3327,-17.7666],[-47.3368,-17.7618],[-47.3352,-17.7557],[-47.3427,-17.7445],[-47.3255,-17.733],[-47.3261,-17.73],[-47.3121,-17.7115],[-47.3136,-17.699],[-47.2995,-17.6915],[-47.3015,-17.6889],[-47.2703,-17.6753],[-47.2802,-17.6593],[-47.2785,-17.6556],[-47.2813,-17.6532],[-47.2639,-17.6205],[-47.2838,-17.5776],[-47.3331,-17.5235],[-47.3745,-17.5239],[-47.3986,-17.5122],[-47.4571,-17.5384],[-47.4777,-17.5113],[-47.5057,-17.493],[-47.5032,-17.4818],[-47.5273,-17.4404],[-47.5271,-17.4297],[-47.5214,-17.4239],[-47.5377,-17.4093],[-47.5236,-17.4125],[-47.5388,-17.3888],[-47.5284,-17.3886],[-47.5323,-17.3811],[-47.5187,-17.3803],[-47.5185,-17.3754],[-47.5139,-17.3746],[-47.5161,-17.3666],[-47.514,-17.3562],[-47.5216,-17.3528],[-47.5046,-17.3373],[-47.5121,-17.3349],[-47.4986,-17.3358],[-47.4879,-17.3495],[-47.4565,-17.3508],[-47.4608,-17.3485],[-47.4415,-17.3484],[-47.4543,-17.3319],[-47.4218,-17.3213],[-47.4217,-17.316],[-47.4293,-17.308],[-47.4195,-17.2924],[-47.4344,-17.2762],[-47.4169,-17.2647],[-47.4229,-17.2606],[-47.4082,-17.2576],[-47.411,-17.2492],[-47.3819,-17.2434],[-47.3872,-17.2391],[-47.379,-17.2363],[-47.3853,-17.2271],[-47.3743,-17.2221],[-47.3759,-17.2172],[-47.3626,-17.2227],[-47.3641,-17.212],[-47.3505,-17.2056],[-47.3502,-17.1965],[-47.363,-17.1865],[-47.3401,-17.1874],[-47.3532,-17.1802],[-47.3485,-17.1762],[-47.352,-17.1665],[-47.3294,-17.1585],[-47.3323,-17.154],[-47.3029,-17.1545],[-47.3041,-17.1469],[-47.2827,-17.1441],[-47.2834,-17.1306],[-47.2763,-17.1274],[-47.2821,-17.1228],[-47.2751,-17.1178],[-47.2819,-17.1149],[-47.2481,-17.0986],[-47.2477,-17.0818],[-47.2223,-17.0855],[-47.2341,-17.0824],[-47.2238,-17.0825],[-47.2238,-17.0757],[-47.2076,-17.0804],[-47.2103,-17.0739],[-47.191,-17.0696],[-47.1962,-17.0666],[-47.1962,-17.0601],[-47.1751,-17.0545],[-47.1844,-17.036],[-47.1801,-17.0355],[-47.1727,-17.0437],[-47.1646,-17.0457],[-47.1684,-17.0392],[-47.1626,-17.0416],[-47.1622,-17.0349],[-47.1468,-17.0313],[-47.1489,-17.0241],[-47.1384,-17.02],[-47.1406,-17.0173],[-47.1317,-17.0104],[-47.1447,-17.0097],[-47.1448,-17.0036],[-47.1403,-17.0047],[-47.1401,-16.9972],[-47.1511,-16.9974],[-47.1259,-16.9818],[-47.1441,-16.9711],[-47.1432,-16.9652],[-47.1583,-16.9647],[-47.1519,-16.9552],[-47.1666,-16.9526],[-47.1569,-16.9414],[-47.1742,-16.9319],[-47.16,-16.9206],[-47.1809,-16.9023],[-47.1971,-16.9108],[-47.1934,-16.8975],[-47.2029,-16.8904],[-47.1931,-16.8832],[-47.2093,-16.8655],[-47.2,-16.8615],[-47.2059,-16.8399],[-47.1935,-16.8252],[-47.2129,-16.828],[-47.2127,-16.8231],[-47.2074,-16.8199],[-47.209,-16.8184],[-47.2203,-16.8079],[-47.2195,-16.8032],[-47.2156,-16.8021],[-47.219,-16.797],[-47.2164,-16.7936],[-47.2196,-16.7867],[-47.2188,-16.7795],[-47.2309,-16.7754],[-47.2234,-16.7618],[-47.236,-16.7554],[-47.2265,-16.7417],[-47.2311,-16.7344],[-47.2216,-16.7263],[-47.2514,-16.7055],[-47.2457,-16.701],[-47.2457,-16.6856],[-47.2589,-16.679],[-47.2484,-16.6751],[-47.2598,-16.6678],[-47.2538,-16.6637],[-47.287,-16.6444],[-47.2836,-16.6398],[-47.3071,-16.6321],[-47.3044,-16.6241],[-47.3212,-16.6187],[-47.3159,-16.6069],[-47.3379,-16.6117],[-47.3329,-16.6072],[-47.3384,-16.6038],[-47.3369,-16.598],[-47.3448,-16.5955],[-47.3416,-16.5932],[-47.3766,-16.6009],[-47.3741,-16.5925],[-47.374,-16.5925],[-47.3878,-16.5793],[-47.3869,-16.5889],[-47.3964,-16.58],[-47.394,-16.5741],[-47.4128,-16.5759],[-47.4091,-16.5668],[-47.4123,-16.5655],[-47.4092,-16.5609],[-47.413,-16.5623],[-47.405,-16.5565],[-47.434,-16.5449],[-47.4305,-16.5412],[-47.4444,-16.5408],[-47.4421,-16.5292],[-47.46,-16.5051],[-47.453,-16.4907],[-47.4561,-16.4874],[-47.4454,-16.4509],[-47.4295,-16.4427],[-47.4318,-16.4401],[-47.4236,-16.4202],[-47.4271,-16.3942],[-47.4193,-16.3909],[-47.4191,-16.3839],[-47.4036,-16.3758],[-47.3529,-16.3066],[-47.3562,-16.2938],[-47.3476,-16.2873],[-47.3508,-16.2748],[-47.328,-16.2492],[-47.3291,-16.2443],[-47.3224,-16.2313],[-47.3302,-16.2144],[-47.3231,-16.2096],[-47.3363,-16.2016],[-47.3299,-16.1959],[-47.3324,-16.1907],[-47.3299,-16.185],[-47.3405,-16.1853],[-47.3314,-16.1796],[-47.345,-16.1641],[-47.3404,-16.157],[-47.3486,-16.1551],[-47.3409,-16.1481],[-47.3503,-16.1481],[-47.3475,-16.1406],[-47.3527,-16.1328],[-47.3377,-16.1285],[-47.3415,-16.1218],[-47.3365,-16.1195],[-47.3389,-16.1144],[-47.3318,-16.1075],[-47.3339,-16.0978],[-47.3315,-16.0943],[-47.3371,-16.0936],[-47.3113,-16.0881],[-47.3131,-16.0856],[-47.3104,-16.0823],[-47.3166,-16.0796],[-47.3082,-16.0788],[-47.3082,-16.0748],[-47.3157,-16.0673],[-47.3035,-16.0602],[-47.3088,-16.0505],[-47.6834,-16.0506],[-47.9392,-16.0514],[-47.9817,-16.0514],[-48.2791,-16.0515],[-48.2787,-16.049],[-48.2778,-16.0422],[-48.2773,-16.0386],[-48.2732,-16.0315],[-48.2731,-16.0313],[-48.2716,-16.0287],[-48.2717,-16.027],[-48.2719,-16.0236],[-48.2727,-16.0104],[-48.2718,-16.0061],[-48.2603,-15.9777],[-48.2597,-15.9706],[-48.2573,-15.9616],[-48.2562,-15.9599],[-48.2534,-15.9555],[-48.2525,-15.9541],[-48.2525,-15.9521],[-48.2526,-15.9478],[-48.2527,-15.943],[-48.2527,-15.9427],[-48.2527,-15.9422],[-48.2528,-15.9402],[-48.253,-15.9359],[-48.257,-15.9325],[-48.2572,-15.9323],[-48.2588,-15.931],[-48.2612,-15.929],[-48.266,-15.9317],[-48.2767,-15.9305],[-48.2768,-15.9272],[-48.2769,-15.9249],[-48.2769,-15.9227],[-48.274,-15.9212],[-48.2733,-15.921],[-48.2706,-15.9117],[-48.2728,-15.91],[-48.2773,-15.9063],[-48.2764,-15.9023],[-48.2757,-15.899],[-48.2753,-15.897],[-48.2767,-15.8906],[-48.2722,-15.8817],[-48.2761,-15.8788],[-48.2769,-15.8758],[-48.278,-15.8713],[-48.2788,-15.8685],[-48.2799,-15.8651],[-48.2816,-15.8599],[-48.2819,-15.859],[-48.2831,-15.8552],[-48.2842,-15.8518],[-48.2864,-15.8453],[-48.2871,-15.8431],[-48.2858,-15.8395],[-48.2692,-15.8089],[-48.2691,-15.8088],[-48.2679,-15.8069],[-48.2605,-15.8035],[-48.2564,-15.8017],[-48.2467,-15.7973],[-48.2437,-15.7982],[-48.2419,-15.7987],[-48.2414,-15.7967],[-48.2401,-15.7916],[-48.2387,-15.7864],[-48.2382,-15.7847],[-48.2337,-15.7819],[-48.2267,-15.7741],[-48.2242,-15.7714],[-48.2219,-15.7688],[-48.2163,-15.7627],[-48.2123,-15.756],[-48.2099,-15.7505],[-48.206,-15.7415],[-48.2065,-15.7347],[-48.2075,-15.7183],[-48.2076,-15.7182],[-48.2082,-15.7176],[-48.2181,-15.708],[-48.221,-15.7083],[-48.2327,-15.7095],[-48.2343,-15.7089],[-48.2417,-15.7014],[-48.2426,-15.6892],[-48.2423,-15.688],[-48.2349,-15.6591],[-48.2189,-15.6226],[-48.2003,-15.6219],[-48.1998,-15.6163],[-48.2004,-15.5116],[-48.2005,-15.5002],[-47.6455,-15.5005],[-47.619,-15.5005],[-47.4173,-15.5003],[-47.407,-15.5465],[-47.4048,-15.5465],[-47.3993,-15.554],[-47.3965,-15.5579],[-47.3896,-15.5674],[-47.3881,-15.5674],[-47.3804,-15.5674],[-47.3594,-15.5801],[-47.3574,-15.5813],[-47.3536,-15.5789],[-47.3499,-15.58],[-47.3443,-15.5817],[-47.3421,-15.5829],[-47.3392,-15.5844],[-47.3325,-15.5868],[-47.3278,-15.5884],[-47.3258,-15.5891],[-47.3227,-15.5861],[-47.317,-15.5907],[-47.3168,-15.5925],[-47.3164,-15.5963],[-47.3224,-15.598],[-47.327,-15.6117],[-47.3297,-15.6198],[-47.3298,-15.6199],[-47.3305,-15.6221],[-47.3319,-15.6263],[-47.3322,-15.6326],[-47.3306,-15.6371],[-47.327,-15.6476],[-47.3266,-15.6488],[-47.3274,-15.651],[-47.3292,-15.6559],[-47.3281,-15.6646],[-47.328,-15.6655],[-47.327,-15.6735],[-47.3269,-15.6736],[-47.3309,-15.6806],[-47.3315,-15.6817],[-47.328,-15.6879],[-47.3278,-15.6879],[-47.3251,-15.6876],[-47.3216,-15.6872],[-47.3197,-15.687],[-47.3127,-15.6946],[-47.3136,-15.6988],[-47.3123,-15.7072],[-47.313,-15.7083],[-47.3139,-15.7098],[-47.3145,-15.7108],[-47.3155,-15.7124],[-47.3185,-15.7175],[-47.3186,-15.7188],[-47.3186,-15.7231],[-47.3188,-15.7297],[-47.3188,-15.733],[-47.3168,-15.7347],[-47.3156,-15.7358],[-47.3129,-15.7381],[-47.313,-15.7392],[-47.3134,-15.7422],[-47.3137,-15.7443],[-47.3141,-15.7472],[-47.3154,-15.7465],[-47.3166,-15.7458],[-47.3169,-15.7469],[-47.318,-15.7518],[-47.3186,-15.7546],[-47.3219,-15.754],[-47.3208,-15.7557],[-47.32,-15.757],[-47.3207,-15.7579],[-47.3256,-15.7637],[-47.3287,-15.7674],[-47.3274,-15.77],[-47.3268,-15.7711],[-47.3301,-15.7739],[-47.3298,-15.7795],[-47.3315,-15.7799],[-47.3342,-15.7805],[-47.3355,-15.7847],[-47.3382,-15.7932],[-47.3387,-15.7946],[-47.3439,-15.7995],[-47.3486,-15.8038],[-47.347,-15.8079],[-47.3523,-15.8122],[-47.3526,-15.8141],[-47.3529,-15.816],[-47.3532,-15.8178],[-47.3538,-15.8222],[-47.3538,-15.8223],[-47.3574,-15.8237],[-47.3586,-15.8223],[-47.36,-15.8206],[-47.3607,-15.8236],[-47.3614,-15.8266],[-47.3643,-15.8276],[-47.3659,-15.8282],[-47.3637,-15.8339],[-47.3664,-15.8359],[-47.3673,-15.8365],[-47.3694,-15.8416],[-47.3702,-15.8487],[-47.3687,-15.8489],[-47.3674,-15.8492],[-47.3686,-15.8569],[-47.3727,-15.8638],[-47.3714,-15.8741],[-47.3743,-15.88],[-47.3763,-15.8807],[-47.3759,-15.8875],[-47.3759,-15.889],[-47.3758,-15.8914],[-47.3757,-15.8957],[-47.3757,-15.8967],[-47.3741,-15.8979],[-47.3726,-15.9067],[-47.3636,-15.909],[-47.3642,-15.9103],[-47.3653,-15.9128],[-47.3663,-15.9148],[-47.3635,-15.9203],[-47.3617,-15.9198],[-47.3608,-15.9317],[-47.3634,-15.9303],[-47.3632,-15.9335],[-47.3715,-15.9374],[-47.3698,-15.9389],[-47.3671,-15.9467],[-47.3675,-15.9477],[-47.3702,-15.956],[-47.3735,-15.9571],[-47.3722,-15.9609],[-47.3757,-15.964],[-47.3736,-15.9667],[-47.3748,-15.9687],[-47.3759,-15.9707],[-47.3778,-15.9738],[-47.3769,-15.9784],[-47.3741,-15.9794],[-47.3732,-15.9798],[-47.3715,-15.9804],[-47.3744,-15.9846],[-47.3758,-15.9866],[-47.3714,-15.9946],[-47.3685,-15.9941],[-47.3688,-15.9982],[-47.3652,-16.0008],[-47.364,-16.0009],[-47.3611,-16.0056],[-47.3598,-16.0077],[-47.3535,-16.0068],[-47.3516,-16.0066],[-47.3478,-16.006],[-47.3472,-16.007],[-47.3461,-16.0089],[-47.3447,-16.0113],[-47.3373,-16.012],[-47.3378,-16.0135],[-47.3395,-16.019],[-47.3352,-16.0169],[-47.3321,-16.0216],[-47.3284,-16.0273],[-47.3252,-16.0285],[-47.3239,-16.029],[-47.3218,-16.0262],[-47.3214,-16.0291],[-47.3211,-16.031],[-47.3174,-16.0318],[-47.3182,-16.0341],[-47.316,-16.0365],[-47.309,-16.0361],[-47.3111,-16.0332],[-47.2994,-16.0262],[-47.3005,-16.0171],[-47.2962,-16.0185],[-47.2968,-16.0151],[-47.2765,-16.0062],[-47.2773,-16.0121],[-47.254,-16.0192],[-47.211,-16.0037],[-47.2118,-15.9985],[-47.2077,-15.9974],[-47.2078,-15.9875],[-47.1851,-15.9829],[-47.1867,-15.9787],[-47.1829,-15.9771],[-47.1869,-15.9713],[-47.1669,-15.9681],[-47.169,-15.9669],[-47.1648,-15.9647],[-47.1687,-15.9645],[-47.1661,-15.9623],[-47.1704,-15.9579],[-47.1664,-15.9561],[-47.1695,-15.954],[-47.1585,-15.9456],[-47.1605,-15.9425],[-47.1489,-15.9404],[-47.1513,-15.935],[-47.1392,-15.9311],[-47.1419,-15.9266],[-47.1315,-15.9343],[-47.1345,-15.9502],[-47.0891,-15.9617],[-47.0528,-15.9379],[-46.8228,-15.8858],[-46.8117,-15.8861],[-46.8061,-15.872],[-46.8055,-15.8594],[-46.8232,-15.8246],[-46.821,-15.8169],[-46.8239,-15.8089],[-46.8131,-15.7872],[-46.8274,-15.7476],[-46.8271,-15.73],[-46.8557,-15.6831],[-46.8551,-15.6774],[-46.8526,-15.653],[-46.8565,-15.6448],[-46.859,-15.6396],[-46.8544,-15.6282],[-46.897,-15.5932],[-46.9195,-15.5888],[-46.9487,-15.5579],[-46.9324,-15.4832],[-46.9332,-15.4602],[-46.9151,-15.4148],[-46.8494,-15.3732],[-46.8694,-15.3615],[-46.8359,-15.3265],[-46.8737,-15.2854],[-46.8913,-15.2781],[-46.888,-15.2683],[-46.8915,-15.2353],[-46.9276,-15.2551],[-46.9408,-15.2307],[-46.9334,-15.2235],[-46.9373,-15.205],[-46.889,-15.1111],[-46.926,-15.0736],[-46.925,-15.0575],[-46.8641,-15.0204],[-46.8298,-15.0093],[-46.7818,-15.0193],[-46.6816,-15.0586],[-46.6564,-15.0815],[-46.6254,-15.0895],[-46.5753,-15.0836],[-46.5513,-15.0639],[-46.5026,-15.0523],[-46.5308,-15.0053],[-46.5167,-14.982],[-46.5337,-14.961],[-46.5324,-14.958],[-46.5408,-14.9516],[-46.5393,-14.9413],[-46.5465,-14.9255],[-46.5423,-14.896],[-46.5215,-14.8512],[-46.5339,-14.8283],[-46.5604,-14.815],[-46.562,-14.8009],[-46.5659,-14.7864],[-46.5432,-14.7687],[-46.5442,-14.753],[-46.5075,-14.7322],[-46.5097,-14.7161],[-46.469,-14.7082],[-46.4296,-14.7527],[-46.4045,-14.7603],[-46.3658,-14.7954],[-46.3222,-14.8146],[-46.3202,-14.8363],[-46.3249,-14.8478],[-46.3004,-14.8581],[-46.3181,-14.8833],[-46.3193,-14.9005],[-46.2946,-14.9086],[-46.2868,-14.9282],[-46.2337,-14.9215],[-46.1755,-14.9494],[-46.1615,-14.9311],[-46.1664,-14.9085],[-46.1612,-14.9069],[-46.1505,-14.9221],[-46.1203,-14.9201],[-46.1104,-14.937],[-46.0848,-14.932],[-46.0375,-14.8747],[-46.0326,-14.8567],[-46.0354,-14.8527],[-46.05,-14.8374],[-46.0512,-14.8371],[-46.0497,-14.8332],[-46.0528,-14.8314],[-46.0233,-14.818],[-46.008,-14.7941],[-46.008,-14.7936],[-46.0127,-14.7698],[-46.013,-14.7694],[-46.0079,-14.7623],[-46.0074,-14.7431],[-46.0129,-14.7339],[-46.0018,-14.7203],[-46.0065,-14.7067],[-46.0065,-14.7017],[-46.0296,-14.6834],[-46.0225,-14.671],[-46.0246,-14.6652],[-46.0118,-14.6611],[-46.0076,-14.6614],[-45.9984,-14.6637],[-45.989,-14.6458],[-45.9952,-14.6392],[-45.9911,-14.6339],[-45.9848,-14.6208],[-46.001,-14.6016],[-45.9853,-14.5736],[-45.9958,-14.5662],[-45.9919,-14.555],[-45.9939,-14.5538],[-45.9891,-14.5503],[-45.9966,-14.543],[-45.9793,-14.5451],[-45.9771,-14.5389],[-45.9799,-14.5325],[-46.0042,-14.5158],[-45.9988,-14.5097],[-46.0013,-14.5043],[-45.9941,-14.5007],[-45.9936,-14.4954],[-45.9963,-14.4894],[-46.0164,-14.4695],[-46.0015,-14.4488],[-46.0008,-14.4346],[-46.0173,-14.4207],[-46.0039,-14.4223],[-45.9988,-14.4294],[-45.9727,-14.4321],[-45.9276,-14.4103],[-45.9261,-14.3862],[-45.9121,-14.375],[-45.9128,-14.3665],[-45.9069,-14.3581],[-45.9301,-14.3506],[-45.9385,-14.3461],[-45.954,-14.3254],[-45.9632,-14.2859],[-45.9918,-14.2628],[-46.0229,-14.2596],[-46.0293,-14.2461],[-46.0463,-14.2446],[-46.0576,-14.2353],[-46.061,-14.2325],[-46.0526,-14.2049],[-46.0914,-14.2057],[-46.1045,-14.1918],[-46.1161,-14.1878],[-46.1135,-14.1699],[-46.1337,-14.1533],[-46.1742,-14.1547],[-46.1943,-14.1454],[-46.2022,-14.1196],[-46.2658,-14.098],[-46.242,-14.0927],[-46.2252,-14.0696],[-46.2484,-14.0566],[-46.2106,-14.0193],[-46.21,-14.0129],[-46.2188,-14.0025],[-46.2163,-13.9799],[-46.2681,-13.9438],[-46.2622,-13.9282],[-46.2621,-13.9026],[-46.2336,-13.8456],[-46.2717,-13.8219],[-46.2626,-13.8086],[-46.2824,-13.7965],[-46.2276,-13.7742],[-46.2243,-13.7654],[-46.2371,-13.7448],[-46.2669,-13.7403],[-46.2355,-13.7082],[-46.2357,-13.7076],[-46.2615,-13.6891],[-46.2551,-13.6835],[-46.2429,-13.659],[-46.1937,-13.6218],[-46.1619,-13.5909],[-46.1843,-13.5676],[-46.2144,-13.5723],[-46.2387,-13.5546],[-46.2346,-13.541],[-46.2413,-13.5255],[-46.2186,-13.5005],[-46.2219,-13.4977],[-46.2203,-13.4878],[-46.2302,-13.4814],[-46.2064,-13.4657],[-46.2257,-13.4345],[-46.2433,-13.4303],[-46.2143,-13.4007],[-46.134,-13.3752],[-46.0951,-13.3325],[-46.0484,-13.3092],[-46.0412,-13.2805],[-46.0411,-13.2776],[-46.0638,-13.2613],[-46.1723,-13.3123],[-46.2182,-13.3173],[-46.2376,-13.3362],[-46.2794,-13.3479],[-46.2886,-13.3146],[-46.2986,-13.3135],[-46.3153,-13.3049],[-46.3138,-13.2981],[-46.299,-13.2818],[-46.3014,-13.2667],[-46.2979,-13.2559],[-46.3311,-13.2496],[-46.3142,-13.2254],[-46.3122,-13.2115],[-46.3008,-13.1936],[-46.3144,-13.1781],[-46.3039,-13.1672],[-46.3098,-13.158],[-46.2916,-13.1436],[-46.3226,-13.0983],[-46.2897,-13.0519],[-46.279,-13.0377],[-46.2789,-13.0375],[-46.2813,-13.0341],[-46.2734,-13.015],[-46.2323,-12.9955],[-46.1969,-12.9968],[-46.1662,-12.976],[-46.1222,-12.9574],[-46.1222,-12.9573],[-46.1132,-12.9334],[-46.149,-12.937],[-46.1613,-12.934],[-46.1945,-12.9567],[-46.2237,-12.957],[-46.2771,-12.9714],[-46.2803,-12.9686],[-46.2873,-12.974],[-46.2903,-12.9725],[-46.3116,-12.9808],[-46.3341,-12.9809],[-46.3388,-12.9825],[-46.3643,-12.9914],[-46.3722,-12.9448],[-46.362,-12.8905],[-46.3763,-12.8503],[-46.3764,-12.8534],[-46.3837,-12.849],[-46.3975,-12.8514],[-46.4067,-12.8389],[-46.4111,-12.8405],[-46.4176,-12.8235],[-46.4328,-12.9307],[-46.446,-12.9363],[-46.4546,-12.9712],[-46.7506,-12.9692],[-46.8197,-13.0025],[-46.8474,-13.0539],[-46.8487,-13.0509],[-46.8545,-13.0673],[-46.8686,-13.0685],[-46.8688,-13.0685],[-46.8717,-13.06],[-46.8766,-13.062],[-46.879,-13.0488],[-46.9289,-13.0831],[-46.9539,-13.1112],[-46.9873,-13.1218],[-47.0011,-13.1214],[-47.0194,-13.1458],[-47.0228,-13.142],[-47.0513,-13.1559],[-47.0626,-13.1618],[-47.0691,-13.1555],[-47.0873,-13.1824],[-47.1053,-13.1817],[-47.108,-13.1815],[-47.1089,-13.1711],[-47.1182,-13.1779],[-47.1326,-13.1785],[-47.1352,-13.2032],[-47.1538,-13.2099],[-47.1621,-13.2058],[-47.1677,-13.2112],[-47.1725,-13.2065],[-47.1832,-13.2057],[-47.1828,-13.1881],[-47.1968,-13.1936],[-47.2114,-13.1926],[-47.2515,-13.2124],[-47.2821,-13.2649],[-47.2856,-13.2563],[-47.2935,-13.2565],[-47.2945,-13.2489],[-47.3089,-13.2497],[-47.323,-13.2583],[-47.3376,-13.2463],[-47.3524,-13.2488],[-47.3716,-13.2287],[-47.3837,-13.2415],[-47.388,-13.2406],[-47.3924,-13.2624],[-47.3975,-13.2611],[-47.4257,-13.2897],[-47.4328,-13.2881],[-47.4551,-13.2494],[-47.4434,-13.2224],[-47.4616,-13.2275],[-47.4856,-13.2222],[-47.4846,-13.1825],[-47.5098,-13.1899],[-47.5239,-13.1819],[-47.563,-13.1842],[-47.5685,-13.1495],[-47.5613,-13.1247],[-47.5711,-13.1172],[-47.5716,-13.1168],[-47.5929,-13.1167],[-47.6179,-13.1047],[-47.6276,-13.1105],[-47.6344,-13.1032],[-47.6507,-13.1334],[-47.6445,-13.1499],[-47.6519,-13.1501],[-47.6662,-13.2187],[-47.6546,-13.2203],[-47.6405,-13.2632],[-47.6568,-13.2769],[-47.6622,-13.3039],[-47.6501,-13.3513],[-47.6372,-13.3648],[-47.6227,-13.3677],[-47.6338,-13.3909],[-47.6389,-13.391],[-47.679,-13.4677],[-47.8013,-13.3305],[-47.8151,-13.3186],[-47.824,-13.3119],[-47.8444,-13.3186],[-47.8613,-13.3144],[-47.8703,-13.3199],[-47.8835,-13.3205],[-47.8931,-13.3073],[-47.9021,-13.3118],[-47.9083,-13.2989],[-47.92,-13.2988],[-47.9243,-13.2914],[-47.9299,-13.2946],[-47.9358,-13.2907],[-47.9518,-13.3103],[-47.9663,-13.3153],[-47.9868,-13.2769],[-47.9992,-13.2749],[-48.0225,-13.2798],[-48.0291,-13.2715],[-48.0327,-13.274],[-48.0331,-13.254],[-48.0524,-13.2558],[-48.055,-13.239],[-48.0588,-13.2407],[-48.0624,-13.2354],[-48.0718,-13.2404],[-48.0723,-13.2676],[-48.0773,-13.2664],[-48.083,-13.2888],[-48.0932,-13.2863],[-48.1067,-13.2878],[-48.1131,-13.292],[-48.1183,-13.2907],[-48.1508,-13.307],[-48.1563,-13.303],[-48.1575,-13.3105],[-48.16,-13.3025],[-48.1654,-13.3058],[-48.1537,-13.2792],[-48.1533,-13.2197],[-48.1638,-13.1829],[-48.1466,-13.152],[-48.1579,-13.157],[-48.1625,-13.1541],[-48.1653,-13.1579],[-48.1739,-13.1481],[-48.1837,-13.1558],[-48.1906,-13.1545],[-48.2115,-13.1741],[-48.2169,-13.1686],[-48.2251,-13.1737],[-48.2318,-13.1682],[-48.2509,-13.197],[-48.2627,-13.1972],[-48.2654,-13.205],[-48.2686,-13.2028],[-48.28,-13.2067],[-48.2765,-13.1995],[-48.285,-13.2059],[-48.2879,-13.204],[-48.2888,-13.2156],[-48.2931,-13.2154],[-48.3099,-13.2349],[-48.3166,-13.2346],[-48.3175,-13.23],[-48.3284,-13.2325],[-48.3421,-13.2284],[-48.3422,-13.2498],[-48.3508,-13.2419],[-48.374,-13.2559],[-48.3794,-13.2559],[-48.3856,-13.2661],[-48.3884,-13.2611],[-48.4019,-13.2704],[-48.4072,-13.2674],[-48.4167,-13.2747],[-48.4298,-13.2716],[-48.4417,-13.2924],[-48.4468,-13.2837],[-48.4575,-13.2829],[-48.4564,-13.2597],[-48.4614,-13.2586],[-48.4704,-13.2361],[-48.4752,-13.2357],[-48.4775,-13.1787],[-48.4697,-13.1496],[-48.488,-13.1428],[-48.495,-13.1366],[-48.5065,-13.1335],[-48.5087,-13.1289],[-48.522,-13.141],[-48.5303,-13.1926],[-48.5546,-13.205],[-48.5536,-13.302],[-48.5864,-13.3176],[-48.6007,-13.2925],[-48.5895,-13.2639],[-48.6005,-13.2386],[-48.5797,-13.2074],[-48.5864,-13.1591],[-48.5925,-13.1587],[-48.5774,-13.1239],[-48.5856,-13.1061],[-48.5963,-13.1074],[-48.5964,-13.0786],[-48.6027,-13.0783],[-48.6044,-13.0585],[-48.6102,-13.0604],[-48.6198,-13.0524],[-48.6277,-13.0522],[-48.6478,-13.0108],[-48.6565,-13.0128],[-48.6643,-13.0015],[-48.6681,-13.0036],[-48.6753,-12.9942],[-48.6834,-12.9939],[-48.6906,-13.0033],[-48.6934,-12.9974],[-48.7079,-13.0051],[-48.7124,-12.9998],[-48.7178,-13.0023],[-48.7252,-12.9913],[-48.7307,-12.9898],[-48.7365,-12.921],[-48.7488,-12.9177],[-48.7545,-12.9081],[-48.7626,-12.9059],[-48.786,-12.8806],[-48.7867,-12.8851],[-48.7913,-12.8842],[-48.7949,-12.8765],[-48.8,-12.8768],[-48.8209,-12.8443],[-48.8259,-12.8455],[-48.8312,-12.8419],[-48.8313,-12.8444],[-48.8423,-12.8444],[-48.8421,-12.8305],[-48.8467,-12.8098],[-48.8575,-12.8054],[-48.8625,-12.8097],[-48.8628,-12.805],[-48.8698,-12.8044],[-48.8685,-12.8159],[-48.875,-12.8147],[-48.8797,-12.8175],[-48.9756,-12.9572],[-49.0048,-12.9326],[-49.0099,-12.9167],[-49.0208,-12.9121],[-49.023,-12.9071],[-49.0335,-12.9035],[-49.05,-12.9129],[-49.0534,-12.9086],[-49.0777,-12.9042],[-49.0825,-12.8925],[-49.0877,-12.8915],[-49.0872,-12.888],[-49.085,-12.8795],[-49.0675,-12.8473],[-49.083,-12.8455],[-49.0967,-12.836],[-49.1062,-12.8361],[-49.121,-12.7904],[-49.1459,-12.82],[-49.1952,-12.8634],[-49.2082,-12.8732],[-49.211,-12.8784],[-49.2226,-12.8766],[-49.2314,-12.8838],[-49.2374,-12.8841],[-49.2578,-12.9418],[-49.2631,-12.9402],[-49.2757,-12.9807],[-49.3006,-13.0231],[-49.3374,-13.0663],[-49.3544,-13.103],[-49.3419,-13.1272],[-49.3548,-13.1538],[-49.3448,-13.1773],[-49.3489,-13.2139],[-49.3403,-13.2539],[-49.3695,-13.2746],[-49.53,-13.1874],[-49.797,-13.0368],[-49.9394,-12.9569],[-49.9527,-12.9598],[-49.9791,-12.9394],[-49.9897,-12.946],[-50.003,-12.9337],[-50.0179,-12.9292],[-50.0389,-12.9353],[-50.0503,-12.9225],[-50.0712,-12.918],[-50.0789,-12.9059],[-50.1269,-12.9052],[-50.1498,-12.9029],[-50.1606,-12.8937],[-50.1729,-12.8972],[-50.1765,-12.892],[-50.2,-12.8843],[-50.2047,-12.8854],[-50.2111,-12.8763],[-50.2133,-12.8782],[-50.2315,-12.8542],[-50.2361,-12.8577],[-50.2423,-12.8527],[-50.2508,-12.8539],[-50.251,-12.8498],[-50.2635,-12.8478],[-50.2759,-12.8441],[-50.2846,-12.8434],[-50.2872,-12.837],[-50.2926,-12.8399],[-50.3018,-12.8203],[-50.3045,-12.8224],[-50.3066,-12.7673],[-50.2842,-12.7182],[-50.2971,-12.711],[-50.2952,-12.6762],[-50.2927,-12.6885],[-50.2812,-12.689],[-50.2783,-12.6781],[-50.2728,-12.6832],[-50.2668,-12.6825],[-50.2551,-12.625],[-50.2485,-12.6311],[-50.2349,-12.5778],[-50.2318,-12.5854],[-50.2272,-12.5865],[-50.204,-12.5642],[-50.1931,-12.5643],[-50.2035,-12.5536],[-50.2064,-12.562],[-50.212,-12.5615],[-50.2293,-12.5339],[-50.2052,-12.4659],[-50.183,-12.4511],[-50.1651,-12.4371]]]},"properties":{"sigla":"GO","nome":"Goiás"},"id":"GO"},{"type":"Feature","geometry":{"type":"MultiPolygon","coordinates":[[[[-44.5653,-1.8045],[-44.5926,-1.8113],[-44.5909,-1.8535],[-44.5607,-1.8397],[-44.5653,-1.8045]]],[[[-44.769,-1.5232],[-44.7371,-1.5119],[-44.7614,-1.4889],[-44.769,-1.5232]]],[[[-44.972,-1.3358],[-45.0173,-1.3226],[-45.0284,-1.3389],[-45.0168,-1.345],[-45.001,-1.3416],[-44.9983,-1.3462],[-44.9793,-1.3546],[-44.972,-1.3358]]],[[[-44.8588,-1.298],[-44.9026,-1.2784],[-44.926,-1.2782],[-44.9184,-1.3033],[-44.9055,-1.3046],[-44.9097,-1.324],[-44.863,-1.3435],[-44.8427,-1.3329],[-44.8588,-1.298]]],[[[-44.9557,-1.2765],[-44.9857,-1.3033],[-44.9586,-1.3207],[-44.9795,-1.3592],[-45.0027,-1.345],[-45.0201,-1.3579],[-45.0124,-1.3873],[-44.9705,-1.4083],[-44.9199,-1.3736],[-44.889,-1.3363],[-44.9101,-1.3294],[-44.9092,-1.3062],[-44.9231,-1.3043],[-44.9214,-1.2979],[-44.9307,-1.2857],[-44.9557,-1.2765]]],[[[-45.5288,-1.2056],[-45.5547,-1.1882],[-45.5771,-1.2252],[-45.5315,-1.2313],[-45.5288,-1.2056]]],[[[-45.6584,-1.2221],[-45.6804,-1.1877],[-45.6998,-1.2201],[-45.6834,-1.262],[-45.6659,-1.2516],[-45.6584,-1.2221]]],[[[-45.6039,-1.1271],[-45.6312,-1.1471],[-45.6391,-1.2032],[-45.637,-1.2483],[-45.6846,-1.2698],[-45.673,-1.3115],[-45.6874,-1.331],[-45.6796,-1.352],[-45.6329,-1.3487],[-45.6414,-1.3101],[-45.6224,-1.241],[-45.6308,-1.2102],[-45.6027,-1.1646],[-45.6039,-1.1271]]],[[[-41.8141,-2.7393],[-41.8293,-2.7221],[-41.8948,-2.7173],[-41.9745,-2.723],[-42.0041,-2.715],[-42.0232,-2.7578],[-42.0643,-2.6862],[-42.1578,-2.6955],[-42.2121,-2.6841],[-42.2386,-2.6678],[-42.2748,-2.6947],[-42.3294,-2.6933],[-42.3647,-2.71],[-42.4342,-2.7068],[-42.5043,-2.6802],[-42.5463,-2.687],[-42.5981,-2.66],[-42.6983,-2.591],[-42.7215,-2.5898],[-42.7387,-2.5671],[-42.7932,-2.56],[-42.948,-2.4827],[-43.0152,-2.4559],[-43.1057,-2.4092],[-43.1852,-2.3735],[-43.3045,-2.3389],[-43.3404,-2.3398],[-43.3801,-2.3252],[-43.4531,-2.3365],[-43.5015,-2.3669],[-43.518,-2.3426],[-43.5657,-2.247],[-43.6152,-2.2194],[-43.6676,-2.2576],[-43.7285,-2.288],[-43.7611,-2.355],[-43.7853,-2.3402],[-43.831,-2.364],[-43.89,-2.4312],[-43.925,-2.5109],[-43.9602,-2.5424],[-43.9786,-2.5461],[-43.9588,-2.4823],[-43.9772,-2.467],[-44.0569,-2.4662],[-44.0209,-2.4425],[-44.0302,-2.4081],[-44.068,-2.4041],[-44.1292,-2.4251],[-44.1493,-2.4459],[-44.2273,-2.4781],[-44.2956,-2.4854],[-44.326,-2.5],[-44.4119,-2.414],[-44.386,-2.4082],[-44.37,-2.3768],[-44.3567,-2.3263],[-44.3909,-2.2443],[-44.396,-2.2136],[-44.434,-2.1674],[-44.4711,-2.14],[-44.4996,-2.1418],[-44.5004,-2.0538],[-44.4744,-2.0407],[-44.485,-2.0029],[-44.4887,-1.943],[-44.5172,-1.893],[-44.5481,-1.8706],[-44.5299,-1.8382],[-44.5422,-1.8224],[-44.5696,-1.8593],[-44.5977,-1.8542],[-44.6197,-1.8687],[-44.6395,-1.8578],[-44.6077,-1.8347],[-44.6272,-1.8221],[-44.6345,-1.7842],[-44.6027,-1.747],[-44.6214,-1.7278],[-44.6471,-1.7358],[-44.6482,-1.7649],[-44.7168,-1.7826],[-44.7133,-1.7246],[-44.7913,-1.7048],[-44.7793,-1.6858],[-44.7552,-1.6793],[-44.7378,-1.6559],[-44.6775,-1.651],[-44.6573,-1.6663],[-44.6427,-1.6243],[-44.6735,-1.5663],[-44.7029,-1.5628],[-44.7478,-1.5881],[-44.7847,-1.5828],[-44.7932,-1.6002],[-44.8224,-1.5749],[-44.8503,-1.6254],[-44.8667,-1.6032],[-44.898,-1.6137],[-44.908,-1.5764],[-44.8982,-1.5483],[-44.8637,-1.4987],[-44.8437,-1.484],[-44.8352,-1.4498],[-44.8105,-1.4291],[-44.8253,-1.4135],[-44.8545,-1.4161],[-44.9148,-1.4776],[-44.9628,-1.501],[-44.9875,-1.5025],[-45.0046,-1.4817],[-45.0398,-1.4908],[-45.0541,-1.4783],[-45.0937,-1.4764],[-45.1039,-1.4267],[-45.1301,-1.4594],[-45.1574,-1.4712],[-45.1806,-1.5238],[-45.2073,-1.5299],[-45.2342,-1.5489],[-45.2486,-1.5758],[-45.2527,-1.6156],[-45.2867,-1.5957],[-45.3094,-1.6006],[-45.3412,-1.7123],[-45.3661,-1.7108],[-45.3386,-1.6172],[-45.34,-1.5866],[-45.2981,-1.4945],[-45.3545,-1.4532],[-45.3132,-1.4407],[-45.2952,-1.4146],[-45.3009,-1.3434],[-45.3228,-1.3141],[-45.3476,-1.3084],[-45.3494,-1.3418],[-45.3716,-1.3629],[-45.373,-1.3916],[-45.4023,-1.4221],[-45.429,-1.4251],[-45.4606,-1.4772],[-45.4735,-1.4565],[-45.4775,-1.4138],[-45.4676,-1.3735],[-45.418,-1.3519],[-45.4022,-1.3077],[-45.4102,-1.2897],[-45.4437,-1.2962],[-45.4474,-1.3194],[-45.4688,-1.325],[-45.4663,-1.35],[-45.492,-1.3895],[-45.5078,-1.378],[-45.5178,-1.3014],[-45.5476,-1.3085],[-45.564,-1.2781],[-45.5881,-1.264],[-45.614,-1.2784],[-45.6213,-1.308],[-45.6158,-1.3411],[-45.638,-1.3722],[-45.7004,-1.3582],[-45.6896,-1.318],[-45.7025,-1.299],[-45.6948,-1.2696],[-45.7257,-1.2229],[-45.7256,-1.2007],[-45.6782,-1.1428],[-45.693,-1.1277],[-45.7311,-1.1432],[-45.7861,-1.2498],[-45.8034,-1.2504],[-45.7966,-1.1593],[-45.819,-1.1705],[-45.8505,-1.2094],[-45.8718,-1.1927],[-45.8595,-1.1732],[-45.8808,-1.1341],[-45.8543,-1.1156],[-45.834,-1.0879],[-45.8383,-1.0523],[-45.8716,-1.0612],[-45.8974,-1.1254],[-45.9371,-1.1913],[-45.9522,-1.1948],[-45.9427,-1.1382],[-45.9537,-1.1087],[-45.965,-1.0466],[-45.9879,-1.0476],[-46.0155,-1.0652],[-46.0304,-1.1062],[-46.075,-1.161],[-46.0771,-1.1963],[-46.1042,-1.2021],[-46.1425,-1.2194],[-46.1428,-1.2329],[-46.1374,-1.2429],[-46.14,-1.2531],[-46.1539,-1.2695],[-46.1226,-1.3215],[-46.1165,-1.326],[-46.0986,-1.3349],[-46.1039,-1.3392],[-46.1041,-1.3403],[-46.121,-1.3691],[-46.1315,-1.4004],[-46.1472,-1.4153],[-46.1332,-1.4373],[-46.1695,-1.4704],[-46.1397,-1.5143],[-46.1313,-1.5786],[-46.1504,-1.5943],[-46.1447,-1.6096],[-46.1603,-1.6245],[-46.1537,-1.6776],[-46.1705,-1.6964],[-46.2008,-1.7032],[-46.2041,-1.7197],[-46.2427,-1.7173],[-46.2617,-1.7288],[-46.2912,-1.7234],[-46.3113,-1.7336],[-46.324,-1.7656],[-46.3193,-1.7907],[-46.2358,-1.7987],[-46.2192,-1.8129],[-46.2086,-1.8309],[-46.2153,-1.8449],[-46.2433,-1.8779],[-46.2276,-1.8863],[-46.2205,-1.9148],[-46.2307,-1.9333],[-46.2366,-1.9713],[-46.2478,-1.9928],[-46.2393,-2.0115],[-46.2496,-2.0408],[-46.2627,-2.0563],[-46.2627,-2.0577],[-46.2676,-2.0807],[-46.263,-2.1215],[-46.2928,-2.1487],[-46.2759,-2.1587],[-46.3298,-2.1983],[-46.3368,-2.2117],[-46.3422,-2.2272],[-46.3778,-2.2535],[-46.4069,-2.2323],[-46.4282,-2.2397],[-46.4141,-2.2804],[-46.4192,-2.2915],[-46.4307,-2.303],[-46.4295,-2.3317],[-46.4609,-2.3599],[-46.4659,-2.3694],[-46.4629,-2.3767],[-46.4485,-2.3815],[-46.4259,-2.3609],[-46.4075,-2.3687],[-46.4199,-2.383],[-46.427,-2.3996],[-46.4401,-2.4128],[-46.4398,-2.4786],[-46.4286,-2.4935],[-46.4363,-2.5066],[-46.4187,-2.528],[-46.4731,-2.5449],[-46.4943,-2.5365],[-46.5003,-2.5488],[-46.4908,-2.5814],[-46.5092,-2.5895],[-46.505,-2.6149],[-46.5848,-2.637],[-46.5893,-2.6602],[-46.6219,-2.6445],[-46.6211,-2.6681],[-46.6338,-2.6731],[-46.633,-2.682],[-46.649,-2.6792],[-46.6507,-2.6821],[-46.647,-2.6891],[-46.6639,-2.6942],[-46.6719,-2.711],[-46.6664,-2.7247],[-46.6702,-2.7308],[-46.653,-2.7363],[-46.6571,-2.7389],[-46.6561,-2.7418],[-46.6509,-2.757],[-46.6319,-2.7671],[-46.6366,-2.7937],[-46.6114,-2.7999],[-46.6078,-2.7888],[-46.5894,-2.8231],[-46.5943,-2.8252],[-46.5823,-2.8285],[-46.5811,-2.8304],[-46.5825,-2.832],[-46.5783,-2.8392],[-46.5758,-2.8414],[-46.6037,-2.8332],[-46.6184,-2.8357],[-46.6185,-2.8359],[-46.6123,-2.8575],[-46.6222,-2.8586],[-46.6403,-2.8526],[-46.6409,-2.8528],[-46.6297,-2.8586],[-46.6319,-2.8623],[-46.6295,-2.8659],[-46.6413,-2.8643],[-46.6361,-2.8761],[-46.6423,-2.8784],[-46.6376,-2.8832],[-46.6686,-2.8758],[-46.6806,-2.8916],[-46.6701,-2.8957],[-46.6656,-2.9056],[-46.6589,-2.9209],[-46.6673,-2.9361],[-46.6479,-2.9718],[-46.662,-2.9764],[-46.6498,-2.9942],[-46.6692,-2.9932],[-46.6734,-3.0003],[-46.6593,-3.0098],[-46.6682,-3.0295],[-46.6676,-3.032],[-46.6769,-3.0331],[-46.6728,-3.0656],[-46.6822,-3.0752],[-46.6758,-3.0937],[-46.7032,-3.1162],[-46.7027,-3.1188],[-46.7156,-3.1243],[-46.712,-3.1142],[-46.7211,-3.1088],[-46.7308,-3.1238],[-46.7478,-3.1209],[-46.7493,-3.1235],[-46.743,-3.1361],[-46.731,-3.1269],[-46.7196,-3.1539],[-46.7488,-3.1658],[-46.744,-3.1796],[-46.7719,-3.1772],[-46.7572,-3.1942],[-46.759,-3.1949],[-46.7548,-3.2157],[-46.7597,-3.2164],[-46.7759,-3.216],[-46.7784,-3.2166],[-46.7819,-3.2223],[-46.7845,-3.246],[-46.8062,-3.2445],[-46.8022,-3.2664],[-46.8152,-3.268],[-46.8105,-3.2903],[-46.8228,-3.2982],[-46.8134,-3.3096],[-46.8497,-3.3184],[-46.8485,-3.3356],[-46.8591,-3.3396],[-46.8733,-3.3284],[-46.8736,-3.3286],[-46.8683,-3.3405],[-46.8723,-3.341],[-46.8758,-3.3466],[-46.878,-3.3459],[-46.8775,-3.3417],[-46.8895,-3.3356],[-46.8895,-3.3361],[-46.9023,-3.3498],[-46.8978,-3.3581],[-46.9075,-3.3594],[-46.9098,-3.3688],[-46.9176,-3.3617],[-46.9167,-3.3651],[-46.9248,-3.3648],[-46.9233,-3.3746],[-46.9446,-3.3782],[-46.939,-3.3968],[-46.949,-3.3927],[-46.9403,-3.4146],[-46.9423,-3.4177],[-46.9401,-3.4207],[-46.9485,-3.4207],[-46.9476,-3.4235],[-46.9548,-3.4231],[-46.9564,-3.4259],[-46.9534,-3.432],[-46.9563,-3.4375],[-46.942,-3.447],[-46.9424,-3.4473],[-46.9469,-3.452],[-46.9516,-3.4482],[-46.9475,-3.4598],[-46.9561,-3.4617],[-46.948,-3.4765],[-46.9694,-3.4736],[-46.9599,-3.4957],[-46.9827,-3.4957],[-46.9703,-3.5149],[-46.98,-3.5189],[-46.9773,-3.5304],[-47.0034,-3.534],[-47.004,-3.5421],[-47.0044,-3.5425],[-47.0101,-3.5487],[-47.0182,-3.5479],[-47.0163,-3.5631],[-47.0375,-3.5614],[-47.034,-3.5687],[-47.0345,-3.5692],[-47.0395,-3.5736],[-47.0363,-3.5732],[-47.0272,-3.5809],[-47.0347,-3.5852],[-47.032,-3.5881],[-47.0412,-3.5896],[-47.0274,-3.5988],[-47.0321,-3.6001],[-47.0306,-3.6046],[-47.0382,-3.6055],[-47.0404,-3.6154],[-47.0486,-3.6196],[-47.0523,-3.6354],[-47.0401,-3.6441],[-47.0556,-3.6467],[-47.0535,-3.6488],[-47.0535,-3.6489],[-47.057,-3.6546],[-47.0562,-3.6544],[-47.0459,-3.6577],[-47.0527,-3.6632],[-47.037,-3.668],[-47.0408,-3.6743],[-47.0496,-3.677],[-47.0545,-3.685],[-47.0481,-3.7189],[-47.0571,-3.7217],[-47.0531,-3.7381],[-47.0593,-3.7433],[-47.0534,-3.7466],[-47.0653,-3.7594],[-47.0553,-3.7683],[-47.0596,-3.7693],[-47.0561,-3.7745],[-47.0647,-3.7778],[-47.0592,-3.7845],[-47.064,-3.7906],[-47.0676,-3.8029],[-47.0757,-3.8043],[-47.0755,-3.8049],[-47.0782,-3.8117],[-47.0726,-3.8179],[-47.078,-3.8211],[-47.079,-3.827],[-47.0848,-3.8254],[-47.0867,-3.8249],[-47.0816,-3.8338],[-47.0804,-3.836],[-47.0805,-3.8448],[-47.0794,-3.8462],[-47.0843,-3.8478],[-47.0887,-3.8616],[-47.0937,-3.8609],[-47.1048,-3.8733],[-47.1138,-3.8777],[-47.1206,-3.882],[-47.1246,-3.8814],[-47.122,-3.8784],[-47.1287,-3.8767],[-47.1294,-3.8809],[-47.137,-3.8856],[-47.1382,-3.9038],[-47.1487,-3.8969],[-47.1485,-3.9145],[-47.1731,-3.9238],[-47.1701,-3.9292],[-47.1758,-3.9299],[-47.1693,-3.9435],[-47.1837,-3.9477],[-47.1814,-3.9597],[-47.1803,-3.9562],[-47.1784,-3.9609],[-47.1815,-3.9671],[-47.1928,-3.9689],[-47.1875,-3.9796],[-47.1997,-3.9808],[-47.1965,-3.9766],[-47.2017,-3.9736],[-47.2045,-3.9883],[-47.2225,-4.0005],[-47.2227,-4.0013],[-47.2673,-4.0259],[-47.2752,-4.0312],[-47.2772,-4.0306],[-47.2771,-4.034],[-47.2854,-4.0362],[-47.2867,-4.0456],[-47.2939,-4.0432],[-47.2931,-4.0523],[-47.3034,-4.0538],[-47.3063,-4.0592],[-47.3122,-4.0512],[-47.3248,-4.0654],[-47.3313,-4.0695],[-47.3314,-4.0914],[-47.3431,-4.0971],[-47.3472,-4.1087],[-47.3506,-4.1153],[-47.3425,-4.1481],[-47.3472,-4.1573],[-47.3402,-4.1771],[-47.3658,-4.1807],[-47.3603,-4.1914],[-47.3658,-4.2043],[-47.3655,-4.2058],[-47.3692,-4.2066],[-47.3681,-4.2099],[-47.3711,-4.2182],[-47.3703,-4.2192],[-47.3725,-4.2184],[-47.3744,-4.2176],[-47.3791,-4.2212],[-47.3718,-4.2323],[-47.3745,-4.2349],[-47.3718,-4.2456],[-47.4027,-4.2683],[-47.4172,-4.278],[-47.4297,-4.2762],[-47.4293,-4.2869],[-47.4296,-4.2867],[-47.4324,-4.2849],[-47.4747,-4.3151],[-47.4717,-4.3207],[-47.4795,-4.3285],[-47.4764,-4.341],[-47.4827,-4.3482],[-47.4763,-4.3565],[-47.4881,-4.3672],[-47.4882,-4.3767],[-47.4989,-4.3882],[-47.5028,-4.4037],[-47.5344,-4.4482],[-47.5637,-4.4746],[-47.5815,-4.52],[-47.608,-4.5487],[-47.6119,-4.5574],[-47.6634,-4.5974],[-47.7014,-4.6048],[-47.7248,-4.6064],[-47.754,-4.5908],[-47.7926,-4.5864],[-47.8051,-4.5974],[-47.8161,-4.6147],[-48.2124,-4.9249],[-48.3963,-5.0704],[-48.419,-5.0857],[-48.4368,-5.0787],[-48.4341,-5.0962],[-48.5491,-5.1884],[-48.7551,-5.3492],[-48.7086,-5.3508],[-48.6992,-5.3201],[-48.6794,-5.3058],[-48.6782,-5.3061],[-48.6514,-5.3115],[-48.6301,-5.333],[-48.6061,-5.3365],[-48.5841,-5.3113],[-48.5686,-5.2829],[-48.5611,-5.2302],[-48.523,-5.1933],[-48.3562,-5.1719],[-48.3209,-5.2014],[-48.2934,-5.2041],[-48.2349,-5.2283],[-48.1785,-5.2608],[-48.1071,-5.2672],[-48.0793,-5.2751],[-48.0523,-5.2676],[-48.004,-5.2346],[-47.9373,-5.2396],[-47.8856,-5.2607],[-47.8729,-5.2724],[-47.8676,-5.3428],[-47.8275,-5.3866],[-47.7443,-5.3801],[-47.6668,-5.4218],[-47.6562,-5.4301],[-47.6186,-5.4597],[-47.5805,-5.47],[-47.5554,-5.4657],[-47.5001,-5.5256],[-47.4834,-5.5679],[-47.4802,-5.6188],[-47.4737,-5.662],[-47.4818,-5.6786],[-47.4931,-5.7101],[-47.4837,-5.7564],[-47.4653,-5.7827],[-47.4403,-5.8426],[-47.4311,-5.8692],[-47.4301,-5.9353],[-47.448,-5.993],[-47.428,-6.0392],[-47.4345,-6.0931],[-47.4232,-6.1602],[-47.3854,-6.2304],[-47.3772,-6.2668],[-47.4034,-6.32],[-47.404,-6.3209],[-47.4108,-6.3348],[-47.4097,-6.3664],[-47.4319,-6.4255],[-47.4163,-6.4839],[-47.4252,-6.4974],[-47.4342,-6.5044],[-47.4565,-6.5383],[-47.461,-6.5621],[-47.4632,-6.607],[-47.4632,-6.6071],[-47.4986,-6.6712],[-47.4933,-6.6898],[-47.4936,-6.7513],[-47.5167,-6.7903],[-47.5296,-6.8314],[-47.507,-6.872],[-47.5076,-6.9072],[-47.5296,-6.946],[-47.5283,-6.9734],[-47.5355,-6.9875],[-47.5449,-7.0128],[-47.5748,-7.0504],[-47.6184,-7.0912],[-47.6262,-7.1186],[-47.6604,-7.1514],[-47.7047,-7.1359],[-47.7479,-7.1678],[-47.7472,-7.1984],[-47.7384,-7.2151],[-47.691,-7.2383],[-47.6539,-7.2982],[-47.6341,-7.3048],[-47.6074,-7.2721],[-47.5875,-7.2637],[-47.5429,-7.2654],[-47.5038,-7.2901],[-47.4782,-7.3368],[-47.4831,-7.3612],[-47.5098,-7.3856],[-47.5775,-7.4161],[-47.5909,-7.4395],[-47.5632,-7.45],[-47.5203,-7.4321],[-47.5047,-7.4366],[-47.4979,-7.4792],[-47.4803,-7.4921],[-47.4686,-7.5314],[-47.4613,-7.5193],[-47.4276,-7.5258],[-47.4253,-7.5418],[-47.4394,-7.5562],[-47.4057,-7.5639],[-47.4042,-7.5872],[-47.3821,-7.6],[-47.3819,-7.6541],[-47.3522,-7.6469],[-47.3721,-7.6213],[-47.3598,-7.6162],[-47.3331,-7.641],[-47.3177,-7.6585],[-47.3142,-7.6606],[-47.3377,-7.667],[-47.331,-7.6741],[-47.3335,-7.6781],[-47.3027,-7.702],[-47.316,-7.7015],[-47.3059,-7.7134],[-47.3151,-7.7176],[-47.3119,-7.7317],[-47.3015,-7.7349],[-47.2612,-7.7412],[-47.2613,-7.7508],[-47.2613,-7.7518],[-47.2667,-7.7613],[-47.2462,-7.7585],[-47.255,-7.7652],[-47.2454,-7.7815],[-47.2474,-7.7858],[-47.2409,-7.794],[-47.247,-7.8009],[-47.2358,-7.8039],[-47.2469,-7.8093],[-47.2297,-7.8167],[-47.1871,-7.8578],[-47.1745,-7.857],[-47.18,-7.8619],[-47.1439,-7.9033],[-47.1453,-7.9129],[-47.1072,-7.937],[-47.1159,-7.9526],[-47.1136,-7.9568],[-47.1024,-7.9544],[-47.1047,-7.961],[-47.1017,-7.9665],[-47.1067,-7.9693],[-47.0978,-7.9801],[-47.1065,-7.9908],[-47.0837,-7.9884],[-47.0649,-8.0027],[-47.0435,-8.0536],[-46.9974,-8.0672],[-46.9892,-8.0479],[-46.982,-8.0505],[-46.9802,-8.0456],[-46.9628,-8.0395],[-46.9661,-8.0347],[-46.9543,-8.0262],[-46.9534,-8.0067],[-46.9456,-8.0053],[-46.9414,-7.9969],[-46.9214,-7.9953],[-46.9228,-7.9854],[-46.9079,-7.9827],[-46.8978,-7.9869],[-46.8962,-7.9869],[-46.8893,-7.9751],[-46.8827,-7.9731],[-46.8827,-7.9641],[-46.8663,-7.9693],[-46.8617,-7.961],[-46.8399,-7.9655],[-46.8381,-7.9596],[-46.7923,-7.9534],[-46.7892,-7.9471],[-46.7861,-7.9518],[-46.7818,-7.9451],[-46.7633,-7.9388],[-46.7632,-7.9385],[-46.7562,-7.9224],[-46.7545,-7.9231],[-46.7394,-7.9239],[-46.7375,-7.9245],[-46.7265,-7.9235],[-46.7221,-7.9149],[-46.692,-7.9151],[-46.6854,-7.9127],[-46.6732,-7.9145],[-46.6682,-7.9041],[-46.597,-7.8994],[-46.5614,-7.9218],[-46.5578,-7.9374],[-46.4903,-7.9833],[-46.477,-8.0122],[-46.4798,-8.0428],[-46.4704,-8.0848],[-46.4892,-8.0977],[-46.5086,-8.1575],[-46.5146,-8.1666],[-46.49,-8.2079],[-46.5025,-8.2202],[-46.5076,-8.2708],[-46.5339,-8.3006],[-46.5437,-8.3189],[-46.6156,-8.3275],[-46.6307,-8.3188],[-46.6627,-8.3337],[-46.6849,-8.344],[-46.7068,-8.3515],[-46.7127,-8.3624],[-46.7216,-8.3685],[-46.7266,-8.3832],[-46.7824,-8.3681],[-46.7864,-8.3743],[-46.7865,-8.3745],[-46.7865,-8.3752],[-46.7917,-8.3862],[-46.787,-8.3991],[-46.8068,-8.399],[-46.7987,-8.4128],[-46.7987,-8.413],[-46.7955,-8.43],[-46.802,-8.444],[-46.7965,-8.4466],[-46.8208,-8.4655],[-46.8235,-8.4745],[-46.8418,-8.4659],[-46.8495,-8.4758],[-46.8511,-8.4762],[-46.851,-8.4897],[-46.8482,-8.4924],[-46.8463,-8.5014],[-46.851,-8.5037],[-46.8469,-8.5109],[-46.8521,-8.5159],[-46.8433,-8.5229],[-46.8508,-8.5258],[-46.846,-8.5336],[-46.8521,-8.5371],[-46.8543,-8.5451],[-46.8601,-8.5454],[-46.8583,-8.5516],[-46.8628,-8.5591],[-46.8754,-8.5553],[-46.8729,-8.5628],[-46.8769,-8.5635],[-46.8748,-8.5675],[-46.8787,-8.5656],[-46.8787,-8.5725],[-46.8833,-8.5668],[-46.889,-8.577],[-46.8922,-8.5719],[-46.893,-8.5706],[-46.8936,-8.5784],[-46.8978,-8.5768],[-46.8976,-8.5835],[-46.9022,-8.5863],[-46.8992,-8.5884],[-46.9005,-8.592],[-46.9006,-8.5923],[-46.9144,-8.5871],[-46.9127,-8.5919],[-46.9164,-8.5958],[-46.9099,-8.598],[-46.9066,-8.596],[-46.8977,-8.601],[-46.9038,-8.6041],[-46.8978,-8.6063],[-46.9053,-8.6088],[-46.9019,-8.6132],[-46.9079,-8.614],[-46.9072,-8.6197],[-46.9119,-8.6194],[-46.9119,-8.6268],[-46.9171,-8.6329],[-46.9117,-8.6397],[-46.9164,-8.6484],[-46.9086,-8.6529],[-46.8869,-8.6865],[-46.8872,-8.6868],[-46.8991,-8.694],[-46.9017,-8.6956],[-46.914,-8.7225],[-46.9312,-8.7266],[-46.9096,-8.7645],[-46.9029,-8.7922],[-46.9065,-8.7966],[-46.9028,-8.8146],[-46.9137,-8.8228],[-46.9098,-8.8353],[-46.9181,-8.8397],[-46.9134,-8.8478],[-46.9181,-8.857],[-46.9221,-8.8574],[-46.9556,-8.8732],[-46.9936,-8.8803],[-46.9862,-8.8886],[-46.9889,-8.8926],[-46.9871,-8.8935],[-46.9841,-8.8949],[-46.9864,-8.8987],[-46.9855,-8.8998],[-46.9828,-8.903],[-46.9703,-8.9145],[-46.9824,-8.92],[-46.9839,-8.9319],[-46.997,-8.9327],[-46.9947,-8.9455],[-46.9976,-8.9457],[-47.013,-8.9523],[-47.0183,-8.953],[-47.0174,-8.9552],[-47.0152,-8.9758],[-47.0154,-8.9763],[-47.0215,-8.9805],[-47.0215,-8.9887],[-47.0357,-8.979],[-47.0389,-9.001],[-47.0685,-9.012],[-47.0435,-9.0266],[-47.0541,-9.0338],[-47.0542,-9.0482],[-47.0617,-9.0481],[-47.0577,-9.053],[-47.068,-9.056],[-47.068,-9.0567],[-47.0597,-9.0672],[-47.0004,-9.0815],[-46.9987,-9.0764],[-46.9759,-9.0817],[-46.9403,-9.0638],[-46.9121,-9.0827],[-46.9129,-9.0833],[-46.9268,-9.0842],[-46.9315,-9.0859],[-46.9309,-9.0871],[-46.9306,-9.0957],[-46.9235,-9.0979],[-46.9302,-9.106],[-46.9262,-9.1177],[-46.9315,-9.1208],[-46.9263,-9.135],[-46.8611,-9.1464],[-46.8517,-9.1566],[-46.8521,-9.1852],[-46.8194,-9.2094],[-46.8278,-9.2311],[-46.8189,-9.2601],[-46.8227,-9.2663],[-46.8317,-9.2687],[-46.8327,-9.2796],[-46.8446,-9.2842],[-46.8353,-9.3082],[-46.8133,-9.3048],[-46.7882,-9.3474],[-46.7803,-9.3572],[-46.7587,-9.3812],[-46.7659,-9.4019],[-46.7409,-9.4117],[-46.7233,-9.3964],[-46.666,-9.3919],[-46.6328,-9.4116],[-46.634,-9.4125],[-46.6479,-9.4272],[-46.6495,-9.4441],[-46.6276,-9.4657],[-46.5732,-9.4778],[-46.5592,-9.493],[-46.5757,-9.5125],[-46.5367,-9.5571],[-46.5924,-9.5872],[-46.5924,-9.6078],[-46.6061,-9.6302],[-46.613,-9.6658],[-46.6533,-9.6935],[-46.6464,-9.7337],[-46.6322,-9.7489],[-46.5961,-9.7473],[-46.5751,-9.7586],[-46.5708,-9.7811],[-46.5796,-9.7964],[-46.5625,-9.8107],[-46.5128,-9.7975],[-46.4803,-9.8553],[-46.4901,-9.8612],[-46.4708,-9.8981],[-46.4756,-9.9065],[-46.4786,-9.9239],[-46.4694,-9.9333],[-46.477,-9.9528],[-46.4776,-9.9883],[-46.4571,-10.018],[-46.4574,-10.0473],[-46.4433,-10.0782],[-46.4207,-10.0809],[-46.384,-10.1202],[-46.3679,-10.1688],[-46.3394,-10.1776],[-46.3275,-10.1837],[-46.3131,-10.1728],[-46.273,-10.1816],[-46.2408,-10.1719],[-46.202,-10.174],[-46.1657,-10.2132],[-46.1404,-10.2068],[-46.0997,-10.2129],[-46.0508,-10.1817],[-46.0232,-10.1834],[-46.0177,-10.2404],[-45.9463,-10.2589],[-45.9553,-10.2185],[-45.9456,-10.1965],[-45.9,-10.1528],[-45.8785,-10.1103],[-45.8699,-10.0693],[-45.8802,-10.0586],[-45.8654,-10.007],[-45.8548,-9.9964],[-45.8423,-9.9416],[-45.866,-9.8717],[-45.8457,-9.8086],[-45.8214,-9.7731],[-45.8203,-9.7401],[-45.838,-9.6965],[-45.8327,-9.6532],[-45.8199,-9.6184],[-45.8366,-9.6023],[-45.8414,-9.5623],[-45.8319,-9.5368],[-45.7966,-9.4875],[-45.7831,-9.4798],[-45.8013,-9.4351],[-45.7978,-9.4173],[-45.8242,-9.375],[-45.8471,-9.3564],[-45.8874,-9.3488],[-45.9071,-9.298],[-45.8966,-9.2354],[-45.8986,-9.2097],[-45.9283,-9.1348],[-45.9231,-9.0903],[-45.9404,-9.0562],[-45.9434,-9.0153],[-45.9909,-8.9503],[-45.9943,-8.9269],[-45.949,-8.845],[-45.9587,-8.8262],[-45.9384,-8.785],[-45.8893,-8.7397],[-45.8399,-8.7153],[-45.821,-8.6656],[-45.8155,-8.6332],[-45.7939,-8.5924],[-45.7714,-8.5739],[-45.7385,-8.5012],[-45.7425,-8.448],[-45.7285,-8.4299],[-45.7216,-8.3944],[-45.7003,-8.3813],[-45.6875,-8.3556],[-45.6766,-8.3045],[-45.6646,-8.2885],[-45.6615,-8.25],[-45.6081,-8.205],[-45.6129,-8.1947],[-45.5815,-8.1561],[-45.5848,-8.1003],[-45.5614,-8.0479],[-45.5763,-8.0291],[-45.5671,-7.9971],[-45.5451,-7.9607],[-45.5392,-7.9194],[-45.5208,-7.8881],[-45.5404,-7.8647],[-45.51,-7.8203],[-45.5109,-7.8024],[-45.4847,-7.7637],[-45.4869,-7.729],[-45.4686,-7.7141],[-45.4689,-7.6892],[-45.4399,-7.678],[-45.4157,-7.6451],[-45.3736,-7.6188],[-45.3398,-7.5803],[-45.2614,-7.5709],[-45.2313,-7.549],[-45.2178,-7.568],[-45.1836,-7.5434],[-45.1546,-7.5128],[-45.1372,-7.5216],[-45.0851,-7.5025],[-45.0472,-7.5126],[-44.9888,-7.4824],[-44.9244,-7.4703],[-44.9014,-7.4261],[-44.8689,-7.4223],[-44.8485,-7.3864],[-44.8167,-7.3612],[-44.781,-7.3782],[-44.7432,-7.3618],[-44.7299,-7.3911],[-44.688,-7.3946],[-44.6634,-7.3318],[-44.6181,-7.3091],[-44.5798,-7.2576],[-44.5642,-7.2276],[-44.5228,-7.2196],[-44.5147,-7.1964],[-44.4641,-7.1617],[-44.4377,-7.1557],[-44.4068,-7.1314],[-44.3331,-7.1088],[-44.3062,-7.1172],[-44.2745,-7.071],[-44.279,-7.046],[-44.262,-6.9987],[-44.2359,-6.9988],[-44.206,-6.9635],[-44.2014,-6.9325],[-44.176,-6.9279],[-44.1767,-6.9059],[-44.1609,-6.8728],[-44.0987,-6.84],[-44.1163,-6.8058],[-44.0591,-6.8085],[-44.0534,-6.7683],[-43.9877,-6.7573],[-43.9612,-6.7419],[-43.9305,-6.7711],[-43.9138,-6.7527],[-43.8799,-6.7578],[-43.8538,-6.7356],[-43.8201,-6.7273],[-43.7975,-6.7032],[-43.7748,-6.715],[-43.7607,-6.7025],[-43.6985,-6.7096],[-43.6727,-6.7063],[-43.6375,-6.7196],[-43.5844,-6.7575],[-43.5613,-6.7494],[-43.5373,-6.7922],[-43.4953,-6.8093],[-43.482,-6.8351],[-43.4548,-6.8462],[-43.3916,-6.8344],[-43.3641,-6.8193],[-43.349,-6.7981],[-43.2787,-6.7966],[-43.2447,-6.7664],[-43.2151,-6.7631],[-43.1687,-6.7698],[-43.1527,-6.7828],[-43.1051,-6.7708],[-43.0821,-6.7481],[-43.0469,-6.7615],[-43.0173,-6.7609],[-42.9914,-6.7455],[-42.9826,-6.7226],[-42.9497,-6.7049],[-42.9198,-6.6703],[-42.9172,-6.6373],[-42.9041,-6.5977],[-42.8839,-6.5689],[-42.8895,-6.5385],[-42.8712,-6.5121],[-42.8668,-6.4825],[-42.8778,-6.4179],[-42.8577,-6.3901],[-42.8524,-6.3591],[-42.8602,-6.3306],[-42.847,-6.2825],[-42.8552,-6.2531],[-42.8772,-6.2258],[-42.9166,-6.2134],[-42.9339,-6.1931],[-42.9686,-6.1783],[-42.9824,-6.1284],[-42.9948,-6.1159],[-43.0341,-6.1114],[-43.05,-6.0998],[-43.0754,-6.0403],[-43.0503,-6.0155],[-43.0513,-5.9896],[-43.0735,-5.9743],[-43.0994,-5.8996],[-43.0766,-5.8671],[-43.0959,-5.8346],[-43.0917,-5.8064],[-43.1017,-5.7624],[-43.0769,-5.7289],[-43.0879,-5.6835],[-43.0843,-5.6405],[-43.0894,-5.6048],[-43.0346,-5.5922],[-43.0244,-5.5607],[-43.0053,-5.5419],[-42.9953,-5.507],[-42.974,-5.4841],[-42.9688,-5.452],[-42.9295,-5.4375],[-42.9123,-5.3961],[-42.8836,-5.3908],[-42.8649,-5.3681],[-42.8267,-5.3481],[-42.8114,-5.2848],[-42.8275,-5.2338],[-42.8,-5.1991],[-42.803,-5.1503],[-42.8186,-5.0935],[-42.8357,-5.0746],[-42.8415,-5.0308],[-42.8614,-4.9735],[-42.8552,-4.9353],[-42.8948,-4.8861],[-42.8975,-4.8427],[-42.935,-4.8133],[-42.9503,-4.7898],[-42.9485,-4.7669],[-42.9257,-4.7499],[-42.9231,-4.7217],[-42.9532,-4.6955],[-42.9516,-4.6806],[-42.913,-4.6475],[-42.8672,-4.5665],[-42.8747,-4.5356],[-42.8519,-4.4947],[-42.8524,-4.4773],[-42.8764,-4.4641],[-42.872,-4.4286],[-42.8925,-4.4068],[-42.9313,-4.3818],[-42.9633,-4.3764],[-42.9623,-4.3345],[-42.9801,-4.305],[-42.9892,-4.2341],[-42.982,-4.2147],[-42.9265,-4.1568],[-42.8882,-4.1556],[-42.9042,-4.1326],[-42.8629,-4.0929],[-42.8218,-3.9906],[-42.7979,-3.9966],[-42.7832,-3.9559],[-42.7372,-3.9244],[-42.7212,-3.8754],[-42.6858,-3.8073],[-42.6687,-3.7909],[-42.6829,-3.7698],[-42.6689,-3.7294],[-42.6834,-3.7012],[-42.6758,-3.6756],[-42.6423,-3.6359],[-42.6231,-3.6241],[-42.6097,-3.5862],[-42.5697,-3.5685],[-42.5323,-3.5162],[-42.5296,-3.4925],[-42.5066,-3.4788],[-42.4483,-3.4784],[-42.4323,-3.4546],[-42.3989,-3.4729],[-42.3927,-3.4476],[-42.3543,-3.4487],[-42.3308,-3.4339],[-42.2925,-3.4533],[-42.2429,-3.4331],[-42.2101,-3.4363],[-42.1883,-3.393],[-42.1522,-3.3875],[-42.1216,-3.3201],[-42.0986,-3.2961],[-42.1326,-3.2901],[-42.1158,-3.2624],[-42.0002,-3.2411],[-41.9744,-3.2132],[-41.9645,-3.179],[-41.9391,-3.1874],[-41.926,-3.1155],[-41.8806,-3.0793],[-41.8617,-3.0472],[-41.8308,-3.0318],[-41.8174,-2.9926],[-41.7969,-2.9687],[-41.807,-2.938],[-41.8358,-2.9159],[-41.865,-2.878],[-41.8627,-2.8319],[-41.8429,-2.8236],[-41.8491,-2.7736],[-41.8141,-2.7393]]]]},"properties":{"sigla":"MA","nome":"Maranhão"},"id":"MA"},{"type":"Feature","geometry":{"type":"Polygon","coordinates":[[[-44.209,-14.2373],[-44.2406,-14.2407],[-44.2351,-14.247],[-44.2396,-14.2485],[-44.2387,-14.258],[-44.24,-14.2571],[-44.2493,-14.2532],[-44.2496,-14.2535],[-44.2488,-14.2541],[-44.2444,-14.2571],[-44.247,-14.2597],[-44.2686,-14.2466],[-44.2749,-14.2512],[-44.2813,-14.2525],[-44.2799,-14.2501],[-44.2844,-14.2477],[-44.2895,-14.2517],[-44.3165,-14.2404],[-44.3406,-14.2494],[-44.3402,-14.2567],[-44.3501,-14.2576],[-44.3518,-14.2577],[-44.346,-14.2633],[-44.353,-14.261],[-44.3529,-14.2662],[-44.3603,-14.2718],[-44.3785,-14.2704],[-44.3785,-14.2772],[-44.3895,-14.2805],[-44.39,-14.2762],[-44.4307,-14.2895],[-44.4536,-14.312],[-44.475,-14.3144],[-44.4732,-14.3173],[-44.4835,-14.3228],[-44.4872,-14.3285],[-44.5108,-14.3227],[-44.5655,-14.3401],[-44.5646,-14.3486],[-44.6113,-14.3664],[-44.6166,-14.3752],[-44.6336,-14.3945],[-44.6377,-14.3905],[-44.6438,-14.392],[-44.6411,-14.3962],[-44.6458,-14.3981],[-44.647,-14.3979],[-44.6614,-14.4027],[-44.6634,-14.4077],[-44.6588,-14.4151],[-44.658,-14.4164],[-44.6625,-14.4176],[-44.6677,-14.4234],[-44.6883,-14.4167],[-44.6878,-14.4216],[-44.6942,-14.4235],[-44.6931,-14.4327],[-44.7138,-14.445],[-44.7231,-14.4494],[-44.7482,-14.4647],[-44.7567,-14.4784],[-44.7943,-14.4879],[-44.7943,-14.4966],[-44.8182,-14.4902],[-44.8092,-14.4979],[-44.8355,-14.5046],[-44.8245,-14.5136],[-44.824,-14.5182],[-44.8363,-14.5185],[-44.8318,-14.5272],[-44.8349,-14.5359],[-44.8243,-14.5394],[-44.8469,-14.5578],[-44.8499,-14.5628],[-44.8549,-14.5626],[-44.8541,-14.5672],[-44.8588,-14.5715],[-44.8439,-14.5663],[-44.8434,-14.5809],[-44.8589,-14.5809],[-44.8613,-14.5796],[-44.8708,-14.5894],[-44.8692,-14.5934],[-44.8759,-14.5997],[-44.8765,-14.5921],[-44.8766,-14.5921],[-44.9102,-14.6036],[-44.908,-14.6134],[-44.917,-14.6147],[-44.9167,-14.6197],[-44.9466,-14.6238],[-44.943,-14.6302],[-44.9548,-14.6379],[-44.9806,-14.6435],[-44.9739,-14.6521],[-44.9834,-14.6519],[-44.9825,-14.6577],[-44.9966,-14.6589],[-44.9957,-14.6678],[-45.0403,-14.6805],[-45.0391,-14.6901],[-45.0828,-14.7488],[-45.0931,-14.7521],[-45.1664,-14.7353],[-45.1636,-14.7324],[-45.1688,-14.7338],[-45.1741,-14.741],[-45.1913,-14.7497],[-45.2003,-14.7466],[-45.2171,-14.7558],[-45.2166,-14.7579],[-45.2331,-14.7766],[-45.2419,-14.7866],[-45.287,-14.8215],[-45.2869,-14.8218],[-45.2901,-14.8258],[-45.2857,-14.8325],[-45.2954,-14.8274],[-45.2956,-14.8274],[-45.3171,-14.832],[-45.3114,-14.8411],[-45.318,-14.8526],[-45.3528,-14.8641],[-45.3499,-14.8681],[-45.3572,-14.8764],[-45.364,-14.8717],[-45.3721,-14.881],[-45.3689,-14.8895],[-45.3998,-14.9175],[-45.4291,-14.9197],[-45.4512,-14.9387],[-45.451,-14.939],[-45.4553,-14.9491],[-45.4551,-14.9537],[-45.49,-14.9608],[-45.5207,-14.9536],[-45.5347,-14.9383],[-45.5675,-14.9459],[-45.5843,-14.9704],[-45.5884,-14.9737],[-45.5868,-14.9782],[-45.6027,-14.9896],[-45.6024,-14.9906],[-45.601,-14.9963],[-45.6074,-14.9966],[-45.6233,-15.0203],[-45.6495,-15.028],[-45.6473,-15.0234],[-45.6604,-15.0383],[-45.6558,-15.0485],[-45.6748,-15.0806],[-45.6939,-15.0842],[-45.6932,-15.0897],[-45.7189,-15.0974],[-45.7159,-15.1037],[-45.7239,-15.1043],[-45.7216,-15.1122],[-45.7288,-15.1132],[-45.7307,-15.1165],[-45.7521,-15.1218],[-45.7567,-15.1185],[-45.789,-15.1155],[-45.7893,-15.1127],[-45.8032,-15.1181],[-45.8195,-15.1175],[-45.8443,-15.1453],[-45.8588,-15.1444],[-45.8576,-15.1489],[-45.8735,-15.1581],[-45.9187,-15.1334],[-45.9565,-15.1418],[-45.9724,-15.1702],[-45.9795,-15.1744],[-45.9768,-15.1776],[-45.9845,-15.196],[-46.0316,-15.2061],[-46.0321,-15.214],[-46.0386,-15.2305],[-46.0385,-15.2309],[-46.0509,-15.2416],[-46.0507,-15.247],[-46.0555,-15.2506],[-46.0526,-15.2592],[-46.0771,-15.2647],[-46.0991,-15.2383],[-46.0988,-15.2168],[-46.1189,-15.2021],[-46.1192,-15.1922],[-46.0977,-15.1926],[-46.0533,-15.1708],[-46.0471,-15.1501],[-46.0434,-15.1462],[-46.0504,-15.133],[-46.0284,-15.1141],[-46.0185,-15.0813],[-45.9956,-15.0593],[-45.9955,-15.0545],[-45.9755,-15.0389],[-45.9748,-15.0047],[-45.9785,-14.9986],[-45.9661,-14.9657],[-45.9717,-14.9491],[-46.0073,-14.9259],[-46.0072,-14.9252],[-46.0039,-14.9023],[-46.0375,-14.8747],[-46.0848,-14.932],[-46.1104,-14.937],[-46.1203,-14.9201],[-46.1505,-14.9221],[-46.1612,-14.9069],[-46.1664,-14.9085],[-46.1615,-14.9311],[-46.1755,-14.9494],[-46.2337,-14.9215],[-46.2868,-14.9282],[-46.2946,-14.9086],[-46.3193,-14.9005],[-46.3181,-14.8833],[-46.3004,-14.8581],[-46.3249,-14.8478],[-46.3202,-14.8363],[-46.3222,-14.8146],[-46.3658,-14.7954],[-46.4045,-14.7603],[-46.4296,-14.7527],[-46.469,-14.7082],[-46.5097,-14.7161],[-46.5075,-14.7322],[-46.5442,-14.753],[-46.5432,-14.7687],[-46.5659,-14.7864],[-46.562,-14.8009],[-46.5604,-14.815],[-46.5339,-14.8283],[-46.5215,-14.8512],[-46.5423,-14.896],[-46.5465,-14.9255],[-46.5393,-14.9413],[-46.5408,-14.9516],[-46.5324,-14.958],[-46.5337,-14.961],[-46.5167,-14.982],[-46.5308,-15.0053],[-46.5026,-15.0523],[-46.5513,-15.0639],[-46.5753,-15.0836],[-46.6254,-15.0895],[-46.6564,-15.0815],[-46.6816,-15.0586],[-46.7818,-15.0193],[-46.8298,-15.0093],[-46.8641,-15.0204],[-46.925,-15.0575],[-46.926,-15.0736],[-46.889,-15.1111],[-46.9373,-15.205],[-46.9334,-15.2235],[-46.9408,-15.2307],[-46.9276,-15.2551],[-46.8915,-15.2353],[-46.888,-15.2683],[-46.8913,-15.2781],[-46.8737,-15.2854],[-46.8359,-15.3265],[-46.8694,-15.3615],[-46.8494,-15.3732],[-46.9151,-15.4148],[-46.9332,-15.4602],[-46.9324,-15.4832],[-46.9487,-15.5579],[-46.9195,-15.5888],[-46.897,-15.5932],[-46.8544,-15.6282],[-46.859,-15.6396],[-46.8565,-15.6448],[-46.8526,-15.653],[-46.8551,-15.6774],[-46.8557,-15.6831],[-46.8271,-15.73],[-46.8274,-15.7476],[-46.8131,-15.7872],[-46.8239,-15.8089],[-46.821,-15.8169],[-46.8232,-15.8246],[-46.8055,-15.8594],[-46.8061,-15.872],[-46.8117,-15.8861],[-46.8228,-15.8858],[-47.0528,-15.9379],[-47.0891,-15.9617],[-47.1345,-15.9502],[-47.1315,-15.9343],[-47.1419,-15.9266],[-47.1392,-15.9311],[-47.1513,-15.935],[-47.1489,-15.9404],[-47.1605,-15.9425],[-47.1585,-15.9456],[-47.1695,-15.954],[-47.1664,-15.9561],[-47.1704,-15.9579],[-47.1661,-15.9623],[-47.1687,-15.9645],[-47.1648,-15.9647],[-47.169,-15.9669],[-47.1669,-15.9681],[-47.1869,-15.9713],[-47.1829,-15.9771],[-47.1867,-15.9787],[-47.1851,-15.9829],[-47.2078,-15.9875],[-47.2077,-15.9974],[-47.2118,-15.9985],[-47.211,-16.0037],[-47.254,-16.0192],[-47.2773,-16.0121],[-47.2765,-16.0062],[-47.2968,-16.0151],[-47.2962,-16.0185],[-47.3005,-16.0171],[-47.2994,-16.0262],[-47.3111,-16.0332],[-47.309,-16.0361],[-47.3105,-16.0395],[-47.3099,-16.0417],[-47.3086,-16.0421],[-47.3086,-16.0456],[-47.3087,-16.0464],[-47.3035,-16.0602],[-47.3157,-16.0673],[-47.3082,-16.0748],[-47.3082,-16.0788],[-47.3166,-16.0796],[-47.3104,-16.0823],[-47.3131,-16.0856],[-47.3113,-16.0881],[-47.3371,-16.0936],[-47.3315,-16.0943],[-47.3339,-16.0978],[-47.3318,-16.1075],[-47.3389,-16.1144],[-47.3365,-16.1195],[-47.3415,-16.1218],[-47.3377,-16.1285],[-47.3527,-16.1328],[-47.3475,-16.1406],[-47.3503,-16.1481],[-47.3409,-16.1481],[-47.3486,-16.1551],[-47.3404,-16.157],[-47.345,-16.1641],[-47.3314,-16.1796],[-47.3405,-16.1853],[-47.3299,-16.185],[-47.3324,-16.1907],[-47.3299,-16.1959],[-47.3363,-16.2016],[-47.3231,-16.2096],[-47.3302,-16.2144],[-47.3224,-16.2313],[-47.3291,-16.2443],[-47.328,-16.2492],[-47.3508,-16.2748],[-47.3476,-16.2873],[-47.3562,-16.2938],[-47.3529,-16.3066],[-47.4036,-16.3758],[-47.4191,-16.3839],[-47.4193,-16.3909],[-47.4271,-16.3942],[-47.4236,-16.4202],[-47.4318,-16.4401],[-47.4295,-16.4427],[-47.4454,-16.4509],[-47.4561,-16.4874],[-47.453,-16.4907],[-47.46,-16.5051],[-47.4421,-16.5292],[-47.4444,-16.5408],[-47.4305,-16.5412],[-47.434,-16.5449],[-47.405,-16.5565],[-47.413,-16.5623],[-47.4092,-16.5609],[-47.4123,-16.5655],[-47.4091,-16.5668],[-47.4128,-16.5759],[-47.394,-16.5741],[-47.3964,-16.58],[-47.3869,-16.5889],[-47.3878,-16.5793],[-47.374,-16.5925],[-47.3741,-16.5925],[-47.3766,-16.6009],[-47.3416,-16.5932],[-47.3448,-16.5955],[-47.3369,-16.598],[-47.3384,-16.6038],[-47.3329,-16.6072],[-47.3379,-16.6117],[-47.3159,-16.6069],[-47.3212,-16.6187],[-47.3044,-16.6241],[-47.3071,-16.6321],[-47.2836,-16.6398],[-47.287,-16.6444],[-47.2538,-16.6637],[-47.2598,-16.6678],[-47.2484,-16.6751],[-47.2589,-16.679],[-47.2457,-16.6856],[-47.2457,-16.701],[-47.2514,-16.7055],[-47.2216,-16.7263],[-47.2311,-16.7344],[-47.2265,-16.7417],[-47.236,-16.7554],[-47.2234,-16.7618],[-47.2309,-16.7754],[-47.2188,-16.7795],[-47.2196,-16.7867],[-47.2164,-16.7936],[-47.219,-16.797],[-47.2156,-16.8021],[-47.2195,-16.8032],[-47.2203,-16.8079],[-47.209,-16.8184],[-47.2074,-16.8199],[-47.2127,-16.8231],[-47.2129,-16.828],[-47.1935,-16.8252],[-47.2059,-16.8399],[-47.2,-16.8615],[-47.2093,-16.8655],[-47.1931,-16.8832],[-47.2029,-16.8904],[-47.1934,-16.8975],[-47.1971,-16.9108],[-47.1809,-16.9023],[-47.16,-16.9206],[-47.1742,-16.9319],[-47.1569,-16.9414],[-47.1666,-16.9526],[-47.1519,-16.9552],[-47.1583,-16.9647],[-47.1432,-16.9652],[-47.1441,-16.9711],[-47.1259,-16.9818],[-47.1511,-16.9974],[-47.1401,-16.9972],[-47.1403,-17.0047],[-47.1448,-17.0036],[-47.1447,-17.0097],[-47.1317,-17.0104],[-47.1406,-17.0173],[-47.1384,-17.02],[-47.1489,-17.0241],[-47.1468,-17.0313],[-47.1622,-17.0349],[-47.1626,-17.0416],[-47.1684,-17.0392],[-47.1646,-17.0457],[-47.1727,-17.0437],[-47.1801,-17.0355],[-47.1844,-17.036],[-47.1751,-17.0545],[-47.1962,-17.0601],[-47.1962,-17.0666],[-47.191,-17.0696],[-47.2103,-17.0739],[-47.2076,-17.0804],[-47.2238,-17.0757],[-47.2238,-17.0825],[-47.2341,-17.0824],[-47.2223,-17.0855],[-47.2477,-17.0818],[-47.2481,-17.0986],[-47.2819,-17.1149],[-47.2751,-17.1178],[-47.2821,-17.1228],[-47.2763,-17.1274],[-47.2834,-17.1306],[-47.2827,-17.1441],[-47.3041,-17.1469],[-47.3029,-17.1545],[-47.3323,-17.154],[-47.3294,-17.1585],[-47.352,-17.1665],[-47.3485,-17.1762],[-47.3532,-17.1802],[-47.3401,-17.1874],[-47.363,-17.1865],[-47.3502,-17.1965],[-47.3505,-17.2056],[-47.3641,-17.212],[-47.3626,-17.2227],[-47.3759,-17.2172],[-47.3743,-17.2221],[-47.3853,-17.2271],[-47.379,-17.2363],[-47.3872,-17.2391],[-47.3819,-17.2434],[-47.411,-17.2492],[-47.4082,-17.2576],[-47.4229,-17.2606],[-47.4169,-17.2647],[-47.4344,-17.2762],[-47.4195,-17.2924],[-47.4293,-17.308],[-47.4217,-17.316],[-47.4218,-17.3213],[-47.4543,-17.3319],[-47.4415,-17.3484],[-47.4608,-17.3485],[-47.4565,-17.3508],[-47.4879,-17.3495],[-47.4986,-17.3358],[-47.5121,-17.3349],[-47.5046,-17.3373],[-47.5216,-17.3528],[-47.514,-17.3562],[-47.5161,-17.3666],[-47.5139,-17.3746],[-47.5185,-17.3754],[-47.5187,-17.3803],[-47.5323,-17.3811],[-47.5284,-17.3886],[-47.5388,-17.3888],[-47.5236,-17.4125],[-47.5377,-17.4093],[-47.5214,-17.4239],[-47.5271,-17.4297],[-47.5273,-17.4404],[-47.5032,-17.4818],[-47.5057,-17.493],[-47.4777,-17.5113],[-47.4571,-17.5384],[-47.3986,-17.5122],[-47.3745,-17.5239],[-47.3331,-17.5235],[-47.2838,-17.5776],[-47.2639,-17.6205],[-47.2813,-17.6532],[-47.2785,-17.6556],[-47.2802,-17.6593],[-47.2703,-17.6753],[-47.3015,-17.6889],[-47.2995,-17.6915],[-47.3136,-17.699],[-47.3121,-17.7115],[-47.3261,-17.73],[-47.3255,-17.733],[-47.3427,-17.7445],[-47.3352,-17.7557],[-47.3368,-17.7618],[-47.3327,-17.7666],[-47.3422,-17.7738],[-47.34,-17.7771],[-47.3506,-17.7832],[-47.3491,-17.7864],[-47.3544,-17.7875],[-47.348,-17.7973],[-47.358,-17.8053],[-47.3506,-17.8113],[-47.373,-17.831],[-47.3563,-17.8606],[-47.3595,-17.866],[-47.3537,-17.8709],[-47.3593,-17.8868],[-47.3558,-17.8919],[-47.3581,-17.8921],[-47.3423,-17.9052],[-47.3442,-17.909],[-47.3384,-17.9125],[-47.3441,-17.9185],[-47.3423,-17.9218],[-47.3448,-17.9209],[-47.3394,-17.9282],[-47.3406,-17.9374],[-47.3138,-17.9632],[-47.3139,-17.977],[-47.3229,-17.9845],[-47.294,-18.017],[-47.2972,-18.0205],[-47.2957,-18.0266],[-47.3007,-18.027],[-47.2832,-18.0582],[-47.3055,-18.0637],[-47.302,-18.0711],[-47.3227,-18.0697],[-47.3613,-18.0962],[-47.3547,-18.0968],[-47.3592,-18.106],[-47.3684,-18.113],[-47.4073,-18.1318],[-47.3965,-18.1374],[-47.4353,-18.152],[-47.4273,-18.1613],[-47.4512,-18.1592],[-47.4881,-18.1868],[-47.4849,-18.1935],[-47.5182,-18.1989],[-47.518,-18.2106],[-47.5306,-18.2178],[-47.5275,-18.2262],[-47.5401,-18.2173],[-47.5345,-18.1986],[-47.5886,-18.227],[-47.6074,-18.2469],[-47.6023,-18.2563],[-47.6152,-18.2623],[-47.6145,-18.2509],[-47.6258,-18.2594],[-47.619,-18.2717],[-47.6387,-18.2877],[-47.6112,-18.3154],[-47.6481,-18.3407],[-47.6469,-18.3303],[-47.6707,-18.3575],[-47.6864,-18.3575],[-47.6861,-18.3628],[-47.7103,-18.3797],[-47.7249,-18.3627],[-47.7405,-18.3638],[-47.736,-18.3713],[-47.7333,-18.3759],[-47.7568,-18.3957],[-47.7468,-18.4099],[-47.779,-18.4241],[-47.8007,-18.412],[-47.7975,-18.4069],[-47.8311,-18.4141],[-47.8307,-18.4252],[-47.837,-18.4358],[-47.8308,-18.4435],[-47.8604,-18.4402],[-47.8736,-18.4591],[-47.8632,-18.4697],[-47.8879,-18.4765],[-47.9142,-18.4666],[-47.9295,-18.4878],[-47.9622,-18.4961],[-47.9799,-18.4627],[-47.976,-18.4526],[-47.9979,-18.4546],[-48.0393,-18.4337],[-48.1178,-18.425],[-48.1478,-18.4082],[-48.1728,-18.375],[-48.2267,-18.3579],[-48.2268,-18.3457],[-48.279,-18.3315],[-48.3149,-18.3642],[-48.3157,-18.3731],[-48.3045,-18.3802],[-48.3046,-18.3831],[-48.3416,-18.3697],[-48.4036,-18.3712],[-48.4456,-18.3553],[-48.4869,-18.3719],[-48.4814,-18.3606],[-48.5156,-18.3664],[-48.5545,-18.3469],[-48.5544,-18.3362],[-48.5537,-18.3314],[-48.6415,-18.3334],[-48.6411,-18.3403],[-48.7306,-18.3533],[-48.7557,-18.3444],[-48.828,-18.3752],[-48.832,-18.3461],[-48.9079,-18.3156],[-48.9177,-18.3059],[-48.9367,-18.3062],[-48.9842,-18.3414],[-48.9815,-18.3564],[-49.0059,-18.3744],[-49.042,-18.3765],[-49.0537,-18.4026],[-49.077,-18.4168],[-49.1138,-18.3978],[-49.1071,-18.3889],[-49.1262,-18.3825],[-49.1832,-18.4162],[-49.2037,-18.4122],[-49.2118,-18.4176],[-49.1925,-18.4497],[-49.2284,-18.4798],[-49.2488,-18.5229],[-49.2734,-18.5287],[-49.2926,-18.564],[-49.3248,-18.5607],[-49.3432,-18.598],[-49.3787,-18.6423],[-49.4167,-18.6385],[-49.4324,-18.6067],[-49.4818,-18.561],[-49.4861,-18.5323],[-49.4857,-18.5094],[-49.4972,-18.4926],[-49.5339,-18.4925],[-49.5479,-18.5078],[-49.5424,-18.5274],[-49.5752,-18.5423],[-49.6532,-18.5638],[-49.6536,-18.5706],[-49.635,-18.5921],[-49.7055,-18.5954],[-49.7382,-18.6169],[-49.7685,-18.611],[-49.7836,-18.6413],[-49.8361,-18.6367],[-49.8839,-18.609],[-49.9316,-18.624],[-50.0139,-18.5995],[-50.037,-18.6099],[-50.0502,-18.6435],[-50.08,-18.6722],[-50.1642,-18.6643],[-50.1988,-18.6791],[-50.2502,-18.6779],[-50.3062,-18.6955],[-50.3237,-18.7122],[-50.3523,-18.7603],[-50.3702,-18.8044],[-50.425,-18.8369],[-50.4415,-18.8908],[-50.461,-18.9136],[-50.5015,-18.9301],[-50.5118,-18.952],[-50.5,-18.9812],[-50.504,-19.0045],[-50.495,-19.0129],[-50.5059,-19.0511],[-50.5433,-19.1059],[-50.585,-19.1374],[-50.6545,-19.1334],[-50.6786,-19.1406],[-50.6725,-19.1637],[-50.6778,-19.1725],[-50.7334,-19.1858],[-50.7428,-19.1982],[-50.742,-19.2144],[-50.7451,-19.2332],[-50.7714,-19.2593],[-50.8147,-19.2858],[-50.8379,-19.3456],[-50.8759,-19.4199],[-50.8249,-19.475],[-50.8421,-19.4991],[-50.9343,-19.468],[-50.9344,-19.4674],[-50.9632,-19.4836],[-50.9629,-19.5006],[-50.9308,-19.5422],[-50.9231,-19.5761],[-50.9465,-19.5917],[-50.9875,-19.5895],[-51.0136,-19.6547],[-51.0365,-19.687],[-51.0385,-19.7195],[-51.0459,-19.729],[-51.0279,-19.7566],[-51.0399,-19.7771],[-51.0226,-19.8075],[-51.0182,-19.8373],[-51.0202,-19.8648],[-50.9994,-19.9064],[-50.9995,-19.9117],[-51.0209,-19.9591],[-51.0048,-19.9992],[-51.006,-20.0253],[-51.0178,-20.0484],[-51.0004,-20.0854],[-50.9658,-20.0336],[-50.8972,-19.9901],[-50.886,-19.9904],[-50.8728,-19.9896],[-50.8517,-19.9708],[-50.7836,-19.9372],[-50.7331,-19.9294],[-50.709,-19.9202],[-50.6864,-19.9161],[-50.6581,-19.9071],[-50.6361,-19.875],[-50.6055,-19.8561],[-50.5863,-19.8268],[-50.5745,-19.8145],[-50.5483,-19.8112],[-50.5172,-19.7964],[-50.4989,-19.7958],[-50.4839,-19.7847],[-50.4745,-19.7808],[-50.4171,-19.8011],[-50.3707,-19.8459],[-50.357,-19.8546],[-50.3527,-19.8646],[-50.3374,-19.8695],[-50.3118,-19.8731],[-50.2856,-19.8678],[-50.2451,-19.8767],[-50.2156,-19.8666],[-50.2015,-19.8664],[-50.1717,-19.8755],[-50.1605,-19.8784],[-50.1304,-19.8737],[-50.1031,-19.8747],[-50.0833,-19.8842],[-50.0441,-19.9164],[-50.0121,-19.9267],[-49.9655,-19.9206],[-49.8912,-19.9436],[-49.8475,-19.9415],[-49.7824,-19.9245],[-49.7121,-19.9313],[-49.6344,-19.9319],[-49.6121,-19.9196],[-49.5514,-19.9058],[-49.5034,-19.9199],[-49.4875,-19.9553],[-49.4582,-19.9759],[-49.4445,-19.9805],[-49.3564,-19.9867],[-49.2975,-19.9605],[-49.2492,-19.9716],[-49.2476,-19.9945],[-49.2652,-20.0066],[-49.2828,-20.0049],[-49.2963,-20.0156],[-49.3084,-20.0775],[-49.3069,-20.1117],[-49.2992,-20.1671],[-49.266,-20.2285],[-49.259,-20.2481],[-49.2597,-20.2587],[-49.2286,-20.3033],[-49.2059,-20.3049],[-49.1918,-20.3076],[-49.1835,-20.3146],[-49.1455,-20.2907],[-49.1207,-20.2705],[-49.1157,-20.2606],[-49.0893,-20.2122],[-49.0675,-20.1549],[-49.0672,-20.1546],[-49.0329,-20.15],[-49.014,-20.1548],[-48.9922,-20.1654],[-48.9841,-20.1737],[-48.972,-20.2078],[-48.9617,-20.2633],[-48.9662,-20.3681],[-48.963,-20.4031],[-48.8998,-20.4413],[-48.8786,-20.4297],[-48.867,-20.3989],[-48.88,-20.3483],[-48.8772,-20.3125],[-48.8868,-20.2798],[-48.8851,-20.2664],[-48.8722,-20.2419],[-48.8567,-20.2269],[-48.8536,-20.2092],[-48.8579,-20.1993],[-48.8554,-20.1801],[-48.8257,-20.1619],[-48.8022,-20.1629],[-48.7811,-20.1638],[-48.7537,-20.1534],[-48.7295,-20.1503],[-48.7071,-20.1602],[-48.6469,-20.167],[-48.6268,-20.1601],[-48.5986,-20.1389],[-48.5546,-20.1303],[-48.4911,-20.1381],[-48.4057,-20.1135],[-48.3789,-20.1223],[-48.3171,-20.1133],[-48.2651,-20.1438],[-48.2248,-20.1335],[-48.2238,-20.1324],[-48.219,-20.1154],[-48.2534,-20.0779],[-48.2441,-20.0474],[-48.2476,-20.0358],[-48.2408,-20.0293],[-48.2236,-20.0293],[-48.2077,-20.0394],[-48.1824,-20.0746],[-48.1786,-20.0962],[-48.1531,-20.1139],[-48.1477,-20.1241],[-48.1265,-20.1312],[-48.113,-20.1438],[-48.082,-20.1482],[-48.0494,-20.1372],[-48.0382,-20.117],[-48.0198,-20.1201],[-48.0023,-20.1042],[-47.9897,-20.073],[-47.9912,-20.0462],[-47.9759,-20.0354],[-47.9484,-20.0557],[-47.9341,-20.1078],[-47.8994,-20.1257],[-47.8791,-20.1047],[-47.8698,-20.0761],[-47.8692,-20.0619],[-47.8599,-20.0472],[-47.8762,-20.0287],[-47.8714,-20.0116],[-47.8597,-19.9929],[-47.8023,-19.9856],[-47.7656,-19.9857],[-47.7511,-19.9903],[-47.7336,-19.9879],[-47.7127,-19.9781],[-47.7042,-19.9799],[-47.6761,-20.0019],[-47.6706,-20.0225],[-47.6347,-20.0492],[-47.6249,-20.0423],[-47.614,-20.0421],[-47.5947,-20.0259],[-47.5809,-19.9957],[-47.5492,-19.9938],[-47.5085,-19.9829],[-47.4698,-19.9616],[-47.4252,-20.0148],[-47.4442,-20.028],[-47.4403,-20.0488],[-47.4182,-20.0646],[-47.4049,-20.0827],[-47.3766,-20.0836],[-47.3586,-20.104],[-47.3215,-20.1189],[-47.3096,-20.1245],[-47.293,-20.1487],[-47.2685,-20.1567],[-47.257,-20.1662],[-47.2541,-20.1943],[-47.231,-20.2191],[-47.2325,-20.2275],[-47.2462,-20.2614],[-47.2469,-20.2617],[-47.2509,-20.263],[-47.2522,-20.2634],[-47.2528,-20.2636],[-47.264,-20.2807],[-47.2767,-20.2916],[-47.2818,-20.3126],[-47.2823,-20.313],[-47.284,-20.3146],[-47.2858,-20.3163],[-47.2849,-20.3296],[-47.2965,-20.3538],[-47.2935,-20.3858],[-47.291,-20.4505],[-47.2673,-20.4671],[-47.2238,-20.4918],[-47.2115,-20.5023],[-47.2026,-20.5016],[-47.1848,-20.5137],[-47.1545,-20.5195],[-47.1415,-20.541],[-47.1376,-20.5611],[-47.1381,-20.5615],[-47.1426,-20.5655],[-47.1427,-20.5656],[-47.135,-20.5806],[-47.1324,-20.5908],[-47.1227,-20.5947],[-47.1233,-20.6127],[-47.1136,-20.6181],[-47.1034,-20.6418],[-47.0969,-20.6445],[-47.0968,-20.6618],[-47.1024,-20.6695],[-47.1012,-20.6832],[-47.1153,-20.7072],[-47.1656,-20.7015],[-47.1704,-20.7161],[-47.1796,-20.726],[-47.1792,-20.7364],[-47.1888,-20.7706],[-47.2065,-20.7755],[-47.2138,-20.7923],[-47.2247,-20.8001],[-47.2142,-20.8237],[-47.2145,-20.8272],[-47.24,-20.8853],[-47.2104,-20.9241],[-47.1437,-20.9824],[-47.157,-21.0188],[-47.1478,-21.0354],[-47.1391,-21.0693],[-47.1423,-21.0882],[-47.137,-21.088],[-47.1281,-21.0992],[-47.1131,-21.1049],[-47.1215,-21.1125],[-47.1268,-21.1217],[-47.1262,-21.1253],[-47.1332,-21.1331],[-47.1335,-21.1334],[-47.1268,-21.1443],[-47.1173,-21.1537],[-47.1185,-21.1859],[-47.0956,-21.2097],[-47.0653,-21.2077],[-47.0773,-21.2402],[-47.0631,-21.2393],[-47.0523,-21.2465],[-47.0425,-21.2722],[-47.0298,-21.2995],[-47.0305,-21.3117],[-47.021,-21.3216],[-47.018,-21.3403],[-47.0036,-21.3494],[-46.9986,-21.3491],[-46.9968,-21.3577],[-47.0095,-21.3707],[-47.0102,-21.4069],[-47.0065,-21.4217],[-46.9172,-21.4213],[-46.9157,-21.4209],[-46.8848,-21.4066],[-46.8681,-21.4037],[-46.8653,-21.3956],[-46.8558,-21.3897],[-46.8352,-21.3825],[-46.8315,-21.3667],[-46.8196,-21.3661],[-46.7917,-21.3737],[-46.7862,-21.3689],[-46.7815,-21.3707],[-46.7764,-21.3628],[-46.7343,-21.3942],[-46.7204,-21.3896],[-46.7147,-21.3926],[-46.7059,-21.4048],[-46.6922,-21.3827],[-46.6801,-21.3756],[-46.6667,-21.3613],[-46.6472,-21.3642],[-46.6475,-21.3936],[-46.6195,-21.4237],[-46.6019,-21.4439],[-46.5759,-21.428],[-46.5614,-21.4418],[-46.5265,-21.4456],[-46.5153,-21.4653],[-46.5117,-21.4759],[-46.511,-21.4815],[-46.5201,-21.5349],[-46.5,-21.5545],[-46.522,-21.5845],[-46.5182,-21.6128],[-46.5343,-21.6215],[-46.5379,-21.6291],[-46.5488,-21.6484],[-46.555,-21.6535],[-46.579,-21.6846],[-46.6212,-21.6755],[-46.6239,-21.6927],[-46.6291,-21.696],[-46.6298,-21.7047],[-46.6224,-21.7155],[-46.6261,-21.7348],[-46.626,-21.7662],[-46.671,-21.8167],[-46.6907,-21.8376],[-46.6661,-21.8509],[-46.6578,-21.8741],[-46.6475,-21.8804],[-46.6492,-21.885],[-46.6528,-21.895],[-46.6531,-21.896],[-46.6534,-21.896],[-46.6638,-21.8981],[-46.6672,-21.9017],[-46.6713,-21.9061],[-46.6731,-21.9081],[-46.665,-21.9206],[-46.6673,-21.9325],[-46.6536,-21.9417],[-46.6442,-21.9745],[-46.631,-21.9812],[-46.6142,-22.0019],[-46.6151,-22.0174],[-46.6499,-22.0095],[-46.6752,-22.0222],[-46.6854,-22.0373],[-46.6585,-22.0606],[-46.6964,-22.0729],[-46.7153,-22.0913],[-46.7004,-22.0951],[-46.6808,-22.0909],[-46.6709,-22.0973],[-46.65,-22.0915],[-46.622,-22.1136],[-46.6185,-22.1237],[-46.6181,-22.1248],[-46.6071,-22.1417],[-46.6404,-22.1577],[-46.6631,-22.1804],[-46.6708,-22.1842],[-46.6772,-22.2015],[-46.6802,-22.2169],[-46.678,-22.2235],[-46.6931,-22.2376],[-46.694,-22.2466],[-46.7109,-22.2639],[-46.7023,-22.2779],[-46.7054,-22.2959],[-46.7179,-22.3169],[-46.7012,-22.3215],[-46.6873,-22.3534],[-46.6773,-22.3666],[-46.6609,-22.366],[-46.6614,-22.3674],[-46.6663,-22.381],[-46.6634,-22.3915],[-46.6668,-22.4138],[-46.647,-22.4288],[-46.6399,-22.4255],[-46.6316,-22.4358],[-46.6163,-22.4386],[-46.6119,-22.4354],[-46.6034,-22.443],[-46.5917,-22.4381],[-46.5851,-22.4394],[-46.5736,-22.4456],[-46.5719,-22.4527],[-46.5672,-22.45],[-46.5506,-22.4583],[-46.5306,-22.4708],[-46.5421,-22.4943],[-46.4533,-22.5225],[-46.4398,-22.5383],[-46.4244,-22.5657],[-46.4337,-22.5738],[-46.4287,-22.5839],[-46.4124,-22.5854],[-46.4129,-22.586],[-46.4173,-22.5913],[-46.4219,-22.5968],[-46.4225,-22.5975],[-46.4233,-22.5985],[-46.4242,-22.5995],[-46.4047,-22.6209],[-46.393,-22.6629],[-46.4134,-22.6598],[-46.4277,-22.6613],[-46.4401,-22.6681],[-46.4805,-22.6782],[-46.458,-22.7076],[-46.4571,-22.7112],[-46.4566,-22.7129],[-46.4394,-22.7267],[-46.4066,-22.7409],[-46.3858,-22.7403],[-46.3549,-22.7571],[-46.3345,-22.7603],[-46.3436,-22.7774],[-46.3494,-22.78],[-46.3547,-22.7861],[-46.3768,-22.8278],[-46.3769,-22.8758],[-46.3739,-22.8794],[-46.3563,-22.9003],[-46.3446,-22.9045],[-46.336,-22.896],[-46.314,-22.887],[-46.3043,-22.893],[-46.2796,-22.879],[-46.2696,-22.8766],[-46.2343,-22.8822],[-46.1568,-22.8644],[-46.1369,-22.8905],[-46.1451,-22.904],[-46.1391,-22.9227],[-46.0952,-22.8944],[-46.0617,-22.894],[-46.0158,-22.8874],[-45.9512,-22.8464],[-45.9227,-22.8247],[-45.891,-22.8446],[-45.871,-22.8713],[-45.8482,-22.838],[-45.8046,-22.8325],[-45.7927,-22.857],[-45.768,-22.8359],[-45.7709,-22.8059],[-45.7481,-22.7937],[-45.7417,-22.8079],[-45.7143,-22.8086],[-45.7203,-22.8082],[-45.7247,-22.7814],[-45.7144,-22.7747],[-45.73,-22.7272],[-45.7389,-22.7226],[-45.7604,-22.7228],[-45.7956,-22.739],[-45.8199,-22.7227],[-45.818,-22.7113],[-45.8116,-22.6987],[-45.7665,-22.6791],[-45.7611,-22.6772],[-45.7501,-22.6702],[-45.7481,-22.6658],[-45.7474,-22.6642],[-45.6979,-22.6497],[-45.6996,-22.6424],[-45.7175,-22.621],[-45.73,-22.6187],[-45.7374,-22.6085],[-45.7346,-22.5974],[-45.7247,-22.5865],[-45.7172,-22.5821],[-45.7168,-22.5777],[-45.7054,-22.5823],[-45.6787,-22.5733],[-45.6609,-22.5926],[-45.6811,-22.6363],[-45.6692,-22.6491],[-45.6477,-22.6482],[-45.6289,-22.6416],[-45.6226,-22.6394],[-45.6181,-22.6379],[-45.6051,-22.6204],[-45.6045,-22.6203],[-45.5765,-22.6017],[-45.5558,-22.6268],[-45.5821,-22.6449],[-45.5728,-22.6568],[-45.5401,-22.6526],[-45.5282,-22.6468],[-45.4752,-22.5989],[-45.4813,-22.5912],[-45.4337,-22.6192],[-45.4215,-22.6212],[-45.4125,-22.623],[-45.3962,-22.6523],[-45.3282,-22.617],[-45.2758,-22.6169],[-45.2609,-22.5833],[-45.2231,-22.5636],[-45.1773,-22.5492],[-45.1645,-22.5379],[-45.1667,-22.5307],[-45.16,-22.5169],[-45.1503,-22.5073],[-45.0925,-22.4839],[-45.0338,-22.4659],[-45.0255,-22.4659],[-44.9647,-22.4735],[-44.9401,-22.4526],[-44.8978,-22.4529],[-44.8905,-22.4341],[-44.8466,-22.4278],[-44.8245,-22.4198],[-44.8092,-22.4053],[-44.7937,-22.3871],[-44.7444,-22.3762],[-44.724,-22.3599],[-44.7055,-22.3733],[-44.6589,-22.3747],[-44.6262,-22.3361],[-44.589,-22.3204],[-44.5435,-22.3318],[-44.4827,-22.2938],[-44.4323,-22.2514],[-44.3948,-22.2589],[-44.3372,-22.2586],[-44.2635,-22.2434],[-44.2603,-22.2683],[-44.2355,-22.2662],[-44.2133,-22.2462],[-44.1411,-22.2202],[-44.1001,-22.1733],[-44.0239,-22.1514],[-43.9883,-22.1501],[-43.889,-22.1145],[-43.8799,-22.1003],[-43.8434,-22.0989],[-43.7774,-22.0668],[-43.7346,-22.0972],[-43.6918,-22.0709],[-43.6686,-22.086],[-43.6526,-22.0671],[-43.6283,-22.0765],[-43.5845,-22.0705],[-43.5568,-22.0823],[-43.5136,-22.0593],[-43.4922,-22.0743],[-43.4625,-22.0726],[-43.4193,-22.0538],[-43.3686,-22.0205],[-43.3178,-22.0068],[-43.2805,-22.011],[-43.202,-22.0371],[-43.1695,-22.0222],[-43.1311,-22.0297],[-43.1341,-22.059],[-43.1541,-22.078],[-43.1365,-22.1096],[-43.1067,-22.084],[-43.0741,-22.0933],[-43.0332,-22.0659],[-43.0394,-22.0466],[-42.9091,-21.9905],[-42.8825,-21.9601],[-42.7917,-21.9308],[-42.6689,-21.8745],[-42.5799,-21.8457],[-42.5824,-21.8377],[-42.4644,-21.7868],[-42.3912,-21.7602],[-42.3565,-21.7419],[-42.3358,-21.7462],[-42.2674,-21.7142],[-42.2753,-21.6769],[-42.3018,-21.6553],[-42.3431,-21.6597],[-42.3698,-21.6403],[-42.3691,-21.6199],[-42.3463,-21.5829],[-42.3259,-21.57],[-42.2527,-21.4898],[-42.2926,-21.46],[-42.2755,-21.4283],[-42.2791,-21.4106],[-42.2299,-21.3666],[-42.2382,-21.3187],[-42.2244,-21.2767],[-42.1897,-21.2499],[-42.203,-21.2217],[-42.1951,-21.2017],[-42.2085,-21.1782],[-42.1706,-21.1286],[-42.1644,-21.1014],[-42.1401,-21.103],[-42.1332,-21.0811],[-42.0849,-21.0229],[-42.1412,-20.9931],[-42.1517,-20.9744],[-42.094,-20.936],[-42.0657,-20.9386],[-42.0234,-20.9255],[-41.9673,-20.9168],[-41.9675,-20.8999],[-41.9262,-20.838],[-41.9253,-20.8016],[-41.8788,-20.7787],[-41.875,-20.7665],[-41.8741,-20.7441],[-41.8468,-20.6861],[-41.8132,-20.6532],[-41.8212,-20.6371],[-41.8564,-20.6172],[-41.8413,-20.6004],[-41.8284,-20.5573],[-41.8083,-20.5505],[-41.8122,-20.5191],[-41.7994,-20.4773],[-41.8034,-20.4222],[-41.8365,-20.4093],[-41.8591,-20.3737],[-41.8419,-20.3265],[-41.8031,-20.2992],[-41.7821,-20.2945],[-41.7658,-20.2239],[-41.7568,-20.2069],[-41.4111,-20.2074],[-41.3821,-20.1888],[-41.3375,-20.087],[-41.3336,-20.0588],[-41.3091,-20.0164],[-41.3116,-19.9717],[-41.2994,-19.9371],[-41.2435,-19.9367],[-41.2289,-19.9057],[-41.1849,-19.889],[-41.184,-19.8488],[-41.1662,-19.8106],[-41.1749,-19.767],[-41.1909,-19.7469],[-41.1743,-19.7156],[-41.1685,-19.6722],[-41.1086,-19.6395],[-41.0993,-19.6042],[-41.0363,-19.5685],[-41.0409,-19.5159],[-41.0203,-19.5041],[-40.9883,-19.5079],[-40.9449,-19.4601],[-40.968,-19.4253],[-40.9572,-19.3988],[-40.9285,-19.3819],[-40.9396,-19.3586],[-40.92,-19.2714],[-40.931,-19.2224],[-40.9265,-19.1886],[-40.9411,-19.1806],[-40.9561,-19.1291],[-41.0097,-19.0979],[-41.0355,-19.0716],[-41.0539,-19.0689],[-41.0718,-19.0239],[-41.0667,-19.0065],[-41.0322,-18.9909],[-41.0615,-18.9677],[-41.0649,-18.9451],[-41.1037,-18.9341],[-41.1269,-18.8945],[-41.153,-18.8866],[-41.1661,-18.8584],[-41.243,-18.8545],[-41.2455,-18.822],[-41.2325,-18.7973],[-41.1341,-18.7961],[-41.1105,-18.8389],[-41.0191,-18.8373],[-40.9639,-18.8412],[-40.938,-18.8317],[-40.9167,-18.81],[-40.94,-18.7703],[-40.9415,-18.6893],[-40.9878,-18.6781],[-41.0509,-18.6342],[-41.042,-18.6054],[-41.0157,-18.4724],[-41.0239,-18.4572],[-41.1743,-18.4447],[-41.1821,-18.4393],[-41.1481,-18.3792],[-41.1588,-18.3088],[-41.0965,-18.2556],[-41.1045,-18.2133],[-41.0561,-18.1666],[-41.0146,-18.1576],[-40.9932,-18.1663],[-40.9768,-18.1414],[-40.9545,-18.1545],[-40.9046,-18.1159],[-40.8776,-18.1194],[-40.8633,-18.1392],[-40.7937,-18.1602],[-40.7715,-18.1559],[-40.7733,-18.1076],[-40.9028,-17.9873],[-40.8631,-17.9883],[-40.837,-17.9572],[-40.8093,-17.9523],[-40.7712,-17.9811],[-40.7508,-18.0099],[-40.7258,-18.0012],[-40.7037,-18.0237],[-40.6618,-18.0129],[-40.6248,-17.9891],[-40.6135,-17.9398],[-40.5847,-17.9182],[-40.5478,-17.9075],[-40.527,-17.892],[-40.5033,-17.9107],[-40.4841,-17.9087],[-40.4174,-17.9271],[-40.3678,-17.9227],[-40.3234,-17.939],[-40.2554,-17.9718],[-40.222,-17.9807],[-40.2268,-17.9583],[-40.2646,-17.9339],[-40.2636,-17.922],[-40.2127,-17.8958],[-40.1744,-17.8519],[-40.2042,-17.8291],[-40.2018,-17.8159],[-40.2066,-17.8039],[-40.2181,-17.7957],[-40.215,-17.7798],[-40.2144,-17.777],[-40.2175,-17.7643],[-40.2137,-17.7537],[-40.224,-17.7341],[-40.2703,-17.7271],[-40.2776,-17.724],[-40.2981,-17.6963],[-40.299,-17.6746],[-40.3064,-17.667],[-40.3259,-17.6526],[-40.3253,-17.6513],[-40.3218,-17.6437],[-40.3322,-17.6339],[-40.3505,-17.6166],[-40.3486,-17.6308],[-40.372,-17.6125],[-40.3968,-17.6256],[-40.4182,-17.5991],[-40.4105,-17.5871],[-40.4145,-17.5762],[-40.4119,-17.5678],[-40.4451,-17.5788],[-40.4677,-17.5512],[-40.4845,-17.5279],[-40.4891,-17.5198],[-40.483,-17.4885],[-40.5078,-17.473],[-40.521,-17.4584],[-40.5199,-17.4486],[-40.5197,-17.4468],[-40.5542,-17.4356],[-40.5775,-17.4136],[-40.5961,-17.4206],[-40.6235,-17.406],[-40.5987,-17.3897],[-40.6016,-17.3826],[-40.5977,-17.3769],[-40.6055,-17.3589],[-40.5927,-17.3455],[-40.609,-17.327],[-40.5723,-17.2948],[-40.5478,-17.2837],[-40.562,-17.2725],[-40.5634,-17.2593],[-40.5713,-17.253],[-40.5686,-17.2471],[-40.5645,-17.24],[-40.5634,-17.2383],[-40.5584,-17.2307],[-40.5627,-17.2175],[-40.5524,-17.1992],[-40.5542,-17.1888],[-40.5746,-17.1804],[-40.5786,-17.1497],[-40.5786,-17.1496],[-40.5732,-17.1418],[-40.5566,-17.0968],[-40.5699,-17.0811],[-40.5708,-17.0624],[-40.5526,-17.0197],[-40.5556,-17.0134],[-40.5455,-16.9842],[-40.5163,-16.9636],[-40.4802,-16.8768],[-40.4347,-16.8876],[-40.4176,-16.8993],[-40.3665,-16.8742],[-40.3483,-16.8881],[-40.3488,-16.8993],[-40.3272,-16.9094],[-40.3235,-16.9048],[-40.3028,-16.8923],[-40.2817,-16.9012],[-40.2651,-16.8644],[-40.266,-16.8603],[-40.2546,-16.8603],[-40.2469,-16.8458],[-40.2476,-16.8447],[-40.2535,-16.8247],[-40.2585,-16.8208],[-40.2578,-16.8066],[-40.2691,-16.7958],[-40.3236,-16.8013],[-40.3455,-16.7873],[-40.3102,-16.7363],[-40.3106,-16.7193],[-40.3024,-16.7082],[-40.3111,-16.6959],[-40.3132,-16.6787],[-40.2983,-16.6525],[-40.2875,-16.5979],[-40.2877,-16.5976],[-40.2757,-16.5741],[-40.244,-16.5664],[-40.2367,-16.5641],[-40.212,-16.5732],[-40.1593,-16.5758],[-40.161,-16.572],[-40.1551,-16.5629],[-40.1614,-16.5586],[-40.168,-16.5401],[-40.1749,-16.5379],[-40.1702,-16.5336],[-40.1712,-16.5242],[-40.1361,-16.4897],[-40.0955,-16.4239],[-40.0923,-16.4346],[-40.0959,-16.4467],[-40.0965,-16.4488],[-40.0657,-16.4571],[-40.0627,-16.432],[-40.041,-16.4119],[-40.0419,-16.4057],[-40.0252,-16.3574],[-39.9784,-16.3112],[-39.9794,-16.3169],[-39.9167,-16.2839],[-39.9201,-16.2638],[-39.9365,-16.2458],[-39.9127,-16.2103],[-39.8834,-16.1947],[-39.883,-16.1638],[-39.897,-16.1416],[-39.8602,-16.1231],[-39.8568,-16.1139],[-39.8636,-16.1054],[-39.8648,-16.1037],[-39.874,-16.0929],[-39.8774,-16.0917],[-39.8767,-16.0793],[-39.9003,-16.0588],[-39.8995,-16.0496],[-39.9357,-16.0238],[-39.9152,-16],[-39.9646,-15.9989],[-39.964,-16.0054],[-39.98,-15.9978],[-39.98,-15.9977],[-40.0045,-16.0019],[-40.001,-15.9947],[-40.0282,-15.9856],[-40.0273,-15.9805],[-40.0327,-15.9786],[-40.0315,-15.9733],[-40.0465,-15.97],[-40.0431,-15.9684],[-40.0662,-15.9602],[-40.0591,-15.9532],[-40.0662,-15.9504],[-40.0661,-15.9398],[-40.0788,-15.941],[-40.0787,-15.9406],[-40.0769,-15.9344],[-40.0664,-15.925],[-40.0672,-15.9252],[-40.0717,-15.9262],[-40.0669,-15.9124],[-40.0661,-15.9099],[-40.0868,-15.9136],[-40.0817,-15.9049],[-40.0969,-15.9002],[-40.1119,-15.9114],[-40.1753,-15.9041],[-40.1658,-15.8941],[-40.1661,-15.8684],[-40.1774,-15.8682],[-40.1927,-15.8578],[-40.2001,-15.8626],[-40.1992,-15.8569],[-40.2069,-15.8545],[-40.2058,-15.8462],[-40.2128,-15.8423],[-40.213,-15.8358],[-40.2155,-15.8358],[-40.2188,-15.8358],[-40.2183,-15.8266],[-40.224,-15.8275],[-40.2238,-15.8205],[-40.2311,-15.8039],[-40.2756,-15.8175],[-40.34,-15.8217],[-40.3392,-15.8168],[-40.3769,-15.8236],[-40.425,-15.8057],[-40.4325,-15.7787],[-40.4614,-15.7533],[-40.4841,-15.7758],[-40.5191,-15.7809],[-40.5183,-15.7976],[-40.5635,-15.8029],[-40.5731,-15.7881],[-40.5674,-15.776],[-40.5931,-15.7718],[-40.5926,-15.7624],[-40.604,-15.7593],[-40.5998,-15.7511],[-40.601,-15.7435],[-40.6294,-15.7158],[-40.6823,-15.6991],[-40.6819,-15.6945],[-40.7072,-15.6664],[-40.7438,-15.6841],[-40.7375,-15.6978],[-40.7677,-15.7141],[-40.786,-15.6923],[-40.7803,-15.6802],[-40.8169,-15.6476],[-40.8324,-15.6542],[-40.8315,-15.6708],[-40.8816,-15.6945],[-40.9087,-15.6813],[-40.9071,-15.6752],[-40.9265,-15.6561],[-40.9631,-15.6484],[-40.9796,-15.6917],[-41.008,-15.7144],[-41.0534,-15.7252],[-41.0776,-15.7193],[-41.0929,-15.7387],[-41.1286,-15.7468],[-41.1356,-15.7662],[-41.1695,-15.7606],[-41.2154,-15.7372],[-41.2686,-15.7487],[-41.293,-15.739],[-41.3312,-15.7447],[-41.358,-15.4988],[-41.4643,-15.4019],[-41.6513,-15.236],[-41.8007,-15.1011],[-41.8483,-15.1169],[-41.8704,-15.1152],[-41.897,-15.1519],[-41.9325,-15.1745],[-41.9878,-15.1684],[-41.9975,-15.1589],[-42.0733,-15.1757],[-42.0916,-15.1866],[-42.0955,-15.183],[-42.1087,-15.1633],[-42.127,-15.1336],[-42.1539,-15.1106],[-42.1533,-15.0994],[-42.2274,-15.0993],[-42.2648,-15.1252],[-42.34,-15.0833],[-42.3549,-15.0982],[-42.3745,-15.0714],[-42.4011,-15.0773],[-42.4429,-15.0614],[-42.4432,-15.0478],[-42.4368,-15.0228],[-42.4759,-15.0171],[-42.4957,-14.9949],[-42.5607,-14.9623],[-42.6025,-14.9247],[-42.6254,-14.9451],[-42.6552,-14.9243],[-42.6525,-14.9208],[-42.7004,-14.8946],[-42.6988,-14.8904],[-42.7149,-14.8801],[-42.7136,-14.8843],[-42.7185,-14.8855],[-42.7296,-14.8786],[-42.7537,-14.8478],[-42.791,-14.8394],[-42.8724,-14.7754],[-42.8672,-14.7717],[-42.9059,-14.7611],[-42.9134,-14.7453],[-42.917,-14.7475],[-42.9209,-14.7462],[-42.927,-14.7442],[-42.9253,-14.7354],[-42.925,-14.7339],[-42.9389,-14.7081],[-42.9782,-14.6988],[-42.993,-14.6997],[-43.0028,-14.6963],[-43.0088,-14.7004],[-43.0268,-14.6936],[-43.0262,-14.6874],[-43.067,-14.6815],[-43.0734,-14.6891],[-43.1083,-14.6737],[-43.1111,-14.679],[-43.1515,-14.6664],[-43.1713,-14.6538],[-43.1813,-14.6609],[-43.245,-14.6565],[-43.2629,-14.6628],[-43.2661,-14.6615],[-43.3112,-14.6698],[-43.3465,-14.6961],[-43.3808,-14.7039],[-43.4119,-14.7218],[-43.4287,-14.7222],[-43.4282,-14.7264],[-43.4349,-14.7231],[-43.4346,-14.7265],[-43.4613,-14.7463],[-43.4562,-14.7578],[-43.4571,-14.7588],[-43.4628,-14.7659],[-43.4812,-14.7679],[-43.4784,-14.7921],[-43.5111,-14.7966],[-43.5097,-14.8076],[-43.5392,-14.8058],[-43.5339,-14.7888],[-43.5738,-14.7652],[-43.6112,-14.7606],[-43.657,-14.7458],[-43.6759,-14.7267],[-43.6738,-14.7296],[-43.6811,-14.7322],[-43.6838,-14.7285],[-43.6902,-14.7273],[-43.6866,-14.7217],[-43.7198,-14.7296],[-43.7196,-14.7209],[-43.7122,-14.715],[-43.7277,-14.6985],[-43.778,-14.691],[-43.7856,-14.6858],[-43.8592,-14.6743],[-43.8719,-14.6636],[-43.8732,-14.6536],[-43.8749,-14.6528],[-43.8835,-14.6533],[-43.8829,-14.6522],[-43.8793,-14.6461],[-43.883,-14.6435],[-43.8837,-14.643],[-43.8771,-14.6404],[-43.8858,-14.6355],[-43.8746,-14.6368],[-43.8817,-14.6295],[-43.871,-14.6221],[-43.8744,-14.6145],[-43.87,-14.6129],[-43.8769,-14.6092],[-43.8765,-14.6071],[-43.8745,-14.5947],[-43.8764,-14.5914],[-43.886,-14.5957],[-43.8826,-14.5867],[-43.8872,-14.5832],[-43.8772,-14.5634],[-43.8813,-14.5624],[-43.8748,-14.5246],[-43.8271,-14.429],[-43.8194,-14.3893],[-43.7832,-14.3393],[-43.8148,-14.326],[-43.8153,-14.3207],[-43.8223,-14.3231],[-43.819,-14.3122],[-43.8472,-14.3218],[-43.8467,-14.3131],[-43.8554,-14.3181],[-43.8514,-14.3136],[-43.8809,-14.3118],[-43.8814,-14.3075],[-43.8903,-14.3066],[-43.8919,-14.2933],[-43.911,-14.2977],[-43.9091,-14.3026],[-43.9157,-14.3025],[-43.9164,-14.296],[-43.9239,-14.296],[-43.9237,-14.3034],[-43.9561,-14.2997],[-43.9553,-14.2922],[-43.9696,-14.2743],[-43.9768,-14.2806],[-43.9906,-14.2726],[-43.9864,-14.2676],[-44.0155,-14.2716],[-44.0154,-14.2765],[-44.0571,-14.2843],[-44.0574,-14.2776],[-44.0613,-14.2824],[-44.0672,-14.2802],[-44.0734,-14.2857],[-44.0779,-14.2782],[-44.0744,-14.2707],[-44.0824,-14.269],[-44.0824,-14.2755],[-44.0883,-14.2781],[-44.0869,-14.2685],[-44.0994,-14.2735],[-44.1071,-14.2604],[-44.1356,-14.2822],[-44.1436,-14.2785],[-44.136,-14.2749],[-44.1372,-14.2642],[-44.1655,-14.269],[-44.2013,-14.2545],[-44.2012,-14.2512],[-44.2091,-14.2467],[-44.209,-14.2373]]]},"properties":{"sigla":"MG","nome":"Minas Gerais"},"id":"MG"},{"type":"Feature","geometry":{"type":"Polygon","coordinates":[[[-53.0722,-18.034],[-53.1767,-18.0416],[-53.1987,-18.0203],[-53.2991,-17.9955],[-53.3425,-18.0083],[-53.3807,-18.0088],[-53.4304,-17.984],[-53.4572,-17.9997],[-53.4678,-18.0349],[-53.486,-18.0404],[-53.5178,-18.0206],[-53.6069,-17.9955],[-53.6125,-17.978],[-53.6612,-17.9775],[-53.6903,-18.0025],[-53.7338,-17.9953],[-53.7742,-18.0008],[-53.8086,-17.9722],[-53.8375,-17.9347],[-53.8701,-17.9274],[-53.8985,-17.9088],[-53.9385,-17.9201],[-53.9557,-17.883],[-53.9411,-17.8402],[-53.9103,-17.8039],[-53.8883,-17.749],[-53.8436,-17.6927],[-53.7988,-17.6705],[-53.7569,-17.6735],[-53.7046,-17.6635],[-53.68,-17.2536],[-53.7051,-17.2282],[-53.759,-17.2431],[-53.7857,-17.2875],[-53.82,-17.2946],[-53.8349,-17.3358],[-53.8313,-17.355],[-53.8683,-17.3684],[-53.9145,-17.4144],[-53.9522,-17.4593],[-53.984,-17.4738],[-54.0286,-17.4796],[-54.058,-17.5131],[-54.0459,-17.5372],[-54.0552,-17.5703],[-54.0732,-17.5878],[-54.0846,-17.619],[-54.1542,-17.6059],[-54.1934,-17.6061],[-54.2437,-17.6289],[-54.2503,-17.6405],[-54.3024,-17.6617],[-54.3355,-17.6617],[-54.3845,-17.6362],[-54.3744,-17.6086],[-54.4232,-17.5365],[-54.4669,-17.5291],[-54.4742,-17.498],[-54.5037,-17.4801],[-54.5363,-17.4776],[-54.5541,-17.4887],[-54.5816,-17.468],[-54.6074,-17.4871],[-54.6955,-17.5035],[-54.7503,-17.5234],[-54.7621,-17.5544],[-54.8608,-17.6239],[-54.8948,-17.6215],[-54.9143,-17.6085],[-54.9742,-17.6171],[-54.9918,-17.6384],[-55.0107,-17.6293],[-55.0638,-17.6425],[-55.1087,-17.6287],[-55.1272,-17.6527],[-55.163,-17.6422],[-55.1807,-17.6232],[-55.2181,-17.6075],[-55.2641,-17.5779],[-55.2691,-17.5568],[-55.2996,-17.5412],[-55.3506,-17.5486],[-55.3537,-17.5316],[-55.4052,-17.5124],[-55.4437,-17.5118],[-55.4726,-17.4814],[-55.524,-17.4812],[-55.5886,-17.4138],[-55.5829,-17.3791],[-55.6134,-17.3599],[-55.6461,-17.3594],[-55.656,-17.3464],[-55.709,-17.3376],[-55.7228,-17.3492],[-55.7612,-17.3235],[-55.7844,-17.3301],[-55.8065,-17.298],[-55.8419,-17.3012],[-55.8748,-17.2686],[-55.9166,-17.2651],[-55.9461,-17.2725],[-56.0037,-17.2337],[-56.0055,-17.2042],[-56.0457,-17.171],[-56.0844,-17.1777],[-56.1139,-17.1666],[-56.1633,-17.1947],[-56.1981,-17.2062],[-56.2087,-17.2273],[-56.2513,-17.219],[-56.2978,-17.2766],[-56.3135,-17.2694],[-56.3358,-17.29],[-56.3517,-17.2776],[-56.3889,-17.302],[-56.4325,-17.3186],[-56.4441,-17.3316],[-56.49,-17.2983],[-56.5138,-17.3128],[-56.5958,-17.3326],[-56.6167,-17.3238],[-56.6738,-17.3334],[-56.6831,-17.3166],[-56.7338,-17.3099],[-56.7577,-17.3267],[-56.7628,-17.3607],[-56.7859,-17.3875],[-56.8287,-17.39],[-56.8244,-17.4231],[-56.8409,-17.442],[-56.846,-17.4806],[-56.8759,-17.533],[-56.9175,-17.5414],[-56.9667,-17.5714],[-56.9823,-17.6039],[-56.9647,-17.6218],[-56.9882,-17.6593],[-57.0333,-17.6948],[-57.0449,-17.7303],[-57.0739,-17.7355],[-57.1156,-17.7811],[-57.1467,-17.7675],[-57.2006,-17.7888],[-57.2271,-17.7828],[-57.2648,-17.8204],[-57.308,-17.8108],[-57.3252,-17.8292],[-57.4217,-17.8542],[-57.4619,-17.8986],[-57.4775,-17.8591],[-57.5113,-17.8639],[-57.531,-17.8391],[-57.6058,-17.8024],[-57.6231,-17.7364],[-57.6403,-17.7174],[-57.6635,-17.7299],[-57.6846,-17.7165],[-57.6717,-17.6641],[-57.6899,-17.6403],[-57.7121,-17.5432],[-57.74,-17.5363],[-57.7522,-17.5645],[-57.7856,-17.5556],[-57.774,-17.598],[-57.7833,-17.6393],[-57.7605,-17.6639],[-57.7309,-17.7188],[-57.7096,-17.7299],[-57.7201,-17.7717],[-57.6832,-17.808],[-57.6831,-17.8282],[-57.7206,-17.8279],[-57.6001,-18.0464],[-57.5748,-18.1319],[-57.5051,-18.2004],[-57.4798,-18.2086],[-57.4539,-18.2312],[-57.5578,-18.2404],[-57.7666,-18.8993],[-57.7198,-18.8991],[-57.7193,-18.9771],[-57.6943,-19.011],[-57.7102,-19.0326],[-57.7842,-19.0335],[-57.8862,-19.2476],[-58.0322,-19.5525],[-58.1318,-19.7585],[-57.8595,-19.9704],[-57.8624,-19.9857],[-57.9023,-20.0421],[-57.9277,-20.023],[-57.9592,-20.0223],[-57.9862,-20.0585],[-58.0332,-20.0651],[-58.049,-20.1052],[-58.0889,-20.1078],[-58.1153,-20.1438],[-58.1526,-20.1529],[-58.1675,-20.1719],[-58.1224,-20.1952],[-58.1493,-20.2117],[-58.1665,-20.2382],[-58.1616,-20.2625],[-58.1284,-20.2549],[-58.0901,-20.2616],[-58.1022,-20.3247],[-58.0844,-20.3727],[-58.0635,-20.393],[-58.0211,-20.4026],[-57.9954,-20.4407],[-58.0148,-20.4861],[-58.0189,-20.5139],[-57.9976,-20.5733],[-58.0129,-20.613],[-57.9708,-20.6434],[-57.9892,-20.6874],[-57.9546,-20.7036],[-57.9335,-20.6664],[-57.9211,-20.6636],[-57.8781,-20.7136],[-57.864,-20.7459],[-57.9162,-20.7439],[-57.9428,-20.7538],[-57.9611,-20.7893],[-57.9336,-20.7994],[-57.8945,-20.791],[-57.8639,-20.8172],[-57.865,-20.8483],[-57.922,-20.8877],[-57.8845,-20.9144],[-57.8727,-20.9394],[-57.8194,-20.9427],[-57.8172,-20.98],[-57.8679,-21.0414],[-57.8652,-21.0665],[-57.8452,-21.0985],[-57.8624,-21.1399],[-57.8467,-21.1927],[-57.8582,-21.2339],[-57.9205,-21.2772],[-57.8963,-21.3062],[-57.8533,-21.317],[-57.8624,-21.3533],[-57.9044,-21.4004],[-57.9266,-21.4513],[-57.9249,-21.465],[-57.9668,-21.5255],[-57.9589,-21.5639],[-57.9213,-21.5813],[-57.9133,-21.5967],[-57.9419,-21.6246],[-57.9257,-21.6623],[-57.8855,-21.6818],[-57.8968,-21.7058],[-57.938,-21.7317],[-57.938,-21.7584],[-57.9092,-21.7694],[-57.9327,-21.8268],[-57.9705,-21.8464],[-57.917,-21.8737],[-57.9486,-21.9017],[-57.9365,-21.9223],[-57.9636,-21.9793],[-57.9682,-22.0097],[-58.0016,-22.0289],[-58.0059,-22.0504],[-57.9852,-22.0622],[-57.992,-22.0908],[-57.9403,-22.0842],[-57.9288,-22.1219],[-57.8841,-22.1314],[-57.8284,-22.1201],[-57.7971,-22.1491],[-57.7792,-22.1261],[-57.7463,-22.1389],[-57.7366,-22.102],[-57.7138,-22.1043],[-57.689,-22.0885],[-57.6635,-22.1064],[-57.6131,-22.095],[-57.6048,-22.1308],[-57.5834,-22.1418],[-57.5882,-22.1642],[-57.5471,-22.1819],[-57.5165,-22.1732],[-57.4167,-22.1966],[-57.3316,-22.2338],[-57.2922,-22.2184],[-57.2773,-22.2354],[-57.2411,-22.2498],[-57.2172,-22.2397],[-57.2014,-22.2106],[-57.1836,-22.2296],[-57.119,-22.2305],[-57.1021,-22.2482],[-57.0096,-22.2361],[-56.958,-22.2396],[-56.9255,-22.2518],[-56.8422,-22.3025],[-56.8013,-22.2832],[-56.8029,-22.2522],[-56.7749,-22.2599],[-56.7519,-22.2464],[-56.7207,-22.2635],[-56.6977,-22.2351],[-56.6511,-22.2539],[-56.6265,-22.2461],[-56.5687,-22.2075],[-56.5562,-22.1695],[-56.5292,-22.1486],[-56.517,-22.1086],[-56.4713,-22.0808],[-56.3929,-22.0748],[-56.3635,-22.1704],[-56.3502,-22.1733],[-56.316,-22.2181],[-56.2766,-22.2365],[-56.2393,-22.2358],[-56.2107,-22.2772],[-56.1925,-22.2727],[-56.1661,-22.2885],[-56.1372,-22.2858],[-56.1171,-22.2708],[-56.0957,-22.2843],[-56.0628,-22.2768],[-56.0142,-22.2864],[-55.983,-22.2789],[-55.9683,-22.2903],[-55.9166,-22.2771],[-55.8967,-22.2854],[-55.8534,-22.2804],[-55.8382,-22.2939],[-55.8241,-22.3416],[-55.8029,-22.3727],[-55.744,-22.3895],[-55.735,-22.4376],[-55.7519,-22.4765],[-55.7483,-22.5006],[-55.7219,-22.552],[-55.6928,-22.5789],[-55.6248,-22.629],[-55.6096,-22.6905],[-55.6197,-22.7528],[-55.653,-22.7928],[-55.6662,-22.8521],[-55.651,-22.8882],[-55.6473,-22.9511],[-55.6222,-22.9858],[-55.639,-23.0266],[-55.6111,-23.049],[-55.6105,-23.0776],[-55.5956,-23.1197],[-55.5745,-23.1437],[-55.5426,-23.1559],[-55.5432,-23.1803],[-55.5239,-23.197],[-55.538,-23.2506],[-55.5546,-23.2781],[-55.5565,-23.3192],[-55.5364,-23.3319],[-55.5057,-23.3775],[-55.5176,-23.4097],[-55.5466,-23.449],[-55.5448,-23.5228],[-55.5244,-23.5678],[-55.5363,-23.5927],[-55.5301,-23.6309],[-55.482,-23.6411],[-55.4647,-23.7045],[-55.4337,-23.7716],[-55.4484,-23.8215],[-55.4349,-23.8735],[-55.444,-23.918],[-55.4278,-23.9271],[-55.4193,-23.9595],[-55.3372,-23.9941],[-55.3182,-23.961],[-55.265,-23.987],[-55.2283,-24.0135],[-55.2054,-24.0016],[-55.1493,-23.9891],[-55.1072,-23.9651],[-55.0605,-23.9928],[-54.9981,-23.9559],[-54.9656,-23.9635],[-54.9248,-23.9595],[-54.9302,-23.9414],[-54.9082,-23.9102],[-54.8591,-23.9038],[-54.8367,-23.8825],[-54.814,-23.8887],[-54.7922,-23.8669],[-54.7057,-23.8634],[-54.6995,-23.8408],[-54.6714,-23.8122],[-54.6476,-23.8328],[-54.6176,-23.8341],[-54.6103,-23.8516],[-54.5817,-23.847],[-54.5175,-23.8861],[-54.4499,-23.9013],[-54.4298,-23.9148],[-54.4145,-23.9601],[-54.3565,-24.0062],[-54.3212,-24.0074],[-54.3216,-24.0245],[-54.2893,-24.0683],[-54.2211,-24.0431],[-54.1697,-23.9996],[-54.1297,-23.9821],[-54.1017,-23.9519],[-54.0804,-23.8912],[-54.086,-23.8251],[-54.0728,-23.7596],[-54.0526,-23.725],[-54.0511,-23.6871],[-54.0381,-23.6597],[-54.0314,-23.6407],[-54.0243,-23.5883],[-54.0063,-23.5333],[-54.0043,-23.5111],[-53.9815,-23.4568],[-53.9636,-23.444],[-53.932,-23.4459],[-53.8135,-23.3851],[-53.7631,-23.3606],[-53.7496,-23.3434],[-53.7308,-23.3198],[-53.7149,-23.2834],[-53.7037,-23.2521],[-53.6935,-23.2214],[-53.6365,-23.125],[-53.6325,-23.0501],[-53.6341,-22.9985],[-53.6074,-22.9513],[-53.5893,-22.9362],[-53.5707,-22.9285],[-53.5594,-22.9059],[-53.5468,-22.8901],[-53.4847,-22.8638],[-53.4296,-22.8329],[-53.3987,-22.8067],[-53.3775,-22.8032],[-53.3638,-22.7836],[-53.352,-22.7757],[-53.3273,-22.7645],[-53.24,-22.7335],[-53.2186,-22.7312],[-53.199,-22.7283],[-53.1809,-22.7136],[-53.1278,-22.6523],[-53.1051,-22.6219],[-53.1064,-22.5935],[-53.0779,-22.5533],[-53.0398,-22.5274],[-53.0143,-22.5206],[-53.0056,-22.5092],[-52.9985,-22.4932],[-52.8547,-22.4391],[-52.8398,-22.4153],[-52.7983,-22.3783],[-52.6951,-22.3146],[-52.6553,-22.3031],[-52.6282,-22.2819],[-52.5767,-22.2512],[-52.5232,-22.229],[-52.5034,-22.2254],[-52.4842,-22.2132],[-52.4081,-22.1416],[-52.3889,-22.113],[-52.3772,-22.1067],[-52.3454,-22.062],[-52.3263,-21.9969],[-52.319,-21.9721],[-52.3014,-21.9422],[-52.2759,-21.9159],[-52.2331,-21.8835],[-52.1905,-21.8461],[-52.1839,-21.8144],[-52.1613,-21.7709],[-52.1606,-21.7703],[-52.14,-21.7557],[-52.1037,-21.746],[-52.0859,-21.7233],[-52.0765,-21.7149],[-52.0669,-21.6965],[-52.0537,-21.6726],[-52.0495,-21.6431],[-52.0627,-21.6206],[-52.0688,-21.5981],[-52.1021,-21.5698],[-52.0959,-21.542],[-52.0777,-21.5152],[-52.057,-21.5036],[-52.018,-21.5118],[-51.9969,-21.5158],[-51.9795,-21.5074],[-51.9622,-21.4933],[-51.9486,-21.4695],[-51.9286,-21.4558],[-51.9203,-21.4296],[-51.9055,-21.384],[-51.8697,-21.3543],[-51.861,-21.3367],[-51.8543,-21.2609],[-51.8797,-21.1979],[-51.8789,-21.1481],[-51.8758,-21.1361],[-51.8654,-21.1305],[-51.8235,-21.1268],[-51.7896,-21.1021],[-51.7712,-21.0426],[-51.7532,-21.0143],[-51.7114,-20.9716],[-51.6657,-20.9705],[-51.6235,-20.9444],[-51.619,-20.9323],[-51.6144,-20.8888],[-51.6255,-20.8741],[-51.6329,-20.8215],[-51.6267,-20.7914],[-51.6349,-20.7548],[-51.6282,-20.7251],[-51.5941,-20.6438],[-51.5755,-20.6238],[-51.5214,-20.5873],[-51.5002,-20.5682],[-51.4949,-20.5535],[-51.4492,-20.4828],[-51.4035,-20.4519],[-51.3751,-20.3965],[-51.3508,-20.3632],[-51.3214,-20.3396],[-51.2956,-20.3285],[-51.2157,-20.3147],[-51.1324,-20.2955],[-51.1139,-20.2836],[-51.1093,-20.2801],[-51.0691,-20.25],[-51.0582,-20.2332],[-51.0488,-20.1986],[-51.0292,-20.151],[-51.0011,-20.0963],[-51.0178,-20.0484],[-51.006,-20.0253],[-51.0048,-19.9992],[-51.0209,-19.9591],[-50.9995,-19.9117],[-50.9994,-19.9064],[-51.0202,-19.8648],[-51.0182,-19.8373],[-51.0226,-19.8075],[-51.0399,-19.7771],[-51.0279,-19.7566],[-51.0459,-19.729],[-51.0385,-19.7195],[-51.0365,-19.687],[-51.0136,-19.6547],[-50.9875,-19.5895],[-50.9465,-19.5917],[-50.9231,-19.5761],[-50.9308,-19.5422],[-50.9629,-19.5006],[-50.9632,-19.4836],[-50.9344,-19.4674],[-50.9508,-19.4434],[-50.9853,-19.4314],[-50.985,-19.4104],[-51.0209,-19.3899],[-51.031,-19.3638],[-51.0578,-19.3294],[-51.126,-19.3034],[-51.1438,-19.2872],[-51.1805,-19.2835],[-51.2163,-19.259],[-51.2409,-19.2691],[-51.2747,-19.2621],[-51.3078,-19.2185],[-51.3682,-19.2217],[-51.3751,-19.1946],[-51.3955,-19.1961],[-51.4204,-19.1665],[-51.4428,-19.1686],[-51.4731,-19.1543],[-51.4939,-19.163],[-51.5274,-19.1396],[-51.5925,-19.1274],[-51.6092,-19.1409],[-51.6396,-19.1274],[-51.6579,-19.1379],[-51.6831,-19.1215],[-51.7287,-19.1082],[-51.7812,-19.0812],[-51.8183,-19.0536],[-51.8413,-19.0571],[-51.8755,-19.0306],[-51.8988,-18.9942],[-51.9404,-18.9679],[-51.9578,-18.9783],[-52.0082,-18.977],[-52.0452,-18.9505],[-52.0813,-18.9509],[-52.1043,-18.9281],[-52.1062,-18.9059],[-52.148,-18.8939],[-52.1814,-18.8479],[-52.2514,-18.8396],[-52.2949,-18.8293],[-52.309,-18.8397],[-52.3443,-18.8224],[-52.354,-18.8002],[-52.4098,-18.755],[-52.4491,-18.691],[-52.553,-18.657],[-52.5928,-18.6899],[-52.6433,-18.6884],[-52.6754,-18.679],[-52.72,-18.6918],[-52.8276,-18.6719],[-52.8734,-18.6462],[-52.9127,-18.642],[-52.9143,-18.6198],[-52.9344,-18.5991],[-52.9649,-18.55],[-52.9452,-18.5197],[-52.9157,-18.5089],[-52.899,-18.4768],[-52.8809,-18.4655],[-52.8732,-18.4268],[-52.7985,-18.4149],[-52.786,-18.3903],[-52.7619,-18.3713],[-52.7591,-18.3506],[-52.7874,-18.3206],[-52.8207,-18.3107],[-52.8732,-18.3148],[-52.9352,-18.2966],[-52.976,-18.3035],[-53.0139,-18.3261],[-53.0276,-18.3515],[-53.0699,-18.3429],[-53.1011,-18.3108],[-53.1101,-18.2196],[-53.1297,-18.1607],[-53.129,-18.1385],[-53.1432,-18.0818],[-53.1236,-18.0588],[-53.0892,-18.0568],[-53.0722,-18.034]]]},"properties":{"sigla":"MS","nome":"Mato Grosso do Sul"},"id":"MS"},{"type":"Feature","geometry":{"type":"Polygon","coordinates":[[[-57.6004,-8.7385],[-57.5965,-8.6929],[-57.6208,-8.6471],[-57.6224,-8.595],[-57.6308,-8.5854],[-57.6483,-8.5768],[-57.6487,-8.5746],[-57.6398,-8.5417],[-57.6383,-8.5394],[-57.6373,-8.514],[-57.6389,-8.5127],[-57.6603,-8.4934],[-57.6597,-8.4916],[-57.6514,-8.4717],[-57.6535,-8.4683],[-57.6815,-8.4331],[-57.6865,-8.4078],[-57.6688,-8.3643],[-57.6798,-8.319],[-57.6648,-8.2949],[-57.663,-8.2685],[-57.6455,-8.2343],[-57.6449,-8.2096],[-57.6672,-8.1765],[-57.7046,-8.168],[-57.7053,-8.1673],[-57.7198,-8.1466],[-57.7277,-8.0983],[-57.7317,-8.0913],[-57.7765,-8.0522],[-57.8019,-8.0071],[-57.8318,-7.9615],[-57.8353,-7.8806],[-57.8738,-7.8012],[-57.8969,-7.682],[-57.9,-7.6709],[-57.9343,-7.6568],[-57.9347,-7.6565],[-57.9446,-7.6062],[-57.9471,-7.597],[-57.9725,-7.5346],[-58.0021,-7.4881],[-58.0327,-7.4565],[-58.0603,-7.397],[-58.1185,-7.3531],[-58.1384,-7.349],[-58.1371,-7.3556],[-58.137,-7.3561],[-58.1406,-7.3634],[-58.1436,-7.3662],[-58.1733,-7.3944],[-58.213,-7.4585],[-58.2219,-7.5215],[-58.2223,-7.5261],[-58.2024,-7.5968],[-58.2021,-7.6209],[-58.2326,-7.6474],[-58.2397,-7.6536],[-58.2497,-7.6728],[-58.2824,-7.7168],[-58.2926,-7.7683],[-58.3006,-7.7773],[-58.334,-7.8044],[-58.3716,-7.8212],[-58.3847,-7.844],[-58.3746,-7.8648],[-58.3732,-7.9072],[-58.355,-7.944],[-58.3314,-7.9688],[-58.3217,-8.025],[-58.2883,-8.0796],[-58.2912,-8.1102],[-58.2912,-8.1341],[-58.3224,-8.17],[-58.3129,-8.2091],[-58.3213,-8.2301],[-58.322,-8.2352],[-58.3158,-8.3064],[-58.3185,-8.3301],[-58.348,-8.3462],[-58.3536,-8.3928],[-58.3893,-8.44],[-58.417,-8.492],[-58.4041,-8.5395],[-58.4104,-8.5704],[-58.3894,-8.5948],[-58.4142,-8.6439],[-58.4372,-8.7034],[-58.4119,-8.7206],[-58.3864,-8.7074],[-58.3812,-8.7056],[-58.351,-8.7016],[-58.3283,-8.7122],[-58.332,-8.7265],[-58.3546,-8.7373],[-58.385,-8.7715],[-58.3906,-8.7765],[-58.4158,-8.7929],[-58.4227,-8.7887],[-58.4429,-8.7995],[-58.5003,-8.8028],[-59.0961,-8.8033],[-59.4127,-8.8033],[-60.0724,-8.8002],[-60.4201,-8.7966],[-60.8488,-8.7982],[-61.1846,-8.7986],[-61.5831,-8.7987],[-61.583,-8.7987],[-61.58,-8.8027],[-61.5683,-8.8011],[-61.543,-8.8191],[-61.5235,-8.8186],[-61.5114,-8.8637],[-61.4846,-8.9058],[-61.4844,-8.906],[-61.4684,-8.9174],[-61.4928,-8.9424],[-61.5206,-9.0007],[-61.5306,-9.0419],[-61.5416,-9.0542],[-61.5557,-9.0924],[-61.5553,-9.1315],[-61.5388,-9.1531],[-61.5387,-9.1533],[-61.5203,-9.1918],[-61.5203,-9.1921],[-61.5326,-9.2489],[-61.539,-9.244],[-61.5519,-9.2439],[-61.5749,-9.2372],[-61.575,-9.2372],[-61.5891,-9.2438],[-61.6332,-9.2705],[-61.6307,-9.2799],[-61.6262,-9.2841],[-61.6154,-9.2787],[-61.6153,-9.2787],[-61.6124,-9.28],[-61.6161,-9.3268],[-61.6247,-9.3365],[-61.6259,-9.363],[-61.6258,-9.363],[-61.6122,-9.356],[-61.5946,-9.3687],[-61.5525,-9.3883],[-61.5614,-9.4007],[-61.5505,-9.4178],[-61.5817,-9.4591],[-61.5784,-9.4695],[-61.5769,-9.4745],[-61.5259,-9.5017],[-61.5259,-9.5019],[-61.527,-9.5333],[-61.5134,-9.5286],[-61.514,-9.5392],[-61.514,-9.5393],[-61.495,-9.5841],[-61.495,-9.5843],[-61.4957,-9.6247],[-61.4957,-9.6248],[-61.4874,-9.6266],[-61.4874,-9.6265],[-61.4809,-9.6234],[-61.4768,-9.6287],[-61.4768,-9.6289],[-61.5052,-9.6914],[-61.546,-9.7154],[-61.553,-9.7072],[-61.5729,-9.724],[-61.5667,-9.7294],[-61.5552,-9.7291],[-61.5314,-9.7399],[-61.5473,-9.7876],[-61.5248,-9.7957],[-61.5084,-9.8729],[-61.5111,-9.8956],[-61.5249,-9.9066],[-61.5233,-9.9485],[-61.5311,-9.9898],[-61.5404,-10.0016],[-61.5558,-10.039],[-61.5843,-10.0596],[-61.5786,-10.0793],[-61.6014,-10.1565],[-61.5997,-10.1592],[-61.5967,-10.1624],[-61.5785,-10.1632],[-61.5587,-10.1765],[-61.5586,-10.1766],[-61.5739,-10.209],[-61.5767,-10.2485],[-61.5621,-10.2721],[-61.5337,-10.3319],[-61.5214,-10.3308],[-61.5017,-10.3538],[-61.497,-10.3896],[-61.4968,-10.3896],[-61.4768,-10.4106],[-61.4761,-10.4185],[-61.4693,-10.4151],[-61.4643,-10.4166],[-61.4807,-10.4878],[-61.479,-10.5297],[-61.4789,-10.53],[-61.4662,-10.5412],[-61.4799,-10.5692],[-61.4789,-10.6431],[-61.4928,-10.6757],[-61.4958,-10.6835],[-61.4809,-10.7148],[-61.4723,-10.715],[-61.4863,-10.7272],[-61.4764,-10.7678],[-61.486,-10.8006],[-61.4954,-10.7825],[-61.5095,-10.8308],[-61.5213,-10.8426],[-61.5237,-10.8817],[-61.5237,-10.8818],[-61.5188,-10.9172],[-61.5188,-10.9174],[-61.5199,-10.9501],[-61.5273,-10.9569],[-61.53,-10.979],[-61.5385,-10.9759],[-61.5502,-10.9861],[-61.5143,-10.9866],[-61.3902,-10.988],[-61.0005,-10.9923],[-60.9503,-10.9886],[-60.8028,-10.9891],[-60.46,-10.9899],[-60.4416,-11.0168],[-60.4379,-11.0167],[-60.4465,-11.0422],[-60.4296,-11.0375],[-60.4115,-11.0468],[-60.4115,-11.0471],[-60.4083,-11.0713],[-60.4041,-11.0694],[-60.3837,-11.0962],[-60.3836,-11.0962],[-60.3732,-11.0941],[-60.3479,-11.1091],[-60.3484,-11.0741],[-60.3345,-11.0829],[-60.3012,-11.0572],[-60.2914,-11.0655],[-60.2823,-11.064],[-60.278,-11.0794],[-60.278,-11.0798],[-60.2709,-11.0987],[-60.2651,-11.0937],[-60.2487,-11.0969],[-60.2388,-11.095],[-60.2274,-11.1055],[-60.2105,-11.1068],[-60.1989,-11.1141],[-60.1887,-11.108],[-60.1592,-11.0957],[-60.1524,-11.1009],[-60.148,-11.0993],[-60.1424,-11.1058],[-60.1306,-11.1009],[-60.1203,-11.1069],[-60.1126,-11.1026],[-60.0961,-11.1108],[-60.0842,-11.0969],[-60.0666,-11.1255],[-60.0374,-11.1174],[-60.0306,-11.1282],[-60.0305,-11.1284],[-60.0193,-11.1291],[-60.0157,-11.1163],[-59.9953,-11.1252],[-59.9868,-11.1145],[-59.9839,-11.1163],[-59.9837,-11.1164],[-59.9799,-11.1398],[-59.989,-11.1381],[-59.9958,-11.157],[-59.9803,-11.1796],[-59.982,-11.2332],[-59.9818,-11.2338],[-59.9678,-11.253],[-59.9594,-11.2948],[-59.9277,-11.3105],[-59.9173,-11.3379],[-59.9171,-11.3386],[-59.9199,-11.3812],[-59.9199,-11.3817],[-59.9259,-11.4155],[-59.926,-11.4156],[-59.9343,-11.4237],[-59.942,-11.4228],[-59.9762,-11.4392],[-59.9852,-11.4689],[-59.9857,-11.4695],[-60.0179,-11.4959],[-60.0275,-11.4964],[-60.0276,-11.4963],[-60.0312,-11.4932],[-60.0317,-11.4978],[-60.0317,-11.498],[-60.0412,-11.5165],[-60.0537,-11.5336],[-60.0865,-11.5609],[-60.0866,-11.561],[-60.0867,-11.5609],[-60.0907,-11.5549],[-60.0871,-11.5681],[-60.0944,-11.5859],[-60.1108,-11.5825],[-60.111,-11.6208],[-60.111,-11.6211],[-60.1157,-11.6688],[-60.1189,-11.6721],[-60.1216,-11.7121],[-60.1079,-11.7489],[-60.1073,-11.749],[-60.1091,-11.7806],[-60.1044,-11.7783],[-60.0966,-11.8009],[-60.1007,-11.798],[-60.1046,-11.8029],[-60.1043,-11.8029],[-60.0957,-11.8182],[-60.0957,-11.8183],[-60.1023,-11.8321],[-60.1024,-11.8323],[-60.1087,-11.8396],[-60.1011,-11.8354],[-60.0962,-11.8589],[-60.0925,-11.8532],[-60.0884,-11.8626],[-60.0833,-11.8585],[-60.0766,-11.8853],[-60.0734,-11.8845],[-60.0733,-11.8845],[-60.0605,-11.895],[-60.0424,-11.893],[-60.042,-11.8926],[-60.0334,-11.8987],[-60.0298,-11.895],[-60.0247,-11.8976],[-60.012,-11.8931],[-59.9857,-11.9121],[-59.9805,-11.9462],[-59.9804,-11.9467],[-59.9707,-11.9978],[-59.9705,-11.998],[-59.9619,-12.0564],[-59.9568,-12.0565],[-59.9471,-12.0658],[-59.9468,-12.066],[-59.9155,-12.0979],[-59.915,-12.0983],[-59.8997,-12.1172],[-59.9001,-12.1698],[-59.9085,-12.1951],[-59.8923,-12.2452],[-59.8923,-12.2455],[-59.8863,-12.2455],[-59.8848,-12.2468],[-59.7743,-12.341],[-59.7929,-12.3458],[-59.8192,-12.3788],[-59.8425,-12.4249],[-59.844,-12.467],[-59.8444,-12.4675],[-59.8684,-12.4824],[-59.8879,-12.475],[-59.8968,-12.4762],[-59.8972,-12.4712],[-59.9044,-12.4728],[-59.9045,-12.473],[-59.9076,-12.4802],[-59.9138,-12.4798],[-59.9258,-12.482],[-59.9574,-12.5022],[-59.9733,-12.5304],[-60.0009,-12.5363],[-60.0266,-12.5617],[-60.0345,-12.595],[-60.0627,-12.6073],[-60.0632,-12.6422],[-60.078,-12.6646],[-60.0873,-12.716],[-60.0904,-12.7372],[-60.0746,-12.7734],[-60.0777,-12.8036],[-60.0778,-12.8046],[-60.0846,-12.8373],[-60.0791,-12.8812],[-60.0879,-12.9021],[-60.0883,-12.9028],[-60.1051,-12.9195],[-60.1171,-12.9596],[-60.1397,-12.9702],[-60.1506,-12.9641],[-60.1674,-12.9707],[-60.1833,-12.9677],[-60.2045,-12.9955],[-60.2046,-12.9958],[-60.2152,-13.027],[-60.2412,-13.0384],[-60.2414,-13.0387],[-60.2825,-13.0933],[-60.2842,-13.099],[-60.2806,-13.1356],[-60.2684,-13.145],[-60.2961,-13.1772],[-60.2996,-13.1755],[-60.3041,-13.1792],[-60.3091,-13.1918],[-60.3202,-13.2163],[-60.3204,-13.2166],[-60.3297,-13.2354],[-60.3332,-13.2582],[-60.3521,-13.2847],[-60.354,-13.2947],[-60.3607,-13.2985],[-60.3632,-13.2966],[-60.3714,-13.3185],[-60.3716,-13.3187],[-60.3702,-13.3572],[-60.3702,-13.3575],[-60.3792,-13.3903],[-60.3791,-13.3907],[-60.3793,-13.4224],[-60.384,-13.4412],[-60.4024,-13.4629],[-60.4095,-13.462],[-60.4319,-13.4885],[-60.4563,-13.4936],[-60.4655,-13.4891],[-60.4817,-13.4969],[-60.4864,-13.4942],[-60.4954,-13.4997],[-60.4956,-13.4998],[-60.5012,-13.4985],[-60.5303,-13.5173],[-60.5436,-13.5365],[-60.544,-13.5365],[-60.544,-13.5367],[-60.5483,-13.5484],[-60.5488,-13.5484],[-60.5861,-13.5651],[-60.5876,-13.5651],[-60.5877,-13.5651],[-60.6002,-13.5728],[-60.6112,-13.5664],[-60.6321,-13.5717],[-60.6411,-13.5966],[-60.6454,-13.5929],[-60.6659,-13.6115],[-60.6692,-13.6084],[-60.6695,-13.6135],[-60.6727,-13.6125],[-60.6905,-13.649],[-60.7138,-13.676],[-60.7139,-13.676],[-60.7136,-13.6827],[-60.7167,-13.6823],[-60.717,-13.6851],[-60.7099,-13.6874],[-60.6563,-13.7384],[-60.6235,-13.7196],[-60.6003,-13.7489],[-60.5747,-13.7475],[-60.5693,-13.7687],[-60.5319,-13.7716],[-60.4655,-13.8142],[-60.4766,-13.8523],[-60.4444,-13.9309],[-60.4275,-13.9436],[-60.4032,-13.9998],[-60.406,-14.0304],[-60.4476,-14.0857],[-60.4799,-14.0978],[-60.4842,-14.1172],[-60.4752,-14.1603],[-60.4652,-14.2644],[-60.4531,-14.3144],[-60.4061,-14.3563],[-60.3932,-14.3796],[-60.401,-14.4235],[-60.3789,-14.4638],[-60.3381,-14.5119],[-60.3319,-14.5678],[-60.3211,-14.6089],[-60.293,-14.6253],[-60.2721,-14.6203],[-60.2443,-15.0968],[-60.501,-15.0963],[-60.565,-15.1087],[-60.2385,-15.4739],[-60.2034,-15.8858],[-60.1717,-16.2658],[-59.7751,-16.2739],[-59.47,-16.2796],[-59.1141,-16.2939],[-58.7854,-16.3069],[-58.4304,-16.3213],[-58.3941,-16.2968],[-58.3886,-16.261],[-58.3657,-16.2734],[-58.321,-16.2648],[-58.3031,-16.3077],[-58.3071,-16.3702],[-58.3442,-16.3893],[-58.3562,-16.4281],[-58.3337,-16.49],[-58.3438,-16.5178],[-58.386,-16.5436],[-58.3938,-16.5629],[-58.4213,-16.5736],[-58.436,-16.5924],[-58.4631,-16.6522],[-58.4734,-16.7452],[-58.4666,-16.7569],[-58.476,-16.8275],[-58.4602,-16.8636],[-58.4688,-16.9241],[-58.462,-16.9582],[-58.4315,-16.9908],[-58.4358,-17.0094],[-58.4253,-17.1121],[-58.3862,-17.1114],[-58.3975,-17.1368],[-58.3969,-17.1816],[-58.3565,-17.2123],[-58.3176,-17.2681],[-58.2764,-17.3006],[-58.2635,-17.3447],[-58.2203,-17.3601],[-58.1853,-17.3915],[-58.1515,-17.3847],[-58.1454,-17.4137],[-58.1228,-17.4147],[-58.1164,-17.4519],[-58.0892,-17.4612],[-58.0601,-17.4507],[-58.0433,-17.4927],[-57.9808,-17.5108],[-57.8834,-17.4496],[-57.7522,-17.5645],[-57.74,-17.5363],[-57.7121,-17.5432],[-57.6899,-17.6403],[-57.6717,-17.6641],[-57.6846,-17.7165],[-57.6635,-17.7299],[-57.6403,-17.7174],[-57.6231,-17.7364],[-57.6058,-17.8024],[-57.531,-17.8391],[-57.5113,-17.8639],[-57.4775,-17.8591],[-57.4619,-17.8986],[-57.4217,-17.8542],[-57.3252,-17.8292],[-57.308,-17.8108],[-57.2648,-17.8204],[-57.2271,-17.7828],[-57.2006,-17.7888],[-57.1467,-17.7675],[-57.1156,-17.7811],[-57.0739,-17.7355],[-57.0449,-17.7303],[-57.0333,-17.6948],[-56.9882,-17.6593],[-56.9647,-17.6218],[-56.9823,-17.6039],[-56.9667,-17.5714],[-56.9175,-17.5414],[-56.8759,-17.533],[-56.846,-17.4806],[-56.8409,-17.442],[-56.8244,-17.4231],[-56.8287,-17.39],[-56.7859,-17.3875],[-56.7628,-17.3607],[-56.7577,-17.3267],[-56.7338,-17.3099],[-56.6831,-17.3166],[-56.6738,-17.3334],[-56.6167,-17.3238],[-56.5958,-17.3326],[-56.5138,-17.3128],[-56.49,-17.2983],[-56.4441,-17.3316],[-56.4325,-17.3186],[-56.3889,-17.302],[-56.3517,-17.2776],[-56.3358,-17.29],[-56.3135,-17.2694],[-56.2978,-17.2766],[-56.2513,-17.219],[-56.2087,-17.2273],[-56.1981,-17.2062],[-56.1633,-17.1947],[-56.1139,-17.1666],[-56.0844,-17.1777],[-56.0457,-17.171],[-56.0055,-17.2042],[-56.0037,-17.2337],[-55.9461,-17.2725],[-55.9166,-17.2651],[-55.8748,-17.2686],[-55.8419,-17.3012],[-55.8065,-17.298],[-55.7844,-17.3301],[-55.7612,-17.3235],[-55.7228,-17.3492],[-55.709,-17.3376],[-55.656,-17.3464],[-55.6461,-17.3594],[-55.6134,-17.3599],[-55.5829,-17.3791],[-55.5886,-17.4138],[-55.524,-17.4812],[-55.4726,-17.4814],[-55.4437,-17.5118],[-55.4052,-17.5124],[-55.3537,-17.5316],[-55.3506,-17.5486],[-55.2996,-17.5412],[-55.2691,-17.5568],[-55.2641,-17.5779],[-55.2181,-17.6075],[-55.1807,-17.6232],[-55.163,-17.6422],[-55.1272,-17.6527],[-55.1087,-17.6287],[-55.0638,-17.6425],[-55.0107,-17.6293],[-54.9918,-17.6384],[-54.9742,-17.6171],[-54.9143,-17.6085],[-54.8948,-17.6215],[-54.8608,-17.6239],[-54.7621,-17.5544],[-54.7503,-17.5234],[-54.6955,-17.5035],[-54.6074,-17.4871],[-54.5816,-17.468],[-54.5541,-17.4887],[-54.5363,-17.4776],[-54.5037,-17.4801],[-54.4742,-17.498],[-54.4669,-17.5291],[-54.4232,-17.5365],[-54.3744,-17.6086],[-54.3845,-17.6362],[-54.3355,-17.6617],[-54.3024,-17.6617],[-54.2503,-17.6405],[-54.2437,-17.6289],[-54.1934,-17.6061],[-54.1542,-17.6059],[-54.0846,-17.619],[-54.0732,-17.5878],[-54.0552,-17.5703],[-54.0459,-17.5372],[-54.058,-17.5131],[-54.0286,-17.4796],[-53.984,-17.4738],[-53.9522,-17.4593],[-53.9145,-17.4144],[-53.8683,-17.3684],[-53.8313,-17.355],[-53.8349,-17.3358],[-53.82,-17.2946],[-53.7857,-17.2875],[-53.759,-17.2431],[-53.7051,-17.2282],[-53.68,-17.2536],[-53.7046,-17.6635],[-53.7569,-17.6735],[-53.7988,-17.6705],[-53.8436,-17.6927],[-53.8883,-17.749],[-53.9103,-17.8039],[-53.9411,-17.8402],[-53.9557,-17.883],[-53.9385,-17.9201],[-53.8985,-17.9088],[-53.8701,-17.9274],[-53.8375,-17.9347],[-53.8086,-17.9722],[-53.7742,-18.0008],[-53.7338,-17.9953],[-53.6903,-18.0025],[-53.6612,-17.9775],[-53.6125,-17.978],[-53.6069,-17.9955],[-53.5178,-18.0206],[-53.486,-18.0404],[-53.4678,-18.0349],[-53.4572,-17.9997],[-53.4304,-17.984],[-53.3807,-18.0088],[-53.3425,-18.0083],[-53.2991,-17.9955],[-53.1987,-18.0203],[-53.1767,-18.0416],[-53.0722,-18.034],[-53.07,-17.9859],[-53.1004,-17.9368],[-53.1314,-17.9169],[-53.143,-17.8717],[-53.1363,-17.8371],[-53.1634,-17.7955],[-53.1773,-17.7559],[-53.2008,-17.7307],[-53.2379,-17.7131],[-53.2508,-17.6281],[-53.2391,-17.5809],[-53.2479,-17.5589],[-53.2415,-17.4929],[-53.2288,-17.4661],[-53.2295,-17.4284],[-53.2095,-17.3856],[-53.1969,-17.3805],[-53.205,-17.3333],[-53.2191,-17.2996],[-53.1959,-17.2766],[-53.1562,-17.1886],[-53.1574,-17.1706],[-53.1281,-17.1546],[-53.1191,-17.1132],[-53.0877,-17.0987],[-53.056,-17.0704],[-53.0689,-17.03],[-53.0499,-16.9928],[-53.0551,-16.9634],[-53.0341,-16.9413],[-53.0396,-16.912],[-53.0189,-16.8987],[-53.0138,-16.8649],[-52.9691,-16.8697],[-52.927,-16.8416],[-52.9444,-16.8132],[-52.907,-16.7993],[-52.8822,-16.7761],[-52.8323,-16.7723],[-52.7889,-16.7205],[-52.7617,-16.7063],[-52.7692,-16.6724],[-52.7465,-16.6553],[-52.7408,-16.6039],[-52.7248,-16.5868],[-52.7037,-16.5957],[-52.6627,-16.5511],[-52.6357,-16.5516],[-52.6055,-16.4862],[-52.6043,-16.4647],[-52.6385,-16.4371],[-52.6505,-16.4087],[-52.6766,-16.4123],[-52.6929,-16.3683],[-52.6823,-16.3435],[-52.6869,-16.3155],[-52.6624,-16.2837],[-52.6235,-16.2874],[-52.6107,-16.2724],[-52.5463,-16.2585],[-52.5683,-16.2349],[-52.5461,-16.2196],[-52.5486,-16.1651],[-52.4769,-16.1264],[-52.3978,-16.0934],[-52.3751,-16.0984],[-52.328,-16.0706],[-52.3104,-16.0074],[-52.289,-15.9661],[-52.2653,-15.947],[-52.2526,-15.8927],[-52.1911,-15.8818],[-52.1285,-15.895],[-52.1074,-15.8823],[-52.0113,-15.8862],[-51.9832,-15.844],[-51.9541,-15.8377],[-51.9488,-15.8104],[-51.912,-15.8136],[-51.8902,-15.832],[-51.8296,-15.7402],[-51.8045,-15.7133],[-51.7578,-15.6359],[-51.7536,-15.6102],[-51.7776,-15.5543],[-51.7277,-15.5508],[-51.7354,-15.5109],[-51.7046,-15.4967],[-51.7084,-15.4565],[-51.6928,-15.4332],[-51.6976,-15.41],[-51.6713,-15.3717],[-51.6862,-15.3459],[-51.6883,-15.3089],[-51.6787,-15.2907],[-51.6469,-15.2679],[-51.668,-15.2463],[-51.6529,-15.2067],[-51.652,-15.1799],[-51.5989,-15.1567],[-51.5739,-15.1135],[-51.5527,-15.1059],[-51.5359,-15.0697],[-51.5123,-15.0546],[-51.4777,-15.0567],[-51.4416,-15.0301],[-51.4277,-15.0083],[-51.3983,-15.0035],[-51.3768,-15.0129],[-51.3572,-15.0025],[-51.3377,-14.9734],[-51.3019,-14.9865],[-51.2904,-15.0343],[-51.2426,-15.0354],[-51.1986,-15.0049],[-51.1507,-14.9838],[-51.1469,-14.9595],[-51.127,-14.9371],[-51.084,-14.9164],[-51.0911,-14.8943],[-51.0894,-14.8404],[-51.0683,-14.8103],[-51.0445,-14.795],[-51.0539,-14.7467],[-51.0272,-14.7068],[-51.0315,-14.6801],[-50.9915,-14.6128],[-50.9973,-14.5782],[-50.9628,-14.527],[-50.9682,-14.4823],[-50.987,-14.4571],[-50.999,-14.4192],[-50.989,-14.3992],[-50.9898,-14.3627],[-50.9692,-14.3339],[-50.9752,-14.2909],[-50.9622,-14.2509],[-50.9144,-14.1723],[-50.9186,-14.1258],[-50.8678,-14.1251],[-50.8414,-14.1049],[-50.8317,-14.0727],[-50.8518,-14.0291],[-50.8492,-14.0008],[-50.8631,-13.9853],[-50.8627,-13.9569],[-50.8457,-13.9417],[-50.8414,-13.86],[-50.8567,-13.8315],[-50.8538,-13.7658],[-50.8707,-13.7393],[-50.8564,-13.7158],[-50.8229,-13.7132],[-50.8039,-13.691],[-50.7813,-13.6191],[-50.7684,-13.597],[-50.7634,-13.53],[-50.745,-13.5076],[-50.6969,-13.4759],[-50.6841,-13.4442],[-50.6654,-13.4423],[-50.6656,-13.3761],[-50.6463,-13.3612],[-50.6072,-13.3109],[-50.6052,-13.2735],[-50.5877,-13.2485],[-50.5845,-13.2153],[-50.6033,-13.1969],[-50.5902,-13.1096],[-50.6117,-13.0644],[-50.5769,-13.0511],[-50.593,-13.0029],[-50.5568,-13.0025],[-50.5259,-12.9764],[-50.5261,-12.9399],[-50.5018,-12.8827],[-50.5112,-12.8608],[-50.5203,-12.8364],[-50.5319,-12.8436],[-50.5669,-12.8434],[-50.5978,-12.8268],[-50.5845,-12.7998],[-50.6033,-12.8005],[-50.6148,-12.7717],[-50.6302,-12.7761],[-50.6229,-12.7346],[-50.6332,-12.7015],[-50.6451,-12.7022],[-50.6562,-12.646],[-50.6825,-12.6479],[-50.6996,-12.6478],[-50.7041,-12.5998],[-50.6899,-12.5934],[-50.6738,-12.6001],[-50.6864,-12.5692],[-50.6637,-12.5374],[-50.6422,-12.4525],[-50.6271,-12.4584],[-50.6182,-12.429],[-50.6326,-12.4171],[-50.6268,-12.384],[-50.6443,-12.3477],[-50.6378,-12.3253],[-50.6489,-12.2991],[-50.6295,-12.281],[-50.6499,-12.2491],[-50.6554,-12.2182],[-50.6786,-12.2189],[-50.679,-12.1553],[-50.6676,-12.0646],[-50.6866,-12.0451],[-50.6778,-12.0195],[-50.6822,-11.9909],[-50.6568,-11.9669],[-50.6678,-11.9278],[-50.6405,-11.9027],[-50.6392,-11.8846],[-50.6653,-11.8645],[-50.6826,-11.8629],[-50.688,-11.825],[-50.7005,-11.8035],[-50.7215,-11.7317],[-50.674,-11.6927],[-50.6621,-11.6685],[-50.6646,-11.6266],[-50.6574,-11.5928],[-50.67,-11.5816],[-50.6821,-11.5832],[-50.7159,-11.579],[-50.7409,-11.5372],[-50.7347,-11.5118],[-50.742,-11.4604],[-50.7269,-11.4111],[-50.7285,-11.3826],[-50.7122,-11.3598],[-50.6968,-11.3047],[-50.6701,-11.2846],[-50.656,-11.2402],[-50.6645,-11.1546],[-50.6586,-11.1288],[-50.6094,-11.0674],[-50.6174,-11.032],[-50.6202,-10.9689],[-50.6329,-10.9359],[-50.6007,-10.9007],[-50.6049,-10.8725],[-50.622,-10.8394],[-50.6071,-10.8047],[-50.5977,-10.8047],[-50.5705,-10.7525],[-50.5876,-10.686],[-50.6033,-10.66],[-50.5825,-10.6441],[-50.5631,-10.6113],[-50.5374,-10.6052],[-50.5197,-10.5625],[-50.5167,-10.5055],[-50.5037,-10.4959],[-50.5003,-10.4959],[-50.4878,-10.468],[-50.4737,-10.4049],[-50.4482,-10.3916],[-50.4182,-10.3563],[-50.4245,-10.334],[-50.3981,-10.2544],[-50.3829,-10.225],[-50.3921,-10.134],[-50.3398,-10.0609],[-50.3124,-10.0457],[-50.2942,-10.0161],[-50.2779,-9.9708],[-50.2642,-9.9085],[-50.2248,-9.8412],[-50.6962,-9.8108],[-50.8428,-9.8008],[-51.3042,-9.7729],[-51.4881,-9.7606],[-52.2553,-9.7078],[-52.3595,-9.7004],[-52.6183,-9.6823],[-53.1333,-9.6453],[-53.4516,-9.6214],[-53.8402,-9.5923],[-54.1066,-9.5719],[-54.6134,-9.5358],[-54.8595,-9.5162],[-55.1521,-9.4927],[-55.604,-9.4559],[-55.7918,-9.4405],[-56.2737,-9.4007],[-56.6718,-9.3674],[-56.6978,-9.3741],[-56.7112,-9.3743],[-56.7347,-9.3949],[-56.7542,-9.4064],[-56.761,-9.405],[-56.7723,-9.391],[-56.7791,-9.3172],[-56.7851,-9.3166],[-56.8033,-9.2675],[-56.82,-9.2463],[-56.8441,-9.2408],[-56.8603,-9.2317],[-56.8795,-9.2397],[-56.9381,-9.2304],[-56.9522,-9.2231],[-56.9955,-9.2338],[-57.0081,-9.2233],[-57.0226,-9.2197],[-57.0233,-9.219],[-57.0389,-9.198],[-57.0481,-9.1935],[-57.0601,-9.182],[-57.053,-9.1568],[-57.0604,-9.1371],[-57.0394,-9.0997],[-57.0629,-9.0774],[-57.0822,-9.0478],[-57.0945,-9.0171],[-57.1399,-8.9928],[-57.1888,-8.9332],[-57.2155,-8.9145],[-57.2162,-8.9141],[-57.2455,-8.9061],[-57.2595,-8.9075],[-57.265,-8.9087],[-57.2861,-8.9155],[-57.306,-8.9099],[-57.3173,-8.8862],[-57.3178,-8.8857],[-57.3843,-8.8796],[-57.3856,-8.8784],[-57.4161,-8.859],[-57.4137,-8.8276],[-57.4275,-8.7832],[-57.4524,-8.7866],[-57.4635,-8.7848],[-57.4874,-8.7682],[-57.5303,-8.7482],[-57.559,-8.7599],[-57.5623,-8.7613],[-57.5862,-8.7594],[-57.5866,-8.7592],[-57.6004,-8.7424],[-57.6004,-8.7385]]]},"properties":{"sigla":"MT","nome":"Mato Grosso"},"id":"MT"},{"type":"Feature","geometry":{"type":"Polygon","coordinates":[[[-54.8722,2.4337],[-54.9354,2.5185],[-54.9542,2.5836],[-55.0037,2.5909],[-55.0562,2.5531],[-55.103,2.5256],[-55.1234,2.5676],[-55.1728,2.5593],[-55.2347,2.5034],[-55.3202,2.5154],[-55.3562,2.4756],[-55.3456,2.448],[-55.3853,2.4184],[-55.4294,2.4389],[-55.4997,2.4432],[-55.5706,2.4235],[-55.5746,2.4378],[-55.6422,2.416],[-55.6983,2.4215],[-55.7076,2.4031],[-55.747,2.4104],[-55.7666,2.4552],[-55.8302,2.4591],[-55.8545,2.4806],[-55.8808,2.4889],[-55.9016,2.5172],[-55.9346,2.5334],[-55.9782,2.5273],[-55.9779,2.4964],[-55.9895,2.4695],[-56.0115,2.4528],[-55.9894,2.4271],[-56.0366,2.3742],[-56.0296,2.3324],[-56.0506,2.335],[-56.0739,2.3708],[-56.0901,2.3723],[-56.0938,2.3212],[-56.1072,2.3183],[-56.1253,2.2782],[-56.1204,2.2503],[-56.0429,2.2278],[-56.0362,2.2135],[-56.0563,2.1893],[-56.0351,2.1688],[-56.0031,2.1676],[-55.9913,2.1313],[-55.9668,2.0884],[-55.9487,2.0917],[-55.9088,2.0474],[-55.9137,1.9905],[-55.9363,1.9865],[-55.9225,1.9504],[-55.9205,1.919],[-55.9039,1.888],[-55.9343,1.8715],[-55.9564,1.8451],[-55.999,1.8313],[-56.0367,1.8502],[-56.0987,1.8465],[-56.1299,1.8592],[-56.1526,1.8907],[-56.1685,1.8876],[-56.2345,1.8986],[-56.244,1.8781],[-56.3214,1.9236],[-56.3349,1.9371],[-56.4118,1.9283],[-56.437,1.9517],[-56.4829,1.9541],[-56.4956,1.938],[-56.5798,1.9059],[-56.6215,1.9459],[-56.651,1.9171],[-56.6823,1.9123],[-56.721,1.9258],[-56.7649,1.8884],[-56.7738,1.8688],[-56.8935,1.8993],[-56.9197,1.9304],[-56.9715,1.9056],[-57.0007,1.9073],[-57.032,1.9469],[-57.0712,1.9687],[-57.0711,1.9966],[-57.1116,2.0295],[-57.12,2.0102],[-57.1999,1.9787],[-57.2291,1.9535],[-57.2554,1.9503],[-57.2772,1.983],[-57.3071,1.9967],[-57.3132,1.9772],[-57.3456,1.9803],[-57.3677,1.9237],[-57.4334,1.906],[-57.4319,1.8585],[-57.4509,1.8064],[-57.5019,1.7861],[-57.4973,1.7668],[-57.5532,1.6924],[-57.576,1.7027],[-57.6048,1.693],[-57.6293,1.6985],[-57.6504,1.6824],[-57.7051,1.7309],[-57.7311,1.7189],[-57.7923,1.7266],[-57.7998,1.6852],[-57.8364,1.6866],[-57.895,1.6743],[-57.9268,1.6448],[-57.981,1.6593],[-57.9853,1.6167],[-57.9786,1.5728],[-58.0055,1.5168],[-58.0609,1.5253],[-58.0695,1.5073],[-58.0976,1.5139],[-58.1294,1.4989],[-58.1496,1.51],[-58.1606,1.5601],[-58.2129,1.5648],[-58.236,1.5467],[-58.2623,1.5707],[-58.3171,1.5684],[-58.3324,1.5907],[-58.3604,1.5602],[-58.3631,1.538],[-58.3937,1.5199],[-58.3856,1.47],[-58.4128,1.4727],[-58.4728,1.4611],[-58.5087,1.4629],[-58.4981,1.4301],[-58.5051,1.4032],[-58.4796,1.3902],[-58.4701,1.3708],[-58.471,1.3193],[-58.4951,1.2949],[-58.4962,1.268],[-58.5382,1.2677],[-58.5596,1.2902],[-58.5885,1.2699],[-58.6287,1.2885],[-58.664,1.2793],[-58.6801,1.2962],[-58.7098,1.2835],[-58.7151,1.2376],[-58.7396,1.1999],[-58.7698,1.1865],[-58.7915,1.1905],[-58.8212,1.171],[-58.8543,1.1835],[-58.8746,1.2232],[-58.8954,1.2276],[-58.8954,0.9047],[-58.8955,0.5917],[-58.8954,0.2635],[-58.8949,-0.011],[-58.8865,-0.0592],[-58.8638,-0.0781],[-58.863,-0.161],[-58.8809,-0.1966],[-58.8792,-0.2294],[-58.8653,-0.2656],[-58.8749,-0.2959],[-58.872,-0.343],[-58.8465,-0.3651],[-58.782,-0.3898],[-58.7439,-0.4175],[-58.7251,-0.4423],[-58.7353,-0.4716],[-58.7107,-0.5215],[-58.7108,-0.5471],[-58.7291,-0.5622],[-58.7319,-0.6274],[-58.7095,-0.6485],[-58.7051,-0.679],[-58.6835,-0.6873],[-58.6566,-0.7161],[-58.6367,-0.7181],[-58.6137,-0.7555],[-58.5713,-0.7857],[-58.5605,-0.8046],[-58.5009,-0.8364],[-58.4875,-0.8598],[-58.4589,-0.864],[-58.436,-0.8835],[-58.453,-0.8982],[-58.4507,-0.9261],[-58.4147,-0.9671],[-58.43,-1.0271],[-58.4116,-1.0443],[-58.3684,-1.0661],[-58.3612,-1.1051],[-58.3443,-1.1085],[-58.3232,-1.1433],[-58.2547,-1.1326],[-58.2433,-1.1566],[-58.2152,-1.1657],[-58.1945,-1.1997],[-58.1626,-1.2297],[-58.1277,-1.1901],[-58.1236,-1.1646],[-58.0942,-1.1605],[-58.0818,-1.1265],[-58.0422,-1.1034],[-58.0175,-1.1062],[-58.0071,-1.1458],[-57.9791,-1.1544],[-57.9654,-1.2061],[-57.9906,-1.2921],[-57.9963,-1.3444],[-57.9708,-1.3591],[-57.9184,-1.4198],[-57.8941,-1.4336],[-57.8798,-1.4233],[-57.824,-1.4398],[-57.7972,-1.4858],[-57.7732,-1.5088],[-57.7131,-1.5042],[-57.7124,-1.5357],[-57.6786,-1.5944],[-57.59,-1.5801],[-57.5858,-1.5962],[-57.5456,-1.6106],[-57.5071,-1.6413],[-57.4751,-1.678],[-57.4386,-1.6665],[-57.4119,-1.6733],[-57.3524,-1.7328],[-57.3279,-1.7159],[-57.2743,-1.7098],[-57.2307,-1.726],[-57.1617,-1.7291],[-57.1717,-1.7498],[-57.1293,-1.7642],[-57.1157,-1.7918],[-57.0978,-1.7751],[-57.0604,-1.8158],[-57.0735,-1.8317],[-57.0371,-1.9116],[-56.9883,-1.9072],[-56.9445,-1.9639],[-56.9236,-1.9643],[-56.886,-1.9837],[-56.859,-2.016],[-56.8167,-2.023],[-56.7669,-2.0087],[-56.7265,-2.031],[-56.7213,-2.0592],[-56.7327,-2.0918],[-56.7694,-2.1407],[-56.7609,-2.1741],[-56.7077,-2.1839],[-56.679,-2.2126],[-56.6353,-2.2036],[-56.6128,-2.2102],[-56.5994,-2.1776],[-56.5803,-2.1794],[-56.527,-2.1392],[-56.5076,-2.1437],[-56.4778,-2.1704],[-56.4535,-2.1541],[-56.4138,-2.176],[-56.3677,-2.1371],[-56.3435,-2.1495],[-56.3167,-2.1402],[-56.2974,-2.1008],[-56.2561,-2.0884],[-56.2283,-2.0563],[-56.197,-2.057],[-56.1866,-2.0429],[-56.145,-2.0392],[-56.0986,-2.027],[-56.1023,-2.0481],[-56.192,-2.1715],[-56.2202,-2.1959],[-56.2634,-2.2211],[-56.3842,-2.2705],[-56.4127,-2.3218],[-56.4208,-2.3602],[-56.4655,-2.4231],[-56.4644,-2.4316],[-56.4021,-2.4566],[-56.4331,-2.5164],[-56.5759,-2.8241],[-56.7628,-3.2322],[-56.8872,-3.4991],[-57.0004,-3.7592],[-57.1307,-4.0357],[-57.3501,-4.502],[-57.4766,-4.7704],[-57.6598,-5.1632],[-57.8606,-5.6007],[-58.0336,-5.9781],[-58.2552,-6.4541],[-58.2666,-6.4756],[-58.293,-6.4939],[-58.3256,-6.4993],[-58.3322,-6.533],[-58.3498,-6.5624],[-58.4217,-6.6107],[-58.4651,-6.6701],[-58.4784,-6.6996],[-58.48,-6.7852],[-58.4345,-6.9088],[-58.3802,-6.9705],[-58.3353,-6.9864],[-58.2882,-7.0617],[-58.2398,-7.0955],[-58.1822,-7.1798],[-58.168,-7.2313],[-58.1747,-7.2714],[-58.1699,-7.3132],[-58.1473,-7.3433],[-58.137,-7.3561],[-58.1371,-7.3556],[-58.1384,-7.349],[-58.1185,-7.3531],[-58.0603,-7.397],[-58.0327,-7.4565],[-58.0021,-7.4881],[-57.9725,-7.5346],[-57.9471,-7.597],[-57.9446,-7.6062],[-57.9347,-7.6565],[-57.9343,-7.6568],[-57.9,-7.6709],[-57.8969,-7.682],[-57.8738,-7.8012],[-57.8353,-7.8806],[-57.8318,-7.9615],[-57.8019,-8.0071],[-57.7765,-8.0522],[-57.7317,-8.0913],[-57.7277,-8.0983],[-57.7198,-8.1466],[-57.7053,-8.1673],[-57.7046,-8.168],[-57.6672,-8.1765],[-57.6449,-8.2096],[-57.6455,-8.2343],[-57.663,-8.2685],[-57.6648,-8.2949],[-57.6798,-8.319],[-57.6688,-8.3643],[-57.6865,-8.4078],[-57.6815,-8.4331],[-57.6535,-8.4683],[-57.6514,-8.4717],[-57.6597,-8.4916],[-57.6603,-8.4934],[-57.6389,-8.5127],[-57.6373,-8.514],[-57.6383,-8.5394],[-57.6398,-8.5417],[-57.6487,-8.5746],[-57.6483,-8.5768],[-57.6308,-8.5854],[-57.6224,-8.595],[-57.6208,-8.6471],[-57.5965,-8.6929],[-57.6004,-8.7385],[-57.6004,-8.7424],[-57.5866,-8.7592],[-57.5862,-8.7594],[-57.5623,-8.7613],[-57.559,-8.7599],[-57.5303,-8.7482],[-57.4874,-8.7682],[-57.4635,-8.7848],[-57.4524,-8.7866],[-57.4275,-8.7832],[-57.4137,-8.8276],[-57.4161,-8.859],[-57.3856,-8.8784],[-57.3843,-8.8796],[-57.3178,-8.8857],[-57.3173,-8.8862],[-57.306,-8.9099],[-57.2861,-8.9155],[-57.265,-8.9087],[-57.2595,-8.9075],[-57.2455,-8.9061],[-57.2162,-8.9141],[-57.2155,-8.9145],[-57.1888,-8.9332],[-57.1399,-8.9928],[-57.0945,-9.0171],[-57.0822,-9.0478],[-57.0629,-9.0774],[-57.0394,-9.0997],[-57.0604,-9.1371],[-57.053,-9.1568],[-57.0601,-9.182],[-57.0481,-9.1935],[-57.0389,-9.198],[-57.0233,-9.219],[-57.0226,-9.2197],[-57.0081,-9.2233],[-56.9955,-9.2338],[-56.9522,-9.2231],[-56.9381,-9.2304],[-56.8795,-9.2397],[-56.8603,-9.2317],[-56.8441,-9.2408],[-56.82,-9.2463],[-56.8033,-9.2675],[-56.7851,-9.3166],[-56.7791,-9.3172],[-56.7723,-9.391],[-56.761,-9.405],[-56.7542,-9.4064],[-56.7347,-9.3949],[-56.7112,-9.3743],[-56.6978,-9.3741],[-56.6718,-9.3674],[-56.2737,-9.4007],[-55.7918,-9.4405],[-55.604,-9.4559],[-55.1521,-9.4927],[-54.8595,-9.5162],[-54.6134,-9.5358],[-54.1066,-9.5719],[-53.8402,-9.5923],[-53.4516,-9.6214],[-53.1333,-9.6453],[-52.6183,-9.6823],[-52.3595,-9.7004],[-52.2553,-9.7078],[-51.4881,-9.7606],[-51.3042,-9.7729],[-50.8428,-9.8008],[-50.6962,-9.8108],[-50.2248,-9.8412],[-50.2037,-9.7909],[-50.1979,-9.7588],[-50.151,-9.6956],[-50.139,-9.6275],[-50.1073,-9.5943],[-50.1073,-9.5725],[-50.0895,-9.5457],[-50.1053,-9.4754],[-50.0901,-9.4316],[-50.0535,-9.3735],[-50.0554,-9.3347],[-50.0377,-9.2894],[-50.005,-9.2688],[-49.994,-9.2341],[-49.9661,-9.2309],[-49.9434,-9.2009],[-49.9077,-9.1738],[-49.8968,-9.1437],[-49.8673,-9.0971],[-49.8426,-9.0273],[-49.7936,-8.9794],[-49.7451,-8.9062],[-49.7292,-8.8993],[-49.6843,-8.8565],[-49.5924,-8.8395],[-49.5434,-8.7614],[-49.4898,-8.692],[-49.4514,-8.6125],[-49.4099,-8.58],[-49.3915,-8.4898],[-49.3739,-8.4512],[-49.3494,-8.4184],[-49.3133,-8.4029],[-49.2833,-8.3796],[-49.27,-8.3433],[-49.2486,-8.2554],[-49.2096,-8.1755],[-49.2073,-8.1225],[-49.1993,-8.0876],[-49.1801,-8.0676],[-49.1733,-8.021],[-49.182,-7.977],[-49.1696,-7.9548],[-49.1627,-7.9005],[-49.1649,-7.8329],[-49.1484,-7.8073],[-49.1579,-7.7938],[-49.2031,-7.7745],[-49.2965,-7.6965],[-49.328,-7.6778],[-49.3416,-7.6573],[-49.382,-7.5661],[-49.3779,-7.497],[-49.3197,-7.4313],[-49.2314,-7.3258],[-49.1853,-7.2352],[-49.1832,-7.2146],[-49.1938,-7.1298],[-49.1913,-7.0749],[-49.1953,-7.0263],[-49.2174,-6.9615],[-49.2095,-6.9254],[-49.1719,-6.8929],[-49.1152,-6.87],[-49.0437,-6.8158],[-49.0189,-6.7842],[-48.9637,-6.7795],[-48.9138,-6.7574],[-48.8471,-6.7485],[-48.8322,-6.754],[-48.7691,-6.7307],[-48.7369,-6.6928],[-48.6827,-6.6779],[-48.6519,-6.64],[-48.6643,-6.5706],[-48.6453,-6.507],[-48.6131,-6.4537],[-48.5489,-6.4069],[-48.5002,-6.3509],[-48.4244,-6.357],[-48.3864,-6.3802],[-48.3753,-6.3468],[-48.3812,-6.3286],[-48.412,-6.3061],[-48.4364,-6.1934],[-48.4083,-6.1534],[-48.3655,-6.1474],[-48.3245,-6.1327],[-48.2855,-6.0915],[-48.302,-6.0473],[-48.3327,-6.0383],[-48.3347,-6.0043],[-48.3143,-5.9792],[-48.2519,-5.9604],[-48.2294,-5.9304],[-48.2456,-5.8962],[-48.2908,-5.8394],[-48.2998,-5.7847],[-48.2935,-5.7512],[-48.2725,-5.7255],[-48.22,-5.7282],[-48.1736,-5.71],[-48.1392,-5.6469],[-48.1381,-5.6027],[-48.2126,-5.5543],[-48.2615,-5.5481],[-48.3007,-5.523],[-48.3411,-5.4671],[-48.3516,-5.4279],[-48.3816,-5.396],[-48.4646,-5.4123],[-48.5139,-5.4298],[-48.5575,-5.4167],[-48.5967,-5.4226],[-48.6291,-5.4101],[-48.6505,-5.3849],[-48.7262,-5.3762],[-48.7551,-5.3492],[-48.5491,-5.1884],[-48.4341,-5.0962],[-48.4368,-5.0787],[-48.419,-5.0857],[-48.3963,-5.0704],[-48.2124,-4.9249],[-47.8161,-4.6147],[-47.8051,-4.5974],[-47.7926,-4.5864],[-47.754,-4.5908],[-47.7248,-4.6064],[-47.7014,-4.6048],[-47.6634,-4.5974],[-47.6119,-4.5574],[-47.608,-4.5487],[-47.5815,-4.52],[-47.5637,-4.4746],[-47.5344,-4.4482],[-47.5028,-4.4037],[-47.4989,-4.3882],[-47.4882,-4.3767],[-47.4881,-4.3672],[-47.4763,-4.3565],[-47.4827,-4.3482],[-47.4764,-4.341],[-47.4795,-4.3285],[-47.4717,-4.3207],[-47.4747,-4.3151],[-47.4324,-4.2849],[-47.4296,-4.2867],[-47.4293,-4.2869],[-47.4297,-4.2762],[-47.4172,-4.278],[-47.4027,-4.2683],[-47.3718,-4.2456],[-47.3745,-4.2349],[-47.3718,-4.2323],[-47.3791,-4.2212],[-47.3744,-4.2176],[-47.3725,-4.2184],[-47.3703,-4.2192],[-47.3711,-4.2182],[-47.3681,-4.2099],[-47.3692,-4.2066],[-47.3655,-4.2058],[-47.3658,-4.2043],[-47.3603,-4.1914],[-47.3658,-4.1807],[-47.3402,-4.1771],[-47.3472,-4.1573],[-47.3425,-4.1481],[-47.3506,-4.1153],[-47.3472,-4.1087],[-47.3431,-4.0971],[-47.3314,-4.0914],[-47.3313,-4.0695],[-47.3248,-4.0654],[-47.3122,-4.0512],[-47.3063,-4.0592],[-47.3034,-4.0538],[-47.2931,-4.0523],[-47.2939,-4.0432],[-47.2867,-4.0456],[-47.2854,-4.0362],[-47.2771,-4.034],[-47.2772,-4.0306],[-47.2752,-4.0312],[-47.2673,-4.0259],[-47.2227,-4.0013],[-47.2225,-4.0005],[-47.2045,-3.9883],[-47.2017,-3.9736],[-47.1965,-3.9766],[-47.1997,-3.9808],[-47.1875,-3.9796],[-47.1928,-3.9689],[-47.1815,-3.9671],[-47.1784,-3.9609],[-47.1803,-3.9562],[-47.1814,-3.9597],[-47.1837,-3.9477],[-47.1693,-3.9435],[-47.1758,-3.9299],[-47.1701,-3.9292],[-47.1731,-3.9238],[-47.1485,-3.9145],[-47.1487,-3.8969],[-47.1382,-3.9038],[-47.137,-3.8856],[-47.1294,-3.8809],[-47.1287,-3.8767],[-47.122,-3.8784],[-47.1246,-3.8814],[-47.1206,-3.882],[-47.1138,-3.8777],[-47.1048,-3.8733],[-47.0937,-3.8609],[-47.0887,-3.8616],[-47.0843,-3.8478],[-47.0794,-3.8462],[-47.0805,-3.8448],[-47.0804,-3.836],[-47.0816,-3.8338],[-47.0867,-3.8249],[-47.0848,-3.8254],[-47.079,-3.827],[-47.078,-3.8211],[-47.0726,-3.8179],[-47.0782,-3.8117],[-47.0755,-3.8049],[-47.0757,-3.8043],[-47.0676,-3.8029],[-47.064,-3.7906],[-47.0592,-3.7845],[-47.0647,-3.7778],[-47.0561,-3.7745],[-47.0596,-3.7693],[-47.0553,-3.7683],[-47.0653,-3.7594],[-47.0534,-3.7466],[-47.0593,-3.7433],[-47.0531,-3.7381],[-47.0571,-3.7217],[-47.0481,-3.7189],[-47.0545,-3.685],[-47.0496,-3.677],[-47.0408,-3.6743],[-47.037,-3.668],[-47.0527,-3.6632],[-47.0459,-3.6577],[-47.0562,-3.6544],[-47.057,-3.6546],[-47.0535,-3.6489],[-47.0535,-3.6488],[-47.0556,-3.6467],[-47.0401,-3.6441],[-47.0523,-3.6354],[-47.0486,-3.6196],[-47.0404,-3.6154],[-47.0382,-3.6055],[-47.0306,-3.6046],[-47.0321,-3.6001],[-47.0274,-3.5988],[-47.0412,-3.5896],[-47.032,-3.5881],[-47.0347,-3.5852],[-47.0272,-3.5809],[-47.0363,-3.5732],[-47.0395,-3.5736],[-47.0345,-3.5692],[-47.034,-3.5687],[-47.0375,-3.5614],[-47.0163,-3.5631],[-47.0182,-3.5479],[-47.0101,-3.5487],[-47.0044,-3.5425],[-47.004,-3.5421],[-47.0034,-3.534],[-46.9773,-3.5304],[-46.98,-3.5189],[-46.9703,-3.5149],[-46.9827,-3.4957],[-46.9599,-3.4957],[-46.9694,-3.4736],[-46.948,-3.4765],[-46.9561,-3.4617],[-46.9475,-3.4598],[-46.9516,-3.4482],[-46.9469,-3.452],[-46.9424,-3.4473],[-46.942,-3.447],[-46.9563,-3.4375],[-46.9534,-3.432],[-46.9564,-3.4259],[-46.9548,-3.4231],[-46.9476,-3.4235],[-46.9485,-3.4207],[-46.9401,-3.4207],[-46.9423,-3.4177],[-46.9403,-3.4146],[-46.949,-3.3927],[-46.939,-3.3968],[-46.9446,-3.3782],[-46.9233,-3.3746],[-46.9248,-3.3648],[-46.9167,-3.3651],[-46.9176,-3.3617],[-46.9098,-3.3688],[-46.9075,-3.3594],[-46.8978,-3.3581],[-46.9023,-3.3498],[-46.8895,-3.3361],[-46.8895,-3.3356],[-46.8775,-3.3417],[-46.878,-3.3459],[-46.8758,-3.3466],[-46.8723,-3.341],[-46.8683,-3.3405],[-46.8736,-3.3286],[-46.8733,-3.3284],[-46.8591,-3.3396],[-46.8485,-3.3356],[-46.8497,-3.3184],[-46.8134,-3.3096],[-46.8228,-3.2982],[-46.8105,-3.2903],[-46.8152,-3.268],[-46.8022,-3.2664],[-46.8062,-3.2445],[-46.7845,-3.246],[-46.7819,-3.2223],[-46.7784,-3.2166],[-46.7759,-3.216],[-46.7597,-3.2164],[-46.7548,-3.2157],[-46.759,-3.1949],[-46.7572,-3.1942],[-46.7719,-3.1772],[-46.744,-3.1796],[-46.7488,-3.1658],[-46.7196,-3.1539],[-46.731,-3.1269],[-46.743,-3.1361],[-46.7493,-3.1235],[-46.7478,-3.1209],[-46.7308,-3.1238],[-46.7211,-3.1088],[-46.712,-3.1142],[-46.7156,-3.1243],[-46.7027,-3.1188],[-46.7032,-3.1162],[-46.6758,-3.0937],[-46.6822,-3.0752],[-46.6728,-3.0656],[-46.6769,-3.0331],[-46.6676,-3.032],[-46.6682,-3.0295],[-46.6593,-3.0098],[-46.6734,-3.0003],[-46.6692,-2.9932],[-46.6498,-2.9942],[-46.662,-2.9764],[-46.6479,-2.9718],[-46.6673,-2.9361],[-46.6589,-2.9209],[-46.6656,-2.9056],[-46.6701,-2.8957],[-46.6806,-2.8916],[-46.6686,-2.8758],[-46.6376,-2.8832],[-46.6423,-2.8784],[-46.6361,-2.8761],[-46.6413,-2.8643],[-46.6295,-2.8659],[-46.6319,-2.8623],[-46.6297,-2.8586],[-46.6409,-2.8528],[-46.6403,-2.8526],[-46.6222,-2.8586],[-46.6123,-2.8575],[-46.6185,-2.8359],[-46.6184,-2.8357],[-46.6037,-2.8332],[-46.5758,-2.8414],[-46.5783,-2.8392],[-46.5825,-2.832],[-46.5811,-2.8304],[-46.5823,-2.8285],[-46.5943,-2.8252],[-46.5894,-2.8231],[-46.6078,-2.7888],[-46.6114,-2.7999],[-46.6366,-2.7937],[-46.6319,-2.7671],[-46.6509,-2.757],[-46.6561,-2.7418],[-46.6571,-2.7389],[-46.653,-2.7363],[-46.6702,-2.7308],[-46.6664,-2.7247],[-46.6719,-2.711],[-46.6639,-2.6942],[-46.647,-2.6891],[-46.6507,-2.6821],[-46.649,-2.6792],[-46.633,-2.682],[-46.6338,-2.6731],[-46.6211,-2.6681],[-46.6219,-2.6445],[-46.5893,-2.6602],[-46.5848,-2.637],[-46.505,-2.6149],[-46.5092,-2.5895],[-46.4908,-2.5814],[-46.5003,-2.5488],[-46.4943,-2.5365],[-46.4731,-2.5449],[-46.4187,-2.528],[-46.4363,-2.5066],[-46.4286,-2.4935],[-46.4398,-2.4786],[-46.4401,-2.4128],[-46.427,-2.3996],[-46.4199,-2.383],[-46.4075,-2.3687],[-46.4259,-2.3609],[-46.4485,-2.3815],[-46.4629,-2.3767],[-46.4659,-2.3694],[-46.4609,-2.3599],[-46.4295,-2.3317],[-46.4307,-2.303],[-46.4192,-2.2915],[-46.4141,-2.2804],[-46.4282,-2.2397],[-46.4069,-2.2323],[-46.3778,-2.2535],[-46.3422,-2.2272],[-46.3368,-2.2117],[-46.3298,-2.1983],[-46.2759,-2.1587],[-46.2928,-2.1487],[-46.263,-2.1215],[-46.2676,-2.0807],[-46.2627,-2.0577],[-46.2627,-2.0563],[-46.2496,-2.0408],[-46.2393,-2.0115],[-46.2478,-1.9928],[-46.2366,-1.9713],[-46.2307,-1.9333],[-46.2205,-1.9148],[-46.2276,-1.8863],[-46.2433,-1.8779],[-46.2153,-1.8449],[-46.2086,-1.8309],[-46.2192,-1.8129],[-46.2358,-1.7987],[-46.3193,-1.7907],[-46.324,-1.7656],[-46.3113,-1.7336],[-46.2912,-1.7234],[-46.2617,-1.7288],[-46.2427,-1.7173],[-46.2041,-1.7197],[-46.2008,-1.7032],[-46.1705,-1.6964],[-46.1537,-1.6776],[-46.1603,-1.6245],[-46.1447,-1.6096],[-46.1504,-1.5943],[-46.1313,-1.5786],[-46.1397,-1.5143],[-46.1695,-1.4704],[-46.1332,-1.4373],[-46.1472,-1.4153],[-46.1315,-1.4004],[-46.121,-1.3691],[-46.1041,-1.3403],[-46.1039,-1.3392],[-46.0986,-1.3349],[-46.1165,-1.326],[-46.1226,-1.3215],[-46.1539,-1.2695],[-46.14,-1.2531],[-46.1374,-1.2429],[-46.1428,-1.2329],[-46.1425,-1.2194],[-46.1042,-1.2021],[-46.0733,-1.1109],[-46.1007,-1.071],[-46.1046,-1.0412],[-46.1561,-1.0497],[-46.1557,-1.0035],[-46.1716,-0.9929],[-46.2066,-1.0399],[-46.2217,-0.9897],[-46.2015,-0.9649],[-46.2101,-0.9302],[-46.1871,-0.9333],[-46.1856,-0.9035],[-46.2047,-0.8864],[-46.2249,-0.9078],[-46.2651,-0.9178],[-46.2725,-0.9653],[-46.3206,-1.0221],[-46.3579,-0.9986],[-46.3822,-1.0339],[-46.3928,-1.0172],[-46.3904,-0.9872],[-46.4192,-0.9964],[-46.4271,-1.0139],[-46.461,-1.0243],[-46.4735,-0.9284],[-46.4567,-0.8997],[-46.4233,-0.8915],[-46.427,-0.8579],[-46.4551,-0.8744],[-46.4846,-0.8732],[-46.511,-0.8843],[-46.5317,-0.9308],[-46.561,-0.9284],[-46.581,-0.974],[-46.6018,-0.9513],[-46.6418,-0.9675],[-46.6327,-0.9133],[-46.6523,-0.8936],[-46.6106,-0.8497],[-46.625,-0.8128],[-46.6521,-0.783],[-46.6879,-0.8176],[-46.7216,-0.8271],[-46.7334,-0.8943],[-46.747,-0.8286],[-46.7664,-0.8175],[-46.8115,-0.868],[-46.8167,-0.8288],[-46.8369,-0.8154],[-46.8296,-0.7492],[-46.8457,-0.7357],[-46.8844,-0.7697],[-46.8864,-0.7977],[-46.912,-0.8183],[-46.9096,-0.8442],[-46.9211,-0.8721],[-46.9683,-0.7794],[-46.9577,-0.7476],[-46.9577,-0.7134],[-46.9822,-0.7054],[-47.0409,-0.7439],[-47.0493,-0.779],[-47.0792,-0.7179],[-47.0687,-0.7045],[-47.0911,-0.6696],[-47.1686,-0.695],[-47.1819,-0.669],[-47.1994,-0.665],[-47.2125,-0.6376],[-47.236,-0.6283],[-47.2864,-0.6285],[-47.2829,-0.607],[-47.3225,-0.5942],[-47.3539,-0.609],[-47.3703,-0.6313],[-47.4069,-0.6575],[-47.4203,-0.6422],[-47.4192,-0.5921],[-47.4704,-0.5939],[-47.5254,-0.6257],[-47.5599,-0.5876],[-47.5794,-0.5814],[-47.5805,-0.6382],[-47.6092,-0.6974],[-47.6309,-0.6889],[-47.6272,-0.6262],[-47.6483,-0.5861],[-47.686,-0.5961],[-47.7039,-0.5353],[-47.7192,-0.5371],[-47.7384,-0.5642],[-47.7876,-0.5659],[-47.8081,-0.5744],[-47.825,-0.6138],[-47.8166,-0.6344],[-47.8222,-0.6651],[-47.841,-0.6802],[-47.8538,-0.6522],[-47.8423,-0.6226],[-47.8463,-0.5914],[-47.8647,-0.5567],[-47.9041,-0.5601],[-47.9109,-0.613],[-47.9622,-0.6367],[-47.9626,-0.6628],[-47.9864,-0.7059],[-47.9984,-0.7017],[-48.0004,-0.6643],[-48.4726,-0.4991],[-48.4572,-0.4737],[-48.4338,-0.4034],[-48.3905,-0.3633],[-48.3849,-0.2978],[-48.4122,-0.2573],[-48.4727,-0.2319],[-48.5085,-0.2445],[-48.6065,-0.2307],[-48.6378,-0.232],[-48.6767,-0.2537],[-48.7028,-0.2571],[-48.7752,-0.2404],[-48.7849,-0.2236],[-48.8451,-0.2186],[-48.8967,-0.2233],[-48.9136,-0.2332],[-49,-0.182],[-49.0082,-0.1604],[-49.3676,-0.0004],[-49.391,0.0458],[-49.4353,0.0677],[-49.458,0.0649],[-49.4822,0.0871],[-49.5623,0.2029],[-49.6015,0.2666],[-49.6157,0.313],[-49.6423,0.3419],[-49.6776,0.3659],[-49.783,0.3356],[-49.8378,0.3396],[-49.9033,0.311],[-49.9672,0.3206],[-50.015,0.3332],[-50.0612,0.3384],[-50.0525,0.3722],[-50.0435,0.4861],[-50.0355,0.5088],[-50.0408,0.5735],[-50.0594,0.6164],[-50.092,0.6471],[-50.0939,0.702],[-50.1569,0.7051],[-50.198,0.7008],[-50.2478,0.6918],[-50.3472,0.6668],[-50.4098,0.6233],[-50.4365,0.6001],[-50.4523,0.5709],[-50.4672,0.5309],[-50.4762,0.4815],[-50.504,0.435],[-50.5239,0.3723],[-50.5561,0.3067],[-50.5996,0.2493],[-50.6448,0.2087],[-50.6756,0.1791],[-50.7519,0.1261],[-50.8035,0.1063],[-50.908,0.0794],[-50.9341,0.0696],[-50.9851,0.0294],[-50.9969,0.0034],[-51.0074,-0.0004],[-51.0656,-0.0763],[-51.1184,-0.0976],[-51.1749,-0.1046],[-51.2163,-0.1187],[-51.2657,-0.1955],[-51.3021,-0.2517],[-51.328,-0.269],[-51.3547,-0.3211],[-51.3625,-0.3682],[-51.4207,-0.429],[-51.4324,-0.4734],[-51.4578,-0.5133],[-51.5031,-0.556],[-51.5955,-0.6505],[-51.6654,-0.7619],[-51.6882,-0.8233],[-51.6956,-0.9248],[-51.6856,-1.0129],[-51.7004,-1.0633],[-51.7784,-1.1405],[-51.8091,-1.1571],[-51.882,-1.1664],[-51.9259,-1.1324],[-51.9558,-1.1697],[-51.9659,-1.1596],[-51.9656,-1.1259],[-51.9937,-1.132],[-51.9911,-1.1719],[-52.0409,-1.1702],[-52.0629,-1.1929],[-52.0475,-1.2143],[-52.0546,-1.2343],[-52.0704,-1.236],[-52.1098,-1.2182],[-52.1067,-1.1831],[-52.1166,-1.15],[-52.1467,-1.1488],[-52.1735,-1.1302],[-52.2221,-1.1346],[-52.2386,-1.1263],[-52.2733,-1.1286],[-52.3009,-1.116],[-52.3329,-1.1159],[-52.3581,-1.0626],[-52.3831,-1.054],[-52.42,-1.0527],[-52.4292,-1.0427],[-52.4144,-1.0093],[-52.4199,-0.966],[-52.4395,-0.9356],[-52.4139,-0.919],[-52.4031,-0.8772],[-52.4198,-0.8547],[-52.4555,-0.8303],[-52.4968,-0.8496],[-52.5169,-0.8587],[-52.535,-0.8421],[-52.5098,-0.8135],[-52.5227,-0.7917],[-52.4978,-0.7308],[-52.5017,-0.6928],[-52.5158,-0.6636],[-52.5112,-0.6399],[-52.5231,-0.5891],[-52.5351,-0.5741],[-52.593,-0.5818],[-52.6129,-0.5949],[-52.64,-0.585],[-52.6677,-0.5442],[-52.6736,-0.5194],[-52.6954,-0.4965],[-52.7026,-0.4593],[-52.6791,-0.4237],[-52.6985,-0.3872],[-52.6818,-0.34],[-52.6841,-0.3144],[-52.7009,-0.2929],[-52.7402,-0.2767],[-52.7584,-0.2397],[-52.8361,-0.1862],[-52.8447,-0.1598],[-52.8768,-0.1428],[-52.8976,-0.1545],[-52.9327,-0.1424],[-52.971,-0.0432],[-52.9767,-0.0077],[-52.9852,0.0356],[-53.0149,0.0596],[-53.0111,0.095],[-53.0292,0.1047],[-53.0396,0.1359],[-53.0521,0.1573],[-53.0942,0.1952],[-53.1064,0.2317],[-53.0948,0.2621],[-53.1119,0.2865],[-53.1343,0.3001],[-53.1513,0.3518],[-53.1753,0.3817],[-53.1599,0.4029],[-53.1677,0.4457],[-53.1595,0.4882],[-53.152,0.5318],[-53.1548,0.5633],[-53.1473,0.6003],[-53.1227,0.63],[-53.1057,0.6794],[-53.1169,0.6915],[-53.1469,0.6997],[-53.1574,0.729],[-53.1846,0.7474],[-53.1902,0.7683],[-53.2551,0.8091],[-53.2874,0.8456],[-53.3613,0.896],[-53.4114,0.9293],[-53.4106,0.9566],[-53.4108,0.982],[-53.4282,1.0116],[-53.4274,1.0432],[-53.4558,1.0773],[-53.4591,1.1336],[-53.4533,1.1436],[-53.4212,1.1473],[-53.4044,1.1511],[-53.4029,1.1939],[-53.4253,1.2214],[-53.4737,1.2393],[-53.5389,1.2123],[-53.5463,1.2284],[-53.5233,1.2613],[-53.5566,1.2847],[-53.5626,1.3065],[-53.5333,1.3223],[-53.5421,1.3448],[-53.5706,1.3372],[-53.5952,1.3581],[-53.6332,1.3473],[-53.6435,1.3638],[-53.6412,1.3991],[-53.6603,1.3998],[-53.6705,1.3719],[-53.6874,1.3857],[-53.7134,1.3964],[-53.7551,1.3945],[-53.7746,1.3968],[-53.8039,1.4234],[-53.8227,1.4138],[-53.807,1.3917],[-53.8549,1.4015],[-53.8762,1.4074],[-53.8877,1.4077],[-53.8767,1.4354],[-53.8959,1.455],[-53.9175,1.4568],[-53.9303,1.4498],[-53.9435,1.4712],[-53.967,1.4843],[-53.9974,1.4757],[-53.9995,1.5047],[-54.0399,1.5061],[-54.0559,1.4934],[-54.0779,1.4856],[-54.0887,1.4919],[-54.089,1.5136],[-54.0987,1.5504],[-54.1175,1.5581],[-54.1019,1.5842],[-54.1185,1.5814],[-54.123,1.6073],[-54.1468,1.6437],[-54.1761,1.6479],[-54.1822,1.658],[-54.1874,1.6279],[-54.1974,1.6317],[-54.2029,1.6489],[-54.2444,1.676],[-54.2636,1.6801],[-54.2656,1.6957],[-54.2898,1.7205],[-54.3092,1.741],[-54.3295,1.7437],[-54.3441,1.7466],[-54.3516,1.754],[-54.3777,1.7636],[-54.3874,1.7451],[-54.4178,1.7565],[-54.4246,1.7604],[-54.4706,1.7557],[-54.5018,1.751],[-54.5085,1.7482],[-54.528,1.7649],[-54.6019,1.7845],[-54.6258,1.7806],[-54.6436,1.7685],[-54.6711,1.7656],[-54.7022,1.7722],[-54.7464,1.7864],[-54.7469,1.8057],[-54.734,1.8319],[-54.7531,1.8509],[-54.7715,1.9404],[-54.7601,1.9601],[-54.7639,1.9787],[-54.7808,1.9995],[-54.8113,2.0393],[-54.8059,2.0536],[-54.812,2.0709],[-54.8061,2.0763],[-54.8046,2.1078],[-54.8009,2.1425],[-54.7814,2.1671],[-54.7678,2.1808],[-54.7706,2.2083],[-54.7989,2.2455],[-54.809,2.2863],[-54.805,2.3291],[-54.8075,2.3416],[-54.866,2.4028],[-54.8762,2.4266],[-54.8722,2.4337]]]},"properties":{"sigla":"PA","nome":"Pará"},"id":"PA"},{"type":"Feature","geometry":{"type":"Polygon","coordinates":[[[-37.2319,-6.0276],[-37.2565,-6.0285],[-37.2636,-6.0464],[-37.2956,-6.0501],[-37.3289,-6.0648],[-37.3545,-6.0865],[-37.3716,-6.0828],[-37.3824,-6.0856],[-37.3922,-6.1082],[-37.4457,-6.1122],[-37.459,-6.145],[-37.4741,-6.1488],[-37.483,-6.1517],[-37.5697,-6.1555],[-37.5999,-6.1741],[-37.6385,-6.1799],[-37.6802,-6.1892],[-37.709,-6.177],[-37.7424,-6.189],[-37.7531,-6.2145],[-37.7766,-6.2459],[-37.7705,-6.2657],[-37.7578,-6.2878],[-37.7717,-6.291],[-37.8105,-6.2917],[-37.8148,-6.3152],[-37.8338,-6.3218],[-37.8343,-6.3424],[-37.8441,-6.3544],[-37.8599,-6.3749],[-37.8885,-6.3873],[-37.9281,-6.4216],[-37.9455,-6.4227],[-37.9681,-6.4052],[-37.9687,-6.4188],[-38.0144,-6.4304],[-38.02,-6.446],[-38.0363,-6.46],[-38.0515,-6.4424],[-38.0666,-6.4605],[-38.0709,-6.464],[-38.098,-6.5095],[-38.1355,-6.5185],[-38.1479,-6.4915],[-38.1923,-6.4984],[-38.229,-6.4834],[-38.2393,-6.4803],[-38.2941,-6.4894],[-38.312,-6.4889],[-38.3285,-6.4607],[-38.3394,-6.4602],[-38.3438,-6.4567],[-38.361,-6.462],[-38.3638,-6.4537],[-38.382,-6.4321],[-38.4031,-6.4098],[-38.4384,-6.4099],[-38.4521,-6.3925],[-38.4863,-6.3988],[-38.4849,-6.3402],[-38.5054,-6.3566],[-38.545,-6.3446],[-38.5499,-6.3507],[-38.5451,-6.3538],[-38.5653,-6.3567],[-38.5761,-6.3627],[-38.5816,-6.3968],[-38.5824,-6.4004],[-38.5734,-6.4038],[-38.5309,-6.3932],[-38.5245,-6.4071],[-38.5555,-6.4376],[-38.5698,-6.4549],[-38.5704,-6.4702],[-38.6123,-6.5132],[-38.6105,-6.5323],[-38.6327,-6.5625],[-38.6331,-6.5693],[-38.6292,-6.6046],[-38.6492,-6.6276],[-38.6571,-6.6423],[-38.6729,-6.7068],[-38.656,-6.7303],[-38.6527,-6.7598],[-38.6402,-6.7892],[-38.6485,-6.8074],[-38.6556,-6.8142],[-38.6756,-6.8303],[-38.6723,-6.847],[-38.6785,-6.8641],[-38.7287,-6.8874],[-38.7563,-6.9036],[-38.759,-6.9167],[-38.7588,-6.9253],[-38.7654,-6.948],[-38.7429,-6.975],[-38.761,-6.9901],[-38.7135,-7.0181],[-38.6699,-7.0477],[-38.6773,-7.0671],[-38.6572,-7.0943],[-38.6774,-7.131],[-38.6753,-7.1558],[-38.683,-7.176],[-38.6442,-7.1838],[-38.6248,-7.1914],[-38.6194,-7.2208],[-38.5831,-7.2484],[-38.552,-7.2435],[-38.5545,-7.2519],[-38.5422,-7.2659],[-38.5346,-7.2938],[-38.5504,-7.3155],[-38.5494,-7.335],[-38.5962,-7.4148],[-38.5843,-7.4332],[-38.595,-7.434],[-38.6034,-7.4576],[-38.6449,-7.4601],[-38.6309,-7.4874],[-38.646,-7.502],[-38.6592,-7.5607],[-38.6888,-7.5822],[-38.711,-7.5867],[-38.713,-7.6084],[-38.715,-7.6163],[-38.7176,-7.6269],[-38.6868,-7.6351],[-38.6265,-7.6948],[-38.59,-7.7557],[-38.4966,-7.7501],[-38.4905,-7.7347],[-38.4571,-7.7181],[-38.4095,-7.7305],[-38.404,-7.7145],[-38.371,-7.6985],[-38.3267,-7.6937],[-38.3022,-7.7452],[-38.2978,-7.814],[-38.2868,-7.8303],[-38.2386,-7.8308],[-38.1627,-7.78],[-38.1438,-7.7834],[-38.1201,-7.819],[-38.0771,-7.8306],[-38.0695,-7.7724],[-38.0396,-7.7482],[-38.0055,-7.7778],[-37.9714,-7.7776],[-37.9034,-7.6981],[-37.8806,-7.6837],[-37.8572,-7.652],[-37.808,-7.644],[-37.7762,-7.6467],[-37.7066,-7.5695],[-37.6596,-7.5232],[-37.6304,-7.5325],[-37.6098,-7.5081],[-37.5331,-7.473],[-37.5274,-7.4484],[-37.4947,-7.3991],[-37.4981,-7.3669],[-37.4255,-7.353],[-37.3857,-7.3567],[-37.3495,-7.3371],[-37.3573,-7.3232],[-37.3326,-7.2898],[-37.2884,-7.2883],[-37.2778,-7.2752],[-37.2336,-7.2744],[-37.1967,-7.2947],[-37.1353,-7.3467],[-37.0974,-7.354],[-37.028,-7.3859],[-37.0134,-7.4041],[-37.026,-7.4225],[-37.0108,-7.4537],[-36.9843,-7.4823],[-37.1216,-7.5362],[-37.1733,-7.5879],[-37.1967,-7.6296],[-37.1952,-7.6521],[-37.1546,-7.7064],[-37.139,-7.7456],[-37.1598,-7.7933],[-37.1916,-7.7912],[-37.2306,-7.8068],[-37.2221,-7.8423],[-37.2472,-7.8468],[-37.2441,-7.8739],[-37.2874,-7.9039],[-37.3037,-7.9042],[-37.3177,-7.9428],[-37.3348,-7.9431],[-37.3398,-7.9798],[-37.2956,-7.965],[-37.2374,-7.9733],[-37.2074,-7.9522],[-37.1934,-7.9829],[-37.1518,-8.0095],[-37.1569,-8.0646],[-37.1437,-8.088],[-37.1426,-8.118],[-37.1586,-8.1389],[-37.1603,-8.1704],[-37.1265,-8.1737],[-37.1229,-8.2091],[-37.0812,-8.2664],[-37.0401,-8.2664],[-37.0207,-8.2897],[-36.9912,-8.303],[-36.955,-8.2994],[-36.945,-8.2753],[-36.923,-8.2699],[-36.896,-8.2409],[-36.8125,-8.2053],[-36.7949,-8.1898],[-36.7535,-8.1915],[-36.7258,-8.1565],[-36.6679,-8.1243],[-36.6286,-8.1111],[-36.6538,-8.0704],[-36.6279,-8.0558],[-36.6279,-7.9864],[-36.6119,-7.9479],[-36.5869,-7.9587],[-36.5726,-7.936],[-36.5687,-7.9032],[-36.5365,-7.9016],[-36.4802,-7.9248],[-36.4458,-7.9082],[-36.4299,-7.8851],[-36.43,-7.8271],[-36.4241,-7.8158],[-36.3608,-7.8058],[-36.3092,-7.8067],[-36.2711,-7.8306],[-36.2396,-7.8112],[-36.2463,-7.7853],[-36.2167,-7.7641],[-36.201,-7.7899],[-36.1434,-7.7816],[-36.069,-7.781],[-36.0216,-7.8103],[-35.9983,-7.8138],[-35.97,-7.7895],[-35.8935,-7.7837],[-35.8829,-7.772],[-35.8815,-7.7677],[-35.8811,-7.7664],[-35.8811,-7.7663],[-35.8817,-7.7562],[-35.8722,-7.7496],[-35.8704,-7.7498],[-35.8686,-7.7501],[-35.8623,-7.7511],[-35.8418,-7.747],[-35.8332,-7.7499],[-35.8298,-7.7518],[-35.8276,-7.7511],[-35.8209,-7.749],[-35.8204,-7.7488],[-35.8159,-7.7467],[-35.8061,-7.7467],[-35.8033,-7.7448],[-35.7975,-7.7409],[-35.79,-7.7405],[-35.7887,-7.7402],[-35.7806,-7.7384],[-35.7747,-7.7334],[-35.7739,-7.7326],[-35.7711,-7.7303],[-35.7519,-7.7237],[-35.7463,-7.721],[-35.7449,-7.7179],[-35.7431,-7.7138],[-35.7366,-7.7096],[-35.7214,-7.7095],[-35.7116,-7.7052],[-35.7082,-7.6974],[-35.7001,-7.6919],[-35.6954,-7.694],[-35.6938,-7.6998],[-35.6845,-7.7002],[-35.6809,-7.7004],[-35.6752,-7.7002],[-35.6589,-7.6973],[-35.6453,-7.6924],[-35.6097,-7.6538],[-35.5608,-7.6599],[-35.5151,-7.6433],[-35.5317,-7.6217],[-35.5197,-7.5355],[-35.502,-7.5125],[-35.5033,-7.4561],[-35.4754,-7.4449],[-35.4416,-7.457],[-35.4224,-7.4752],[-35.2802,-7.3877],[-35.2461,-7.3746],[-35.2002,-7.3876],[-35.1721,-7.3881],[-35.0978,-7.4084],[-35.0791,-7.3963],[-35.0296,-7.4259],[-34.9855,-7.462],[-34.9843,-7.5079],[-34.9608,-7.5388],[-34.9327,-7.5286],[-34.9174,-7.5418],[-34.8888,-7.5359],[-34.8386,-7.5443],[-34.8262,-7.5478],[-34.8098,-7.512],[-34.815,-7.4868],[-34.8,-7.3577],[-34.8031,-7.2106],[-34.7937,-7.1545],[-34.8224,-7.1309],[-34.8341,-7.0984],[-34.8305,-7.0734],[-34.8437,-7.0559],[-34.8258,-7.007],[-34.8597,-7.0272],[-34.8689,-6.9794],[-34.8508,-6.9646],[-34.8671,-6.9369],[-34.8688,-6.8979],[-34.9028,-6.8653],[-34.9192,-6.7672],[-34.9348,-6.6987],[-34.9623,-6.6402],[-34.9688,-6.4902],[-34.9716,-6.4853],[-34.9921,-6.5015],[-35.0286,-6.5056],[-35.0578,-6.5278],[-35.0956,-6.4977],[-35.1126,-6.5052],[-35.1327,-6.5358],[-35.1704,-6.5584],[-35.2074,-6.5438],[-35.2235,-6.5163],[-35.2324,-6.5318],[-35.2533,-6.5341],[-35.2746,-6.5439],[-35.3308,-6.5444],[-35.3799,-6.503],[-35.4008,-6.4917],[-35.4467,-6.4869],[-35.4601,-6.4768],[-35.4958,-6.4833],[-35.514,-6.4782],[-35.5521,-6.4909],[-35.5648,-6.4918],[-35.5918,-6.4772],[-35.6204,-6.4574],[-35.6368,-6.4544],[-35.682,-6.448],[-35.7113,-6.4711],[-35.7262,-6.4697],[-35.7503,-6.4785],[-35.78,-6.4833],[-35.9442,-6.4931],[-35.9777,-6.489],[-36.0084,-6.4652],[-36.0801,-6.4052],[-36.0986,-6.42],[-36.1438,-6.4254],[-36.2042,-6.4323],[-36.2498,-6.4374],[-36.2512,-6.4045],[-36.283,-6.3975],[-36.2964,-6.3705],[-36.2785,-6.3494],[-36.2799,-6.3089],[-36.2871,-6.3011],[-36.3076,-6.2815],[-36.3626,-6.31],[-36.3946,-6.294],[-36.4303,-6.3623],[-36.4999,-6.3582],[-36.5044,-6.3865],[-36.531,-6.4521],[-36.5309,-6.4719],[-36.5259,-6.5012],[-36.4827,-6.5196],[-36.4793,-6.5399],[-36.4692,-6.5491],[-36.4492,-6.554],[-36.4359,-6.6259],[-36.4606,-6.6344],[-36.4735,-6.6145],[-36.502,-6.6015],[-36.5219,-6.5971],[-36.5208,-6.6106],[-36.5418,-6.6661],[-36.5475,-6.6952],[-36.5589,-6.7092],[-36.5442,-6.7312],[-36.5048,-6.754],[-36.5013,-6.7776],[-36.5055,-6.8089],[-36.5292,-6.8254],[-36.5602,-6.8408],[-36.5668,-6.8666],[-36.6098,-6.9369],[-36.6873,-6.926],[-36.7186,-6.9828],[-36.7558,-6.9543],[-36.7666,-6.9359],[-36.745,-6.8796],[-36.7302,-6.8364],[-36.7608,-6.838],[-36.7728,-6.7871],[-36.8351,-6.7311],[-36.9103,-6.757],[-36.9572,-6.7905],[-36.9646,-6.7741],[-36.9718,-6.7407],[-36.9777,-6.7219],[-37.01,-6.7146],[-37.0595,-6.7495],[-37.129,-6.766],[-37.1523,-6.7984],[-37.1907,-6.8254],[-37.2346,-6.8247],[-37.2552,-6.8111],[-37.2694,-6.762],[-37.264,-6.7322],[-37.2902,-6.7131],[-37.2983,-6.6916],[-37.3427,-6.7013],[-37.4,-6.6998],[-37.4847,-6.7101],[-37.4752,-6.6729],[-37.4772,-6.642],[-37.4804,-6.6053],[-37.4806,-6.5599],[-37.4648,-6.5327],[-37.4157,-6.5319],[-37.3973,-6.5146],[-37.391,-6.4529],[-37.3813,-6.4371],[-37.3977,-6.4163],[-37.3886,-6.3798],[-37.3776,-6.3694],[-37.3774,-6.3444],[-37.3634,-6.3222],[-37.3282,-6.3032],[-37.3065,-6.2781],[-37.2748,-6.2815],[-37.2706,-6.2518],[-37.2516,-6.2265],[-37.1943,-6.1983],[-37.193,-6.1831],[-37.1657,-6.1704],[-37.157,-6.1525],[-37.1751,-6.1422],[-37.167,-6.1104],[-37.1756,-6.055],[-37.2319,-6.0276]]]},"properties":{"sigla":"PB","nome":"Paraíba"},"id":"PB"},{"type":"Feature","geometry":{"type":"MultiPolygon","coordinates":[[[[-40.1278,-7.382],[-40.1957,-7.3582],[-40.2208,-7.3413],[-40.263,-7.3011],[-40.279,-7.2994],[-40.3182,-7.3034],[-40.3508,-7.3342],[-40.361,-7.3556],[-40.3939,-7.3682],[-40.4336,-7.3672],[-40.5237,-7.3185],[-40.5415,-7.3323],[-40.5485,-7.3927],[-40.6523,-7.4334],[-40.6602,-7.4484],[-40.7012,-7.4564],[-40.715,-7.4806],[-40.6941,-7.5388],[-40.6444,-7.5967],[-40.622,-7.6592],[-40.6356,-7.6999],[-40.6666,-7.7264],[-40.6721,-7.7649],[-40.6538,-7.7822],[-40.5684,-7.8088],[-40.542,-7.8387],[-40.538,-7.8643],[-40.5437,-7.9585],[-40.5988,-8.0809],[-40.6039,-8.1037],[-40.5895,-8.1378],[-40.6013,-8.1502],[-40.6329,-8.1393],[-40.6436,-8.1576],[-40.7006,-8.2026],[-40.7111,-8.2251],[-40.7825,-8.2533],[-40.7799,-8.302],[-40.7928,-8.3201],[-40.8195,-8.3219],[-40.8193,-8.3624],[-40.8366,-8.3808],[-40.8586,-8.3796],[-40.87,-8.3586],[-40.8932,-8.3574],[-40.8899,-8.3868],[-40.9076,-8.399],[-40.9029,-8.4235],[-40.9269,-8.4464],[-40.9792,-8.3983],[-41.0074,-8.421],[-41.039,-8.4319],[-41.0511,-8.4805],[-41.0789,-8.4725],[-41.0905,-8.5127],[-41.1267,-8.542],[-41.1495,-8.534],[-41.1693,-8.5837],[-41.1986,-8.5925],[-41.2066,-8.6333],[-41.2513,-8.6616],[-41.2874,-8.6609],[-41.308,-8.6906],[-41.3369,-8.7084],[-41.3584,-8.7077],[-41.3344,-8.7277],[-41.2816,-8.7361],[-41.2253,-8.7047],[-41.1764,-8.7112],[-41.1137,-8.7038],[-41.129,-8.7434],[-41.1018,-8.782],[-41.0363,-8.7859],[-41.0213,-8.8436],[-40.9791,-8.8235],[-40.9464,-8.845],[-40.9214,-8.8355],[-40.8964,-8.8711],[-40.8813,-8.9157],[-40.8516,-8.9525],[-40.851,-8.9853],[-40.8252,-9.0382],[-40.821,-9.0799],[-40.8041,-9.0984],[-40.7773,-9.1007],[-40.7062,-9.142],[-40.6851,-9.1376],[-40.6674,-9.1591],[-40.6707,-9.1887],[-40.6945,-9.2335],[-40.6805,-9.2577],[-40.6873,-9.2784],[-40.7201,-9.3059],[-40.7395,-9.2966],[-40.7556,-9.3136],[-40.7373,-9.3369],[-40.7465,-9.3711],[-40.7452,-9.4047],[-40.765,-9.4133],[-40.7673,-9.4457],[-40.7222,-9.446],[-40.6813,-9.4673],[-40.6232,-9.4829],[-40.5951,-9.4674],[-40.5652,-9.464],[-40.5418,-9.4261],[-40.5107,-9.4072],[-40.4678,-9.4206],[-40.4359,-9.3622],[-40.4117,-9.3542],[-40.3913,-9.3722],[-40.3564,-9.377],[-40.3351,-9.3539],[-40.3361,-9.3272],[-40.3096,-9.2755],[-40.2858,-9.1819],[-40.294,-9.1521],[-40.2789,-9.0946],[-40.239,-9.0544],[-40.2088,-9.0638],[-40.165,-9.1065],[-40.1294,-9.1102],[-40.0736,-9.0754],[-40.0656,-9.0631],[-39.9961,-9.061],[-39.9581,-9.0486],[-39.89,-8.9669],[-39.8735,-8.9341],[-39.8823,-8.8982],[-39.9031,-8.8539],[-39.8868,-8.825],[-39.82,-8.8135],[-39.7927,-8.8199],[-39.7478,-8.7941],[-39.7005,-8.8],[-39.6768,-8.7886],[-39.675,-8.7367],[-39.6931,-8.6805],[-39.692,-8.6643],[-39.6609,-8.6574],[-39.61,-8.6572],[-39.515,-8.6025],[-39.4761,-8.5928],[-39.4566,-8.5683],[-39.4279,-8.5587],[-39.4161,-8.5422],[-39.3645,-8.5379],[-39.3452,-8.5585],[-39.2864,-8.5638],[-39.2665,-8.611],[-39.2439,-8.6317],[-39.248,-8.6688],[-39.2343,-8.7054],[-39.2008,-8.711],[-39.1696,-8.6921],[-39.1538,-8.7086],[-39.0302,-8.7385],[-38.9919,-8.7676],[-38.9775,-8.7931],[-38.9437,-8.8043],[-38.925,-8.7948],[-38.8681,-8.7839],[-38.8041,-8.7892],[-38.7397,-8.8449],[-38.7066,-8.8623],[-38.6961,-8.8906],[-38.6938,-8.9319],[-38.6744,-8.9718],[-38.6407,-8.9873],[-38.6093,-8.9552],[-38.6076,-8.8933],[-38.5729,-8.8324],[-38.5412,-8.8235],[-38.5065,-8.8333],[-38.4698,-8.8658],[-38.4793,-8.9018],[-38.5021,-8.9167],[-38.5198,-8.9476],[-38.5035,-8.9814],[-38.4491,-9.0264],[-38.4155,-9.0386],[-38.3859,-9.0249],[-38.3562,-8.9972],[-38.3208,-8.9908],[-38.2889,-9.0404],[-38.3211,-9.0701],[-38.3195,-9.1383],[-38.2876,-9.1739],[-38.2875,-9.2172],[-38.2506,-9.2905],[-38.2376,-9.3298],[-38.2021,-9.2968],[-38.1807,-9.2917],[-38.158,-9.2639],[-38.1564,-9.2492],[-38.1439,-9.2182],[-38.1193,-9.2018],[-38.0923,-9.1728],[-38.0793,-9.1706],[-37.991,-9.1554],[-37.9543,-9.1096],[-37.9516,-9.0973],[-37.9392,-9.0833],[-37.905,-9.0403],[-37.8827,-9.0407],[-37.8391,-8.9784],[-37.8263,-8.9328],[-37.8285,-8.9218],[-37.8118,-8.8848],[-37.7761,-8.8625],[-37.7589,-8.8566],[-37.7416,-8.8877],[-37.7352,-8.8876],[-37.684,-8.9684],[-37.6885,-8.9788],[-37.6895,-8.9903],[-37.6617,-8.9873],[-37.6641,-8.9996],[-37.6439,-9.0184],[-37.6262,-9.0144],[-37.6146,-8.9892],[-37.5836,-8.9702],[-37.5624,-8.974],[-37.5411,-8.9584],[-37.5301,-8.9631],[-37.5001,-8.968],[-37.4904,-8.9659],[-37.4896,-8.9884],[-37.4938,-9.0007],[-37.4694,-9.0277],[-37.4337,-9.0298],[-37.4185,-9.0439],[-37.3406,-9.0796],[-37.3107,-9.1005],[-37.3111,-9.1076],[-37.2823,-9.1489],[-37.2626,-9.1589],[-37.2336,-9.2066],[-37.2344,-9.2401],[-37.1983,-9.2155],[-37.159,-9.2391],[-37.1644,-9.2757],[-37.1063,-9.2398],[-37.0809,-9.254],[-37.0572,-9.2818],[-37.0576,-9.3176],[-37.0456,-9.3159],[-37.0243,-9.3157],[-37.0034,-9.3526],[-36.977,-9.3614],[-36.9525,-9.3826],[-36.9274,-9.3254],[-36.9217,-9.3136],[-36.8898,-9.2837],[-36.8748,-9.277],[-36.8713,-9.2681],[-36.8397,-9.2882],[-36.7972,-9.2931],[-36.7734,-9.2796],[-36.7588,-9.2714],[-36.6939,-9.2754],[-36.6849,-9.283],[-36.6572,-9.3111],[-36.6355,-9.3208],[-36.6347,-9.3269],[-36.6279,-9.3324],[-36.6249,-9.3319],[-36.5863,-9.3381],[-36.5675,-9.3322],[-36.5639,-9.3228],[-36.5719,-9.2926],[-36.5034,-9.271],[-36.4898,-9.2527],[-36.4879,-9.2417],[-36.4577,-9.2331],[-36.4543,-9.2257],[-36.437,-9.2121],[-36.4198,-9.2296],[-36.3584,-9.2183],[-36.3489,-9.2148],[-36.354,-9.2012],[-36.3389,-9.207],[-36.3006,-9.1758],[-36.2878,-9.1733],[-36.2616,-9.1773],[-36.2525,-9.1813],[-36.2391,-9.16],[-36.2463,-9.1436],[-36.267,-9.1111],[-36.2456,-9.0991],[-36.222,-9.0733],[-36.1958,-9.0448],[-36.1795,-9.041],[-36.1548,-9.04],[-36.1428,-9.0404],[-36.1273,-9.0337],[-36.1115,-9.0177],[-36.1151,-9.0134],[-36.1044,-8.999],[-36.1296,-8.9714],[-36.1273,-8.9561],[-36.0865,-8.9441],[-36.064,-8.9154],[-36.0054,-8.913],[-35.9507,-8.8923],[-35.9426,-8.8856],[-35.9243,-8.8847],[-35.9115,-8.8613],[-35.887,-8.8631],[-35.8513,-8.8681],[-35.8492,-8.8718],[-35.82,-8.8569],[-35.7951,-8.8477],[-35.7814,-8.861],[-35.776,-8.8585],[-35.7837,-8.882],[-35.7792,-8.8887],[-35.7484,-8.9172],[-35.7003,-8.9066],[-35.6648,-8.891],[-35.6292,-8.8794],[-35.6055,-8.8652],[-35.5962,-8.861],[-35.557,-8.8315],[-35.5352,-8.8195],[-35.5178,-8.8168],[-35.5043,-8.8223],[-35.5004,-8.825],[-35.4935,-8.8254],[-35.4806,-8.82],[-35.4702,-8.8132],[-35.4599,-8.8378],[-35.4359,-8.841],[-35.4091,-8.838],[-35.383,-8.8527],[-35.3064,-8.8719],[-35.2445,-8.885],[-35.2351,-8.8832],[-35.2091,-8.8918],[-35.1709,-8.891],[-35.1552,-8.9032],[-35.1297,-8.8671],[-35.1321,-8.8268],[-35.1031,-8.7852],[-35.0789,-8.711],[-35.0857,-8.6914],[-35.0459,-8.6153],[-35.0306,-8.5733],[-35.0093,-8.5676],[-34.9993,-8.5396],[-35.0007,-8.4913],[-35.0338,-8.4876],[-35.0574,-8.4656],[-35.0299,-8.4216],[-34.9675,-8.4098],[-34.9423,-8.3435],[-34.9395,-8.3031],[-34.9506,-8.2973],[-34.9402,-8.2545],[-34.92,-8.2272],[-34.9122,-8.1627],[-34.8596,-8.0487],[-34.8632,-8.0367],[-34.8379,-8.0062],[-34.8197,-7.9178],[-34.8474,-7.8126],[-34.8231,-7.7437],[-34.834,-7.6836],[-34.8076,-7.6255],[-34.8241,-7.5978],[-34.8386,-7.5443],[-34.8888,-7.5359],[-34.9174,-7.5418],[-34.9327,-7.5286],[-34.9608,-7.5388],[-34.9843,-7.5079],[-34.9855,-7.462],[-35.0296,-7.4259],[-35.0791,-7.3963],[-35.0978,-7.4084],[-35.1721,-7.3881],[-35.2002,-7.3876],[-35.2461,-7.3746],[-35.2802,-7.3877],[-35.4224,-7.4752],[-35.4416,-7.457],[-35.4754,-7.4449],[-35.5033,-7.4561],[-35.502,-7.5125],[-35.5197,-7.5355],[-35.5317,-7.6217],[-35.5151,-7.6433],[-35.5608,-7.6599],[-35.6097,-7.6538],[-35.6453,-7.6924],[-35.6589,-7.6973],[-35.6752,-7.7002],[-35.6809,-7.7004],[-35.6845,-7.7002],[-35.6938,-7.6998],[-35.6954,-7.694],[-35.7001,-7.6919],[-35.7082,-7.6974],[-35.7116,-7.7052],[-35.7214,-7.7095],[-35.7366,-7.7096],[-35.7431,-7.7138],[-35.7449,-7.7179],[-35.7463,-7.721],[-35.7519,-7.7237],[-35.7711,-7.7303],[-35.7739,-7.7326],[-35.7747,-7.7334],[-35.7806,-7.7384],[-35.7887,-7.7402],[-35.79,-7.7405],[-35.7975,-7.7409],[-35.8033,-7.7448],[-35.8061,-7.7467],[-35.8159,-7.7467],[-35.8204,-7.7488],[-35.8209,-7.749],[-35.8276,-7.7511],[-35.8298,-7.7518],[-35.8332,-7.7499],[-35.8418,-7.747],[-35.8623,-7.7511],[-35.8686,-7.7501],[-35.8704,-7.7498],[-35.8722,-7.7496],[-35.8817,-7.7562],[-35.8811,-7.7663],[-35.8811,-7.7664],[-35.8815,-7.7677],[-35.8829,-7.772],[-35.8935,-7.7837],[-35.97,-7.7895],[-35.9983,-7.8138],[-36.0216,-7.8103],[-36.069,-7.781],[-36.1434,-7.7816],[-36.201,-7.7899],[-36.2167,-7.7641],[-36.2463,-7.7853],[-36.2396,-7.8112],[-36.2711,-7.8306],[-36.3092,-7.8067],[-36.3608,-7.8058],[-36.4241,-7.8158],[-36.43,-7.8271],[-36.4299,-7.8851],[-36.4458,-7.9082],[-36.4802,-7.9248],[-36.5365,-7.9016],[-36.5687,-7.9032],[-36.5726,-7.936],[-36.5869,-7.9587],[-36.6119,-7.9479],[-36.6279,-7.9864],[-36.6279,-8.0558],[-36.6538,-8.0704],[-36.6286,-8.1111],[-36.6679,-8.1243],[-36.7258,-8.1565],[-36.7535,-8.1915],[-36.7949,-8.1898],[-36.8125,-8.2053],[-36.896,-8.2409],[-36.923,-8.2699],[-36.945,-8.2753],[-36.955,-8.2994],[-36.9912,-8.303],[-37.0207,-8.2897],[-37.0401,-8.2664],[-37.0812,-8.2664],[-37.1229,-8.2091],[-37.1265,-8.1737],[-37.1603,-8.1704],[-37.1586,-8.1389],[-37.1426,-8.118],[-37.1437,-8.088],[-37.1569,-8.0646],[-37.1518,-8.0095],[-37.1934,-7.9829],[-37.2074,-7.9522],[-37.2374,-7.9733],[-37.2956,-7.965],[-37.3398,-7.9798],[-37.3348,-7.9431],[-37.3177,-7.9428],[-37.3037,-7.9042],[-37.2874,-7.9039],[-37.2441,-7.8739],[-37.2472,-7.8468],[-37.2221,-7.8423],[-37.2306,-7.8068],[-37.1916,-7.7912],[-37.1598,-7.7933],[-37.139,-7.7456],[-37.1546,-7.7064],[-37.1952,-7.6521],[-37.1967,-7.6296],[-37.1733,-7.5879],[-37.1216,-7.5362],[-36.9843,-7.4823],[-37.0108,-7.4537],[-37.026,-7.4225],[-37.0134,-7.4041],[-37.028,-7.3859],[-37.0974,-7.354],[-37.1353,-7.3467],[-37.1967,-7.2947],[-37.2336,-7.2744],[-37.2778,-7.2752],[-37.2884,-7.2883],[-37.3326,-7.2898],[-37.3573,-7.3232],[-37.3495,-7.3371],[-37.3857,-7.3567],[-37.4255,-7.353],[-37.4981,-7.3669],[-37.4947,-7.3991],[-37.5274,-7.4484],[-37.5331,-7.473],[-37.6098,-7.5081],[-37.6304,-7.5325],[-37.6596,-7.5232],[-37.7066,-7.5695],[-37.7762,-7.6467],[-37.808,-7.644],[-37.8572,-7.652],[-37.8806,-7.6837],[-37.9034,-7.6981],[-37.9714,-7.7776],[-38.0055,-7.7778],[-38.0396,-7.7482],[-38.0695,-7.7724],[-38.0771,-7.8306],[-38.1201,-7.819],[-38.1438,-7.7834],[-38.1627,-7.78],[-38.2386,-7.8308],[-38.2868,-7.8303],[-38.2978,-7.814],[-38.3022,-7.7452],[-38.3267,-7.6937],[-38.371,-7.6985],[-38.404,-7.7145],[-38.4095,-7.7305],[-38.4571,-7.7181],[-38.4905,-7.7347],[-38.4966,-7.7501],[-38.59,-7.7557],[-38.6265,-7.6948],[-38.6868,-7.6351],[-38.7176,-7.6269],[-38.7356,-7.6342],[-38.7861,-7.6686],[-38.8122,-7.6688],[-38.8281,-7.7197],[-38.8698,-7.7116],[-38.8809,-7.725],[-38.8814,-7.7475],[-38.9156,-7.7445],[-38.9341,-7.7589],[-38.9419,-7.7625],[-38.941,-7.7714],[-38.94,-7.7951],[-38.9529,-7.8106],[-38.9594,-7.8383],[-39.0014,-7.8402],[-39.0181,-7.8127],[-39.0264,-7.8247],[-39.0538,-7.8193],[-39.0649,-7.8395],[-39.0958,-7.8465],[-39.0906,-7.8096],[-39.1019,-7.7865],[-39.1026,-7.7711],[-39.134,-7.7253],[-39.1437,-7.7186],[-39.171,-7.7153],[-39.2084,-7.6895],[-39.2475,-7.6907],[-39.2511,-7.681],[-39.2724,-7.6602],[-39.3056,-7.666],[-39.3429,-7.6357],[-39.368,-7.6239],[-39.384,-7.6086],[-39.4197,-7.6044],[-39.435,-7.5738],[-39.4725,-7.5752],[-39.4765,-7.5534],[-39.4826,-7.5301],[-39.4697,-7.5206],[-39.4557,-7.5019],[-39.4585,-7.4742],[-39.4679,-7.4696],[-39.5024,-7.4642],[-39.5459,-7.484],[-39.5529,-7.4807],[-39.566,-7.449],[-39.5713,-7.4308],[-39.599,-7.4288],[-39.6289,-7.4257],[-39.6531,-7.3723],[-39.6975,-7.3422],[-39.7413,-7.3269],[-39.7892,-7.332],[-39.8287,-7.3324],[-39.8515,-7.3252],[-39.8902,-7.3399],[-39.9264,-7.341],[-40.0091,-7.3756],[-40.0875,-7.3831],[-40.1278,-7.382]]],[[[-32.3968,-3.8525],[-32.4106,-3.837],[-32.4435,-3.8509],[-32.4232,-3.8731],[-32.3968,-3.8525]]]]},"properties":{"sigla":"PE","nome":"Pernambuco"},"id":"PE"},{"type":"Feature","geometry":{"type":"Polygon","coordinates":[[[-41.249,-3.0287],[-41.2724,-2.9707],[-41.2985,-2.9684],[-41.323,-2.9515],[-41.3385,-2.9276],[-41.3998,-2.904],[-41.4184,-2.9103],[-41.4813,-2.8967],[-41.5104,-2.9114],[-41.5589,-2.8983],[-41.5935,-2.9055],[-41.6332,-2.8864],[-41.7289,-2.8035],[-41.7505,-2.8018],[-41.8141,-2.7393],[-41.8491,-2.7736],[-41.8429,-2.8236],[-41.8627,-2.8319],[-41.865,-2.878],[-41.8358,-2.9159],[-41.807,-2.938],[-41.7969,-2.9687],[-41.8174,-2.9926],[-41.8308,-3.0318],[-41.8617,-3.0472],[-41.8806,-3.0793],[-41.926,-3.1155],[-41.9391,-3.1874],[-41.9645,-3.179],[-41.9744,-3.2132],[-42.0002,-3.2411],[-42.1158,-3.2624],[-42.1326,-3.2901],[-42.0986,-3.2961],[-42.1216,-3.3201],[-42.1522,-3.3875],[-42.1883,-3.393],[-42.2101,-3.4363],[-42.2429,-3.4331],[-42.2925,-3.4533],[-42.3308,-3.4339],[-42.3543,-3.4487],[-42.3927,-3.4476],[-42.3989,-3.4729],[-42.4323,-3.4546],[-42.4483,-3.4784],[-42.5066,-3.4788],[-42.5296,-3.4925],[-42.5323,-3.5162],[-42.5697,-3.5685],[-42.6097,-3.5862],[-42.6231,-3.6241],[-42.6423,-3.6359],[-42.6758,-3.6756],[-42.6834,-3.7012],[-42.6689,-3.7294],[-42.6829,-3.7698],[-42.6687,-3.7909],[-42.6858,-3.8073],[-42.7212,-3.8754],[-42.7372,-3.9244],[-42.7832,-3.9559],[-42.7979,-3.9966],[-42.8218,-3.9906],[-42.8629,-4.0929],[-42.9042,-4.1326],[-42.8882,-4.1556],[-42.9265,-4.1568],[-42.982,-4.2147],[-42.9892,-4.2341],[-42.9801,-4.305],[-42.9623,-4.3345],[-42.9633,-4.3764],[-42.9313,-4.3818],[-42.8925,-4.4068],[-42.872,-4.4286],[-42.8764,-4.4641],[-42.8524,-4.4773],[-42.8519,-4.4947],[-42.8747,-4.5356],[-42.8672,-4.5665],[-42.913,-4.6475],[-42.9516,-4.6806],[-42.9532,-4.6955],[-42.9231,-4.7217],[-42.9257,-4.7499],[-42.9485,-4.7669],[-42.9503,-4.7898],[-42.935,-4.8133],[-42.8975,-4.8427],[-42.8948,-4.8861],[-42.8552,-4.9353],[-42.8614,-4.9735],[-42.8415,-5.0308],[-42.8357,-5.0746],[-42.8186,-5.0935],[-42.803,-5.1503],[-42.8,-5.1991],[-42.8275,-5.2338],[-42.8114,-5.2848],[-42.8267,-5.3481],[-42.8649,-5.3681],[-42.8836,-5.3908],[-42.9123,-5.3961],[-42.9295,-5.4375],[-42.9688,-5.452],[-42.974,-5.4841],[-42.9953,-5.507],[-43.0053,-5.5419],[-43.0244,-5.5607],[-43.0346,-5.5922],[-43.0894,-5.6048],[-43.0843,-5.6405],[-43.0879,-5.6835],[-43.0769,-5.7289],[-43.1017,-5.7624],[-43.0917,-5.8064],[-43.0959,-5.8346],[-43.0766,-5.8671],[-43.0994,-5.8996],[-43.0735,-5.9743],[-43.0513,-5.9896],[-43.0503,-6.0155],[-43.0754,-6.0403],[-43.05,-6.0998],[-43.0341,-6.1114],[-42.9948,-6.1159],[-42.9824,-6.1284],[-42.9686,-6.1783],[-42.9339,-6.1931],[-42.9166,-6.2134],[-42.8772,-6.2258],[-42.8552,-6.2531],[-42.847,-6.2825],[-42.8602,-6.3306],[-42.8524,-6.3591],[-42.8577,-6.3901],[-42.8778,-6.4179],[-42.8668,-6.4825],[-42.8712,-6.5121],[-42.8895,-6.5385],[-42.8839,-6.5689],[-42.9041,-6.5977],[-42.9172,-6.6373],[-42.9198,-6.6703],[-42.9497,-6.7049],[-42.9826,-6.7226],[-42.9914,-6.7455],[-43.0173,-6.7609],[-43.0469,-6.7615],[-43.0821,-6.7481],[-43.1051,-6.7708],[-43.1527,-6.7828],[-43.1687,-6.7698],[-43.2151,-6.7631],[-43.2447,-6.7664],[-43.2787,-6.7966],[-43.349,-6.7981],[-43.3641,-6.8193],[-43.3916,-6.8344],[-43.4548,-6.8462],[-43.482,-6.8351],[-43.4953,-6.8093],[-43.5373,-6.7922],[-43.5613,-6.7494],[-43.5844,-6.7575],[-43.6375,-6.7196],[-43.6727,-6.7063],[-43.6985,-6.7096],[-43.7607,-6.7025],[-43.7748,-6.715],[-43.7975,-6.7032],[-43.8201,-6.7273],[-43.8538,-6.7356],[-43.8799,-6.7578],[-43.9138,-6.7527],[-43.9305,-6.7711],[-43.9612,-6.7419],[-43.9877,-6.7573],[-44.0534,-6.7683],[-44.0591,-6.8085],[-44.1163,-6.8058],[-44.0987,-6.84],[-44.1609,-6.8728],[-44.1767,-6.9059],[-44.176,-6.9279],[-44.2014,-6.9325],[-44.206,-6.9635],[-44.2359,-6.9988],[-44.262,-6.9987],[-44.279,-7.046],[-44.2745,-7.071],[-44.3062,-7.1172],[-44.3331,-7.1088],[-44.4068,-7.1314],[-44.4377,-7.1557],[-44.4641,-7.1617],[-44.5147,-7.1964],[-44.5228,-7.2196],[-44.5642,-7.2276],[-44.5798,-7.2576],[-44.6181,-7.3091],[-44.6634,-7.3318],[-44.688,-7.3946],[-44.7299,-7.3911],[-44.7432,-7.3618],[-44.781,-7.3782],[-44.8167,-7.3612],[-44.8485,-7.3864],[-44.8689,-7.4223],[-44.9014,-7.4261],[-44.9244,-7.4703],[-44.9888,-7.4824],[-45.0472,-7.5126],[-45.0851,-7.5025],[-45.1372,-7.5216],[-45.1546,-7.5128],[-45.1836,-7.5434],[-45.2178,-7.568],[-45.2313,-7.549],[-45.2614,-7.5709],[-45.3398,-7.5803],[-45.3736,-7.6188],[-45.4157,-7.6451],[-45.4399,-7.678],[-45.4689,-7.6892],[-45.4686,-7.7141],[-45.4869,-7.729],[-45.4847,-7.7637],[-45.5109,-7.8024],[-45.51,-7.8203],[-45.5404,-7.8647],[-45.5208,-7.8881],[-45.5392,-7.9194],[-45.5451,-7.9607],[-45.5671,-7.9971],[-45.5763,-8.0291],[-45.5614,-8.0479],[-45.5848,-8.1003],[-45.5815,-8.1561],[-45.6129,-8.1947],[-45.6081,-8.205],[-45.6615,-8.25],[-45.6646,-8.2885],[-45.6766,-8.3045],[-45.6875,-8.3556],[-45.7003,-8.3813],[-45.7216,-8.3944],[-45.7285,-8.4299],[-45.7425,-8.448],[-45.7385,-8.5012],[-45.7714,-8.5739],[-45.7939,-8.5924],[-45.8155,-8.6332],[-45.821,-8.6656],[-45.8399,-8.7153],[-45.8893,-8.7397],[-45.9384,-8.785],[-45.9587,-8.8262],[-45.949,-8.845],[-45.9943,-8.9269],[-45.9909,-8.9503],[-45.9434,-9.0153],[-45.9404,-9.0562],[-45.9231,-9.0903],[-45.9283,-9.1348],[-45.8986,-9.2097],[-45.8966,-9.2354],[-45.9071,-9.298],[-45.8874,-9.3488],[-45.8471,-9.3564],[-45.8242,-9.375],[-45.7978,-9.4173],[-45.8013,-9.4351],[-45.7831,-9.4798],[-45.7966,-9.4875],[-45.8319,-9.5368],[-45.8414,-9.5623],[-45.8366,-9.6023],[-45.8199,-9.6184],[-45.8327,-9.6532],[-45.838,-9.6965],[-45.8203,-9.7401],[-45.8214,-9.7731],[-45.8457,-9.8086],[-45.866,-9.8717],[-45.8423,-9.9416],[-45.8548,-9.9964],[-45.8654,-10.007],[-45.8802,-10.0586],[-45.8699,-10.0693],[-45.8785,-10.1103],[-45.9,-10.1528],[-45.9456,-10.1965],[-45.9553,-10.2185],[-45.9463,-10.2589],[-45.8778,-10.2394],[-45.8432,-10.2593],[-45.7937,-10.2677],[-45.7338,-10.2286],[-45.7268,-10.2071],[-45.735,-10.1722],[-45.7266,-10.1569],[-45.7231,-10.1552],[-45.6693,-10.1454],[-45.6487,-10.1274],[-45.6057,-10.1088],[-45.5839,-10.117],[-45.5674,-10.1395],[-45.5713,-10.1869],[-45.5566,-10.2169],[-45.5262,-10.237],[-45.5173,-10.2865],[-45.4846,-10.3049],[-45.4299,-10.3602],[-45.4245,-10.4265],[-45.396,-10.445],[-45.4003,-10.4631],[-45.4472,-10.5074],[-45.4382,-10.5255],[-45.4473,-10.5564],[-45.4368,-10.5768],[-45.4373,-10.6156],[-45.4144,-10.6451],[-45.3902,-10.6483],[-45.3691,-10.68],[-45.3582,-10.7322],[-45.3224,-10.7603],[-45.2894,-10.7656],[-45.2662,-10.7814],[-45.248,-10.822],[-45.2156,-10.8302],[-45.1053,-10.8468],[-45.0732,-10.8404],[-44.995,-10.8839],[-44.9312,-10.9288],[-44.8638,-10.8853],[-44.8443,-10.9001],[-44.8111,-10.8705],[-44.8103,-10.8466],[-44.7881,-10.8085],[-44.7589,-10.8049],[-44.7512,-10.7822],[-44.7118,-10.7612],[-44.6851,-10.7691],[-44.6668,-10.7589],[-44.6613,-10.7327],[-44.6696,-10.6922],[-44.6552,-10.6767],[-44.627,-10.6756],[-44.5895,-10.6324],[-44.5511,-10.6286],[-44.5223,-10.6498],[-44.4767,-10.6393],[-44.4636,-10.6153],[-44.3986,-10.6062],[-44.3444,-10.5497],[-44.3145,-10.5574],[-44.2829,-10.6071],[-44.2415,-10.6274],[-44.2141,-10.6145],[-44.1529,-10.6441],[-44.1313,-10.6349],[-44.1106,-10.5972],[-44.0728,-10.5811],[-44.051,-10.5063],[-44.0258,-10.4755],[-44.0359,-10.4355],[-44.0233,-10.4081],[-43.9981,-10.4101],[-43.9769,-10.4314],[-43.9427,-10.4359],[-43.9162,-10.4267],[-43.9148,-10.3842],[-43.8951,-10.3545],[-43.8383,-10.3047],[-43.8346,-10.246],[-43.7848,-10.1917],[-43.766,-10.1207],[-43.7731,-10.0988],[-43.7621,-10.0758],[-43.6929,-10.0774],[-43.6903,-10.0447],[-43.6695,-10.0308],[-43.6652,-9.9911],[-43.703,-9.9661],[-43.6896,-9.9391],[-43.709,-9.9133],[-43.6774,-9.8866],[-43.6532,-9.8391],[-43.6935,-9.8053],[-43.7616,-9.7779],[-43.7849,-9.7624],[-43.7977,-9.7277],[-43.7995,-9.6925],[-43.842,-9.6375],[-43.8415,-9.5861],[-43.8497,-9.5481],[-43.8163,-9.492],[-43.7862,-9.4577],[-43.7514,-9.4341],[-43.6891,-9.4197],[-43.6216,-9.3716],[-43.5728,-9.3163],[-43.5256,-9.3001],[-43.4855,-9.2653],[-43.4587,-9.2614],[-43.4278,-9.2726],[-43.3992,-9.3082],[-43.3764,-9.3489],[-43.3361,-9.3686],[-43.2932,-9.401],[-43.2851,-9.4201],[-43.2143,-9.3997],[-43.1917,-9.4205],[-43.1739,-9.4113],[-43.1586,-9.3771],[-43.1332,-9.3873],[-43.1196,-9.3719],[-43.0401,-9.4147],[-42.9879,-9.4014],[-42.9703,-9.4096],[-42.9564,-9.4387],[-42.9621,-9.4699],[-42.9463,-9.5184],[-42.904,-9.5268],[-42.8767,-9.5617],[-42.848,-9.5497],[-42.8282,-9.5606],[-42.8206,-9.6193],[-42.7652,-9.6168],[-42.7578,-9.5893],[-42.6912,-9.5455],[-42.6217,-9.5414],[-42.5865,-9.4968],[-42.5219,-9.503],[-42.4911,-9.4932],[-42.4891,-9.4621],[-42.4518,-9.4621],[-42.4283,-9.4398],[-42.4252,-9.4171],[-42.3595,-9.3776],[-42.3551,-9.3499],[-42.3204,-9.321],[-42.2679,-9.3097],[-42.2261,-9.2833],[-42.2064,-9.2928],[-42.1795,-9.2853],[-42.142,-9.2882],[-42.0995,-9.2809],[-42.0692,-9.2576],[-42.0219,-9.2498],[-41.9999,-9.266],[-41.9723,-9.2487],[-41.9248,-9.2778],[-41.8705,-9.2375],[-41.8383,-9.2424],[-41.8001,-9.1481],[-41.7352,-9.0947],[-41.733,-9.0465],[-41.7236,-9.0136],[-41.6805,-9.0123],[-41.6694,-8.9901],[-41.629,-8.9849],[-41.6058,-8.9574],[-41.5445,-8.9606],[-41.5106,-8.8763],[-41.4879,-8.8439],[-41.4722,-8.8431],[-41.4319,-8.7971],[-41.4243,-8.8026],[-41.3813,-8.7073],[-41.3584,-8.7077],[-41.3369,-8.7084],[-41.308,-8.6906],[-41.2874,-8.6609],[-41.2513,-8.6616],[-41.2066,-8.6333],[-41.1986,-8.5925],[-41.1693,-8.5837],[-41.1495,-8.534],[-41.1267,-8.542],[-41.0905,-8.5127],[-41.0789,-8.4725],[-41.0511,-8.4805],[-41.039,-8.4319],[-41.0074,-8.421],[-40.9792,-8.3983],[-40.9269,-8.4464],[-40.9029,-8.4235],[-40.9076,-8.399],[-40.8899,-8.3868],[-40.8932,-8.3574],[-40.87,-8.3586],[-40.8586,-8.3796],[-40.8366,-8.3808],[-40.8193,-8.3624],[-40.8195,-8.3219],[-40.7928,-8.3201],[-40.7799,-8.302],[-40.7825,-8.2533],[-40.7111,-8.2251],[-40.7006,-8.2026],[-40.6436,-8.1576],[-40.6329,-8.1393],[-40.6013,-8.1502],[-40.5895,-8.1378],[-40.6039,-8.1037],[-40.5988,-8.0809],[-40.5437,-7.9585],[-40.538,-7.8643],[-40.542,-7.8387],[-40.5684,-7.8088],[-40.6538,-7.7822],[-40.6721,-7.7649],[-40.6666,-7.7264],[-40.6356,-7.6999],[-40.622,-7.6592],[-40.6444,-7.5967],[-40.6941,-7.5388],[-40.715,-7.4806],[-40.7012,-7.4564],[-40.6602,-7.4484],[-40.6523,-7.4334],[-40.5485,-7.3927],[-40.5415,-7.3323],[-40.5237,-7.3185],[-40.5116,-7.2995],[-40.5153,-7.2752],[-40.5103,-7.2244],[-40.4948,-7.1824],[-40.4844,-7.1332],[-40.4898,-7.1187],[-40.4694,-7.0877],[-40.4063,-7.0054],[-40.4111,-6.9991],[-40.4293,-6.9947],[-40.4245,-6.9372],[-40.429,-6.8849],[-40.3706,-6.808],[-40.3888,-6.797],[-40.4324,-6.8129],[-40.439,-6.8067],[-40.4571,-6.7626],[-40.472,-6.745],[-40.4739,-6.7349],[-40.5618,-6.7204],[-40.6022,-6.716],[-40.6492,-6.6789],[-40.7102,-6.6762],[-40.7323,-6.6536],[-40.723,-6.6215],[-40.722,-6.6177],[-40.7459,-6.5656],[-40.7921,-6.5129],[-40.7964,-6.4268],[-40.8052,-6.3932],[-40.7904,-6.3719],[-40.7793,-6.3433],[-40.7875,-6.3043],[-40.8042,-6.2929],[-40.8105,-6.2871],[-40.8341,-6.2445],[-40.8522,-6.2243],[-40.8529,-6.1751],[-40.8458,-6.135],[-40.8729,-6.0567],[-40.8843,-6.0478],[-40.9063,-6.0466],[-40.904,-6.0209],[-40.8737,-5.9668],[-40.8802,-5.9177],[-40.8937,-5.8838],[-40.9091,-5.8256],[-40.9098,-5.7657],[-40.9136,-5.7268],[-40.9388,-5.6734],[-40.9078,-5.6424],[-40.9029,-5.6297],[-40.9145,-5.5674],[-40.933,-5.5473],[-40.9318,-5.5365],[-40.9331,-5.5008],[-40.9158,-5.4662],[-40.9212,-5.4509],[-40.9382,-5.4164],[-40.9116,-5.4074],[-40.9361,-5.366],[-40.9337,-5.3494],[-40.9185,-5.3383],[-40.9132,-5.3081],[-40.922,-5.2844],[-40.9197,-5.2712],[-40.9119,-5.271],[-40.934,-5.2368],[-40.932,-5.2013],[-40.9378,-5.1666],[-40.9684,-5.1494],[-41.0264,-5.1097],[-41.034,-5.0911],[-41.0403,-5.0914],[-41.0524,-5.1034],[-41.0801,-5.0911],[-41.0804,-5.0787],[-41.0959,-5.0617],[-41.1319,-5.0481],[-41.1226,-5.0081],[-41.1509,-4.9921],[-41.1802,-4.9476],[-41.1986,-4.9375],[-41.2038,-4.9498],[-41.2349,-4.9058],[-41.2281,-4.891],[-41.2496,-4.8697],[-41.2325,-4.8046],[-41.208,-4.7768],[-41.2128,-4.7721],[-41.2352,-4.7466],[-41.2341,-4.7338],[-41.1739,-4.6686],[-41.2293,-4.6201],[-41.2212,-4.579],[-41.2399,-4.5736],[-41.2408,-4.5685],[-41.2221,-4.5677],[-41.1908,-4.5156],[-41.1771,-4.4413],[-41.1597,-4.4106],[-41.1509,-4.3707],[-41.1202,-4.3306],[-41.1191,-4.3066],[-41.1359,-4.2335],[-41.0909,-4.1704],[-41.1262,-4.1529],[-41.1432,-4.1243],[-41.1222,-4.0772],[-41.1141,-4.0519],[-41.1431,-4.0368],[-41.16,-4.0317],[-41.1838,-4.0244],[-41.1829,-4.0181],[-41.2208,-4.0267],[-41.2502,-4.0378],[-41.2442,-3.9864],[-41.2444,-3.9798],[-41.229,-3.9684],[-41.2203,-3.9415],[-41.2279,-3.9154],[-41.2678,-3.8619],[-41.2769,-3.8257],[-41.2648,-3.7916],[-41.2612,-3.7576],[-41.2574,-3.7299],[-41.2394,-3.7208],[-41.2554,-3.7033],[-41.3077,-3.6848],[-41.3266,-3.6874],[-41.3418,-3.6808],[-41.3313,-3.6247],[-41.3449,-3.5888],[-41.3706,-3.5749],[-41.3647,-3.558],[-41.3369,-3.5539],[-41.3257,-3.5364],[-41.3242,-3.5034],[-41.3064,-3.4883],[-41.3278,-3.4914],[-41.3387,-3.4599],[-41.3439,-3.4405],[-41.356,-3.4109],[-41.3888,-3.4129],[-41.4007,-3.3779],[-41.4235,-3.368],[-41.4003,-3.3186],[-41.3605,-3.2442],[-41.3225,-3.1798],[-41.3194,-3.1501],[-41.2858,-3.1033],[-41.268,-3.0939],[-41.2615,-3.0539],[-41.2553,-3.0328],[-41.249,-3.0287]]]},"properties":{"sigla":"PI","nome":"Piauí"},"id":"PI"},{"type":"Feature","geometry":{"type":"MultiPolygon","coordinates":[[[[-44.196,-23.0988],[-44.2174,-23.0897],[-44.2513,-23.1002],[-44.2848,-23.1366],[-44.3106,-23.1253],[-44.3271,-23.1549],[-44.3685,-23.1645],[-44.3582,-23.1911],[-44.3233,-23.203],[-44.3113,-23.1806],[-44.2855,-23.1764],[-44.2449,-23.2002],[-44.1375,-23.1681],[-44.1299,-23.1547],[-44.1477,-23.1252],[-44.1974,-23.1222],[-44.196,-23.0988]]],[[[-43.8681,-22.926],[-43.9122,-22.9346],[-43.8968,-22.9583],[-43.8681,-22.926]]],[[[-43.1725,-22.776],[-43.2084,-22.7946],[-43.2299,-22.788],[-43.2595,-22.8042],[-43.2423,-22.8334],[-43.182,-22.8041],[-43.1725,-22.776]]],[[[-40.9655,-21.2997],[-40.9947,-21.2863],[-41.0067,-21.252],[-41.0414,-21.2551],[-41.0815,-21.222],[-41.1043,-21.2197],[-41.1414,-21.2387],[-41.2053,-21.2439],[-41.2413,-21.2211],[-41.2978,-21.2344],[-41.3171,-21.2137],[-41.3637,-21.2029],[-41.4173,-21.1998],[-41.4356,-21.216],[-41.4701,-21.2027],[-41.4884,-21.1803],[-41.5484,-21.1828],[-41.6289,-21.1444],[-41.6541,-21.143],[-41.7079,-21.1071],[-41.7356,-21.1033],[-41.7324,-21.0668],[-41.7161,-20.9921],[-41.7231,-20.9228],[-41.719,-20.8755],[-41.7402,-20.8661],[-41.7409,-20.8183],[-41.7822,-20.7982],[-41.8012,-20.8056],[-41.8481,-20.7751],[-41.875,-20.7665],[-41.8788,-20.7787],[-41.9253,-20.8016],[-41.9262,-20.838],[-41.9675,-20.8999],[-41.9673,-20.9168],[-42.0234,-20.9255],[-42.0657,-20.9386],[-42.094,-20.936],[-42.1517,-20.9744],[-42.1412,-20.9931],[-42.0849,-21.0229],[-42.1332,-21.0811],[-42.1401,-21.103],[-42.1644,-21.1014],[-42.1706,-21.1286],[-42.2085,-21.1782],[-42.1951,-21.2017],[-42.203,-21.2217],[-42.1897,-21.2499],[-42.2244,-21.2767],[-42.2382,-21.3187],[-42.2299,-21.3666],[-42.2791,-21.4106],[-42.2755,-21.4283],[-42.2926,-21.46],[-42.2527,-21.4898],[-42.3259,-21.57],[-42.3463,-21.5829],[-42.3691,-21.6199],[-42.3698,-21.6403],[-42.3431,-21.6597],[-42.3018,-21.6553],[-42.2753,-21.6769],[-42.2674,-21.7142],[-42.3358,-21.7462],[-42.3565,-21.7419],[-42.3912,-21.7602],[-42.4644,-21.7868],[-42.5824,-21.8377],[-42.5799,-21.8457],[-42.6689,-21.8745],[-42.7917,-21.9308],[-42.8825,-21.9601],[-42.9091,-21.9905],[-43.0394,-22.0466],[-43.0332,-22.0659],[-43.0741,-22.0933],[-43.1067,-22.084],[-43.1365,-22.1096],[-43.1541,-22.078],[-43.1341,-22.059],[-43.1311,-22.0297],[-43.1695,-22.0222],[-43.202,-22.0371],[-43.2805,-22.011],[-43.3178,-22.0068],[-43.3686,-22.0205],[-43.4193,-22.0538],[-43.4625,-22.0726],[-43.4922,-22.0743],[-43.5136,-22.0593],[-43.5568,-22.0823],[-43.5845,-22.0705],[-43.6283,-22.0765],[-43.6526,-22.0671],[-43.6686,-22.086],[-43.6918,-22.0709],[-43.7346,-22.0972],[-43.7774,-22.0668],[-43.8434,-22.0989],[-43.8799,-22.1003],[-43.889,-22.1145],[-43.9883,-22.1501],[-44.0239,-22.1514],[-44.1001,-22.1733],[-44.1411,-22.2202],[-44.2133,-22.2462],[-44.2355,-22.2662],[-44.2603,-22.2683],[-44.2635,-22.2434],[-44.3372,-22.2586],[-44.3948,-22.2589],[-44.4323,-22.2514],[-44.4827,-22.2938],[-44.5435,-22.3318],[-44.589,-22.3204],[-44.6262,-22.3361],[-44.6589,-22.3747],[-44.7055,-22.3733],[-44.724,-22.3599],[-44.7444,-22.3762],[-44.7937,-22.3871],[-44.8092,-22.4053],[-44.7788,-22.4085],[-44.7551,-22.4149],[-44.7404,-22.4257],[-44.7335,-22.4336],[-44.7302,-22.4401],[-44.7287,-22.4484],[-44.724,-22.4515],[-44.7244,-22.4562],[-44.7177,-22.4683],[-44.7236,-22.4848],[-44.7134,-22.5086],[-44.6738,-22.5355],[-44.6698,-22.5564],[-44.6417,-22.5593],[-44.6424,-22.5776],[-44.6471,-22.5846],[-44.6434,-22.6005],[-44.6346,-22.6095],[-44.6225,-22.6057],[-44.6098,-22.617],[-44.6047,-22.6144],[-44.6023,-22.6076],[-44.5972,-22.6105],[-44.5841,-22.626],[-44.5732,-22.6019],[-44.5632,-22.6115],[-44.5548,-22.6099],[-44.5509,-22.605],[-44.5489,-22.6061],[-44.5272,-22.6207],[-44.5149,-22.6302],[-44.5093,-22.6409],[-44.5044,-22.6361],[-44.4878,-22.6128],[-44.4705,-22.6147],[-44.4323,-22.5995],[-44.4054,-22.5919],[-44.384,-22.5739],[-44.3786,-22.5766],[-44.3742,-22.5788],[-44.3603,-22.5818],[-44.3603,-22.582],[-44.3634,-22.5844],[-44.3651,-22.5936],[-44.361,-22.6117],[-44.3477,-22.5905],[-44.3433,-22.5882],[-44.3398,-22.5909],[-44.3266,-22.5885],[-44.3251,-22.5901],[-44.2956,-22.5993],[-44.2922,-22.6046],[-44.2083,-22.6136],[-44.2079,-22.6135],[-44.2038,-22.6269],[-44.1843,-22.6373],[-44.1901,-22.6485],[-44.1714,-22.6594],[-44.1609,-22.6783],[-44.202,-22.7324],[-44.2268,-22.7336],[-44.2509,-22.7581],[-44.2573,-22.7666],[-44.2421,-22.7964],[-44.2447,-22.8024],[-44.2689,-22.8296],[-44.3264,-22.8381],[-44.3412,-22.8443],[-44.3458,-22.8463],[-44.3679,-22.8555],[-44.4246,-22.8522],[-44.4376,-22.8724],[-44.4662,-22.8855],[-44.476,-22.8678],[-44.4804,-22.8664],[-44.4785,-22.8608],[-44.4764,-22.8563],[-44.5118,-22.8577],[-44.5195,-22.8653],[-44.5221,-22.866],[-44.533,-22.8692],[-44.5457,-22.8812],[-44.5437,-22.8848],[-44.5439,-22.8849],[-44.5475,-22.8862],[-44.5552,-22.8891],[-44.5561,-22.8886],[-44.558,-22.8875],[-44.5628,-22.8847],[-44.576,-22.8786],[-44.6071,-22.8857],[-44.6594,-22.9277],[-44.6882,-22.9365],[-44.7136,-22.9302],[-44.7447,-22.9494],[-44.7457,-22.9512],[-44.7466,-22.9528],[-44.7522,-22.9632],[-44.7781,-22.9788],[-44.792,-22.9822],[-44.7975,-23.0181],[-44.8125,-23.0942],[-44.8162,-23.1102],[-44.8112,-23.1151],[-44.8111,-23.1257],[-44.8198,-23.1332],[-44.8169,-23.1407],[-44.8254,-23.1437],[-44.8266,-23.1633],[-44.8311,-23.1645],[-44.8453,-23.169],[-44.8609,-23.1815],[-44.8756,-23.1933],[-44.8826,-23.2027],[-44.8814,-23.2159],[-44.8889,-23.2245],[-44.8783,-23.2328],[-44.8751,-23.2491],[-44.8543,-23.2489],[-44.8436,-23.2557],[-44.8327,-23.2684],[-44.8305,-23.2698],[-44.787,-23.3011],[-44.7875,-23.3035],[-44.7801,-23.3216],[-44.7783,-23.339],[-44.7379,-23.3631],[-44.7021,-23.3413],[-44.66,-23.3483],[-44.6408,-23.3332],[-44.5855,-23.3599],[-44.5619,-23.3309],[-44.5566,-23.3058],[-44.5188,-23.281],[-44.5842,-23.2669],[-44.597,-23.2444],[-44.6207,-23.2589],[-44.6381,-23.2356],[-44.6442,-23.1962],[-44.6952,-23.2324],[-44.7216,-23.2021],[-44.6991,-23.1556],[-44.6914,-23.0839],[-44.6682,-23.054],[-44.618,-23.0438],[-44.5761,-23.0484],[-44.5299,-23.0281],[-44.5059,-23.0309],[-44.4837,-23.0086],[-44.463,-23.0061],[-44.445,-23.0275],[-44.4354,-22.9649],[-44.3453,-22.9218],[-44.322,-22.9292],[-44.3099,-22.9802],[-44.3451,-22.9912],[-44.3627,-23.0181],[-44.3365,-23.0255],[-44.2484,-22.9961],[-44.229,-23.0144],[-44.2375,-23.0569],[-44.2002,-23.0388],[-44.1301,-23.0324],[-44.1052,-23.0155],[-44.0756,-22.9733],[-44.0837,-22.9596],[-44.0465,-22.9389],[-44.0306,-22.9645],[-44.0034,-22.9386],[-43.951,-22.9271],[-43.9104,-22.9307],[-43.8711,-22.9055],[-43.8369,-22.9034],[-43.8197,-22.9212],[-43.7774,-22.925],[-43.7301,-22.9552],[-43.701,-22.9862],[-43.6775,-22.981],[-43.6537,-23.0035],[-43.6256,-23.0077],[-43.6145,-23.0318],[-43.7119,-23.0551],[-43.794,-23.0612],[-43.8647,-23.0446],[-43.8992,-23.0681],[-43.9743,-23.0455],[-44.007,-23.0713],[-44.0072,-23.0953],[-43.9872,-23.1023],[-43.956,-23.088],[-43.7784,-23.0618],[-43.6685,-23.054],[-43.5951,-23.0526],[-43.5685,-23.0716],[-43.4942,-23.0352],[-43.4437,-23.022],[-43.3586,-23.0112],[-43.2438,-23.0016],[-43.2222,-22.9888],[-43.1911,-22.9909],[-43.1823,-22.9721],[-43.1502,-22.9507],[-43.171,-22.9325],[-43.1673,-22.8955],[-43.2013,-22.8766],[-43.2429,-22.8686],[-43.2447,-22.8428],[-43.2833,-22.8166],[-43.2886,-22.8008],[-43.2721,-22.7722],[-43.2155,-22.7274],[-43.1522,-22.7076],[-43.1274,-22.7143],[-43.1081,-22.6875],[-43.0859,-22.6776],[-43.032,-22.6925],[-43.0293,-22.7471],[-43.0627,-22.7639],[-43.0812,-22.7871],[-43.0806,-22.8192],[-43.1121,-22.8684],[-43.117,-22.9056],[-43.0954,-22.9263],[-43.1111,-22.9541],[-43.0541,-22.9633],[-43.0142,-22.9768],[-42.9945,-22.9696],[-42.9185,-22.9749],[-42.8764,-22.9667],[-42.7143,-22.9562],[-42.6788,-22.946],[-42.5861,-22.9336],[-42.3673,-22.9359],[-42.2915,-22.9395],[-42.0765,-22.9556],[-42.046,-22.9634],[-42.009,-22.9601],[-42.0358,-22.9341],[-42.0325,-22.9074],[-42.0116,-22.8841],[-41.9813,-22.8729],[-41.9864,-22.8485],[-41.9701,-22.8214],[-41.9302,-22.8136],[-41.9127,-22.7791],[-41.8789,-22.7755],[-41.8745,-22.7513],[-41.9348,-22.7662],[-41.9882,-22.7098],[-41.998,-22.6634],[-41.9982,-22.609],[-41.9695,-22.5434],[-41.9329,-22.538],[-41.8915,-22.4871],[-41.8623,-22.4775],[-41.8524,-22.4465],[-41.8178,-22.4168],[-41.7679,-22.3889],[-41.7671,-22.3553],[-41.689,-22.3001],[-41.6201,-22.2661],[-41.4992,-22.2172],[-41.4222,-22.1948],[-41.2424,-22.1472],[-41.158,-22.11],[-41.0481,-22.0418],[-41.0096,-22.0225],[-40.9852,-21.9999],[-40.9746,-21.9686],[-40.9758,-21.9308],[-41.0261,-21.721],[-41.0241,-21.6807],[-41.0104,-21.612],[-41.057,-21.5847],[-41.0712,-21.5448],[-41.0707,-21.4995],[-40.9827,-21.3939],[-40.9652,-21.3636],[-40.9568,-21.3038],[-40.9655,-21.2997]]]]},"properties":{"sigla":"RJ","nome":"Rio de Janeiro"},"id":"RJ"},{"type":"Feature","geometry":{"type":"Polygon","coordinates":[[[-34.9688,-6.4902],[-34.9727,-6.4378],[-34.9921,-6.3734],[-35.0224,-6.3626],[-35.0372,-6.3145],[-35.0374,-6.2361],[-35.0723,-6.2219],[-35.0948,-6.1818],[-35.099,-6.1391],[-35.0977,-6.0572],[-35.1111,-6.0413],[-35.1071,-6.0063],[-35.129,-5.9678],[-35.1452,-5.9644],[-35.1576,-5.9235],[-35.1547,-5.8839],[-35.1799,-5.8688],[-35.181,-5.8019],[-35.2049,-5.7409],[-35.1932,-5.6985],[-35.2191,-5.6682],[-35.2169,-5.6306],[-35.2278,-5.6123],[-35.227,-5.5809],[-35.2447,-5.5579],[-35.2585,-5.515],[-35.2611,-5.4808],[-35.2893,-5.4595],[-35.2933,-5.4276],[-35.3109,-5.4083],[-35.3212,-5.3772],[-35.3397,-5.3761],[-35.3596,-5.3444],[-35.3691,-5.2936],[-35.3962,-5.2465],[-35.4182,-5.2218],[-35.4605,-5.1969],[-35.4881,-5.1595],[-35.5713,-5.1349],[-35.6171,-5.1122],[-35.6355,-5.1216],[-35.6975,-5.1025],[-35.7578,-5.0892],[-35.7841,-5.0758],[-35.8826,-5.0677],[-35.9496,-5.0442],[-35.9805,-5.0416],[-36.0366,-5.0509],[-36.1377,-5.0934],[-36.2437,-5.0958],[-36.2899,-5.0879],[-36.3095,-5.0994],[-36.3448,-5.0823],[-36.3695,-5.0907],[-36.4377,-5.0684],[-36.5018,-5.0616],[-36.5271,-5.0778],[-36.5589,-5.084],[-36.6665,-5.0856],[-36.6916,-5.0933],[-36.7042,-5.0652],[-36.7355,-5.0643],[-36.7994,-5.0388],[-36.8551,-4.972],[-36.8816,-4.9491],[-36.9217,-4.9478],[-36.9626,-4.9198],[-37.0299,-4.949],[-37.0576,-4.9464],[-37.0825,-4.9298],[-37.1096,-4.9255],[-37.1335,-4.9384],[-37.1672,-4.9322],[-37.2105,-4.8949],[-37.253,-4.8318],[-37.4465,-4.881],[-37.6404,-4.9265],[-37.6777,-5.0541],[-37.724,-5.0698],[-37.7335,-5.1007],[-37.765,-5.1397],[-37.7763,-5.1872],[-37.7901,-5.211],[-37.7836,-5.2429],[-37.7919,-5.2688],[-37.7831,-5.2949],[-37.8475,-5.3401],[-37.8638,-5.3741],[-37.8605,-5.4067],[-37.8889,-5.4494],[-37.9023,-5.5007],[-37.9327,-5.5032],[-37.9481,-5.5347],[-37.9901,-5.5558],[-37.9984,-5.5854],[-38.014,-5.5944],[-38.0343,-5.6372],[-38.0793,-5.6662],[-38.0901,-5.7205],[-38.047,-5.7303],[-38.0762,-5.7811],[-38.1116,-5.8187],[-38.125,-5.8877],[-38.1655,-5.9321],[-38.1648,-5.9466],[-38.206,-5.9644],[-38.2522,-6.0102],[-38.2526,-6.0431],[-38.3048,-6.087],[-38.3199,-6.0771],[-38.3653,-6.0885],[-38.3857,-6.0647],[-38.4132,-6.0584],[-38.4473,-6.0853],[-38.4735,-6.136],[-38.473,-6.152],[-38.5008,-6.1797],[-38.5272,-6.1934],[-38.529,-6.2399],[-38.5787,-6.2803],[-38.5771,-6.3475],[-38.5632,-6.3528],[-38.5633,-6.3561],[-38.5499,-6.3507],[-38.545,-6.3446],[-38.5054,-6.3566],[-38.4849,-6.3402],[-38.4863,-6.3988],[-38.4521,-6.3925],[-38.4384,-6.4099],[-38.4031,-6.4098],[-38.382,-6.4321],[-38.3638,-6.4537],[-38.361,-6.462],[-38.3438,-6.4567],[-38.3394,-6.4602],[-38.3285,-6.4607],[-38.312,-6.4889],[-38.2941,-6.4894],[-38.2393,-6.4803],[-38.229,-6.4834],[-38.1923,-6.4984],[-38.1479,-6.4915],[-38.1355,-6.5185],[-38.098,-6.5095],[-38.0709,-6.464],[-38.0666,-6.4605],[-38.0515,-6.4424],[-38.0363,-6.46],[-38.02,-6.446],[-38.0144,-6.4304],[-37.9687,-6.4188],[-37.9681,-6.4052],[-37.9455,-6.4227],[-37.9281,-6.4216],[-37.8885,-6.3873],[-37.8599,-6.3749],[-37.8441,-6.3544],[-37.8343,-6.3424],[-37.8338,-6.3218],[-37.8148,-6.3152],[-37.8105,-6.2917],[-37.7717,-6.291],[-37.7578,-6.2878],[-37.7705,-6.2657],[-37.7766,-6.2459],[-37.7531,-6.2145],[-37.7424,-6.189],[-37.709,-6.177],[-37.6802,-6.1892],[-37.6385,-6.1799],[-37.5999,-6.1741],[-37.5697,-6.1555],[-37.483,-6.1517],[-37.4741,-6.1488],[-37.459,-6.145],[-37.4457,-6.1122],[-37.3922,-6.1082],[-37.3824,-6.0856],[-37.3716,-6.0828],[-37.3545,-6.0865],[-37.3289,-6.0648],[-37.2956,-6.0501],[-37.2636,-6.0464],[-37.2565,-6.0285],[-37.2319,-6.0276],[-37.1756,-6.055],[-37.167,-6.1104],[-37.1751,-6.1422],[-37.157,-6.1525],[-37.1657,-6.1704],[-37.193,-6.1831],[-37.1943,-6.1983],[-37.2516,-6.2265],[-37.2706,-6.2518],[-37.2748,-6.2815],[-37.3065,-6.2781],[-37.3282,-6.3032],[-37.3634,-6.3222],[-37.3774,-6.3444],[-37.3776,-6.3694],[-37.3886,-6.3798],[-37.3977,-6.4163],[-37.3813,-6.4371],[-37.391,-6.4529],[-37.3973,-6.5146],[-37.4157,-6.5319],[-37.4648,-6.5327],[-37.4806,-6.5599],[-37.4804,-6.6053],[-37.4772,-6.642],[-37.4752,-6.6729],[-37.4847,-6.7101],[-37.4,-6.6998],[-37.3427,-6.7013],[-37.2983,-6.6916],[-37.2902,-6.7131],[-37.264,-6.7322],[-37.2694,-6.762],[-37.2552,-6.8111],[-37.2346,-6.8247],[-37.1907,-6.8254],[-37.1523,-6.7984],[-37.129,-6.766],[-37.0595,-6.7495],[-37.01,-6.7146],[-36.9777,-6.7219],[-36.9718,-6.7407],[-36.9646,-6.7741],[-36.9572,-6.7905],[-36.9103,-6.757],[-36.8351,-6.7311],[-36.7728,-6.7871],[-36.7608,-6.838],[-36.7302,-6.8364],[-36.745,-6.8796],[-36.7666,-6.9359],[-36.7558,-6.9543],[-36.7186,-6.9828],[-36.6873,-6.926],[-36.6098,-6.9369],[-36.5668,-6.8666],[-36.5602,-6.8408],[-36.5292,-6.8254],[-36.5055,-6.8089],[-36.5013,-6.7776],[-36.5048,-6.754],[-36.5442,-6.7312],[-36.5589,-6.7092],[-36.5475,-6.6952],[-36.5418,-6.6661],[-36.5208,-6.6106],[-36.5219,-6.5971],[-36.502,-6.6015],[-36.4735,-6.6145],[-36.4606,-6.6344],[-36.4359,-6.6259],[-36.4492,-6.554],[-36.4692,-6.5491],[-36.4793,-6.5399],[-36.4827,-6.5196],[-36.5259,-6.5012],[-36.5309,-6.4719],[-36.531,-6.4521],[-36.5044,-6.3865],[-36.4999,-6.3582],[-36.4303,-6.3623],[-36.3946,-6.294],[-36.3626,-6.31],[-36.3076,-6.2815],[-36.2871,-6.3011],[-36.2799,-6.3089],[-36.2785,-6.3494],[-36.2964,-6.3705],[-36.283,-6.3975],[-36.2512,-6.4045],[-36.2498,-6.4374],[-36.2042,-6.4323],[-36.1438,-6.4254],[-36.0986,-6.42],[-36.0801,-6.4052],[-36.0084,-6.4652],[-35.9777,-6.489],[-35.9442,-6.4931],[-35.78,-6.4833],[-35.7503,-6.4785],[-35.7262,-6.4697],[-35.7113,-6.4711],[-35.682,-6.448],[-35.6368,-6.4544],[-35.6204,-6.4574],[-35.5918,-6.4772],[-35.5648,-6.4918],[-35.5521,-6.4909],[-35.514,-6.4782],[-35.4958,-6.4833],[-35.4601,-6.4768],[-35.4467,-6.4869],[-35.4008,-6.4917],[-35.3799,-6.503],[-35.3308,-6.5444],[-35.2746,-6.5439],[-35.2533,-6.5341],[-35.2324,-6.5318],[-35.2235,-6.5163],[-35.2074,-6.5438],[-35.1704,-6.5584],[-35.1327,-6.5358],[-35.1126,-6.5052],[-35.0956,-6.4977],[-35.0578,-6.5278],[-35.0286,-6.5056],[-34.9921,-6.5015],[-34.9716,-6.4853],[-34.9688,-6.4902]]]},"properties":{"sigla":"RN","nome":"Rio Grande do Norte"},"id":"RN"},{"type":"Feature","geometry":{"type":"Polygon","coordinates":[[[-61.5831,-8.7987],[-61.6059,-8.7947],[-61.6295,-8.753],[-61.6264,-8.7289],[-61.6735,-8.705],[-61.7053,-8.7075],[-61.7132,-8.6879],[-61.7418,-8.6952],[-61.7488,-8.7238],[-61.7745,-8.7482],[-61.8062,-8.7478],[-61.828,-8.7326],[-61.844,-8.7474],[-61.8432,-8.7794],[-61.8609,-8.8036],[-61.86,-8.8531],[-61.9301,-8.8805],[-61.9901,-8.8727],[-62.0022,-8.8327],[-62.0212,-8.8236],[-62.031,-8.7997],[-62.0742,-8.7986],[-62.0979,-8.8089],[-62.1249,-8.8017],[-62.1569,-8.7322],[-62.1487,-8.7183],[-62.1717,-8.6951],[-62.165,-8.6794],[-62.2004,-8.6443],[-62.1746,-8.6282],[-62.1883,-8.5906],[-62.2284,-8.5906],[-62.2688,-8.5758],[-62.2942,-8.6055],[-62.2894,-8.6391],[-62.3357,-8.6095],[-62.3419,-8.5949],[-62.3257,-8.5637],[-62.3373,-8.5167],[-62.366,-8.4936],[-62.3692,-8.4461],[-62.3611,-8.4237],[-62.365,-8.391],[-62.3839,-8.3776],[-62.4161,-8.3766],[-62.4452,-8.3625],[-62.4654,-8.3398],[-62.5184,-8.3848],[-62.5395,-8.3581],[-62.5853,-8.2719],[-62.6499,-8.237],[-62.6598,-8.1996],[-62.6866,-8.1738],[-62.6729,-8.1453],[-62.6922,-8.0929],[-62.7439,-8.0453],[-62.7861,-8.0264],[-62.8099,-8.0254],[-62.8327,-7.9944],[-62.8665,-7.9759],[-63.3219,-7.9766],[-63.5346,-7.9743],[-63.6207,-7.9693],[-63.6217,-8.0296],[-63.6669,-8.0816],[-63.6624,-8.1012],[-63.6933,-8.1584],[-63.7301,-8.1802],[-63.7485,-8.2079],[-63.7227,-8.2495],[-63.7465,-8.2702],[-63.7658,-8.3072],[-63.7911,-8.3332],[-63.8252,-8.3062],[-63.8674,-8.2893],[-63.8948,-8.302],[-63.9107,-8.3285],[-63.944,-8.3312],[-63.9453,-8.3878],[-63.9769,-8.4098],[-63.9407,-8.4523],[-63.9731,-8.4785],[-63.9708,-8.4994],[-63.9437,-8.5266],[-63.9455,-8.5505],[-63.9224,-8.5674],[-63.9459,-8.6095],[-63.9861,-8.5857],[-63.991,-8.6174],[-64.0048,-8.6259],[-64.0163,-8.6677],[-64.0354,-8.6936],[-64.0278,-8.7157],[-64.0673,-8.7107],[-64.0947,-8.7284],[-64.1245,-8.7167],[-64.143,-8.7431],[-64.1447,-8.7765],[-64.1294,-8.8052],[-64.1581,-8.8432],[-64.1487,-8.8731],[-64.1435,-8.9337],[-64.1494,-8.959],[-64.1749,-8.9606],[-64.2331,-8.9923],[-64.265,-8.9884],[-64.3112,-8.9965],[-64.326,-8.9799],[-64.3095,-8.9345],[-64.3233,-8.9289],[-64.3798,-8.9468],[-64.4465,-8.9769],[-64.55,-8.9783],[-64.5879,-9.0095],[-64.611,-9.0165],[-64.6414,-9.0067],[-64.6713,-9.0148],[-64.6833,-8.9936],[-64.7067,-8.9898],[-64.7304,-9.0125],[-64.7611,-9.0206],[-64.7839,-8.9893],[-64.8077,-8.9856],[-64.8698,-9.012],[-64.894,-9.0437],[-64.9172,-9.0432],[-64.9156,-9.0746],[-64.9398,-9.1246],[-64.9196,-9.2203],[-64.9628,-9.2928],[-65.0004,-9.3046],[-65.0535,-9.4022],[-65.0778,-9.401],[-65.0888,-9.4251],[-65.1428,-9.4468],[-65.1867,-9.4151],[-65.1735,-9.3855],[-65.1961,-9.3753],[-65.1882,-9.3449],[-65.2089,-9.3097],[-65.2117,-9.279],[-65.2466,-9.2577],[-65.2841,-9.2703],[-65.3003,-9.2871],[-65.3774,-9.3245],[-65.4401,-9.3118],[-65.446,-9.3707],[-65.4565,-9.4012],[-65.432,-9.4587],[-65.4566,-9.4705],[-65.5031,-9.47],[-65.5482,-9.4261],[-65.588,-9.4138],[-65.6793,-9.4514],[-65.6809,-9.5004],[-65.696,-9.5077],[-65.7235,-9.5591],[-65.7999,-9.585],[-65.8179,-9.5623],[-65.825,-9.5301],[-65.8482,-9.5324],[-65.8808,-9.4875],[-65.9125,-9.4838],[-65.9318,-9.4476],[-65.9702,-9.4132],[-66.0423,-9.4024],[-66.0596,-9.4182],[-66.1161,-9.409],[-66.1735,-9.4344],[-66.2047,-9.426],[-66.2433,-9.4294],[-66.2596,-9.411],[-66.3747,-9.4264],[-66.4146,-9.422],[-66.39,-9.4557],[-66.3923,-9.5005],[-66.4235,-9.5258],[-66.4388,-9.5544],[-66.4948,-9.6016],[-66.5005,-9.6336],[-66.5368,-9.6436],[-66.5862,-9.6736],[-66.6094,-9.6649],[-66.6241,-9.6808],[-66.6849,-9.7147],[-66.6917,-9.7339],[-66.7253,-9.7561],[-66.7753,-9.7531],[-66.7805,-9.7914],[-66.8062,-9.8145],[-66.6448,-9.8834],[-66.6198,-9.8941],[-66.5875,-9.9003],[-66.5595,-9.881],[-66.5285,-9.8869],[-66.5132,-9.8764],[-66.403,-9.8636],[-66.3595,-9.8662],[-66.3504,-9.8408],[-66.3157,-9.8314],[-66.255,-9.8333],[-66.2376,-9.8146],[-66.2132,-9.8343],[-66.195,-9.8063],[-66.1519,-9.7856],[-66.1228,-9.7911],[-66.071,-9.7843],[-66.0348,-9.7876],[-66.0241,-9.8123],[-65.974,-9.7979],[-65.9723,-9.7755],[-65.923,-9.7542],[-65.903,-9.7669],[-65.8858,-9.7525],[-65.8618,-9.7678],[-65.8606,-9.7952],[-65.8153,-9.7551],[-65.8056,-9.7881],[-65.7837,-9.7864],[-65.7726,-9.7582],[-65.7359,-9.7667],[-65.6849,-9.749],[-65.6688,-9.7812],[-65.6305,-9.8344],[-65.5969,-9.8419],[-65.5134,-9.7932],[-65.5009,-9.7299],[-65.4829,-9.7276],[-65.447,-9.6971],[-65.4433,-9.6694],[-65.3948,-9.6858],[-65.3637,-9.7116],[-65.328,-9.78],[-65.3204,-9.8146],[-65.286,-9.8455],[-65.2912,-9.8717],[-65.3211,-9.906],[-65.3317,-9.93],[-65.333,-9.9657],[-65.32,-10.001],[-65.3296,-10.0466],[-65.316,-10.0852],[-65.3013,-10.098],[-65.3069,-10.165],[-65.2894,-10.2107],[-65.2947,-10.2391],[-65.3109,-10.2582],[-65.3243,-10.3013],[-65.3758,-10.3522],[-65.3917,-10.3745],[-65.3803,-10.401],[-65.3814,-10.4291],[-65.4029,-10.4628],[-65.4297,-10.481],[-65.4107,-10.5086],[-65.4202,-10.5346],[-65.4046,-10.5538],[-65.3977,-10.5895],[-65.4167,-10.6187],[-65.4042,-10.6423],[-65.3757,-10.6466],[-65.3487,-10.6727],[-65.3435,-10.7163],[-65.3481,-10.7785],[-65.3669,-10.7963],[-65.3208,-10.8221],[-65.2755,-10.8712],[-65.2665,-10.9218],[-65.2857,-10.9277],[-65.2508,-10.9846],[-65.3012,-11.0322],[-65.2808,-11.0636],[-65.2862,-11.0922],[-65.348,-11.1188],[-65.3634,-11.1473],[-65.3508,-11.1864],[-65.3245,-11.1871],[-65.3234,-11.2106],[-65.3606,-11.2234],[-65.3613,-11.2514],[-65.3459,-11.3051],[-65.2985,-11.3161],[-65.2976,-11.3351],[-65.3292,-11.3405],[-65.3353,-11.355],[-65.3091,-11.4937],[-65.2985,-11.5045],[-65.2249,-11.5165],[-65.2135,-11.5472],[-65.2345,-11.5705],[-65.2253,-11.5965],[-65.2317,-11.6183],[-65.2178,-11.6521],[-65.2593,-11.6998],[-65.2441,-11.7264],[-65.1814,-11.7566],[-65.1829,-11.7217],[-65.1282,-11.7206],[-65.0998,-11.7059],[-65.0797,-11.7362],[-65.0596,-11.7907],[-65.0706,-11.8692],[-65.0576,-11.884],[-65.0149,-11.9009],[-65.0276,-11.9459],[-65.0225,-11.9992],[-65.0005,-11.9934],[-64.9841,-12.0144],[-64.9483,-11.9935],[-64.917,-12.0284],[-64.8836,-12.0137],[-64.8395,-12.0107],[-64.8126,-12.0449],[-64.8112,-12.068],[-64.8321,-12.0811],[-64.8429,-12.1056],[-64.8218,-12.1189],[-64.8037,-12.0877],[-64.7657,-12.0964],[-64.7574,-12.1123],[-64.769,-12.1437],[-64.737,-12.1403],[-64.7383,-12.0999],[-64.7129,-12.0864],[-64.6976,-12.0961],[-64.7177,-12.1425],[-64.7129,-12.1736],[-64.6161,-12.2148],[-64.5757,-12.2154],[-64.547,-12.2428],[-64.5062,-12.2277],[-64.4928,-12.2943],[-64.5129,-12.3478],[-64.5007,-12.3656],[-64.46,-12.3872],[-64.4161,-12.4415],[-64.3491,-12.46],[-64.2927,-12.4593],[-64.2988,-12.4908],[-64.2793,-12.5008],[-64.2316,-12.4551],[-64.1967,-12.4729],[-64.1721,-12.4672],[-64.1733,-12.5071],[-64.1225,-12.5058],[-64.0892,-12.4862],[-64.0508,-12.4975],[-64.0401,-12.5152],[-63.9958,-12.5033],[-63.9576,-12.5313],[-63.8977,-12.4997],[-63.9006,-12.482],[-63.8851,-12.4464],[-63.8339,-12.4635],[-63.7862,-12.428],[-63.7642,-12.4421],[-63.7336,-12.4387],[-63.622,-12.4729],[-63.6139,-12.4853],[-63.5529,-12.5071],[-63.5305,-12.5417],[-63.5017,-12.5674],[-63.4739,-12.5616],[-63.4346,-12.5659],[-63.4372,-12.5847],[-63.412,-12.6097],[-63.4009,-12.6363],[-63.3693,-12.6596],[-63.3502,-12.6567],[-63.2955,-12.6819],[-63.239,-12.691],[-63.2454,-12.6622],[-63.1961,-12.6545],[-63.1518,-12.6339],[-63.1154,-12.6591],[-63.0805,-12.7039],[-63.0782,-12.7288],[-63.0471,-12.7407],[-63.0338,-12.7808],[-63.0084,-12.8108],[-63.0092,-12.8378],[-62.9631,-12.8474],[-62.9213,-12.8409],[-62.8921,-12.8589],[-62.8931,-12.8772],[-62.8701,-12.9107],[-62.8032,-12.9451],[-62.8088,-12.9622],[-62.779,-13.0096],[-62.734,-13.0219],[-62.7251,-13.0013],[-62.6985,-13.0029],[-62.6606,-12.9695],[-62.6291,-12.9959],[-62.633,-13.0107],[-62.6125,-13.0413],[-62.5471,-13.074],[-62.5238,-13.0655],[-62.5026,-13.0832],[-62.483,-13.0762],[-62.4518,-13.0878],[-62.4176,-13.119],[-62.3519,-13.1433],[-62.3167,-13.1345],[-62.2785,-13.1555],[-62.2459,-13.1452],[-62.2433,-13.1174],[-62.2147,-13.1114],[-62.2001,-13.1506],[-62.1695,-13.1342],[-62.1428,-13.1612],[-62.1196,-13.1536],[-62.1092,-13.2343],[-62.1139,-13.261],[-62.0712,-13.2962],[-62.0141,-13.3524],[-61.9804,-13.3655],[-61.9623,-13.3912],[-61.9143,-13.4338],[-61.8929,-13.431],[-61.8833,-13.4569],[-61.8831,-13.4973],[-61.8661,-13.5318],[-61.8336,-13.5393],[-61.8171,-13.5275],[-61.7573,-13.5406],[-61.6938,-13.5081],[-61.6514,-13.5187],[-61.5856,-13.5007],[-61.5082,-13.548],[-61.4699,-13.5553],[-61.4295,-13.5454],[-61.3897,-13.5198],[-61.3505,-13.5212],[-61.3363,-13.5056],[-61.3088,-13.5041],[-61.2883,-13.4829],[-61.2751,-13.5061],[-61.2483,-13.4963],[-61.2217,-13.5302],[-61.1712,-13.5106],[-61.1259,-13.5199],[-61.1061,-13.5317],[-61.0902,-13.4922],[-61.0411,-13.5077],[-61.0149,-13.4876],[-61.0056,-13.5503],[-60.9674,-13.5369],[-60.9338,-13.5407],[-60.9089,-13.5849],[-60.8798,-13.6176],[-60.8285,-13.6295],[-60.8107,-13.6538],[-60.7705,-13.6651],[-60.7695,-13.6842],[-60.7099,-13.6874],[-60.717,-13.6851],[-60.7167,-13.6823],[-60.7136,-13.6827],[-60.7139,-13.676],[-60.7138,-13.676],[-60.6905,-13.649],[-60.6727,-13.6125],[-60.6695,-13.6135],[-60.6692,-13.6084],[-60.6659,-13.6115],[-60.6454,-13.5929],[-60.6411,-13.5966],[-60.6321,-13.5717],[-60.6112,-13.5664],[-60.6002,-13.5728],[-60.5877,-13.5651],[-60.5876,-13.5651],[-60.5861,-13.5651],[-60.5488,-13.5484],[-60.5483,-13.5484],[-60.544,-13.5367],[-60.544,-13.5365],[-60.5436,-13.5365],[-60.5303,-13.5173],[-60.5012,-13.4985],[-60.4956,-13.4998],[-60.4954,-13.4997],[-60.4864,-13.4942],[-60.4817,-13.4969],[-60.4655,-13.4891],[-60.4563,-13.4936],[-60.4319,-13.4885],[-60.4095,-13.462],[-60.4024,-13.4629],[-60.384,-13.4412],[-60.3793,-13.4224],[-60.3791,-13.3907],[-60.3792,-13.3903],[-60.3702,-13.3575],[-60.3702,-13.3572],[-60.3716,-13.3187],[-60.3714,-13.3185],[-60.3632,-13.2966],[-60.3607,-13.2985],[-60.354,-13.2947],[-60.3521,-13.2847],[-60.3332,-13.2582],[-60.3297,-13.2354],[-60.3204,-13.2166],[-60.3202,-13.2163],[-60.3091,-13.1918],[-60.3041,-13.1792],[-60.2996,-13.1755],[-60.2961,-13.1772],[-60.2684,-13.145],[-60.2806,-13.1356],[-60.2842,-13.099],[-60.2825,-13.0933],[-60.2414,-13.0387],[-60.2412,-13.0384],[-60.2152,-13.027],[-60.2046,-12.9958],[-60.2045,-12.9955],[-60.1833,-12.9677],[-60.1674,-12.9707],[-60.1506,-12.9641],[-60.1397,-12.9702],[-60.1171,-12.9596],[-60.1051,-12.9195],[-60.0883,-12.9028],[-60.0879,-12.9021],[-60.079,-12.8812],[-60.0846,-12.8373],[-60.0778,-12.8046],[-60.0777,-12.8036],[-60.0746,-12.7734],[-60.0904,-12.7372],[-60.0873,-12.716],[-60.078,-12.6646],[-60.0632,-12.6422],[-60.0627,-12.6073],[-60.0345,-12.595],[-60.0266,-12.5617],[-60.0009,-12.5363],[-59.9733,-12.5304],[-59.9574,-12.5022],[-59.9258,-12.482],[-59.9138,-12.4798],[-59.9076,-12.4802],[-59.9045,-12.473],[-59.9044,-12.4728],[-59.8972,-12.4712],[-59.8968,-12.4762],[-59.8879,-12.475],[-59.8684,-12.4824],[-59.8444,-12.4675],[-59.844,-12.467],[-59.8425,-12.4249],[-59.8192,-12.3788],[-59.7929,-12.3458],[-59.7743,-12.341],[-59.8848,-12.2468],[-59.8863,-12.2455],[-59.8923,-12.2455],[-59.8923,-12.2452],[-59.9085,-12.1951],[-59.9001,-12.1698],[-59.8997,-12.1172],[-59.915,-12.0983],[-59.9155,-12.0979],[-59.9468,-12.066],[-59.9471,-12.0658],[-59.9568,-12.0565],[-59.9619,-12.0564],[-59.9705,-11.998],[-59.9707,-11.9978],[-59.9804,-11.9467],[-59.9805,-11.9462],[-59.9857,-11.9121],[-60.012,-11.8931],[-60.0247,-11.8976],[-60.0298,-11.895],[-60.0334,-11.8987],[-60.042,-11.8926],[-60.0424,-11.893],[-60.0605,-11.895],[-60.0733,-11.8845],[-60.0734,-11.8845],[-60.0766,-11.8853],[-60.0833,-11.8585],[-60.0884,-11.8626],[-60.0925,-11.8532],[-60.0962,-11.8589],[-60.1011,-11.8354],[-60.1087,-11.8396],[-60.1024,-11.8323],[-60.1023,-11.8321],[-60.0957,-11.8183],[-60.0957,-11.8182],[-60.1043,-11.8029],[-60.1046,-11.8029],[-60.1007,-11.798],[-60.0966,-11.8009],[-60.1044,-11.7783],[-60.1091,-11.7806],[-60.1073,-11.749],[-60.1079,-11.7489],[-60.1216,-11.7121],[-60.1189,-11.6721],[-60.1157,-11.6688],[-60.111,-11.6211],[-60.111,-11.6208],[-60.1108,-11.5825],[-60.0944,-11.5859],[-60.0871,-11.5681],[-60.0907,-11.5549],[-60.0867,-11.5609],[-60.0866,-11.561],[-60.0865,-11.5609],[-60.0537,-11.5336],[-60.0412,-11.5165],[-60.0317,-11.498],[-60.0317,-11.4978],[-60.0312,-11.4932],[-60.0276,-11.4963],[-60.0275,-11.4964],[-60.0179,-11.4959],[-59.9857,-11.4695],[-59.9852,-11.4689],[-59.9762,-11.4392],[-59.942,-11.4228],[-59.9343,-11.4237],[-59.926,-11.4156],[-59.9259,-11.4155],[-59.9199,-11.3817],[-59.9199,-11.3812],[-59.9171,-11.3386],[-59.9173,-11.3379],[-59.9277,-11.3105],[-59.9594,-11.2948],[-59.9678,-11.253],[-59.9818,-11.2338],[-59.982,-11.2332],[-59.9803,-11.1796],[-59.9958,-11.157],[-59.989,-11.1381],[-59.9799,-11.1398],[-59.9837,-11.1164],[-59.9839,-11.1163],[-59.9868,-11.1145],[-59.9953,-11.1252],[-60.0157,-11.1163],[-60.0193,-11.1291],[-60.0305,-11.1284],[-60.0306,-11.1282],[-60.0374,-11.1174],[-60.0666,-11.1255],[-60.0842,-11.0969],[-60.0961,-11.1108],[-60.1126,-11.1026],[-60.1203,-11.1069],[-60.1306,-11.1009],[-60.1424,-11.1058],[-60.148,-11.0993],[-60.1524,-11.1009],[-60.1592,-11.0957],[-60.1887,-11.108],[-60.1989,-11.1141],[-60.2105,-11.1068],[-60.2274,-11.1055],[-60.2388,-11.095],[-60.2487,-11.0969],[-60.2651,-11.0937],[-60.2709,-11.0987],[-60.278,-11.0798],[-60.278,-11.0794],[-60.2823,-11.064],[-60.2914,-11.0655],[-60.3012,-11.0572],[-60.3345,-11.0829],[-60.3484,-11.0741],[-60.3479,-11.1091],[-60.3732,-11.0941],[-60.3836,-11.0962],[-60.3837,-11.0962],[-60.4041,-11.0694],[-60.4083,-11.0713],[-60.4115,-11.0471],[-60.4115,-11.0468],[-60.4296,-11.0375],[-60.4465,-11.0422],[-60.4379,-11.0167],[-60.4416,-11.0168],[-60.46,-10.9899],[-60.8028,-10.9891],[-60.9503,-10.9886],[-61.0005,-10.9923],[-61.3902,-10.988],[-61.5143,-10.9866],[-61.5502,-10.9861],[-61.5385,-10.9759],[-61.53,-10.979],[-61.5273,-10.9569],[-61.5199,-10.9501],[-61.5188,-10.9174],[-61.5188,-10.9172],[-61.5237,-10.8818],[-61.5237,-10.8817],[-61.5213,-10.8426],[-61.5095,-10.8308],[-61.4954,-10.7825],[-61.486,-10.8006],[-61.4763,-10.7678],[-61.4863,-10.7272],[-61.4723,-10.715],[-61.4809,-10.7148],[-61.4958,-10.6835],[-61.4928,-10.6757],[-61.4789,-10.6431],[-61.4799,-10.5692],[-61.4662,-10.5412],[-61.4789,-10.53],[-61.479,-10.5297],[-61.4807,-10.4878],[-61.4643,-10.4166],[-61.4693,-10.4151],[-61.4761,-10.4185],[-61.4768,-10.4106],[-61.4968,-10.3896],[-61.497,-10.3896],[-61.5016,-10.3538],[-61.5214,-10.3308],[-61.5337,-10.3319],[-61.5621,-10.2721],[-61.5767,-10.2485],[-61.5739,-10.209],[-61.5586,-10.1766],[-61.5587,-10.1765],[-61.5785,-10.1632],[-61.5967,-10.1624],[-61.5997,-10.1592],[-61.6014,-10.1565],[-61.5786,-10.0793],[-61.5843,-10.0596],[-61.5558,-10.039],[-61.5404,-10.0016],[-61.5311,-9.9898],[-61.5233,-9.9485],[-61.5249,-9.9066],[-61.5111,-9.8956],[-61.5084,-9.8729],[-61.5248,-9.7958],[-61.5473,-9.7876],[-61.5314,-9.7399],[-61.5552,-9.7291],[-61.5667,-9.7294],[-61.5729,-9.724],[-61.553,-9.7072],[-61.546,-9.7154],[-61.5052,-9.6914],[-61.4768,-9.6289],[-61.4768,-9.6287],[-61.4809,-9.6234],[-61.4874,-9.6265],[-61.4874,-9.6266],[-61.4957,-9.6248],[-61.4957,-9.6247],[-61.495,-9.5843],[-61.495,-9.5841],[-61.514,-9.5393],[-61.514,-9.5392],[-61.5134,-9.5286],[-61.527,-9.5333],[-61.5259,-9.5019],[-61.5259,-9.5017],[-61.5769,-9.4745],[-61.5784,-9.4695],[-61.5816,-9.4591],[-61.5505,-9.4178],[-61.5614,-9.4007],[-61.5525,-9.3883],[-61.5946,-9.3687],[-61.6122,-9.356],[-61.6258,-9.363],[-61.6259,-9.363],[-61.6247,-9.3365],[-61.6161,-9.3268],[-61.6124,-9.28],[-61.6153,-9.2787],[-61.6154,-9.2787],[-61.6262,-9.2841],[-61.6307,-9.2799],[-61.6332,-9.2705],[-61.5891,-9.2438],[-61.575,-9.2372],[-61.5749,-9.2372],[-61.5519,-9.2439],[-61.539,-9.244],[-61.5326,-9.2489],[-61.5203,-9.1921],[-61.5203,-9.1918],[-61.5387,-9.1533],[-61.5388,-9.1531],[-61.5553,-9.1315],[-61.5557,-9.0924],[-61.5416,-9.0542],[-61.5306,-9.0419],[-61.5206,-9.0007],[-61.4928,-8.9424],[-61.4684,-8.9174],[-61.4844,-8.906],[-61.4846,-8.9058],[-61.5114,-8.8637],[-61.5235,-8.8186],[-61.543,-8.8191],[-61.5683,-8.8011],[-61.58,-8.8027],[-61.583,-8.7987],[-61.5831,-8.7987]]]},"properties":{"sigla":"RO","nome":"Rondônia"},"id":"RO"},{"type":"Feature","geometry":{"type":"Polygon","coordinates":[[[-58.8954,1.2276],[-58.9046,1.251],[-58.8987,1.2793],[-58.9237,1.2935],[-58.9184,1.3165],[-58.966,1.3124],[-59.0229,1.331],[-59.0484,1.3226],[-59.1026,1.3482],[-59.1184,1.3426],[-59.1718,1.3571],[-59.1873,1.3746],[-59.2076,1.3713],[-59.2693,1.4004],[-59.2884,1.4446],[-59.3215,1.4821],[-59.3396,1.5182],[-59.3787,1.5207],[-59.4309,1.5663],[-59.4271,1.5863],[-59.4479,1.6193],[-59.4829,1.6265],[-59.4948,1.6451],[-59.4932,1.6735],[-59.5262,1.6913],[-59.5334,1.7163],[-59.5665,1.7357],[-59.6173,1.7151],[-59.6329,1.741],[-59.6901,1.7563],[-59.6787,1.8071],[-59.6498,1.8435],[-59.6918,1.8535],[-59.7459,1.8518],[-59.7593,1.9004],[-59.7457,1.9288],[-59.7329,1.9838],[-59.729,2.0301],[-59.7409,2.0735],[-59.722,2.0976],[-59.7265,2.1357],[-59.7404,2.1626],[-59.719,2.2374],[-59.7371,2.2868],[-59.7701,2.2938],[-59.7857,2.284],[-59.8057,2.3074],[-59.8354,2.3207],[-59.8671,2.3499],[-59.8965,2.3629],[-59.9071,2.3882],[-59.8945,2.406],[-59.8954,2.4815],[-59.9179,2.5074],[-59.9168,2.5265],[-59.9368,2.5526],[-59.9393,2.5826],[-59.9707,2.5935],[-59.9626,2.626],[-59.9732,2.6679],[-59.9904,2.6851],[-59.9868,2.7479],[-59.9926,2.7857],[-59.9907,2.839],[-59.9768,2.8965],[-59.9826,2.9301],[-59.947,2.9997],[-59.9617,3.0145],[-59.9518,3.0412],[-59.9559,3.081],[-59.9395,3.0876],[-59.9193,3.1318],[-59.8998,3.1535],[-59.912,3.1876],[-59.9073,3.2121],[-59.8743,3.229],[-59.8809,3.2593],[-59.859,3.2782],[-59.852,3.304],[-59.8079,3.3526],[-59.8201,3.4107],[-59.8417,3.425],[-59.824,3.4835],[-59.8018,3.4921],[-59.8179,3.521],[-59.8379,3.5293],[-59.8423,3.5523],[-59.8662,3.5579],[-59.8504,3.6046],[-59.8179,3.6193],[-59.7645,3.6254],[-59.7529,3.6518],[-59.724,3.6629],[-59.7045,3.689],[-59.6684,3.7029],[-59.6801,3.7593],[-59.6648,3.7821],[-59.6298,3.7843],[-59.5879,3.8354],[-59.5923,3.8879],[-59.5682,3.8904],[-59.5648,3.9196],[-59.5284,3.9237],[-59.5162,3.944],[-59.5262,3.9671],[-59.5732,3.9873],[-59.5979,4.0298],[-59.6495,4.0704],[-59.6165,4.1323],[-59.6429,4.146],[-59.6807,4.1465],[-59.7254,4.1837],[-59.7357,4.2359],[-59.7079,4.2679],[-59.727,4.2785],[-59.7162,4.3032],[-59.6765,4.3443],[-59.6937,4.3776],[-59.7198,4.3951],[-59.7357,4.4198],[-59.7523,4.4193],[-59.7791,4.446],[-59.812,4.4451],[-59.8682,4.4548],[-59.8729,4.4737],[-59.9093,4.4729],[-59.9695,4.5029],[-59.9923,4.4829],[-60.0648,4.4962],[-60.0684,4.5115],[-60.1048,4.501],[-60.1632,4.5062],[-60.1601,4.5626],[-60.1267,4.5968],[-60.102,4.5951],[-60.0751,4.6085],[-60.0787,4.6485],[-60.0301,4.7004],[-60.0434,4.7171],[-60.0293,4.7382],[-60.027,4.7729],[-60.0398,4.7835],[-60.0298,4.8243],[-60.017,4.8418],[-60.0075,4.9076],[-59.994,4.9321],[-59.9904,4.9882],[-60.0024,5.0124],[-59.9967,5.0844],[-60.0268,5.0923],[-60.0529,5.1104],[-60.0737,5.1387],[-60.0961,5.1428],[-60.1068,5.194],[-60.1326,5.2248],[-60.1351,5.2482],[-60.1723,5.2265],[-60.2123,5.2718],[-60.2709,5.2343],[-60.3043,5.2265],[-60.3134,5.2104],[-60.3456,5.2046],[-60.384,5.2218],[-60.4343,5.1812],[-60.4634,5.199],[-60.527,5.2079],[-60.5693,5.1957],[-60.592,5.2173],[-60.6248,5.2151],[-60.652,5.2304],[-60.6823,5.2318],[-60.7231,5.2199],[-60.7354,5.201],[-60.6945,5.1971],[-60.6611,5.1637],[-60.6582,5.1338],[-60.6408,5.1097],[-60.6443,5.0568],[-60.599,4.9993],[-60.584,4.9557],[-60.5918,4.9268],[-60.6087,4.924],[-60.6287,4.8888],[-60.6523,4.8846],[-60.659,4.849],[-60.6959,4.8104],[-60.7268,4.7913],[-60.7515,4.7554],[-60.8065,4.7482],[-60.8529,4.7035],[-60.8998,4.7163],[-60.9118,4.7032],[-60.917,4.6649],[-60.9484,4.6554],[-60.9326,4.6163],[-60.9562,4.584],[-60.964,4.5438],[-60.9837,4.5424],[-60.9945,4.5185],[-61.0953,4.5219],[-61.1254,4.5052],[-61.1468,4.4815],[-61.1881,4.5205],[-61.2012,4.5164],[-61.2696,4.5396],[-61.3231,4.5349],[-61.2881,4.4574],[-61.3131,4.4577],[-61.3515,4.4188],[-61.3723,4.4271],[-61.4281,4.4257],[-61.462,4.4363],[-61.4862,4.4104],[-61.5134,4.4054],[-61.5273,4.3421],[-61.5129,4.3093],[-61.5601,4.2518],[-61.5906,4.244],[-61.6081,4.261],[-61.6318,4.241],[-61.6581,4.2615],[-61.739,4.256],[-61.769,4.2482],[-61.7826,4.2241],[-61.8023,4.2282],[-61.8187,4.1677],[-61.8748,4.1702],[-61.9206,4.1507],[-61.9306,4.1032],[-61.9751,4.151],[-61.9829,4.1804],[-62.0115,4.156],[-62.0481,4.1502],[-62.1051,4.1152],[-62.1143,4.088],[-62.1479,4.0791],[-62.2526,4.1293],[-62.292,4.1413],[-62.3295,4.1346],[-62.3895,4.178],[-62.4376,4.183],[-62.4626,4.178],[-62.4606,4.1427],[-62.5423,4.1093],[-62.554,4.0821],[-62.5347,4.0514],[-62.5812,4.0182],[-62.6095,4.0441],[-62.6462,4.0463],[-62.659,4.0346],[-62.7017,4.0307],[-62.7359,4.0399],[-62.7687,4.0063],[-62.7431,3.9744],[-62.7617,3.9416],[-62.7829,3.9344],[-62.7887,3.8932],[-62.7537,3.8496],[-62.7712,3.8341],[-62.7431,3.8082],[-62.7309,3.7077],[-62.7484,3.6727],[-62.7848,3.6996],[-62.7898,3.7177],[-62.8356,3.7385],[-62.8529,3.7119],[-62.8867,3.6835],[-62.919,3.6724],[-62.929,3.6394],[-62.9524,3.6118],[-62.9848,3.6096],[-63.0323,3.6657],[-63.0729,3.6855],[-63.0634,3.7049],[-63.0606,3.7519],[-63.1231,3.8046],[-63.2042,3.8116],[-63.2265,3.8355],[-63.2334,3.8816],[-63.2048,3.9513],[-63.2806,3.9552],[-63.2865,3.9727],[-63.3384,3.9569],[-63.3931,3.9805],[-63.4287,3.9771],[-63.452,3.9555],[-63.4117,3.9119],[-63.4526,3.8583],[-63.4892,3.8741],[-63.5123,3.8474],[-63.5715,3.8833],[-63.5931,3.9055],[-63.592,3.9283],[-63.6526,4.0019],[-63.6854,4.0091],[-63.7004,3.9444],[-63.6751,3.9227],[-63.6826,3.9074],[-63.7387,3.9152],[-63.7551,3.9402],[-63.7965,3.9327],[-63.8501,3.9499],[-63.8909,3.9305],[-63.9281,3.9249],[-63.9592,3.8874],[-63.997,3.9035],[-64.0017,3.933],[-64.0355,3.9343],[-64.0506,3.9502],[-64.0756,3.9996],[-64.097,4.0252],[-64.0962,4.0535],[-64.1126,4.0913],[-64.1717,4.1288],[-64.2187,4.1155],[-64.2742,4.1427],[-64.3353,4.1291],[-64.3862,4.1372],[-64.4315,4.1347],[-64.5001,4.1127],[-64.5442,4.1138],[-64.5603,4.1016],[-64.6234,4.1349],[-64.6584,4.2116],[-64.6995,4.2502],[-64.7803,4.2866],[-64.7995,4.2841],[-64.8215,4.2585],[-64.8217,4.2119],[-64.8103,4.1747],[-64.732,4.1202],[-64.7084,4.0666],[-64.6837,4.0402],[-64.6737,4.0047],[-64.6505,3.9919],[-64.6197,3.9513],[-64.5801,3.9283],[-64.5682,3.8818],[-64.5243,3.8419],[-64.5053,3.8099],[-64.4723,3.7816],[-64.4284,3.7799],[-64.3426,3.7349],[-64.289,3.6997],[-64.2809,3.6694],[-64.2442,3.6249],[-64.2059,3.5905],[-64.1856,3.5597],[-64.1867,3.4997],[-64.2398,3.443],[-64.2551,3.411],[-64.2342,3.3841],[-64.2412,3.3149],[-64.2137,3.2463],[-64.2081,3.1888],[-64.2351,3.1144],[-64.1731,3.0577],[-64.1606,3.0327],[-64.1304,3.0044],[-64.1248,2.9805],[-64.1023,2.9516],[-64.0715,2.9377],[-64.0667,2.8797],[-64.047,2.8363],[-64.0131,2.8191],[-64.014,2.7955],[-63.9829,2.7238],[-64.0034,2.7072],[-63.9854,2.686],[-63.9915,2.6363],[-64.029,2.576],[-64.0442,2.5733],[-64.0452,2.5326],[-64.057,2.513],[-64.0206,2.4666],[-64.0004,2.4782],[-63.9611,2.4547],[-63.8676,2.4245],[-63.7807,2.3913],[-63.7038,2.387],[-63.6558,2.3939],[-63.5907,2.4149],[-63.4998,2.436],[-63.4458,2.4424],[-63.4067,2.436],[-63.3947,2.4071],[-63.4254,2.3643],[-63.4013,2.2967],[-63.4011,2.2456],[-63.3719,2.2119],[-63.3106,2.165],[-63.2826,2.1539],[-63.194,2.1812],[-63.1414,2.1725],[-63.1384,2.1428],[-63.1197,2.0965],[-63.0854,2.0615],[-63.0534,2.0289],[-63.0236,2.0147],[-62.9806,2.0178],[-62.9483,2.0311],[-62.9197,2.025],[-62.8387,2.0165],[-62.8131,1.9917],[-62.7423,1.9667],[-62.7195,1.9535],[-62.705,1.9366],[-62.6986,1.912],[-62.704,1.874],[-62.7309,1.8182],[-62.7236,1.7124],[-62.7333,1.6951],[-62.756,1.6758],[-62.7962,1.6307],[-62.8066,1.6041],[-62.8051,1.5914],[-62.7362,1.5296],[-62.7307,1.4996],[-62.6768,1.4546],[-62.6398,1.4382],[-62.6201,1.4038],[-62.6204,1.3627],[-62.6021,1.3258],[-62.5895,1.2668],[-62.5546,1.1749],[-62.547,1.1299],[-62.5295,1.0888],[-62.5209,1.0838],[-62.4715,1.0863],[-62.4704,1.0774],[-62.4743,1.0402],[-62.4746,1.0163],[-62.4498,0.9838],[-62.4434,0.9676],[-62.4482,0.9433],[-62.4709,0.9171],[-62.4859,0.8665],[-62.4659,0.8291],[-62.4576,0.7852],[-62.5004,0.748],[-62.5284,0.7102],[-62.5382,0.6752],[-62.5182,0.5838],[-62.5329,0.5088],[-62.5185,0.4437],[-62.4851,0.4541],[-62.4584,0.4177],[-62.4462,0.3791],[-62.4609,0.3527],[-62.4584,0.3135],[-62.4682,0.2758],[-62.4543,0.2436],[-62.4526,0.2074],[-62.4284,0.1735],[-62.4287,0.1185],[-62.4148,0.0744],[-62.3907,0.0596],[-62.3706,0.0541],[-62.3465,0.0296],[-62.3226,-0.0242],[-62.3231,-0.0609],[-62.3321,-0.0606],[-62.3301,-0.0689],[-62.3196,-0.1025],[-62.2938,-0.1283],[-62.268,-0.1639],[-62.2449,-0.1747],[-62.2469,-0.19],[-62.2452,-0.2117],[-62.253,-0.2367],[-62.2382,-0.2528],[-62.2541,-0.2797],[-62.2394,-0.308],[-62.2263,-0.3172],[-62.1938,-0.3386],[-62.2038,-0.3683],[-62.2171,-0.3994],[-62.2216,-0.4094],[-62.2432,-0.4322],[-62.278,-0.4653],[-62.2749,-0.4786],[-62.2844,-0.4775],[-62.2863,-0.4936],[-62.3027,-0.5086],[-62.3082,-0.5675],[-62.2919,-0.6105],[-62.2963,-0.6522],[-62.3091,-0.6608],[-62.318,-0.6617],[-62.3412,-0.6759],[-62.3726,-0.6865],[-62.3612,-0.6995],[-62.3671,-0.7101],[-62.3904,-0.7095],[-62.4104,-0.7103],[-62.4254,-0.7001],[-62.4557,-0.692],[-62.4695,-0.694],[-62.4929,-0.6876],[-62.5082,-0.7142],[-62.4987,-0.734],[-62.4948,-0.7506],[-62.5043,-0.7656],[-62.5009,-0.7815],[-62.4654,-0.789],[-62.4332,-0.804],[-62.3957,-0.8204],[-62.3734,-0.8487],[-62.3665,-0.8692],[-62.3565,-0.8751],[-62.3401,-0.9042],[-62.317,-0.9142],[-62.2859,-0.944],[-62.259,-0.9759],[-62.2273,-0.9734],[-62.1998,-1.0003],[-62.1682,-1.0142],[-62.1454,-1.0284],[-62.1254,-1.0373],[-62.1182,-1.0765],[-62.1054,-1.0865],[-62.0879,-1.1001],[-62.0621,-1.0998],[-62.0173,-1.1417],[-61.9893,-1.2017],[-61.9668,-1.2429],[-61.9498,-1.297],[-61.909,-1.3487],[-61.9054,-1.3795],[-61.8965,-1.3954],[-61.8693,-1.4017],[-61.8171,-1.3995],[-61.7979,-1.3806],[-61.7407,-1.392],[-61.7231,-1.4057],[-61.6748,-1.4244],[-61.6048,-1.4481],[-61.5596,-1.4951],[-61.5446,-1.5256],[-61.4826,-1.5806],[-61.4704,-1.5459],[-61.4732,-1.5279],[-61.5164,-1.5024],[-61.5329,-1.4651],[-61.5382,-1.4334],[-61.5737,-1.4287],[-61.5943,-1.4056],[-61.6146,-1.4026],[-61.5998,-1.3676],[-61.5821,-1.3534],[-61.6115,-1.3081],[-61.6287,-1.3015],[-61.6076,-1.2781],[-61.6068,-1.2445],[-61.5957,-1.2234],[-61.5882,-1.1973],[-61.5821,-1.1645],[-61.5787,-1.1509],[-61.5665,-1.1326],[-61.5662,-1.0998],[-61.5765,-1.0792],[-61.544,-1.0623],[-61.5479,-1.0231],[-61.5601,-1.0101],[-61.5606,-0.9881],[-61.5834,-0.9826],[-61.5851,-0.937],[-61.5784,-0.9101],[-61.5587,-0.8931],[-61.5582,-0.864],[-61.5434,-0.8523],[-61.5498,-0.8392],[-61.5521,-0.8017],[-61.5462,-0.7816],[-61.5402,-0.7612],[-61.5326,-0.7512],[-61.4848,-0.7206],[-61.4646,-0.6648],[-61.4265,-0.6531],[-61.4071,-0.6315],[-61.3665,-0.607],[-61.3259,-0.5979],[-61.2982,-0.5762],[-61.2836,-0.5744],[-61.2309,-0.564],[-61.2162,-0.5331],[-61.2168,-0.5001],[-61.1984,-0.5059],[-61.1575,-0.5153],[-61.1487,-0.4993],[-61.129,-0.4976],[-61.0873,-0.5001],[-61.0637,-0.5131],[-61.0459,-0.5459],[-61.0251,-0.544],[-60.9754,-0.5626],[-60.9582,-0.5604],[-60.9301,-0.5548],[-60.9123,-0.5812],[-60.9087,-0.6159],[-60.8826,-0.6493],[-60.8546,-0.6479],[-60.8473,-0.664],[-60.8432,-0.6906],[-60.8121,-0.692],[-60.7979,-0.7112],[-60.7971,-0.7448],[-60.7771,-0.7562],[-60.7687,-0.7545],[-60.7665,-0.7781],[-60.7737,-0.7912],[-60.7532,-0.8198],[-60.7545,-0.8423],[-60.7526,-0.8612],[-60.7076,-0.8656],[-60.6757,-0.8734],[-60.6679,-0.8945],[-60.6204,-0.8634],[-60.5912,-0.8534],[-60.5476,-0.869],[-60.531,-0.8751],[-60.5046,-0.8493],[-60.5198,-0.8337],[-60.5065,-0.8215],[-60.4921,-0.7968],[-60.494,-0.7826],[-60.4671,-0.769],[-60.4579,-0.7743],[-60.4271,-0.7784],[-60.4009,-0.7576],[-60.3773,-0.7429],[-60.3459,-0.7459],[-60.3171,-0.7229],[-60.3032,-0.7071],[-60.3087,-0.6898],[-60.3134,-0.6415],[-60.3276,-0.6404],[-60.3509,-0.6223],[-60.3657,-0.5882],[-60.3832,-0.5901],[-60.3823,-0.5576],[-60.3979,-0.5459],[-60.3909,-0.5032],[-60.391,-0.4942],[-60.3824,-0.4703],[-60.3446,-0.4406],[-60.3359,-0.3854],[-60.3221,-0.3776],[-60.3184,-0.3307],[-60.2898,-0.2932],[-60.2995,-0.2748],[-60.3048,-0.2648],[-60.2915,-0.2293],[-60.2934,-0.2056],[-60.2759,-0.2026],[-60.2498,-0.167],[-60.2204,-0.1354],[-60.2251,-0.1196],[-60.2287,-0.1012],[-60.2221,-0.0831],[-60.2061,-0.0616],[-60.2032,-0.0336],[-60.1431,0.0374],[-60.1234,0.081],[-60.1362,0.093],[-60.1203,0.1235],[-60.0867,0.1427],[-60.0731,0.1499],[-60.059,0.163],[-60.0379,0.2635],[-59.9528,0.2635],[-59.4334,0.2635],[-59.1922,0.2635],[-58.8954,0.2635],[-58.8955,0.5917],[-58.8954,0.9047],[-58.8954,1.2276]]]},"properties":{"sigla":"RR","nome":"Roraima"},"id":"RR"},{"type":"Feature","geometry":{"type":"Polygon","coordinates":[[[-53.7764,-27.1477],[-53.809,-27.1727],[-53.8195,-27.1754],[-53.8336,-27.1696],[-53.8382,-27.1677],[-53.8442,-27.1608],[-53.8606,-27.1283],[-53.8893,-27.1579],[-53.9176,-27.1729],[-53.9364,-27.154],[-53.959,-27.1611],[-53.96,-27.1943],[-54.0007,-27.1954],[-54.0305,-27.2565],[-54.0546,-27.2641],[-54.078,-27.2973],[-54.1002,-27.3035],[-54.1576,-27.2932],[-54.1543,-27.2703],[-54.1853,-27.2657],[-54.1908,-27.307],[-54.2107,-27.3466],[-54.2113,-27.3735],[-54.2288,-27.3929],[-54.261,-27.3977],[-54.2674,-27.4375],[-54.284,-27.4479],[-54.3324,-27.4027],[-54.3328,-27.4475],[-54.3466,-27.4672],[-54.4107,-27.4057],[-54.4682,-27.4372],[-54.4419,-27.4601],[-54.4572,-27.4791],[-54.5037,-27.4815],[-54.5362,-27.5036],[-54.5478,-27.4774],[-54.5853,-27.4546],[-54.6159,-27.5341],[-54.6437,-27.5428],[-54.6577,-27.5116],[-54.6795,-27.5294],[-54.6717,-27.5584],[-54.6825,-27.5747],[-54.742,-27.5617],[-54.7591,-27.5829],[-54.7861,-27.5767],[-54.7948,-27.5368],[-54.8149,-27.5339],[-54.8403,-27.607],[-54.859,-27.6292],[-54.8851,-27.6265],[-54.9065,-27.6411],[-54.9035,-27.7261],[-54.9364,-27.7726],[-54.9894,-27.773],[-55.0217,-27.7954],[-55.0498,-27.7697],[-55.0718,-27.7729],[-55.0808,-27.7984],[-55.0248,-27.8341],[-55.0351,-27.8587],[-55.0812,-27.8434],[-55.1262,-27.8599],[-55.1378,-27.8955],[-55.1695,-27.8621],[-55.1965,-27.8566],[-55.2334,-27.8861],[-55.2546,-27.9227],[-55.2778,-27.9353],[-55.3252,-27.9291],[-55.3439,-27.9726],[-55.3845,-27.9841],[-55.3677,-28.0161],[-55.3736,-28.0353],[-55.4148,-28.0557],[-55.446,-28.098],[-55.4835,-28.0778],[-55.5117,-28.1141],[-55.5376,-28.1204],[-55.5485,-28.1574],[-55.5865,-28.1479],[-55.5851,-28.1218],[-55.6082,-28.1161],[-55.6301,-28.1761],[-55.6584,-28.1868],[-55.6987,-28.2225],[-55.7517,-28.2348],[-55.7818,-28.2544],[-55.7727,-28.2739],[-55.7357,-28.2846],[-55.6736,-28.328],[-55.668,-28.3411],[-55.6895,-28.3915],[-55.6904,-28.4158],[-55.711,-28.4266],[-55.7316,-28.3839],[-55.7539,-28.3697],[-55.819,-28.3648],[-55.8584,-28.3552],[-55.8771,-28.3617],[-55.8997,-28.3971],[-55.9011,-28.417],[-55.8814,-28.4651],[-55.8861,-28.4804],[-56.0113,-28.5071],[-56.0203,-28.5532],[-55.9998,-28.5853],[-56.0197,-28.6139],[-56.0474,-28.6239],[-56.1251,-28.6872],[-56.1624,-28.7428],[-56.1894,-28.7724],[-56.2633,-28.7781],[-56.3005,-28.8139],[-56.2957,-28.8598],[-56.3037,-28.9019],[-56.3378,-28.9375],[-56.3808,-28.9501],[-56.4101,-28.9759],[-56.4155,-28.9996],[-56.3978,-29.0212],[-56.4186,-29.0755],[-56.5006,-29.0875],[-56.5429,-29.1146],[-56.5906,-29.1204],[-56.6048,-29.155],[-56.637,-29.1921],[-56.6533,-29.2265],[-56.655,-29.2779],[-56.7056,-29.3614],[-56.7684,-29.3777],[-56.7805,-29.4401],[-56.8156,-29.4818],[-56.9035,-29.5349],[-56.9689,-29.6009],[-57.0462,-29.702],[-57.1215,-29.7654],[-57.1709,-29.781],[-57.2273,-29.7797],[-57.2948,-29.8316],[-57.3281,-29.8802],[-57.3232,-29.9373],[-57.3284,-29.972],[-57.3546,-30.0092],[-57.4172,-30.0406],[-57.4464,-30.0721],[-57.4617,-30.1065],[-57.548,-30.164],[-57.5855,-30.1772],[-57.5634,-30.2096],[-57.5662,-30.259],[-57.5227,-30.2866],[-57.4893,-30.2698],[-57.4296,-30.2755],[-57.4101,-30.301],[-57.3886,-30.3036],[-57.3052,-30.2655],[-57.2801,-30.2947],[-57.2031,-30.2865],[-57.195,-30.2644],[-57.1553,-30.2332],[-57.1679,-30.199],[-57.129,-30.1424],[-57.1056,-30.1362],[-57.0854,-30.1005],[-57.0441,-30.1058],[-57.0232,-30.0886],[-56.9921,-30.0868],[-56.9565,-30.1022],[-56.8851,-30.0882],[-56.8546,-30.0897],[-56.8064,-30.1052],[-56.78,-30.128],[-56.7843,-30.1542],[-56.7298,-30.1725],[-56.6967,-30.2058],[-56.663,-30.1987],[-56.6417,-30.2348],[-56.613,-30.2624],[-56.6059,-30.2832],[-56.5367,-30.3343],[-56.4891,-30.3997],[-56.4619,-30.3852],[-56.4382,-30.4326],[-56.3968,-30.4499],[-56.4057,-30.4691],[-56.3836,-30.4987],[-56.3354,-30.5121],[-56.3294,-30.5301],[-56.2869,-30.5288],[-56.2791,-30.5544],[-56.2259,-30.579],[-56.2196,-30.6083],[-56.1918,-30.6048],[-56.1663,-30.6407],[-56.1671,-30.6648],[-56.1505,-30.7062],[-56.1083,-30.7334],[-56.0953,-30.7545],[-56.0234,-30.7868],[-55.9904,-30.8669],[-56.0085,-30.8956],[-56.0151,-30.9452],[-56.0071,-30.984],[-56.0163,-31.0011],[-56.019,-31.0484],[-56.0101,-31.0814],[-55.9779,-31.0738],[-55.9329,-31.0872],[-55.9254,-31.0769],[-55.8707,-31.0719],[-55.8551,-31.0453],[-55.8294,-31.0441],[-55.8057,-31.0168],[-55.7765,-31.0158],[-55.7462,-30.9798],[-55.7038,-30.9556],[-55.6659,-30.9543],[-55.642,-30.9121],[-55.6628,-30.8733],[-55.6371,-30.8477],[-55.5661,-30.8482],[-55.5455,-30.891],[-55.5098,-30.9023],[-55.504,-30.925],[-55.4779,-30.9542],[-55.4409,-30.9602],[-55.4243,-30.986],[-55.4369,-31.005],[-55.3999,-31.029],[-55.3737,-31.0196],[-55.3498,-31.0405],[-55.3526,-31.0575],[-55.3285,-31.1108],[-55.3382,-31.1341],[-55.2705,-31.1773],[-55.2496,-31.2063],[-55.2481,-31.2485],[-55.2348,-31.2587],[-55.1689,-31.2697],[-55.1518,-31.2935],[-55.1085,-31.308],[-55.074,-31.3326],[-55.0428,-31.3088],[-55.0197,-31.2675],[-54.9819,-31.2971],[-54.9347,-31.3574],[-54.9403,-31.3814],[-54.9043,-31.3848],[-54.8778,-31.3986],[-54.8362,-31.4424],[-54.8046,-31.4294],[-54.7598,-31.4256],[-54.6701,-31.4544],[-54.5863,-31.4571],[-54.5746,-31.4823],[-54.514,-31.514],[-54.4531,-31.6008],[-54.4671,-31.6134],[-54.4545,-31.6533],[-54.155,-31.877],[-54.1091,-31.9089],[-54.088,-31.9362],[-54.0395,-31.8974],[-54.0039,-31.9154],[-53.97,-31.9188],[-53.9606,-31.9561],[-53.9127,-31.9672],[-53.8908,-31.9946],[-53.85,-32.0014],[-53.8522,-32.03],[-53.8333,-32.0556],[-53.7254,-32.0982],[-53.7442,-32.1168],[-53.7171,-32.1545],[-53.711,-32.1997],[-53.6852,-32.2201],[-53.677,-32.2598],[-53.6427,-32.2972],[-53.6433,-32.3369],[-53.6329,-32.3504],[-53.6446,-32.3846],[-53.6116,-32.4026],[-53.613,-32.4186],[-53.5831,-32.4523],[-53.5267,-32.4879],[-53.4713,-32.4805],[-53.4323,-32.5662],[-53.3886,-32.5875],[-53.3368,-32.585],[-53.2802,-32.6198],[-53.2499,-32.604],[-53.2366,-32.6312],[-53.1867,-32.6453],[-53.1085,-32.6429],[-53.054,-32.6153],[-53.0201,-32.613],[-53.0008,-32.5978],[-52.9827,-32.5105],[-52.9477,-32.4808],[-52.8797,-32.4612],[-52.842,-32.4585],[-52.7896,-32.4443],[-52.7457,-32.4108],[-52.7216,-32.3726],[-52.7513,-32.3597],[-52.7877,-32.3795],[-52.8202,-32.3312],[-52.7875,-32.2801],[-52.7739,-32.2317],[-52.7395,-32.1935],[-52.7368,-32.1724],[-52.6285,-32.162],[-52.6566,-32.2058],[-52.6821,-32.2649],[-52.692,-32.3262],[-52.6293,-32.4178],[-52.5932,-32.4923],[-52.5862,-32.5267],[-52.6117,-32.6204],[-52.6898,-32.7599],[-52.7047,-32.7921],[-52.7507,-32.8623],[-52.8047,-32.9061],[-52.8629,-32.909],[-52.8985,-32.8907],[-52.9856,-32.8167],[-53.0015,-32.7765],[-53.0425,-32.8002],[-53.0728,-32.833],[-53.1013,-32.8219],[-53.1267,-32.7937],[-53.1563,-32.8398],[-53.1669,-32.9062],[-53.16,-32.9696],[-53.2028,-33.0374],[-53.2366,-33.0675],[-53.2618,-33.1095],[-53.314,-33.0936],[-53.333,-33.0689],[-53.3551,-33.1069],[-53.4071,-33.163],[-53.4311,-33.156],[-53.4708,-33.2608],[-53.427,-33.4465],[-53.4352,-33.4985],[-53.4514,-33.5124],[-53.4613,-33.5752],[-53.4839,-33.5503],[-53.5153,-33.5539],[-53.5127,-33.5987],[-53.524,-33.6165],[-53.5327,-33.6894],[-53.4409,-33.6945],[-53.4333,-33.7386],[-53.3972,-33.752],[-53.3732,-33.7455],[-53.2308,-33.6473],[-53.1521,-33.5894],[-53.0437,-33.498],[-52.7957,-33.3025],[-52.7387,-33.2502],[-52.6624,-33.161],[-52.6023,-33.0712],[-52.5532,-32.9728],[-52.512,-32.9031],[-52.468,-32.7983],[-52.4484,-32.7356],[-52.4161,-32.6072],[-52.3711,-32.4896],[-52.3069,-32.3615],[-52.2319,-32.257],[-52.1565,-32.1905],[-52.0987,-32.1621],[-52.1051,-32.1074],[-52.1559,-32.0975],[-52.1496,-32.075],[-52.0966,-32.0296],[-52.0961,-31.9961],[-52.1131,-31.9781],[-52.1857,-31.9815],[-52.2015,-32.0239],[-52.1182,-32.0356],[-52.1729,-32.0561],[-52.2171,-32.0846],[-52.2015,-32.0402],[-52.2341,-32.0165],[-52.2394,-31.9852],[-52.2186,-31.9599],[-52.1875,-31.9636],[-52.167,-31.9441],[-52.1342,-31.9509],[-52.1473,-31.9155],[-52.1965,-31.8967],[-52.2214,-31.8724],[-52.2501,-31.8754],[-52.2568,-31.8493],[-52.223,-31.8433],[-52.2258,-31.7518],[-52.2009,-31.7286],[-52.1499,-31.6983],[-52.1041,-31.6846],[-52.0572,-31.6831],[-52.0306,-31.6923],[-52.01,-31.6141],[-52.0179,-31.5403],[-51.9937,-31.4135],[-51.9486,-31.3392],[-51.923,-31.3318],[-51.9195,-31.3107],[-51.875,-31.309],[-51.8439,-31.3232],[-51.8339,-31.3063],[-51.7905,-31.2732],[-51.7571,-31.2861],[-51.7067,-31.2655],[-51.6642,-31.271],[-51.6283,-31.2654],[-51.6426,-31.226],[-51.6394,-31.1807],[-51.6287,-31.1529],[-51.602,-31.1317],[-51.5673,-31.1286],[-51.5545,-31.114],[-51.4615,-31.0966],[-51.46,-31.0752],[-51.4857,-31.0262],[-51.4998,-30.9723],[-51.4966,-30.9153],[-51.4767,-30.8893],[-51.445,-30.8711],[-51.3901,-30.8798],[-51.369,-30.8743],[-51.3906,-30.8402],[-51.4043,-30.7829],[-51.4002,-30.713],[-51.387,-30.6549],[-51.3641,-30.6332],[-51.3177,-30.6481],[-51.3166,-30.7041],[-51.2931,-30.7076],[-51.3022,-30.6344],[-51.2984,-30.559],[-51.263,-30.4756],[-51.2291,-30.4237],[-51.1979,-30.408],[-51.151,-30.4155],[-51.122,-30.3968],[-51.0977,-30.3575],[-51.1286,-30.3592],[-51.181,-30.3859],[-51.2073,-30.3407],[-51.2107,-30.2978],[-51.2463,-30.315],[-51.2936,-30.304],[-51.2987,-30.24],[-51.3257,-30.2349],[-51.31,-30.1762],[-51.3145,-30.0827],[-51.2826,-30.0219],[-51.2315,-30.0584],[-51.2667,-30.1027],[-51.262,-30.1217],[-51.2258,-30.1448],[-51.2249,-30.1882],[-51.1982,-30.1944],[-51.1874,-30.2363],[-51.1196,-30.2463],[-51.0864,-30.2415],[-51.0633,-30.2637],[-51.0307,-30.2744],[-51.0258,-30.3212],[-51.051,-30.3492],[-51.0474,-30.3814],[-50.9734,-30.4075],[-50.93,-30.4357],[-50.9385,-30.375],[-50.9221,-30.3321],[-50.907,-30.3232],[-50.844,-30.3207],[-50.797,-30.3383],[-50.782,-30.2847],[-50.7507,-30.2966],[-50.6732,-30.2966],[-50.6561,-30.2859],[-50.6689,-30.2548],[-50.6589,-30.1998],[-50.6443,-30.1922],[-50.5965,-30.1949],[-50.5731,-30.243],[-50.5426,-30.2523],[-50.5378,-30.2738],[-50.5558,-30.32],[-50.5453,-30.3559],[-50.5675,-30.3956],[-50.5629,-30.4096],[-50.5744,-30.4814],[-50.5971,-30.4908],[-50.6404,-30.4633],[-50.6544,-30.4429],[-50.6487,-30.3912],[-50.7056,-30.3476],[-50.7295,-30.3681],[-50.7005,-30.4247],[-50.6864,-30.5007],[-50.6795,-30.6091],[-50.6901,-30.7068],[-50.702,-30.7463],[-50.7538,-30.8189],[-50.8194,-30.8405],[-50.8823,-30.8915],[-50.9113,-30.9057],[-50.9668,-30.896],[-50.9514,-30.9595],[-50.9546,-31.0031],[-50.9724,-31.0328],[-50.9949,-31.048],[-51.0485,-31.0615],[-51.1108,-31.0999],[-51.1773,-31.0822],[-51.1803,-31.1344],[-51.1617,-31.209],[-51.1591,-31.2818],[-51.1793,-31.3634],[-51.2035,-31.4123],[-51.2383,-31.4581],[-51.3176,-31.5125],[-51.3709,-31.5296],[-51.41,-31.5126],[-51.4163,-31.4733],[-51.443,-31.4952],[-51.4744,-31.5595],[-51.5119,-31.5892],[-51.5498,-31.6524],[-51.5934,-31.7058],[-51.6647,-31.7709],[-51.6934,-31.7825],[-51.7979,-31.7875],[-51.8384,-31.7985],[-51.806,-31.8201],[-51.8083,-31.8386],[-51.8688,-31.8713],[-51.9085,-31.869],[-52.0041,-31.819],[-52.0626,-31.8162],[-52.0983,-31.8358],[-52.0921,-31.8613],[-52.0268,-31.9155],[-52.0139,-31.9393],[-52.023,-31.9699],[-52.0548,-31.9825],[-52.0401,-32.0369],[-52.0491,-32.0732],[-52.084,-32.1203],[-52.075,-32.1427],[-51.9791,-32.0437],[-51.8851,-31.9581],[-51.8178,-31.9108],[-51.7182,-31.8551],[-51.6272,-31.813],[-51.4704,-31.7263],[-51.4227,-31.694],[-51.2504,-31.5672],[-51.1739,-31.4727],[-51.0987,-31.4179],[-51.0426,-31.3645],[-50.9313,-31.2754],[-50.8875,-31.2364],[-50.8026,-31.1487],[-50.7413,-31.072],[-50.6671,-30.9616],[-50.5626,-30.825],[-50.4745,-30.6951],[-50.3696,-30.5577],[-50.3088,-30.4558],[-50.2427,-30.2817],[-50.1557,-30.0656],[-50.0755,-29.8844],[-50.018,-29.7722],[-49.9583,-29.6642],[-49.9231,-29.607],[-49.8024,-29.4435],[-49.7315,-29.3587],[-49.7435,-29.3205],[-49.7303,-29.3177],[-49.7383,-29.3152],[-49.7388,-29.3015],[-49.7731,-29.2984],[-49.7918,-29.2856],[-49.8094,-29.287],[-49.8176,-29.2863],[-49.8431,-29.2718],[-49.8543,-29.2456],[-49.8692,-29.2246],[-49.9138,-29.2078],[-49.9625,-29.1991],[-49.9902,-29.2246],[-50.0072,-29.2254],[-50.1085,-29.258],[-50.1147,-29.2592],[-50.0929,-29.2968],[-50.0632,-29.312],[-50.0338,-29.3496],[-50.1015,-29.3105],[-50.1163,-29.2919],[-50.1309,-29.286],[-50.1289,-29.3036],[-50.1362,-29.2993],[-50.1428,-29.2923],[-50.145,-29.2762],[-50.1477,-29.2639],[-50.1509,-29.2581],[-50.1503,-29.2497],[-50.1506,-29.2299],[-50.1525,-29.2018],[-50.1157,-29.2093],[-50.1015,-29.2252],[-50.1102,-29.222],[-50.094,-29.2378],[-50.0927,-29.1992],[-50.0989,-29.1728],[-50.0806,-29.1558],[-50.0902,-29.1755],[-50.0423,-29.1839],[-50.0099,-29.1573],[-50.014,-29.1282],[-49.997,-29.1332],[-49.984,-29.1176],[-49.9685,-29.1165],[-49.9641,-29.0647],[-49.9854,-29.0716],[-49.9587,-29.0436],[-49.9471,-29.0278],[-49.9577,-29.0107],[-49.9515,-28.9994],[-49.9199,-28.9783],[-49.9344,-28.9744],[-49.9565,-28.9618],[-49.9712,-28.9243],[-49.9593,-28.8958],[-49.969,-28.881],[-49.9613,-28.8326],[-49.9691,-28.8231],[-49.9627,-28.8099],[-49.9568,-28.7712],[-49.928,-28.7561],[-49.9254,-28.7189],[-49.914,-28.7157],[-49.9089,-28.7156],[-49.8874,-28.7406],[-49.8662,-28.7211],[-49.8705,-28.7144],[-49.8688,-28.704],[-49.8605,-28.7],[-49.8464,-28.7054],[-49.841,-28.7077],[-49.8391,-28.7022],[-49.8208,-28.6939],[-49.8376,-28.6671],[-49.8296,-28.669],[-49.8173,-28.6406],[-49.7886,-28.6132],[-49.7809,-28.6302],[-49.7156,-28.624],[-49.7074,-28.6307],[-49.6936,-28.625],[-49.6989,-28.6066],[-49.7468,-28.5362],[-49.7271,-28.5192],[-49.7627,-28.5021],[-49.7647,-28.46],[-49.7913,-28.4952],[-49.8259,-28.4782],[-49.8693,-28.4806],[-49.8639,-28.4737],[-49.8831,-28.4474],[-49.9004,-28.464],[-49.9512,-28.4664],[-49.9589,-28.4497],[-49.9715,-28.4391],[-50.0363,-28.4778],[-50.0865,-28.4728],[-50.0999,-28.4855],[-50.1266,-28.4636],[-50.1474,-28.4596],[-50.1394,-28.4946],[-50.1572,-28.4977],[-50.1787,-28.4518],[-50.2148,-28.4599],[-50.2518,-28.449],[-50.2916,-28.4513],[-50.3283,-28.4342],[-50.3515,-28.4553],[-50.3484,-28.4286],[-50.3683,-28.4222],[-50.431,-28.4326],[-50.4561,-28.4107],[-50.499,-28.4126],[-50.5314,-28.4061],[-50.5441,-28.4271],[-50.5978,-28.3809],[-50.6124,-28.3931],[-50.6283,-28.364],[-50.6651,-28.3379],[-50.6594,-28.322],[-50.6945,-28.2887],[-50.6952,-28.2706],[-50.7118,-28.2656],[-50.7539,-28.243],[-50.7667,-28.1883],[-50.836,-28.1188],[-50.8601,-28.1398],[-50.8816,-28.0907],[-50.9036,-28.0869],[-50.8819,-28.068],[-50.8749,-28.0413],[-50.8939,-28.02],[-50.9229,-28.0118],[-50.9294,-27.9906],[-50.9245,-27.9806],[-50.9453,-27.969],[-50.9776,-27.9529],[-50.9864,-27.9419],[-51.0012,-27.9633],[-51.0192,-27.9564],[-51.0161,-27.9282],[-51.05,-27.908],[-51.052,-27.8701],[-51.0805,-27.859],[-51.0779,-27.8412],[-51.1037,-27.8277],[-51.1313,-27.8303],[-51.1331,-27.8063],[-51.1707,-27.7925],[-51.1713,-27.792],[-51.2223,-27.7698],[-51.2431,-27.7756],[-51.273,-27.7356],[-51.3088,-27.7194],[-51.3129,-27.6836],[-51.3135,-27.6779],[-51.3315,-27.6711],[-51.352,-27.68],[-51.3771,-27.6621],[-51.3701,-27.6365],[-51.3877,-27.6237],[-51.4111,-27.6453],[-51.4752,-27.6005],[-51.4778,-27.5701],[-51.5086,-27.5566],[-51.5491,-27.56],[-51.5583,-27.5815],[-51.587,-27.5633],[-51.5779,-27.5301],[-51.6078,-27.5416],[-51.6314,-27.5316],[-51.6197,-27.5007],[-51.6322,-27.4889],[-51.6513,-27.5198],[-51.6766,-27.5067],[-51.6845,-27.4794],[-51.7069,-27.4851],[-51.7252,-27.514],[-51.7497,-27.4899],[-51.7986,-27.491],[-51.7859,-27.5282],[-51.8221,-27.5128],[-51.8539,-27.514],[-51.8427,-27.4861],[-51.8781,-27.485],[-51.8798,-27.521],[-51.8936,-27.5168],[-51.9024,-27.496],[-51.9001,-27.4651],[-51.9331,-27.4666],[-51.9627,-27.4704],[-51.933,-27.4344],[-51.9559,-27.4148],[-52.0086,-27.4005],[-51.9919,-27.3903],[-51.9857,-27.3746],[-52.0224,-27.3551],[-52.0183,-27.3317],[-52.0389,-27.3449],[-52.1095,-27.3396],[-52.1062,-27.3156],[-52.1191,-27.3032],[-52.1673,-27.3116],[-52.1589,-27.2837],[-52.1802,-27.2769],[-52.2102,-27.3309],[-52.2394,-27.3062],[-52.2732,-27.304],[-52.2639,-27.2815],[-52.2362,-27.2721],[-52.2351,-27.2656],[-52.2539,-27.2575],[-52.3018,-27.26],[-52.2913,-27.309],[-52.2991,-27.3186],[-52.3467,-27.2882],[-52.3566,-27.2924],[-52.3816,-27.294],[-52.3825,-27.2742],[-52.3977,-27.2926],[-52.4405,-27.2627],[-52.4319,-27.2277],[-52.4516,-27.2208],[-52.4777,-27.234],[-52.4861,-27.2669],[-52.5363,-27.2601],[-52.5452,-27.24],[-52.5903,-27.2483],[-52.6107,-27.2634],[-52.6763,-27.2466],[-52.6882,-27.2831],[-52.7068,-27.2729],[-52.7102,-27.2444],[-52.7635,-27.2434],[-52.7674,-27.2093],[-52.8175,-27.2013],[-52.8407,-27.2092],[-52.844,-27.1781],[-52.8586,-27.1677],[-52.9043,-27.1988],[-52.9376,-27.1973],[-52.9364,-27.1764],[-52.9466,-27.1637],[-52.9659,-27.1802],[-52.9711,-27.2178],[-52.9895,-27.2184],[-53.0027,-27.19],[-52.9826,-27.1566],[-53.0035,-27.1334],[-53.0266,-27.1572],[-53.0429,-27.1286],[-53.0184,-27.0908],[-53.0585,-27.0863],[-53.0765,-27.1036],[-53.0707,-27.137],[-53.0727,-27.1583],[-53.127,-27.1787],[-53.1414,-27.1706],[-53.1499,-27.1423],[-53.1728,-27.1492],[-53.1772,-27.179],[-53.1965,-27.1916],[-53.2302,-27.1719],[-53.2718,-27.1872],[-53.3195,-27.1973],[-53.293,-27.1415],[-53.3105,-27.1185],[-53.3485,-27.1176],[-53.3809,-27.094],[-53.4115,-27.1411],[-53.4582,-27.156],[-53.4819,-27.1347],[-53.5018,-27.1346],[-53.5082,-27.1452],[-53.4884,-27.1938],[-53.5169,-27.2022],[-53.5485,-27.1761],[-53.5903,-27.1874],[-53.6003,-27.189],[-53.6191,-27.1888],[-53.635,-27.219],[-53.6509,-27.1769],[-53.6758,-27.1611],[-53.7177,-27.1824],[-53.7488,-27.1905],[-53.7764,-27.1477]]]},"properties":{"sigla":"RS","nome":"Rio Grande do Sul"},"id":"RS"},{"type":"Feature","geometry":{"type":"Polygon","coordinates":[[[-48.6336,-25.9776],[-48.6385,-25.9631],[-48.6377,-25.9609],[-48.6453,-25.9564],[-48.6632,-25.974],[-48.6807,-25.981],[-48.7109,-25.9832],[-48.8717,-25.9816],[-48.8823,-25.9816],[-48.9604,-25.9813],[-48.9784,-25.9889],[-49.0003,-26.0114],[-49.0179,-26.0154],[-49.0297,-26.0039],[-49.0409,-26.004],[-49.0466,-26.0191],[-49.0607,-26.016],[-49.073,-26.0009],[-49.074,-26.0019],[-49.0752,-26.0031],[-49.0788,-26.0067],[-49.0789,-26.0068],[-49.0909,-26.0033],[-49.1034,-26.0068],[-49.104,-26.0045],[-49.1122,-26.0045],[-49.1326,-26.0083],[-49.133,-26.0086],[-49.1512,-26.0098],[-49.168,-26.0012],[-49.1751,-26.0018],[-49.177,-26.004],[-49.1923,-26.0137],[-49.1935,-26.0144],[-49.2077,-26.0182],[-49.2086,-26.0202],[-49.2178,-26.0242],[-49.2184,-26.0247],[-49.2284,-26.0309],[-49.2317,-26.0308],[-49.2432,-26.0442],[-49.2524,-26.0477],[-49.2526,-26.0484],[-49.2553,-26.0561],[-49.2538,-26.0612],[-49.2568,-26.0651],[-49.2642,-26.0681],[-49.267,-26.0742],[-49.2747,-26.0797],[-49.2744,-26.082],[-49.2786,-26.081],[-49.2839,-26.0788],[-49.2952,-26.0856],[-49.2932,-26.0973],[-49.2912,-26.0993],[-49.2967,-26.1037],[-49.299,-26.104],[-49.3007,-26.1043],[-49.3008,-26.1117],[-49.3034,-26.1135],[-49.3175,-26.1101],[-49.3268,-26.117],[-49.3422,-26.1291],[-49.3475,-26.1285],[-49.3527,-26.1339],[-49.3542,-26.1357],[-49.3576,-26.1384],[-49.3576,-26.1387],[-49.3606,-26.1408],[-49.3713,-26.1512],[-49.3705,-26.1549],[-49.3873,-26.1556],[-49.4067,-26.1616],[-49.4105,-26.1584],[-49.4591,-26.1627],[-49.4864,-26.1825],[-49.4931,-26.2155],[-49.4984,-26.2187],[-49.504,-26.2248],[-49.5287,-26.2175],[-49.5367,-26.2147],[-49.5365,-26.2267],[-49.554,-26.2363],[-49.5607,-26.2368],[-49.5836,-26.2302],[-49.5914,-26.229],[-49.597,-26.2219],[-49.6035,-26.2255],[-49.6061,-26.2118],[-49.626,-26.2013],[-49.6369,-26.191],[-49.6344,-26.2005],[-49.6774,-26.1765],[-49.6886,-26.1769],[-49.7107,-26.1543],[-49.7266,-26.171],[-49.7513,-26.1196],[-49.7826,-26.1143],[-49.7876,-26.0984],[-49.7899,-26.1125],[-49.8079,-26.0921],[-49.8083,-26.0891],[-49.8436,-26.0729],[-49.8421,-26.0645],[-49.8655,-26.0351],[-49.8918,-26.0293],[-49.9312,-26.0307],[-49.932,-26.031],[-49.9343,-26.0187],[-49.9418,-26.0085],[-49.9535,-26.0186],[-49.9595,-26.0208],[-50.0115,-26.0139],[-50.0066,-26.0459],[-50.0321,-26.0276],[-50.0567,-26.0367],[-50.0649,-26.0334],[-50.0729,-26.035],[-50.0848,-26.0235],[-50.0994,-26.0501],[-50.1184,-26.0518],[-50.1211,-26.0643],[-50.1347,-26.0434],[-50.1515,-26.0232],[-50.1633,-26.0369],[-50.1708,-26.0648],[-50.1741,-26.0646],[-50.208,-26.0615],[-50.2097,-26.0574],[-50.2369,-26.0359],[-50.2683,-26.0425],[-50.277,-26.0518],[-50.2988,-26.0553],[-50.3182,-26.0685],[-50.3321,-26.0837],[-50.3257,-26.1213],[-50.3256,-26.1238],[-50.3332,-26.1226],[-50.3236,-26.1349],[-50.3275,-26.1304],[-50.3287,-26.1291],[-50.3308,-26.132],[-50.3416,-26.13],[-50.3528,-26.1193],[-50.3666,-26.1127],[-50.3711,-26.0804],[-50.4174,-26.0623],[-50.4347,-26.061],[-50.4546,-26.0321],[-50.4902,-26.0257],[-50.5017,-26.0229],[-50.5047,-26.032],[-50.5095,-26.0288],[-50.5287,-26.0346],[-50.5476,-26.0402],[-50.5476,-26.0401],[-50.5514,-26.0387],[-50.5724,-26.0035],[-50.5917,-26.0221],[-50.5818,-26.0489],[-50.5542,-26.0427],[-50.5516,-26.0537],[-50.5584,-26.0617],[-50.5663,-26.0649],[-50.6355,-26.072],[-50.6425,-26.0829],[-50.6572,-26.1029],[-50.6471,-26.1249],[-50.6526,-26.1333],[-50.6772,-26.1458],[-50.6859,-26.1617],[-50.7048,-26.1887],[-50.7318,-26.2034],[-50.722,-26.2241],[-50.7152,-26.2385],[-50.7471,-26.2293],[-50.7933,-26.2277],[-50.8016,-26.2319],[-50.8276,-26.2473],[-50.8321,-26.2668],[-50.8571,-26.2516],[-50.8651,-26.2422],[-50.8678,-26.2417],[-50.8687,-26.2416],[-50.882,-26.278],[-50.9092,-26.2848],[-50.9081,-26.2515],[-50.9425,-26.2351],[-50.9322,-26.2675],[-50.9321,-26.2688],[-50.9701,-26.2641],[-50.9735,-26.2467],[-50.9914,-26.2349],[-51.0374,-26.2403],[-51.0629,-26.2431],[-51.068,-26.2406],[-51.0981,-26.2626],[-51.1067,-26.2742],[-51.1639,-26.2835],[-51.1811,-26.299],[-51.2074,-26.2966],[-51.217,-26.3157],[-51.245,-26.3292],[-51.2563,-26.3419],[-51.2517,-26.3487],[-51.2602,-26.3589],[-51.2596,-26.3667],[-51.2557,-26.3737],[-51.2688,-26.3861],[-51.2734,-26.3881],[-51.276,-26.4019],[-51.2878,-26.4144],[-51.2934,-26.4309],[-51.2918,-26.4365],[-51.2917,-26.4371],[-51.2715,-26.4571],[-51.2596,-26.4697],[-51.2509,-26.4743],[-51.2666,-26.4824],[-51.2723,-26.5053],[-51.247,-26.5386],[-51.2245,-26.5513],[-51.2299,-26.5552],[-51.2195,-26.5726],[-51.2272,-26.5958],[-51.2378,-26.6045],[-51.2393,-26.6277],[-51.2586,-26.6258],[-51.2631,-26.632],[-51.2681,-26.6379],[-51.2762,-26.639],[-51.2748,-26.6419],[-51.2823,-26.6518],[-51.2837,-26.654],[-51.2843,-26.654],[-51.3012,-26.6548],[-51.3365,-26.6499],[-51.3441,-26.6493],[-51.3886,-26.6627],[-51.4059,-26.6761],[-51.3988,-26.6812],[-51.3987,-26.7109],[-51.4126,-26.6981],[-51.4353,-26.6881],[-51.4644,-26.6272],[-51.4849,-26.6147],[-51.4941,-26.5905],[-51.5361,-26.5923],[-51.6336,-26.5888],[-51.6651,-26.566],[-51.695,-26.5834],[-51.7483,-26.5772],[-51.7863,-26.5902],[-51.8195,-26.5796],[-51.8492,-26.5938],[-51.8638,-26.5981],[-51.8778,-26.5983],[-51.8929,-26.5832],[-51.9283,-26.5848],[-51.9479,-26.5695],[-51.9851,-26.5659],[-51.9865,-26.5659],[-52.0089,-26.5664],[-52.0166,-26.5571],[-52.0399,-26.5391],[-52.0516,-26.5317],[-52.0663,-26.5234],[-52.0677,-26.5238],[-52.0839,-26.5184],[-52.0886,-26.5097],[-52.0967,-26.4878],[-52.1004,-26.4816],[-52.1123,-26.476],[-52.134,-26.4704],[-52.1445,-26.4739],[-52.1578,-26.4719],[-52.1639,-26.4661],[-52.1856,-26.4454],[-52.1905,-26.4462],[-52.2022,-26.458],[-52.2041,-26.4599],[-52.2094,-26.4619],[-52.2186,-26.4652],[-52.2204,-26.4659],[-52.2226,-26.4657],[-52.2321,-26.4646],[-52.2405,-26.4637],[-52.242,-26.4636],[-52.2427,-26.4628],[-52.2489,-26.4551],[-52.2634,-26.4548],[-52.2728,-26.4619],[-52.2825,-26.4634],[-52.2887,-26.4572],[-52.305,-26.4407],[-52.3531,-26.4413],[-52.3673,-26.4327],[-52.3761,-26.4408],[-52.3764,-26.4407],[-52.398,-26.4288],[-52.4011,-26.4231],[-52.4192,-26.4373],[-52.4591,-26.4411],[-52.4767,-26.4214],[-52.5025,-26.4152],[-52.5046,-26.4137],[-52.518,-26.4041],[-52.5225,-26.4008],[-52.5238,-26.3999],[-52.5595,-26.4079],[-52.579,-26.4082],[-52.5834,-26.4104],[-52.6027,-26.4154],[-52.6582,-26.3747],[-52.6786,-26.3526],[-52.7029,-26.3574],[-52.75,-26.3447],[-52.7519,-26.345],[-52.7768,-26.3483],[-52.7783,-26.3487],[-52.7911,-26.3524],[-52.8178,-26.3446],[-52.8356,-26.3457],[-52.8397,-26.3472],[-52.878,-26.3605],[-52.9178,-26.3561],[-52.9256,-26.3605],[-52.9366,-26.362],[-52.9376,-26.3621],[-52.9683,-26.3543],[-52.9819,-26.3483],[-52.9972,-26.3519],[-52.998,-26.3523],[-53.0653,-26.3856],[-53.0833,-26.3891],[-53.109,-26.3779],[-53.1343,-26.3625],[-53.1354,-26.3591],[-53.1578,-26.3489],[-53.1608,-26.3511],[-53.1623,-26.3516],[-53.1882,-26.3398],[-53.2321,-26.312],[-53.2788,-26.2484],[-53.2801,-26.2477],[-53.2822,-26.2465],[-53.3198,-26.2542],[-53.3272,-26.2546],[-53.3363,-26.2495],[-53.3566,-26.2491],[-53.3807,-26.249],[-53.4027,-26.26],[-53.4612,-26.2952],[-53.473,-26.2902],[-53.475,-26.2893],[-53.4972,-26.3028],[-53.5227,-26.2925],[-53.5505,-26.2933],[-53.5549,-26.2876],[-53.5809,-26.2729],[-53.587,-26.256],[-53.6259,-26.2602],[-53.671,-26.3306],[-53.6849,-26.3366],[-53.7064,-26.3959],[-53.688,-26.4438],[-53.7019,-26.4734],[-53.6948,-26.4903],[-53.7188,-26.5071],[-53.7295,-26.5392],[-53.7217,-26.5624],[-53.7333,-26.652],[-53.7159,-26.6827],[-53.75,-26.7402],[-53.7144,-26.7492],[-53.7154,-26.779],[-53.6956,-26.8314],[-53.6951,-26.8865],[-53.681,-26.9157],[-53.7092,-26.9385],[-53.7002,-26.9526],[-53.7469,-27.0307],[-53.7756,-27.0499],[-53.8039,-27.0826],[-53.807,-27.1257],[-53.8363,-27.1548],[-53.8324,-27.164],[-53.8336,-27.1696],[-53.8195,-27.1754],[-53.809,-27.1727],[-53.7764,-27.1477],[-53.7488,-27.1905],[-53.7177,-27.1824],[-53.6758,-27.1611],[-53.6509,-27.1769],[-53.635,-27.219],[-53.6191,-27.1888],[-53.6003,-27.189],[-53.5903,-27.1874],[-53.5485,-27.1761],[-53.5169,-27.2022],[-53.4884,-27.1938],[-53.5082,-27.1452],[-53.5018,-27.1346],[-53.4819,-27.1347],[-53.4582,-27.156],[-53.4115,-27.1411],[-53.3809,-27.094],[-53.3485,-27.1176],[-53.3105,-27.1185],[-53.293,-27.1415],[-53.3195,-27.1973],[-53.2718,-27.1872],[-53.2302,-27.1719],[-53.1965,-27.1916],[-53.1772,-27.179],[-53.1728,-27.1492],[-53.1499,-27.1423],[-53.1414,-27.1706],[-53.127,-27.1787],[-53.0727,-27.1583],[-53.0707,-27.137],[-53.0765,-27.1036],[-53.0585,-27.0863],[-53.0184,-27.0908],[-53.0429,-27.1286],[-53.0266,-27.1572],[-53.0035,-27.1334],[-52.9826,-27.1566],[-53.0027,-27.19],[-52.9895,-27.2184],[-52.9711,-27.2178],[-52.9659,-27.1802],[-52.9466,-27.1637],[-52.9364,-27.1764],[-52.9376,-27.1973],[-52.9043,-27.1988],[-52.8586,-27.1677],[-52.844,-27.1781],[-52.8407,-27.2092],[-52.8175,-27.2013],[-52.7674,-27.2093],[-52.7635,-27.2434],[-52.7102,-27.2444],[-52.7068,-27.2729],[-52.6882,-27.2831],[-52.6763,-27.2466],[-52.6107,-27.2634],[-52.5903,-27.2483],[-52.5452,-27.24],[-52.5363,-27.2601],[-52.4861,-27.2669],[-52.4777,-27.234],[-52.4516,-27.2208],[-52.4319,-27.2277],[-52.4405,-27.2627],[-52.3977,-27.2926],[-52.3825,-27.2742],[-52.3816,-27.294],[-52.3566,-27.2924],[-52.3467,-27.2882],[-52.2991,-27.3186],[-52.2913,-27.309],[-52.3018,-27.26],[-52.2539,-27.2575],[-52.2351,-27.2656],[-52.2362,-27.2721],[-52.2639,-27.2815],[-52.2732,-27.304],[-52.2394,-27.3062],[-52.2102,-27.3309],[-52.1802,-27.2769],[-52.1589,-27.2837],[-52.1673,-27.3116],[-52.1191,-27.3032],[-52.1062,-27.3156],[-52.1095,-27.3396],[-52.0389,-27.3449],[-52.0183,-27.3317],[-52.0224,-27.3551],[-51.9857,-27.3746],[-51.9919,-27.3903],[-52.0086,-27.4005],[-51.9559,-27.4148],[-51.933,-27.4344],[-51.9627,-27.4704],[-51.9331,-27.4666],[-51.9001,-27.4651],[-51.9024,-27.496],[-51.8936,-27.5168],[-51.8798,-27.521],[-51.8781,-27.485],[-51.8427,-27.4861],[-51.8539,-27.514],[-51.8221,-27.5128],[-51.7859,-27.5282],[-51.7986,-27.491],[-51.7497,-27.4899],[-51.7252,-27.514],[-51.7069,-27.4851],[-51.6845,-27.4794],[-51.6766,-27.5067],[-51.6513,-27.5198],[-51.6322,-27.4889],[-51.6197,-27.5007],[-51.6314,-27.5316],[-51.6078,-27.5416],[-51.5779,-27.5301],[-51.587,-27.5633],[-51.5583,-27.5815],[-51.5491,-27.56],[-51.5086,-27.5566],[-51.4778,-27.5701],[-51.4752,-27.6005],[-51.4111,-27.6453],[-51.3877,-27.6237],[-51.3701,-27.6365],[-51.3771,-27.6621],[-51.352,-27.68],[-51.3315,-27.6711],[-51.3135,-27.6779],[-51.3129,-27.6836],[-51.3088,-27.7194],[-51.273,-27.7356],[-51.2431,-27.7756],[-51.2223,-27.7698],[-51.1713,-27.792],[-51.1707,-27.7925],[-51.1331,-27.8063],[-51.1313,-27.8303],[-51.1037,-27.8277],[-51.0779,-27.8412],[-51.0805,-27.859],[-51.052,-27.8701],[-51.05,-27.908],[-51.0161,-27.9282],[-51.0192,-27.9564],[-51.0012,-27.9633],[-50.9864,-27.9419],[-50.9776,-27.9529],[-50.9453,-27.969],[-50.9245,-27.9806],[-50.9294,-27.9906],[-50.9229,-28.0118],[-50.8939,-28.02],[-50.8749,-28.0413],[-50.8819,-28.068],[-50.9036,-28.0869],[-50.8816,-28.0907],[-50.8601,-28.1398],[-50.836,-28.1188],[-50.7667,-28.1883],[-50.7539,-28.243],[-50.7118,-28.2656],[-50.6952,-28.2706],[-50.6945,-28.2887],[-50.6594,-28.322],[-50.6651,-28.3379],[-50.6283,-28.364],[-50.6124,-28.3931],[-50.5978,-28.3809],[-50.5441,-28.4271],[-50.5314,-28.4061],[-50.499,-28.4126],[-50.4561,-28.4107],[-50.431,-28.4326],[-50.3683,-28.4222],[-50.3484,-28.4286],[-50.3515,-28.4553],[-50.3283,-28.4342],[-50.2916,-28.4513],[-50.2518,-28.449],[-50.2148,-28.4599],[-50.1787,-28.4518],[-50.1572,-28.4977],[-50.1394,-28.4946],[-50.1474,-28.4596],[-50.1266,-28.4636],[-50.0999,-28.4855],[-50.0865,-28.4728],[-50.0363,-28.4778],[-49.9715,-28.4391],[-49.9589,-28.4497],[-49.9512,-28.4664],[-49.9004,-28.464],[-49.8831,-28.4474],[-49.8639,-28.4737],[-49.8693,-28.4806],[-49.8259,-28.4782],[-49.7913,-28.4952],[-49.7647,-28.46],[-49.7627,-28.5021],[-49.7271,-28.5192],[-49.7468,-28.5362],[-49.6989,-28.6066],[-49.6936,-28.625],[-49.7074,-28.6307],[-49.7156,-28.624],[-49.7809,-28.6302],[-49.7886,-28.6132],[-49.8173,-28.6406],[-49.8296,-28.669],[-49.8376,-28.6671],[-49.8208,-28.6939],[-49.8391,-28.7022],[-49.841,-28.7077],[-49.8464,-28.7054],[-49.8605,-28.7],[-49.8688,-28.704],[-49.8705,-28.7144],[-49.8662,-28.7211],[-49.8874,-28.7406],[-49.9089,-28.7156],[-49.914,-28.7157],[-49.9254,-28.7189],[-49.928,-28.7561],[-49.9568,-28.7712],[-49.9627,-28.8099],[-49.9691,-28.8231],[-49.9613,-28.8326],[-49.969,-28.881],[-49.9593,-28.8958],[-49.9712,-28.9243],[-49.9565,-28.9618],[-49.9344,-28.9744],[-49.9199,-28.9783],[-49.9515,-28.9994],[-49.9577,-29.0107],[-49.9471,-29.0278],[-49.9587,-29.0436],[-49.9854,-29.0716],[-49.9641,-29.0647],[-49.9685,-29.1165],[-49.984,-29.1176],[-49.997,-29.1332],[-50.014,-29.1282],[-50.0099,-29.1573],[-50.0423,-29.1839],[-50.0902,-29.1755],[-50.0806,-29.1558],[-50.0989,-29.1728],[-50.0927,-29.1992],[-50.094,-29.2378],[-50.1102,-29.222],[-50.1015,-29.2252],[-50.1157,-29.2093],[-50.1525,-29.2018],[-50.1506,-29.2299],[-50.1503,-29.2497],[-50.1509,-29.2581],[-50.1477,-29.2639],[-50.145,-29.2762],[-50.1428,-29.2923],[-50.1362,-29.2993],[-50.1289,-29.3036],[-50.1309,-29.286],[-50.1163,-29.2919],[-50.1015,-29.3105],[-50.0338,-29.3496],[-50.0632,-29.312],[-50.0929,-29.2968],[-50.1147,-29.2592],[-50.1085,-29.258],[-50.0072,-29.2254],[-49.9902,-29.2246],[-49.9625,-29.1991],[-49.9138,-29.2078],[-49.8692,-29.2246],[-49.8543,-29.2456],[-49.8431,-29.2718],[-49.8176,-29.2863],[-49.8094,-29.287],[-49.7918,-29.2856],[-49.7731,-29.2984],[-49.7388,-29.3015],[-49.7383,-29.3152],[-49.7303,-29.3177],[-49.7435,-29.3205],[-49.7117,-29.3258],[-49.6448,-29.2394],[-49.5141,-29.0929],[-49.4214,-28.9965],[-49.2911,-28.883],[-49.1841,-28.8002],[-49.0819,-28.7346],[-48.9969,-28.685],[-48.9085,-28.6381],[-48.8551,-28.6154],[-48.8184,-28.6099],[-48.8138,-28.59],[-48.7623,-28.5371],[-48.7558,-28.5164],[-48.7677,-28.4755],[-48.7488,-28.4292],[-48.7411,-28.3867],[-48.7068,-28.3413],[-48.6996,-28.2934],[-48.6617,-28.2307],[-48.6636,-28.1819],[-48.6478,-28.1501],[-48.627,-28.0755],[-48.6101,-28.0407],[-48.6302,-28.0111],[-48.6202,-27.9447],[-48.5833,-27.9059],[-48.5999,-27.8784],[-48.5979,-27.8532],[-48.5444,-27.8304],[-48.5327,-27.7942],[-48.4993,-27.7944],[-48.4772,-27.762],[-48.5068,-27.7451],[-48.5012,-27.7146],[-48.4755,-27.6659],[-48.4198,-27.5837],[-48.4257,-27.5422],[-48.3883,-27.4883],[-48.3716,-27.445],[-48.399,-27.425],[-48.4165,-27.3818],[-48.4832,-27.3798],[-48.5265,-27.4083],[-48.539,-27.3244],[-48.5651,-27.3081],[-48.5962,-27.3165],[-48.6157,-27.2745],[-48.6101,-27.2267],[-48.5404,-27.1827],[-48.515,-27.1854],[-48.5019,-27.1459],[-48.5162,-27.122],[-48.5493,-27.1575],[-48.5845,-27.1457],[-48.6123,-27.1004],[-48.5917,-27.0801],[-48.5859,-27.0453],[-48.5714,-27.024],[-48.5826,-26.9997],[-48.6212,-26.9997],[-48.6345,-26.9783],[-48.6272,-26.9369],[-48.6433,-26.9016],[-48.6282,-26.8356],[-48.6026,-26.827],[-48.5853,-26.7832],[-48.6202,-26.7891],[-48.6406,-26.7656],[-48.6764,-26.7508],[-48.687,-26.6694],[-48.6642,-26.5748],[-48.6143,-26.4787],[-48.5936,-26.4538],[-48.5923,-26.4067],[-48.565,-26.3611],[-48.537,-26.2918],[-48.5058,-26.2391],[-48.5216,-26.2146],[-48.5224,-26.1701],[-48.581,-26.1652],[-48.5971,-26.1247],[-48.6071,-26.0564],[-48.5946,-25.9773],[-48.5989,-25.9772],[-48.6336,-25.9776]]]},"properties":{"sigla":"SC","nome":"Santa Catarina"},"id":"SC"},{"type":"Feature","geometry":{"type":"Polygon","coordinates":[[[-36.3939,-10.5004],[-36.4305,-10.4253],[-36.4636,-10.4068],[-36.5101,-10.4328],[-36.5631,-10.4197],[-36.5659,-10.3296],[-36.5912,-10.2874],[-36.622,-10.2592],[-36.6445,-10.2526],[-36.6851,-10.2753],[-36.7562,-10.2464],[-36.7562,-10.2318],[-36.8085,-10.2209],[-36.8357,-10.2041],[-36.8486,-10.1628],[-36.9109,-10.138],[-36.9471,-10.0866],[-36.9591,-10.0506],[-36.9564,-10.0237],[-36.9676,-9.9929],[-36.9949,-9.9754],[-37.0442,-9.9887],[-37.0618,-9.9785],[-37.1327,-9.9138],[-37.153,-9.9009],[-37.2266,-9.8995],[-37.2472,-9.8847],[-37.257,-9.8603],[-37.2855,-9.831],[-37.3212,-9.8205],[-37.3483,-9.7932],[-37.3976,-9.7776],[-37.4178,-9.763],[-37.4737,-9.7469],[-37.5719,-9.7388],[-37.6569,-9.6837],[-37.6709,-9.6567],[-37.7118,-9.6313],[-37.7469,-9.6258],[-37.7851,-9.6387],[-37.8183,-9.5929],[-37.8862,-9.5502],[-37.9172,-9.549],[-37.9894,-9.5274],[-38.0033,-9.5151],[-38.0139,-9.535],[-38.0231,-9.5491],[-38.0318,-9.5681],[-38.0403,-9.5725],[-38.0369,-9.5812],[-38.0405,-9.6026],[-38.0187,-9.6236],[-38.0088,-9.6318],[-37.9904,-9.656],[-37.9931,-9.6569],[-38.007,-9.6518],[-38.0399,-9.6866],[-38.0398,-9.7334],[-38.0299,-9.7655],[-38.0201,-9.778],[-37.9978,-9.8034],[-37.9665,-9.8199],[-37.9826,-9.8688],[-37.9857,-9.8899],[-37.988,-9.9219],[-37.9684,-9.9628],[-37.9496,-9.9715],[-37.9274,-9.9656],[-37.9156,-9.9759],[-37.8755,-9.9788],[-37.8333,-9.9984],[-37.8233,-10.0157],[-37.821,-10.0573],[-37.7983,-10.1091],[-37.7744,-10.1448],[-37.7802,-10.1879],[-37.7657,-10.1963],[-37.7414,-10.318],[-37.7626,-10.3445],[-37.8221,-10.3724],[-37.8307,-10.375],[-37.839,-10.3792],[-37.8407,-10.3899],[-37.8589,-10.4302],[-37.8211,-10.4847],[-37.8131,-10.5085],[-37.8157,-10.5174],[-37.8196,-10.5395],[-37.828,-10.5477],[-37.8318,-10.5514],[-37.8397,-10.5561],[-37.8331,-10.5606],[-37.8316,-10.579],[-37.8305,-10.5847],[-37.814,-10.6911],[-37.8445,-10.7033],[-37.8449,-10.7035],[-37.8822,-10.7184],[-37.9852,-10.7591],[-38.0126,-10.7353],[-38.0215,-10.731],[-38.0421,-10.7008],[-38.0677,-10.7157],[-38.1229,-10.7184],[-38.1568,-10.7126],[-38.1754,-10.7063],[-38.2108,-10.7173],[-38.2182,-10.7363],[-38.2175,-10.7382],[-38.2185,-10.7826],[-38.2364,-10.7963],[-38.2367,-10.808],[-38.2451,-10.823],[-38.2396,-10.8264],[-38.2322,-10.8399],[-38.2365,-10.8817],[-38.2264,-10.9166],[-38.1992,-10.9274],[-38.1803,-10.9503],[-38.1874,-10.9627],[-38.1495,-11.0015],[-38.1239,-11.0184],[-38.1211,-11.0074],[-38.0814,-11.0644],[-38.0864,-11.0978],[-38.0922,-11.0984],[-38.0838,-11.1197],[-38.0664,-11.1491],[-38.0624,-11.1641],[-38.0468,-11.1787],[-38.014,-11.1848],[-38.0009,-11.1951],[-37.9874,-11.196],[-37.9849,-11.1959],[-37.9741,-11.1954],[-37.9779,-11.222],[-37.9843,-11.2478],[-37.9909,-11.2663],[-37.9863,-11.2672],[-38.0149,-11.2857],[-38.0108,-11.2941],[-38.0014,-11.3031],[-37.9958,-11.3124],[-37.9825,-11.3482],[-37.9688,-11.3819],[-37.9811,-11.3854],[-37.9656,-11.4028],[-37.9526,-11.3959],[-37.9512,-11.4045],[-37.9367,-11.4226],[-37.9144,-11.4082],[-37.9065,-11.4202],[-37.8811,-11.4334],[-37.8509,-11.4403],[-37.8526,-11.4464],[-37.8485,-11.4699],[-37.8249,-11.4917],[-37.809,-11.497],[-37.8008,-11.5205],[-37.7707,-11.5315],[-37.7596,-11.525],[-37.7194,-11.5501],[-37.6736,-11.5687],[-37.6726,-11.5595],[-37.6649,-11.5333],[-37.632,-11.5188],[-37.6034,-11.5403],[-37.5792,-11.5344],[-37.5857,-11.5424],[-37.5738,-11.5426],[-37.5689,-11.5399],[-37.5529,-11.5476],[-37.5161,-11.5359],[-37.5036,-11.5245],[-37.4502,-11.5204],[-37.4031,-11.4885],[-37.3733,-11.4547],[-37.33,-11.4451],[-37.3193,-11.427],[-37.2932,-11.3451],[-37.2613,-11.2889],[-37.2049,-11.2206],[-37.1519,-11.1627],[-37.1309,-11.1053],[-37.0561,-10.9982],[-37.0262,-10.9641],[-37.0124,-10.9276],[-36.9363,-10.8304],[-36.8541,-10.7436],[-36.8083,-10.7046],[-36.734,-10.6557],[-36.6737,-10.6288],[-36.6205,-10.5895],[-36.4977,-10.5385],[-36.4063,-10.5177],[-36.3939,-10.5004]]]},"properties":{"sigla":"SE","nome":"Sergipe"},"id":"SE"},{"type":"Feature","geometry":{"type":"Polygon","coordinates":[[[-47.6668,-5.4218],[-47.7443,-5.3801],[-47.8275,-5.3866],[-47.8676,-5.3428],[-47.8729,-5.2724],[-47.8856,-5.2607],[-47.9373,-5.2396],[-48.004,-5.2346],[-48.0523,-5.2676],[-48.0793,-5.2751],[-48.1071,-5.2672],[-48.1785,-5.2608],[-48.2349,-5.2283],[-48.2934,-5.2041],[-48.3209,-5.2014],[-48.3562,-5.1719],[-48.523,-5.1933],[-48.5611,-5.2302],[-48.5686,-5.2829],[-48.5841,-5.3113],[-48.6061,-5.3365],[-48.6301,-5.333],[-48.6514,-5.3115],[-48.6782,-5.3061],[-48.6794,-5.3058],[-48.6992,-5.3201],[-48.7086,-5.3508],[-48.7551,-5.3492],[-48.7262,-5.3762],[-48.6505,-5.3849],[-48.6291,-5.4101],[-48.5967,-5.4226],[-48.5575,-5.4167],[-48.5139,-5.4298],[-48.4646,-5.4123],[-48.3816,-5.396],[-48.3516,-5.4279],[-48.3411,-5.4671],[-48.3007,-5.523],[-48.2615,-5.5481],[-48.2126,-5.5543],[-48.1381,-5.6027],[-48.1392,-5.6469],[-48.1736,-5.71],[-48.22,-5.7282],[-48.2725,-5.7255],[-48.2935,-5.7512],[-48.2998,-5.7847],[-48.2908,-5.8394],[-48.2456,-5.8962],[-48.2294,-5.9304],[-48.2519,-5.9604],[-48.3143,-5.9792],[-48.3347,-6.0043],[-48.3327,-6.0383],[-48.302,-6.0473],[-48.2855,-6.0915],[-48.3245,-6.1327],[-48.3655,-6.1474],[-48.4083,-6.1534],[-48.4364,-6.1934],[-48.412,-6.3061],[-48.3812,-6.3286],[-48.3753,-6.3468],[-48.3864,-6.3802],[-48.4244,-6.357],[-48.5002,-6.3509],[-48.5489,-6.4069],[-48.6131,-6.4537],[-48.6453,-6.507],[-48.6643,-6.5706],[-48.6519,-6.64],[-48.6827,-6.6779],[-48.7369,-6.6928],[-48.7691,-6.7307],[-48.8322,-6.754],[-48.8471,-6.7485],[-48.9138,-6.7574],[-48.9637,-6.7795],[-49.0189,-6.7842],[-49.0437,-6.8158],[-49.1152,-6.87],[-49.1719,-6.8929],[-49.2095,-6.9254],[-49.2174,-6.9615],[-49.1953,-7.0263],[-49.1913,-7.0749],[-49.1938,-7.1298],[-49.1832,-7.2146],[-49.1853,-7.2352],[-49.2314,-7.3258],[-49.3197,-7.4313],[-49.3779,-7.497],[-49.382,-7.5661],[-49.3416,-7.6573],[-49.328,-7.6778],[-49.2965,-7.6965],[-49.2031,-7.7745],[-49.1579,-7.7938],[-49.1484,-7.8073],[-49.1649,-7.8329],[-49.1627,-7.9005],[-49.1696,-7.9548],[-49.182,-7.977],[-49.1733,-8.021],[-49.1801,-8.0676],[-49.1993,-8.0876],[-49.2073,-8.1225],[-49.2096,-8.1755],[-49.2486,-8.2554],[-49.27,-8.3433],[-49.2833,-8.3796],[-49.3133,-8.4029],[-49.3494,-8.4184],[-49.3739,-8.4512],[-49.3915,-8.4898],[-49.4099,-8.58],[-49.4514,-8.6125],[-49.4898,-8.692],[-49.5434,-8.7614],[-49.5924,-8.8395],[-49.6843,-8.8565],[-49.7292,-8.8993],[-49.7451,-8.9062],[-49.7936,-8.9794],[-49.8426,-9.0273],[-49.8673,-9.0971],[-49.8968,-9.1437],[-49.9077,-9.1738],[-49.9434,-9.2009],[-49.9661,-9.2309],[-49.994,-9.2341],[-50.005,-9.2688],[-50.0377,-9.2894],[-50.0554,-9.3347],[-50.0535,-9.3735],[-50.0901,-9.4316],[-50.1053,-9.4754],[-50.0895,-9.5457],[-50.1073,-9.5725],[-50.1073,-9.5943],[-50.139,-9.6275],[-50.151,-9.6956],[-50.1979,-9.7588],[-50.2037,-9.7909],[-50.2248,-9.8412],[-50.2642,-9.9085],[-50.2779,-9.9708],[-50.2942,-10.0161],[-50.3124,-10.0457],[-50.3398,-10.0609],[-50.3921,-10.134],[-50.3829,-10.225],[-50.3981,-10.2544],[-50.4245,-10.334],[-50.4182,-10.3563],[-50.4482,-10.3916],[-50.4737,-10.4049],[-50.4878,-10.468],[-50.5003,-10.4959],[-50.5037,-10.4959],[-50.5167,-10.5055],[-50.5197,-10.5625],[-50.5374,-10.6052],[-50.5631,-10.6113],[-50.5825,-10.6441],[-50.6033,-10.66],[-50.5876,-10.686],[-50.5705,-10.7525],[-50.5977,-10.8047],[-50.6071,-10.8047],[-50.622,-10.8394],[-50.6049,-10.8725],[-50.6007,-10.9007],[-50.6329,-10.9359],[-50.6202,-10.9689],[-50.6174,-11.032],[-50.6094,-11.0674],[-50.6586,-11.1288],[-50.6645,-11.1546],[-50.656,-11.2402],[-50.6701,-11.2846],[-50.6968,-11.3047],[-50.7122,-11.3598],[-50.7285,-11.3826],[-50.7269,-11.4111],[-50.742,-11.4604],[-50.7347,-11.5118],[-50.7409,-11.5372],[-50.7159,-11.579],[-50.6821,-11.5832],[-50.67,-11.5816],[-50.6574,-11.5928],[-50.6646,-11.6266],[-50.6621,-11.6685],[-50.674,-11.6927],[-50.7215,-11.7317],[-50.7005,-11.8035],[-50.688,-11.825],[-50.6826,-11.8629],[-50.6653,-11.8645],[-50.6392,-11.8846],[-50.6405,-11.9027],[-50.6678,-11.9278],[-50.6568,-11.9669],[-50.6822,-11.9909],[-50.6778,-12.0195],[-50.6866,-12.0451],[-50.6676,-12.0646],[-50.679,-12.1553],[-50.6786,-12.2189],[-50.6554,-12.2182],[-50.6499,-12.2491],[-50.6295,-12.281],[-50.6489,-12.2991],[-50.6378,-12.3253],[-50.6443,-12.3477],[-50.6268,-12.384],[-50.6326,-12.4171],[-50.6182,-12.429],[-50.6271,-12.4584],[-50.6422,-12.4525],[-50.6637,-12.5374],[-50.6864,-12.5692],[-50.6738,-12.6001],[-50.6899,-12.5934],[-50.7041,-12.5998],[-50.6996,-12.6478],[-50.6825,-12.6479],[-50.6562,-12.646],[-50.6451,-12.7022],[-50.6332,-12.7015],[-50.6229,-12.7346],[-50.6302,-12.7761],[-50.6148,-12.7717],[-50.6033,-12.8005],[-50.5845,-12.7998],[-50.5978,-12.8268],[-50.5669,-12.8434],[-50.5319,-12.8436],[-50.5203,-12.8364],[-50.5112,-12.8608],[-50.4848,-12.812],[-50.4938,-12.7857],[-50.4719,-12.7523],[-50.4832,-12.7526],[-50.4683,-12.7361],[-50.478,-12.71],[-50.4617,-12.6943],[-50.4398,-12.698],[-50.4325,-12.69],[-50.437,-12.6613],[-50.4328,-12.65],[-50.4385,-12.6581],[-50.4408,-12.6533],[-50.4273,-12.6425],[-50.4185,-12.6516],[-50.4186,-12.6246],[-50.3873,-12.5902],[-50.3597,-12.5417],[-50.3463,-12.5431],[-50.3465,-12.5339],[-50.3312,-12.5355],[-50.3188,-12.5092],[-50.3251,-12.5088],[-50.2746,-12.4815],[-50.2225,-12.4461],[-50.2076,-12.4488],[-50.2081,-12.4425],[-50.2157,-12.4414],[-50.1986,-12.4321],[-50.184,-12.4315],[-50.1965,-12.4133],[-50.189,-12.4137],[-50.1852,-12.423],[-50.175,-12.4237],[-50.1724,-12.4085],[-50.1426,-12.3959],[-50.1651,-12.4371],[-50.183,-12.4511],[-50.2052,-12.4659],[-50.2293,-12.5339],[-50.212,-12.5615],[-50.2064,-12.562],[-50.2035,-12.5536],[-50.1931,-12.5643],[-50.204,-12.5642],[-50.2272,-12.5865],[-50.2318,-12.5854],[-50.2349,-12.5778],[-50.2485,-12.6311],[-50.2551,-12.625],[-50.2668,-12.6825],[-50.2728,-12.6832],[-50.2783,-12.6781],[-50.2812,-12.689],[-50.2927,-12.6885],[-50.2952,-12.6762],[-50.2971,-12.711],[-50.2842,-12.7182],[-50.3066,-12.7673],[-50.3045,-12.8224],[-50.3018,-12.8203],[-50.2926,-12.8399],[-50.2872,-12.837],[-50.2846,-12.8434],[-50.2759,-12.8441],[-50.2635,-12.8478],[-50.251,-12.8498],[-50.2508,-12.8539],[-50.2423,-12.8527],[-50.2361,-12.8577],[-50.2315,-12.8542],[-50.2133,-12.8782],[-50.2111,-12.8763],[-50.2047,-12.8854],[-50.2,-12.8843],[-50.1765,-12.892],[-50.1729,-12.8972],[-50.1606,-12.8937],[-50.1498,-12.9029],[-50.1269,-12.9052],[-50.0789,-12.9059],[-50.0712,-12.918],[-50.0503,-12.9225],[-50.0389,-12.9353],[-50.0179,-12.9292],[-50.003,-12.9337],[-49.9897,-12.946],[-49.9791,-12.9394],[-49.9527,-12.9598],[-49.9394,-12.9569],[-49.797,-13.0368],[-49.53,-13.1874],[-49.3695,-13.2746],[-49.3403,-13.2539],[-49.3489,-13.2139],[-49.3448,-13.1773],[-49.3548,-13.1538],[-49.3419,-13.1272],[-49.3544,-13.103],[-49.3374,-13.0663],[-49.3006,-13.0231],[-49.2757,-12.9807],[-49.2631,-12.9402],[-49.2578,-12.9418],[-49.2374,-12.8841],[-49.2314,-12.8838],[-49.2226,-12.8766],[-49.211,-12.8784],[-49.2082,-12.8732],[-49.1952,-12.8634],[-49.1459,-12.82],[-49.121,-12.7904],[-49.1062,-12.8361],[-49.0967,-12.836],[-49.083,-12.8455],[-49.0675,-12.8473],[-49.085,-12.8795],[-49.0872,-12.888],[-49.0877,-12.8915],[-49.0825,-12.8925],[-49.0777,-12.9042],[-49.0534,-12.9086],[-49.05,-12.9129],[-49.0335,-12.9035],[-49.023,-12.9071],[-49.0208,-12.9121],[-49.0099,-12.9167],[-49.0048,-12.9326],[-48.9756,-12.9572],[-48.8797,-12.8175],[-48.875,-12.8147],[-48.8685,-12.8159],[-48.8698,-12.8044],[-48.8628,-12.805],[-48.8625,-12.8097],[-48.8467,-12.8098],[-48.8421,-12.8305],[-48.8423,-12.8444],[-48.8313,-12.8444],[-48.8312,-12.8419],[-48.8259,-12.8455],[-48.8209,-12.8443],[-48.8,-12.8768],[-48.7949,-12.8765],[-48.7913,-12.8842],[-48.7867,-12.8851],[-48.786,-12.8806],[-48.7626,-12.9059],[-48.7545,-12.9081],[-48.7488,-12.9177],[-48.7365,-12.921],[-48.7307,-12.9898],[-48.7252,-12.9913],[-48.7178,-13.0023],[-48.7124,-12.9998],[-48.7079,-13.0051],[-48.6934,-12.9974],[-48.6906,-13.0033],[-48.6834,-12.9939],[-48.6753,-12.9942],[-48.6681,-13.0036],[-48.6643,-13.0015],[-48.6565,-13.0128],[-48.6478,-13.0108],[-48.6277,-13.0522],[-48.6198,-13.0524],[-48.6102,-13.0604],[-48.6044,-13.0585],[-48.6027,-13.0783],[-48.5964,-13.0786],[-48.5963,-13.1074],[-48.5856,-13.1061],[-48.5774,-13.1239],[-48.5925,-13.1587],[-48.5864,-13.1591],[-48.5797,-13.2074],[-48.6005,-13.2386],[-48.5895,-13.2639],[-48.6007,-13.2925],[-48.5864,-13.3176],[-48.5536,-13.302],[-48.5546,-13.205],[-48.5303,-13.1926],[-48.522,-13.141],[-48.5087,-13.1289],[-48.5065,-13.1335],[-48.495,-13.1366],[-48.488,-13.1428],[-48.4697,-13.1496],[-48.4775,-13.1787],[-48.4752,-13.2357],[-48.4704,-13.2361],[-48.4614,-13.2586],[-48.4564,-13.2597],[-48.4575,-13.2829],[-48.4468,-13.2837],[-48.4417,-13.2924],[-48.4298,-13.2716],[-48.4167,-13.2747],[-48.4072,-13.2674],[-48.4019,-13.2704],[-48.3884,-13.2611],[-48.3856,-13.2661],[-48.3794,-13.2559],[-48.374,-13.2559],[-48.3508,-13.2419],[-48.3422,-13.2498],[-48.3421,-13.2284],[-48.3284,-13.2325],[-48.3175,-13.23],[-48.3166,-13.2346],[-48.3099,-13.2349],[-48.2931,-13.2154],[-48.2888,-13.2156],[-48.2879,-13.204],[-48.285,-13.2059],[-48.2765,-13.1995],[-48.28,-13.2067],[-48.2686,-13.2028],[-48.2654,-13.205],[-48.2627,-13.1972],[-48.2509,-13.197],[-48.2318,-13.1682],[-48.2251,-13.1737],[-48.2169,-13.1686],[-48.2115,-13.1741],[-48.1906,-13.1545],[-48.1837,-13.1558],[-48.1739,-13.1481],[-48.1653,-13.1579],[-48.1625,-13.1541],[-48.1579,-13.157],[-48.1466,-13.152],[-48.1638,-13.1829],[-48.1533,-13.2197],[-48.1537,-13.2792],[-48.1654,-13.3058],[-48.16,-13.3025],[-48.1575,-13.3105],[-48.1563,-13.303],[-48.1508,-13.307],[-48.1183,-13.2907],[-48.1131,-13.292],[-48.1067,-13.2878],[-48.0932,-13.2863],[-48.083,-13.2888],[-48.0773,-13.2664],[-48.0723,-13.2676],[-48.0718,-13.2404],[-48.0624,-13.2354],[-48.0588,-13.2407],[-48.055,-13.239],[-48.0524,-13.2558],[-48.0331,-13.254],[-48.0327,-13.274],[-48.0291,-13.2715],[-48.0225,-13.2798],[-47.9992,-13.2749],[-47.9868,-13.2769],[-47.9663,-13.3153],[-47.9518,-13.3103],[-47.9358,-13.2907],[-47.9299,-13.2946],[-47.9243,-13.2914],[-47.92,-13.2988],[-47.9083,-13.2989],[-47.9021,-13.3118],[-47.8931,-13.3073],[-47.8835,-13.3205],[-47.8703,-13.3199],[-47.8613,-13.3144],[-47.8444,-13.3186],[-47.824,-13.3119],[-47.8151,-13.3186],[-47.8013,-13.3305],[-47.679,-13.4677],[-47.6389,-13.391],[-47.6338,-13.3909],[-47.6227,-13.3677],[-47.6372,-13.3648],[-47.6501,-13.3513],[-47.6622,-13.3039],[-47.6568,-13.2769],[-47.6405,-13.2632],[-47.6546,-13.2203],[-47.6662,-13.2187],[-47.6519,-13.1501],[-47.6445,-13.1499],[-47.6507,-13.1334],[-47.6344,-13.1032],[-47.6276,-13.1105],[-47.6179,-13.1047],[-47.5929,-13.1167],[-47.5716,-13.1168],[-47.5711,-13.1172],[-47.5613,-13.1247],[-47.5685,-13.1495],[-47.563,-13.1842],[-47.5414,-13.1924],[-47.5239,-13.1819],[-47.5098,-13.1899],[-47.4846,-13.1825],[-47.4856,-13.2222],[-47.4616,-13.2275],[-47.4434,-13.2224],[-47.4551,-13.2494],[-47.4328,-13.2881],[-47.4257,-13.2897],[-47.3975,-13.2611],[-47.3924,-13.2624],[-47.388,-13.2406],[-47.3837,-13.2415],[-47.3716,-13.2287],[-47.3524,-13.2488],[-47.3376,-13.2463],[-47.323,-13.2583],[-47.3089,-13.2497],[-47.2945,-13.2489],[-47.2935,-13.2565],[-47.2856,-13.2563],[-47.2821,-13.2649],[-47.2515,-13.2124],[-47.2114,-13.1926],[-47.1968,-13.1936],[-47.1828,-13.1881],[-47.1832,-13.2057],[-47.1725,-13.2065],[-47.1677,-13.2112],[-47.1621,-13.2058],[-47.1538,-13.2099],[-47.1352,-13.2032],[-47.1326,-13.1785],[-47.1182,-13.1779],[-47.1089,-13.1711],[-47.108,-13.1815],[-47.1053,-13.1817],[-47.0873,-13.1824],[-47.0691,-13.1555],[-47.0626,-13.1618],[-47.0513,-13.1559],[-47.0228,-13.142],[-47.0194,-13.1458],[-47.0011,-13.1214],[-46.9873,-13.1218],[-46.9539,-13.1112],[-46.9289,-13.0831],[-46.879,-13.0488],[-46.8766,-13.062],[-46.8717,-13.06],[-46.8688,-13.0685],[-46.8686,-13.0685],[-46.8545,-13.0673],[-46.8487,-13.0509],[-46.8474,-13.0539],[-46.8197,-13.0025],[-46.7506,-12.9692],[-46.4546,-12.9712],[-46.446,-12.9363],[-46.4328,-12.9307],[-46.4176,-12.8235],[-46.4111,-12.8405],[-46.4067,-12.8389],[-46.3975,-12.8514],[-46.3837,-12.849],[-46.3764,-12.8534],[-46.3763,-12.8503],[-46.362,-12.8905],[-46.3722,-12.9448],[-46.3643,-12.9914],[-46.3388,-12.9825],[-46.3341,-12.9809],[-46.3116,-12.9808],[-46.2903,-12.9725],[-46.2873,-12.974],[-46.2803,-12.9686],[-46.2771,-12.9714],[-46.2237,-12.957],[-46.1945,-12.9567],[-46.1613,-12.934],[-46.149,-12.937],[-46.1389,-12.9094],[-46.1981,-12.9253],[-46.2205,-12.9406],[-46.2756,-12.9353],[-46.2797,-12.943],[-46.2924,-12.9196],[-46.2952,-12.9128],[-46.2975,-12.9073],[-46.2855,-12.8886],[-46.293,-12.8604],[-46.2733,-12.8472],[-46.2623,-12.8317],[-46.27,-12.8216],[-46.2735,-12.8112],[-46.2808,-12.8059],[-46.2832,-12.7836],[-46.275,-12.775],[-46.2803,-12.7507],[-46.2791,-12.7497],[-46.2649,-12.717],[-46.2932,-12.6928],[-46.2561,-12.6552],[-46.2907,-12.633],[-46.2732,-12.594],[-46.2777,-12.5879],[-46.2799,-12.5849],[-46.2785,-12.5836],[-46.2611,-12.5497],[-46.2017,-12.5303],[-46.1562,-12.5211],[-46.152,-12.5139],[-46.1582,-12.5025],[-46.1539,-12.4834],[-46.1868,-12.4776],[-46.2278,-12.4984],[-46.2548,-12.4943],[-46.2536,-12.4602],[-46.2476,-12.4485],[-46.2649,-12.4127],[-46.285,-12.4123],[-46.2928,-12.4177],[-46.3028,-12.4107],[-46.3047,-12.4056],[-46.2968,-12.3984],[-46.296,-12.3977],[-46.2943,-12.3847],[-46.2856,-12.3791],[-46.3247,-12.3561],[-46.353,-12.3308],[-46.3528,-12.3305],[-46.3496,-12.327],[-46.3505,-12.3242],[-46.3515,-12.3208],[-46.3251,-12.3085],[-46.3293,-12.2981],[-46.3743,-12.2898],[-46.3668,-12.2758],[-46.3808,-12.2475],[-46.3664,-12.2415],[-46.366,-12.2403],[-46.3598,-12.2241],[-46.3733,-12.1986],[-46.391,-12.1939],[-46.3807,-12.1794],[-46.382,-12.1764],[-46.3897,-12.1669],[-46.3793,-12.1608],[-46.3753,-12.1532],[-46.3663,-12.1113],[-46.3839,-12.0794],[-46.3884,-12.0726],[-46.3791,-12.0605],[-46.3785,-12.0598],[-46.3954,-12.0263],[-46.3736,-12.0155],[-46.3735,-12.0043],[-46.3257,-11.9585],[-46.2955,-11.9493],[-46.2479,-11.9475],[-46.1925,-11.9295],[-46.1751,-11.91],[-46.1811,-11.8854],[-46.2381,-11.9026],[-46.285,-11.886],[-46.318,-11.8985],[-46.3746,-11.8686],[-46.3734,-11.8367],[-46.3475,-11.836],[-46.3509,-11.8223],[-46.3491,-11.8215],[-46.3316,-11.803],[-46.3355,-11.7868],[-46.3228,-11.7711],[-46.3473,-11.7539],[-46.3735,-11.7511],[-46.3293,-11.7373],[-46.309,-11.7041],[-46.2975,-11.6983],[-46.294,-11.6928],[-46.298,-11.6707],[-46.3153,-11.6434],[-46.3165,-11.6373],[-46.3115,-11.6272],[-46.2563,-11.6212],[-46.2217,-11.6447],[-46.154,-11.657],[-46.1318,-11.6465],[-46.087,-11.6427],[-46.0832,-11.6361],[-46.0852,-11.6309],[-46.0875,-11.625],[-46.1357,-11.6067],[-46.1411,-11.6082],[-46.1664,-11.5994],[-46.1995,-11.6033],[-46.2096,-11.5982],[-46.2262,-11.5712],[-46.3134,-11.5395],[-46.3462,-11.5449],[-46.36,-11.5356],[-46.4172,-11.5392],[-46.4455,-11.5147],[-46.4793,-11.5164],[-46.5219,-11.4798],[-46.5282,-11.4225],[-46.5489,-11.4084],[-46.5493,-11.3807],[-46.5863,-11.3665],[-46.6017,-11.3472],[-46.6171,-11.2895],[-46.6091,-11.2847],[-46.5996,-11.2654],[-46.609,-11.2557],[-46.582,-11.2468],[-46.4723,-11.1912],[-46.4534,-11.1562],[-46.4475,-11.0923],[-46.4217,-11.0359],[-46.4061,-11.0197],[-46.3989,-10.9944],[-46.357,-10.9596],[-46.2834,-10.9068],[-46.2973,-10.8673],[-46.2839,-10.8321],[-46.2298,-10.7986],[-46.2276,-10.7668],[-46.2514,-10.7571],[-46.2393,-10.7484],[-46.1991,-10.7232],[-46.1925,-10.7197],[-46.1879,-10.6831],[-46.211,-10.6497],[-46.1892,-10.6318],[-46.1879,-10.6266],[-46.1563,-10.63],[-46.116,-10.6196],[-46.0956,-10.6046],[-46.0645,-10.6028],[-46.0594,-10.5935],[-46.0599,-10.5745],[-46.0278,-10.5671],[-46.025,-10.5428],[-45.9712,-10.5286],[-45.9621,-10.5097],[-45.9067,-10.4737],[-45.9007,-10.4609],[-45.8648,-10.4389],[-45.8308,-10.4388],[-45.8203,-10.4139],[-45.8274,-10.3683],[-45.8263,-10.3673],[-45.806,-10.3559],[-45.7532,-10.3523],[-45.724,-10.3172],[-45.7056,-10.2702],[-45.6975,-10.2636],[-45.6981,-10.2155],[-45.7059,-10.1883],[-45.6993,-10.1669],[-45.7266,-10.1569],[-45.735,-10.1722],[-45.7268,-10.2071],[-45.7338,-10.2286],[-45.7937,-10.2677],[-45.8432,-10.2593],[-45.8778,-10.2394],[-45.9463,-10.2589],[-46.0177,-10.2404],[-46.0232,-10.1834],[-46.0508,-10.1817],[-46.0997,-10.2129],[-46.1404,-10.2068],[-46.1657,-10.2132],[-46.202,-10.174],[-46.2408,-10.1719],[-46.273,-10.1816],[-46.3014,-10.1783],[-46.3131,-10.1728],[-46.3275,-10.1837],[-46.3394,-10.1776],[-46.3679,-10.1688],[-46.384,-10.1202],[-46.4207,-10.0809],[-46.4433,-10.0782],[-46.4574,-10.0473],[-46.4571,-10.018],[-46.4776,-9.9883],[-46.477,-9.9528],[-46.4694,-9.9333],[-46.4786,-9.9239],[-46.4756,-9.9065],[-46.4708,-9.8981],[-46.4901,-9.8612],[-46.4803,-9.8553],[-46.5128,-9.7975],[-46.5625,-9.8107],[-46.5796,-9.7964],[-46.5708,-9.7811],[-46.5751,-9.7586],[-46.5961,-9.7473],[-46.6322,-9.7489],[-46.6464,-9.7337],[-46.6533,-9.6935],[-46.613,-9.6658],[-46.6061,-9.6302],[-46.5924,-9.6078],[-46.5924,-9.5872],[-46.5367,-9.5571],[-46.5757,-9.5125],[-46.5592,-9.493],[-46.5732,-9.4778],[-46.6276,-9.4657],[-46.6495,-9.4441],[-46.6479,-9.4272],[-46.634,-9.4125],[-46.6328,-9.4116],[-46.666,-9.3919],[-46.7233,-9.3964],[-46.7409,-9.4117],[-46.7659,-9.4019],[-46.7587,-9.3812],[-46.7803,-9.3572],[-46.7882,-9.3474],[-46.8133,-9.3048],[-46.8353,-9.3082],[-46.8446,-9.2842],[-46.8327,-9.2796],[-46.8317,-9.2687],[-46.8227,-9.2663],[-46.8189,-9.2601],[-46.8278,-9.2311],[-46.8194,-9.2094],[-46.8521,-9.1852],[-46.8517,-9.1566],[-46.8611,-9.1464],[-46.9263,-9.135],[-46.9315,-9.1208],[-46.9262,-9.1177],[-46.9302,-9.106],[-46.9235,-9.0979],[-46.9306,-9.0957],[-46.9309,-9.0871],[-46.9315,-9.0859],[-46.9268,-9.0842],[-46.9129,-9.0833],[-46.9121,-9.0827],[-46.9403,-9.0638],[-46.9759,-9.0817],[-46.9987,-9.0764],[-47.0004,-9.0815],[-47.0597,-9.0672],[-47.068,-9.0567],[-47.068,-9.056],[-47.0577,-9.053],[-47.0617,-9.0481],[-47.0542,-9.0482],[-47.0541,-9.0338],[-47.0435,-9.0266],[-47.0685,-9.012],[-47.0389,-9.001],[-47.0357,-8.979],[-47.0215,-8.9887],[-47.0215,-8.9805],[-47.0154,-8.9763],[-47.0152,-8.9758],[-47.0174,-8.9552],[-47.0183,-8.953],[-47.013,-8.9523],[-46.9976,-8.9457],[-46.9947,-8.9455],[-46.997,-8.9327],[-46.9839,-8.9319],[-46.9824,-8.92],[-46.9703,-8.9145],[-46.9828,-8.903],[-46.9855,-8.8998],[-46.9864,-8.8987],[-46.9841,-8.8949],[-46.9871,-8.8935],[-46.9889,-8.8926],[-46.9862,-8.8886],[-46.9936,-8.8803],[-46.9556,-8.8732],[-46.9221,-8.8574],[-46.9181,-8.857],[-46.9134,-8.8478],[-46.9181,-8.8397],[-46.9098,-8.8353],[-46.9137,-8.8228],[-46.9028,-8.8146],[-46.9065,-8.7966],[-46.9029,-8.7922],[-46.9096,-8.7645],[-46.9312,-8.7266],[-46.914,-8.7225],[-46.9017,-8.6956],[-46.8991,-8.694],[-46.8872,-8.6868],[-46.8869,-8.6865],[-46.9086,-8.6529],[-46.9164,-8.6484],[-46.9117,-8.6397],[-46.9171,-8.6329],[-46.9119,-8.6268],[-46.9119,-8.6194],[-46.9072,-8.6197],[-46.9079,-8.614],[-46.9019,-8.6132],[-46.9053,-8.6088],[-46.8978,-8.6063],[-46.9038,-8.6041],[-46.8977,-8.601],[-46.9066,-8.596],[-46.9099,-8.598],[-46.9164,-8.5958],[-46.9127,-8.5919],[-46.9144,-8.5871],[-46.9006,-8.5923],[-46.9005,-8.592],[-46.8992,-8.5884],[-46.9022,-8.5863],[-46.8976,-8.5835],[-46.8978,-8.5768],[-46.8936,-8.5784],[-46.893,-8.5706],[-46.8922,-8.5719],[-46.889,-8.577],[-46.8833,-8.5668],[-46.8787,-8.5725],[-46.8787,-8.5656],[-46.8748,-8.5675],[-46.8769,-8.5635],[-46.8729,-8.5628],[-46.8754,-8.5553],[-46.8628,-8.5591],[-46.8583,-8.5516],[-46.8601,-8.5454],[-46.8543,-8.5451],[-46.8521,-8.5371],[-46.846,-8.5336],[-46.8508,-8.5258],[-46.8433,-8.5229],[-46.8521,-8.5159],[-46.8469,-8.5109],[-46.851,-8.5037],[-46.8463,-8.5014],[-46.8482,-8.4924],[-46.851,-8.4897],[-46.8511,-8.4762],[-46.8495,-8.4758],[-46.8418,-8.4659],[-46.8235,-8.4745],[-46.8208,-8.4655],[-46.7965,-8.4466],[-46.802,-8.444],[-46.7955,-8.43],[-46.7987,-8.413],[-46.7987,-8.4128],[-46.8068,-8.399],[-46.787,-8.3991],[-46.7917,-8.3862],[-46.7865,-8.3752],[-46.7865,-8.3745],[-46.7864,-8.3743],[-46.7824,-8.3681],[-46.7266,-8.3832],[-46.7216,-8.3685],[-46.7127,-8.3624],[-46.7068,-8.3515],[-46.6849,-8.344],[-46.6627,-8.3337],[-46.6307,-8.3188],[-46.6156,-8.3275],[-46.5437,-8.3189],[-46.5339,-8.3006],[-46.5076,-8.2708],[-46.5025,-8.2202],[-46.49,-8.2079],[-46.5146,-8.1666],[-46.5086,-8.1575],[-46.4892,-8.0977],[-46.4704,-8.0848],[-46.4798,-8.0428],[-46.477,-8.0122],[-46.4903,-7.9833],[-46.5578,-7.9374],[-46.5614,-7.9218],[-46.597,-7.8994],[-46.6682,-7.9041],[-46.6732,-7.9145],[-46.6854,-7.9127],[-46.692,-7.9151],[-46.7221,-7.9149],[-46.7265,-7.9235],[-46.7375,-7.9245],[-46.7394,-7.9239],[-46.7545,-7.9231],[-46.7562,-7.9224],[-46.7632,-7.9385],[-46.7633,-7.9388],[-46.7818,-7.9451],[-46.7861,-7.9518],[-46.7892,-7.9471],[-46.7923,-7.9534],[-46.8381,-7.9596],[-46.8399,-7.9655],[-46.8617,-7.961],[-46.8663,-7.9693],[-46.8827,-7.9641],[-46.8827,-7.9731],[-46.8893,-7.9751],[-46.8962,-7.9869],[-46.8978,-7.9869],[-46.9079,-7.9827],[-46.9228,-7.9854],[-46.9214,-7.9953],[-46.9414,-7.9969],[-46.9456,-8.0053],[-46.9534,-8.0067],[-46.9543,-8.0262],[-46.9661,-8.0347],[-46.9628,-8.0395],[-46.9802,-8.0456],[-46.982,-8.0505],[-46.9892,-8.0479],[-46.9974,-8.0672],[-47.0435,-8.0536],[-47.0649,-8.0027],[-47.0837,-7.9884],[-47.1065,-7.9908],[-47.0978,-7.9801],[-47.1067,-7.9693],[-47.1017,-7.9665],[-47.1047,-7.961],[-47.1024,-7.9544],[-47.1136,-7.9568],[-47.1159,-7.9526],[-47.1072,-7.937],[-47.1453,-7.9129],[-47.1439,-7.9033],[-47.18,-7.8619],[-47.1745,-7.857],[-47.1871,-7.8578],[-47.2297,-7.8167],[-47.2469,-7.8093],[-47.2358,-7.8039],[-47.247,-7.8009],[-47.2409,-7.794],[-47.2474,-7.7858],[-47.2454,-7.7815],[-47.255,-7.7652],[-47.2462,-7.7585],[-47.2667,-7.7613],[-47.2613,-7.7518],[-47.2613,-7.7508],[-47.2612,-7.7412],[-47.3015,-7.7349],[-47.3119,-7.7317],[-47.3151,-7.7176],[-47.3059,-7.7134],[-47.316,-7.7015],[-47.3027,-7.702],[-47.3335,-7.6781],[-47.331,-7.6741],[-47.3377,-7.667],[-47.3142,-7.6606],[-47.3177,-7.6585],[-47.3331,-7.641],[-47.3598,-7.6162],[-47.3721,-7.6213],[-47.3522,-7.6469],[-47.3819,-7.6541],[-47.3821,-7.6],[-47.4042,-7.5872],[-47.4057,-7.5639],[-47.4394,-7.5562],[-47.4253,-7.5418],[-47.4276,-7.5258],[-47.4613,-7.5193],[-47.4686,-7.5314],[-47.4803,-7.4921],[-47.4979,-7.4792],[-47.5047,-7.4366],[-47.5203,-7.4321],[-47.5632,-7.45],[-47.5909,-7.4395],[-47.5775,-7.4161],[-47.5098,-7.3856],[-47.4831,-7.3612],[-47.4782,-7.3368],[-47.5038,-7.2901],[-47.5429,-7.2654],[-47.5875,-7.2637],[-47.6074,-7.2721],[-47.6341,-7.3048],[-47.6539,-7.2982],[-47.691,-7.2383],[-47.7384,-7.2151],[-47.7472,-7.1984],[-47.7479,-7.1678],[-47.7047,-7.1359],[-47.6604,-7.1514],[-47.6262,-7.1186],[-47.6184,-7.0912],[-47.5748,-7.0504],[-47.5449,-7.0128],[-47.5355,-6.9875],[-47.5283,-6.9734],[-47.5296,-6.946],[-47.5076,-6.9072],[-47.507,-6.872],[-47.5296,-6.8314],[-47.5167,-6.7903],[-47.4936,-6.7513],[-47.4933,-6.6898],[-47.4986,-6.6712],[-47.4632,-6.6071],[-47.4632,-6.607],[-47.461,-6.5621],[-47.4565,-6.5383],[-47.4342,-6.5044],[-47.4252,-6.4974],[-47.4163,-6.4839],[-47.4342,-6.4312],[-47.4319,-6.4255],[-47.4097,-6.3664],[-47.4108,-6.3348],[-47.404,-6.3209],[-47.4034,-6.32],[-47.3772,-6.2668],[-47.3854,-6.2304],[-47.4232,-6.1602],[-47.4345,-6.0931],[-47.428,-6.0392],[-47.448,-5.993],[-47.4301,-5.9353],[-47.4311,-5.8692],[-47.4403,-5.8426],[-47.4653,-5.7827],[-47.4837,-5.7564],[-47.4931,-5.7101],[-47.4818,-5.6786],[-47.4737,-5.662],[-47.4802,-5.6188],[-47.4834,-5.5679],[-47.5001,-5.5256],[-47.5554,-5.4657],[-47.5805,-5.47],[-47.6186,-5.4597],[-47.6562,-5.4301],[-47.6668,-5.4218]]]},"properties":{"sigla":"TO","nome":"Tocantins"},"id":"TO"},{"type":"Feature","geometry":{"type":"Polygon","coordinates":[[[-48.0976,-25.3101],[-48.0821,-25.2795],[-48.0257,-25.2346],[-48.0936,-25.2401],[-48.1143,-25.2509],[-48.1508,-25.2289],[-48.162,-25.2094],[-48.1863,-25.2071],[-48.1584,-25.1508],[-48.1863,-25.1261],[-48.21,-25.0803],[-48.2155,-25.0405],[-48.2371,-24.9934],[-48.2589,-24.9861],[-48.3072,-25.0439],[-48.3525,-25.0331],[-48.3583,-25.0174],[-48.4115,-24.9802],[-48.4745,-25.0138],[-48.5138,-25.0912],[-48.5413,-25.097],[-48.5589,-25.0604],[-48.5801,-25.0536],[-48.6013,-25.011],[-48.5678,-24.9728],[-48.5721,-24.9252],[-48.5502,-24.868],[-48.5682,-24.8493],[-48.5562,-24.8067],[-48.5188,-24.7815],[-48.5024,-24.7465],[-48.5652,-24.7067],[-48.6016,-24.6696],[-48.6171,-24.6692],[-48.6755,-24.7023],[-48.6719,-24.6798],[-48.7043,-24.6809],[-48.7776,-24.6962],[-48.7887,-24.6817],[-48.8409,-24.6655],[-48.9627,-24.6747],[-49.0108,-24.6549],[-49.0379,-24.6609],[-49.0547,-24.6829],[-49.0751,-24.6739],[-49.1121,-24.6888],[-49.1353,-24.6761],[-49.1861,-24.6732],[-49.2048,-24.6964],[-49.2786,-24.6935],[-49.3125,-24.664],[-49.3145,-24.6326],[-49.3041,-24.5974],[-49.3165,-24.556],[-49.2804,-24.5364],[-49.2961,-24.5008],[-49.2733,-24.4932],[-49.254,-24.4562],[-49.2383,-24.405],[-49.2481,-24.3932],[-49.2016,-24.3456],[-49.2452,-24.3327],[-49.2874,-24.3031],[-49.3058,-24.2519],[-49.3511,-24.2213],[-49.3433,-24.2048],[-49.337,-24.1381],[-49.4092,-24.1074],[-49.4323,-24.0861],[-49.4303,-24.0692],[-49.458,-24.05],[-49.4639,-24.0279],[-49.4927,-23.9939],[-49.5121,-23.9264],[-49.5575,-23.9218],[-49.5875,-23.8894],[-49.6081,-23.8411],[-49.5605,-23.8124],[-49.5678,-23.7373],[-49.5497,-23.7045],[-49.6026,-23.6526],[-49.6214,-23.6116],[-49.6033,-23.5845],[-49.6007,-23.5361],[-49.6247,-23.5238],[-49.6218,-23.4938],[-49.6038,-23.4789],[-49.6037,-23.453],[-49.5823,-23.4294],[-49.603,-23.409],[-49.5959,-23.3676],[-49.6123,-23.3551],[-49.6313,-23.3],[-49.6263,-23.2871],[-49.6542,-23.2125],[-49.6782,-23.1754],[-49.7286,-23.1436],[-49.726,-23.1099],[-49.7518,-23.0982],[-49.7896,-23.1038],[-49.8341,-23.0664],[-49.8679,-23.0722],[-49.9121,-23.0516],[-49.9167,-23.0369],[-49.9021,-22.9998],[-49.955,-22.9789],[-49.9744,-22.957],[-49.9618,-22.9314],[-49.9866,-22.898],[-50.0151,-22.9117],[-50.0532,-22.9058],[-50.072,-22.9286],[-50.0933,-22.923],[-50.1159,-22.9403],[-50.1535,-22.9361],[-50.1855,-22.9545],[-50.2437,-22.9515],[-50.276,-22.9321],[-50.3238,-22.9518],[-50.3407,-22.9486],[-50.3597,-22.9165],[-50.3795,-22.9059],[-50.4169,-22.9133],[-50.4262,-22.9447],[-50.4832,-22.9374],[-50.5115,-22.9451],[-50.541,-22.9126],[-50.5815,-22.9058],[-50.6043,-22.9237],[-50.664,-22.8962],[-50.6826,-22.9067],[-50.7103,-22.9539],[-50.73,-22.963],[-50.7591,-22.9481],[-50.7964,-22.9517],[-50.8066,-22.9408],[-50.7936,-22.9056],[-50.7983,-22.889],[-50.8334,-22.8597],[-50.8429,-22.8319],[-50.8958,-22.7948],[-50.9461,-22.8044],[-50.9764,-22.7826],[-51.006,-22.7943],[-51.0581,-22.7665],[-51.1284,-22.7605],[-51.1649,-22.7494],[-51.1875,-22.7304],[-51.2288,-22.7165],[-51.2657,-22.6682],[-51.307,-22.675],[-51.3741,-22.6586],[-51.4025,-22.6684],[-51.4252,-22.654],[-51.4536,-22.6562],[-51.4754,-22.6797],[-51.5088,-22.6925],[-51.56,-22.6977],[-51.5896,-22.6869],[-51.6163,-22.6631],[-51.6628,-22.6577],[-51.6996,-22.6699],[-51.7263,-22.6619],[-51.7335,-22.6291],[-51.7721,-22.6146],[-51.8476,-22.6327],[-51.8741,-22.6287],[-51.941,-22.5678],[-52.0131,-22.5422],[-52.0523,-22.5398],[-52.0901,-22.5217],[-52.1281,-22.5204],[-52.1492,-22.5497],[-52.1614,-22.5899],[-52.1571,-22.6452],[-52.223,-22.676],[-52.2286,-22.643],[-52.2509,-22.6159],[-52.3009,-22.6359],[-52.381,-22.627],[-52.4335,-22.6076],[-52.4555,-22.6111],[-52.4993,-22.6347],[-52.5459,-22.6122],[-52.5898,-22.5666],[-52.6118,-22.575],[-52.6635,-22.6124],[-52.6976,-22.6275],[-52.8159,-22.5975],[-52.8588,-22.6085],[-52.9058,-22.5727],[-52.9252,-22.5661],[-52.9729,-22.571],[-53.0313,-22.6089],[-53.0563,-22.6331],[-53.092,-22.6453],[-53.1056,-22.6225],[-53.1251,-22.649],[-53.1481,-22.6786],[-53.1858,-22.7192],[-53.194,-22.7258],[-53.1995,-22.7288],[-53.2072,-22.7317],[-53.2376,-22.7332],[-53.3296,-22.7657],[-53.3637,-22.7835],[-53.3729,-22.799],[-53.378,-22.8037],[-53.3803,-22.8049],[-53.3992,-22.8072],[-53.4301,-22.8334],[-53.4852,-22.8643],[-53.547,-22.8903],[-53.5607,-22.9161],[-53.5707,-22.9285],[-53.5759,-22.9322],[-53.6074,-22.9513],[-53.6341,-22.9985],[-53.6325,-23.0501],[-53.6365,-23.125],[-53.6935,-23.2214],[-53.7037,-23.2521],[-53.7061,-23.2637],[-53.7118,-23.2755],[-53.7201,-23.2981],[-53.7257,-23.3109],[-53.7303,-23.3185],[-53.7308,-23.3198],[-53.7316,-23.3208],[-53.7346,-23.3258],[-53.7418,-23.3361],[-53.7496,-23.3434],[-53.7631,-23.3606],[-53.7764,-23.3758],[-53.8135,-23.3851],[-53.9325,-23.4464],[-53.9646,-23.4447],[-53.9815,-23.4568],[-54.0043,-23.5111],[-54.0063,-23.5333],[-54.0243,-23.5883],[-54.0314,-23.6407],[-54.0381,-23.6597],[-54.0511,-23.6871],[-54.0526,-23.725],[-54.0728,-23.7596],[-54.086,-23.8251],[-54.0804,-23.8912],[-54.1017,-23.9519],[-54.1175,-23.9713],[-54.1302,-23.9826],[-54.1407,-23.9889],[-54.1697,-23.9996],[-54.2211,-24.0431],[-54.2863,-24.0694],[-54.3071,-24.0987],[-54.3379,-24.1228],[-54.3434,-24.1636],[-54.3238,-24.2148],[-54.3233,-24.2514],[-54.2788,-24.2905],[-54.259,-24.3511],[-54.2846,-24.4113],[-54.3235,-24.459],[-54.3376,-24.501],[-54.3364,-24.5307],[-54.318,-24.5911],[-54.3259,-24.6632],[-54.3584,-24.7437],[-54.3827,-24.7688],[-54.4099,-24.843],[-54.4162,-24.8834],[-54.4424,-24.9496],[-54.4431,-24.9907],[-54.4571,-25.0273],[-54.4594,-25.1046],[-54.4339,-25.1321],[-54.4308,-25.1599],[-54.4644,-25.195],[-54.4823,-25.2336],[-54.5012,-25.2993],[-54.5879,-25.3981],[-54.6036,-25.4418],[-54.6198,-25.4546],[-54.6015,-25.4851],[-54.5942,-25.5928],[-54.5495,-25.5898],[-54.5248,-25.6289],[-54.4994,-25.615],[-54.4483,-25.6595],[-54.4259,-25.6591],[-54.3985,-25.6401],[-54.3865,-25.5992],[-54.3432,-25.6059],[-54.3304,-25.5751],[-54.278,-25.5598],[-54.2506,-25.5977],[-54.23,-25.5634],[-54.1876,-25.5356],[-54.1615,-25.5416],[-54.1144,-25.4987],[-54.0932,-25.5101],[-54.124,-25.5603],[-54.103,-25.6173],[-54.0895,-25.6075],[-54.0837,-25.5632],[-54.0504,-25.5858],[-54.0088,-25.5699],[-53.9403,-25.6214],[-53.8621,-25.6598],[-53.8513,-25.7067],[-53.8663,-25.7428],[-53.8237,-25.8021],[-53.8499,-25.8365],[-53.8351,-25.8514],[-53.8401,-25.8787],[-53.82,-25.9266],[-53.8419,-25.9329],[-53.8365,-25.9724],[-53.7819,-26.008],[-53.7716,-26.0313],[-53.7352,-26.0436],[-53.7397,-26.1183],[-53.7107,-26.1332],[-53.6418,-26.2156],[-53.6537,-26.2364],[-53.6259,-26.2602],[-53.587,-26.256],[-53.5809,-26.2729],[-53.5549,-26.2876],[-53.5505,-26.2933],[-53.5227,-26.2925],[-53.4972,-26.3028],[-53.475,-26.2893],[-53.473,-26.2902],[-53.4612,-26.2952],[-53.4027,-26.26],[-53.3807,-26.249],[-53.3566,-26.2491],[-53.3363,-26.2495],[-53.3272,-26.2546],[-53.3198,-26.2542],[-53.2822,-26.2465],[-53.2801,-26.2477],[-53.2788,-26.2484],[-53.2622,-26.2883],[-53.2321,-26.312],[-53.1882,-26.3398],[-53.1623,-26.3516],[-53.1608,-26.3511],[-53.1578,-26.3489],[-53.1354,-26.3591],[-53.1343,-26.3625],[-53.109,-26.3779],[-53.0833,-26.3891],[-53.0653,-26.3856],[-52.998,-26.3523],[-52.9972,-26.3519],[-52.9819,-26.3483],[-52.9683,-26.3543],[-52.9376,-26.3621],[-52.9366,-26.362],[-52.9256,-26.3605],[-52.9178,-26.3561],[-52.878,-26.3605],[-52.8397,-26.3472],[-52.8356,-26.3457],[-52.8178,-26.3446],[-52.7911,-26.3524],[-52.7783,-26.3487],[-52.7768,-26.3483],[-52.7519,-26.345],[-52.75,-26.3447],[-52.7029,-26.3574],[-52.6786,-26.3526],[-52.6582,-26.3747],[-52.6027,-26.4154],[-52.5834,-26.4104],[-52.579,-26.4082],[-52.5595,-26.4079],[-52.5238,-26.3999],[-52.5225,-26.4008],[-52.518,-26.4041],[-52.5046,-26.4137],[-52.5025,-26.4152],[-52.4767,-26.4214],[-52.4591,-26.4411],[-52.4192,-26.4373],[-52.4011,-26.4231],[-52.3764,-26.4407],[-52.3755,-26.4391],[-52.3673,-26.4327],[-52.3531,-26.4413],[-52.305,-26.4407],[-52.2887,-26.4572],[-52.287,-26.458],[-52.2844,-26.4591],[-52.2775,-26.4617],[-52.2634,-26.4548],[-52.2489,-26.4551],[-52.2427,-26.4628],[-52.2426,-26.4628],[-52.2413,-26.4634],[-52.2405,-26.4637],[-52.2226,-26.4657],[-52.2225,-26.4653],[-52.2211,-26.4652],[-52.2189,-26.4653],[-52.2186,-26.4652],[-52.2066,-26.4608],[-52.2022,-26.458],[-52.1905,-26.4462],[-52.1856,-26.4454],[-52.1639,-26.4661],[-52.162,-26.4663],[-52.1606,-26.4666],[-52.1593,-26.4667],[-52.1581,-26.467],[-52.1553,-26.4681],[-52.1482,-26.4729],[-52.134,-26.4704],[-52.1307,-26.4757],[-52.1146,-26.4756],[-52.1004,-26.4816],[-52.0967,-26.4878],[-52.0981,-26.5027],[-52.0886,-26.5097],[-52.0839,-26.5184],[-52.0677,-26.5238],[-52.0663,-26.5234],[-52.0516,-26.5317],[-52.0399,-26.5391],[-52.0166,-26.5571],[-52.0089,-26.5664],[-51.9865,-26.5659],[-51.9851,-26.5659],[-51.9479,-26.5695],[-51.9283,-26.5848],[-51.8929,-26.5832],[-51.8778,-26.5983],[-51.8638,-26.5981],[-51.8492,-26.5938],[-51.821,-26.5791],[-51.7844,-26.5885],[-51.7483,-26.5772],[-51.6932,-26.581],[-51.6725,-26.5657],[-51.6589,-26.5659],[-51.633,-26.5877],[-51.5975,-26.5845],[-51.5361,-26.5923],[-51.4941,-26.5905],[-51.4849,-26.6147],[-51.4644,-26.6272],[-51.4353,-26.6881],[-51.4126,-26.6981],[-51.3987,-26.7109],[-51.3988,-26.6812],[-51.4059,-26.6761],[-51.3886,-26.6627],[-51.3441,-26.6493],[-51.3365,-26.6499],[-51.3012,-26.6548],[-51.2843,-26.654],[-51.2837,-26.654],[-51.2823,-26.6518],[-51.2748,-26.6419],[-51.2762,-26.639],[-51.2681,-26.6379],[-51.2631,-26.632],[-51.2586,-26.6258],[-51.2393,-26.6277],[-51.2378,-26.6045],[-51.2272,-26.5958],[-51.2195,-26.5726],[-51.2299,-26.5552],[-51.2245,-26.5513],[-51.2474,-26.5385],[-51.2723,-26.5053],[-51.2666,-26.4824],[-51.2509,-26.4743],[-51.2596,-26.4697],[-51.2715,-26.4571],[-51.2917,-26.4371],[-51.2918,-26.4365],[-51.2934,-26.4309],[-51.2878,-26.4144],[-51.276,-26.4019],[-51.2734,-26.3881],[-51.2688,-26.3861],[-51.2557,-26.3737],[-51.2596,-26.3667],[-51.2602,-26.3589],[-51.2517,-26.3487],[-51.2563,-26.3419],[-51.245,-26.3292],[-51.217,-26.3157],[-51.2074,-26.2966],[-51.1811,-26.299],[-51.1639,-26.2835],[-51.1067,-26.2742],[-51.0981,-26.2626],[-51.068,-26.2406],[-51.0629,-26.2431],[-51.0374,-26.2403],[-50.9914,-26.2349],[-50.9735,-26.2467],[-50.9701,-26.2641],[-50.9321,-26.2688],[-50.9322,-26.2675],[-50.9425,-26.2351],[-50.9081,-26.2515],[-50.9092,-26.2848],[-50.882,-26.278],[-50.8687,-26.2416],[-50.8678,-26.2417],[-50.8651,-26.2422],[-50.8571,-26.2516],[-50.8321,-26.2668],[-50.8276,-26.2473],[-50.8016,-26.2319],[-50.7933,-26.2277],[-50.7471,-26.2293],[-50.7152,-26.2385],[-50.722,-26.2241],[-50.7318,-26.2034],[-50.7048,-26.1887],[-50.6859,-26.1617],[-50.6772,-26.1458],[-50.6526,-26.1333],[-50.648,-26.1228],[-50.6572,-26.1029],[-50.6425,-26.0829],[-50.6355,-26.072],[-50.5663,-26.0649],[-50.5584,-26.0617],[-50.5516,-26.0537],[-50.5542,-26.0427],[-50.5818,-26.0489],[-50.5917,-26.0221],[-50.5724,-26.0035],[-50.5555,-26.0204],[-50.5525,-26.0338],[-50.5521,-26.035],[-50.5516,-26.0377],[-50.5515,-26.038],[-50.5514,-26.0387],[-50.5287,-26.0346],[-50.5095,-26.0288],[-50.5047,-26.032],[-50.5017,-26.0229],[-50.4902,-26.0257],[-50.4546,-26.0321],[-50.4347,-26.061],[-50.4174,-26.0623],[-50.3711,-26.0804],[-50.3666,-26.1127],[-50.3528,-26.1193],[-50.3416,-26.13],[-50.3308,-26.132],[-50.3287,-26.1291],[-50.3275,-26.1304],[-50.3236,-26.1349],[-50.3332,-26.1226],[-50.3256,-26.1238],[-50.3257,-26.1213],[-50.3321,-26.0837],[-50.3004,-26.0564],[-50.277,-26.0518],[-50.2683,-26.0425],[-50.2369,-26.0359],[-50.2097,-26.0574],[-50.208,-26.0615],[-50.1741,-26.0646],[-50.1708,-26.0648],[-50.1633,-26.0369],[-50.1515,-26.0232],[-50.1406,-26.0271],[-50.1347,-26.0434],[-50.1247,-26.0513],[-50.0994,-26.0501],[-50.0848,-26.0235],[-50.0804,-26.0391],[-50.0772,-26.0467],[-50.0729,-26.035],[-50.0659,-26.0332],[-50.0609,-26.0341],[-50.0566,-26.0367],[-50.0402,-26.0269],[-50.0116,-26.0268],[-50.0115,-26.0139],[-49.9595,-26.0208],[-49.9535,-26.0186],[-49.9418,-26.0085],[-49.9343,-26.0187],[-49.932,-26.031],[-49.9312,-26.0307],[-49.8918,-26.0293],[-49.8655,-26.0351],[-49.8421,-26.0645],[-49.8436,-26.0729],[-49.8083,-26.0891],[-49.8079,-26.0921],[-49.7899,-26.1125],[-49.7876,-26.0984],[-49.7826,-26.1143],[-49.7513,-26.1196],[-49.7266,-26.171],[-49.7107,-26.1543],[-49.6886,-26.1769],[-49.6774,-26.1765],[-49.6344,-26.2005],[-49.6369,-26.191],[-49.626,-26.2013],[-49.6061,-26.2118],[-49.6035,-26.2255],[-49.597,-26.2219],[-49.5914,-26.229],[-49.5836,-26.2302],[-49.5607,-26.2368],[-49.554,-26.2363],[-49.5365,-26.2267],[-49.5367,-26.2147],[-49.5287,-26.2175],[-49.504,-26.2248],[-49.4984,-26.2187],[-49.4931,-26.2155],[-49.4864,-26.1825],[-49.4611,-26.1627],[-49.4105,-26.1584],[-49.4067,-26.1616],[-49.3873,-26.1556],[-49.3705,-26.1549],[-49.3713,-26.1512],[-49.3606,-26.1408],[-49.3576,-26.1387],[-49.3576,-26.1384],[-49.3542,-26.1357],[-49.3527,-26.1339],[-49.3475,-26.1285],[-49.3422,-26.1291],[-49.3268,-26.117],[-49.3175,-26.1101],[-49.3034,-26.1135],[-49.3008,-26.1117],[-49.3007,-26.1043],[-49.299,-26.104],[-49.2967,-26.1037],[-49.2912,-26.0993],[-49.2932,-26.0973],[-49.2952,-26.0856],[-49.2839,-26.0788],[-49.2786,-26.081],[-49.2744,-26.082],[-49.2747,-26.0797],[-49.267,-26.0742],[-49.2642,-26.0681],[-49.2568,-26.0651],[-49.2538,-26.0612],[-49.2553,-26.0561],[-49.2526,-26.0484],[-49.2524,-26.0477],[-49.2432,-26.0442],[-49.2317,-26.0308],[-49.2284,-26.0309],[-49.2184,-26.0247],[-49.2178,-26.0242],[-49.2086,-26.0202],[-49.2077,-26.0182],[-49.1935,-26.0144],[-49.1923,-26.0137],[-49.177,-26.004],[-49.1751,-26.0018],[-49.168,-26.0012],[-49.1512,-26.0098],[-49.133,-26.0086],[-49.1326,-26.0083],[-49.1122,-26.0045],[-49.104,-26.0045],[-49.1034,-26.0068],[-49.0909,-26.0033],[-49.0789,-26.0068],[-49.0788,-26.0067],[-49.0752,-26.0031],[-49.074,-26.0019],[-49.073,-26.0009],[-49.0607,-26.016],[-49.0435,-26.005],[-49.0409,-26.004],[-49.0297,-26.0039],[-49.0179,-26.0154],[-49.0003,-26.0114],[-48.9784,-25.9889],[-48.9604,-25.9813],[-48.8823,-25.9816],[-48.8717,-25.9816],[-48.7109,-25.9832],[-48.6807,-25.981],[-48.6632,-25.974],[-48.6453,-25.9564],[-48.6377,-25.9609],[-48.6385,-25.9631],[-48.6336,-25.9776],[-48.5989,-25.9772],[-48.5946,-25.9773],[-48.5892,-25.9516],[-48.562,-25.8932],[-48.5658,-25.8606],[-48.5381,-25.8447],[-48.5267,-25.8022],[-48.5009,-25.7526],[-48.4398,-25.6553],[-48.4111,-25.62],[-48.359,-25.5864],[-48.3204,-25.5871],[-48.2904,-25.5469],[-48.2774,-25.5145],[-48.2833,-25.4874],[-48.2486,-25.4673],[-48.2097,-25.4623],[-48.1968,-25.4275],[-48.1574,-25.3696],[-48.0976,-25.3101]]]},"properties":{"sigla":"PR","nome":"Paraná"},"id":"PR"},{"type":"Feature","geometry":{"type":"MultiPolygon","coordinates":[[[[-50.0833,-19.8842],[-50.1015,-19.8755],[-50.1348,-19.8745],[-50.1507,-19.8779],[-50.161,-19.8789],[-50.1659,-19.8784],[-50.198,-19.8675],[-50.2161,-19.8671],[-50.2456,-19.8772],[-50.2882,-19.8683],[-50.3069,-19.8746],[-50.3461,-19.8681],[-50.3532,-19.8651],[-50.3597,-19.8532],[-50.3734,-19.8459],[-50.4214,-19.7998],[-50.4745,-19.7808],[-50.4839,-19.7847],[-50.4994,-19.7963],[-50.5177,-19.7969],[-50.5453,-19.8106],[-50.5581,-19.8136],[-50.575,-19.815],[-50.6055,-19.8561],[-50.6361,-19.875],[-50.6479,-19.8958],[-50.6526,-19.9019],[-50.6586,-19.9076],[-50.6889,-19.9171],[-50.7095,-19.9207],[-50.7359,-19.9307],[-50.7841,-19.9377],[-50.8517,-19.9708],[-50.8684,-19.9871],[-50.8733,-19.9901],[-50.8766,-19.9913],[-50.8977,-19.9906],[-50.9661,-20.034],[-51.0004,-20.0854],[-51.0011,-20.0963],[-51.0292,-20.151],[-51.0488,-20.1986],[-51.0582,-20.2332],[-51.0659,-20.246],[-51.0688,-20.2496],[-51.0691,-20.25],[-51.0696,-20.2505],[-51.1123,-20.2823],[-51.118,-20.2874],[-51.1329,-20.296],[-51.2157,-20.3147],[-51.2875,-20.3271],[-51.3219,-20.3401],[-51.3508,-20.3632],[-51.3751,-20.3965],[-51.4035,-20.4519],[-51.4493,-20.483],[-51.5002,-20.5682],[-51.5214,-20.5873],[-51.5335,-20.5975],[-51.5755,-20.6238],[-51.5941,-20.6438],[-51.6282,-20.7251],[-51.6349,-20.7548],[-51.6267,-20.7914],[-51.6329,-20.8215],[-51.6255,-20.8741],[-51.6144,-20.8888],[-51.619,-20.9323],[-51.6235,-20.9444],[-51.6601,-20.969],[-51.6671,-20.9713],[-51.6792,-20.9734],[-51.7114,-20.9716],[-51.7532,-21.0143],[-51.7712,-21.0426],[-51.7896,-21.1021],[-51.8241,-21.1273],[-51.8451,-21.1319],[-51.8659,-21.131],[-51.8789,-21.1481],[-51.8797,-21.1979],[-51.8543,-21.2609],[-51.861,-21.3367],[-51.8697,-21.3543],[-51.9055,-21.384],[-51.9203,-21.4296],[-51.9286,-21.4558],[-51.9486,-21.4695],[-51.9622,-21.4933],[-51.9795,-21.5074],[-51.9876,-21.5122],[-51.9974,-21.5163],[-52.0008,-21.5171],[-52.0575,-21.5041],[-52.0959,-21.542],[-52.1021,-21.5698],[-52.0688,-21.5981],[-52.0627,-21.6206],[-52.0495,-21.6431],[-52.0483,-21.6563],[-52.0512,-21.6662],[-52.0537,-21.6726],[-52.0563,-21.6776],[-52.0765,-21.7149],[-52.0862,-21.7237],[-52.1018,-21.7436],[-52.1033,-21.7458],[-52.1043,-21.7465],[-52.1606,-21.7703],[-52.1613,-21.7709],[-52.1839,-21.8144],[-52.1905,-21.8461],[-52.2331,-21.8835],[-52.2759,-21.9159],[-52.3015,-21.9422],[-52.3263,-21.9969],[-52.3397,-22.0483],[-52.3448,-22.06],[-52.3454,-22.062],[-52.3472,-22.0645],[-52.3772,-22.1067],[-52.3889,-22.113],[-52.4081,-22.1416],[-52.4611,-22.1892],[-52.48,-22.2011],[-52.4842,-22.2132],[-52.4992,-22.224],[-52.5767,-22.2512],[-52.6282,-22.2819],[-52.6463,-22.2988],[-52.6574,-22.3043],[-52.6956,-22.3151],[-52.7988,-22.3787],[-52.8399,-22.4154],[-52.8547,-22.4391],[-52.9986,-22.4934],[-53.0017,-22.5012],[-53.0029,-22.503],[-53.0056,-22.5092],[-53.0063,-22.5101],[-53.0075,-22.5135],[-53.0121,-22.5187],[-53.0148,-22.5211],[-53.0403,-22.5279],[-53.0779,-22.5533],[-53.1064,-22.5935],[-53.1098,-22.6043],[-53.1087,-22.615],[-53.1051,-22.6219],[-53.1056,-22.6225],[-53.092,-22.6453],[-53.0563,-22.6331],[-53.0313,-22.6089],[-52.9729,-22.571],[-52.9252,-22.5661],[-52.9058,-22.5727],[-52.8588,-22.6085],[-52.8159,-22.5975],[-52.6976,-22.6275],[-52.6635,-22.6124],[-52.6118,-22.575],[-52.5898,-22.5666],[-52.5459,-22.6122],[-52.4993,-22.6347],[-52.4555,-22.6111],[-52.4335,-22.6076],[-52.381,-22.627],[-52.3009,-22.6359],[-52.2509,-22.6159],[-52.2286,-22.643],[-52.223,-22.676],[-52.1571,-22.6452],[-52.1614,-22.5899],[-52.1492,-22.5497],[-52.1281,-22.5204],[-52.0901,-22.5217],[-52.0523,-22.5398],[-52.0131,-22.5422],[-51.941,-22.5678],[-51.8741,-22.6287],[-51.8476,-22.6327],[-51.7721,-22.6146],[-51.7335,-22.6291],[-51.7263,-22.6619],[-51.6996,-22.6699],[-51.6628,-22.6577],[-51.6163,-22.6631],[-51.5896,-22.6869],[-51.56,-22.6977],[-51.5088,-22.6925],[-51.4754,-22.6797],[-51.4536,-22.6562],[-51.4252,-22.654],[-51.4025,-22.6684],[-51.3741,-22.6586],[-51.307,-22.675],[-51.2657,-22.6682],[-51.2288,-22.7165],[-51.1875,-22.7304],[-51.1649,-22.7494],[-51.1284,-22.7605],[-51.0581,-22.7665],[-51.006,-22.7943],[-50.9764,-22.7826],[-50.9461,-22.8044],[-50.8958,-22.7948],[-50.8429,-22.8319],[-50.8334,-22.8597],[-50.7983,-22.889],[-50.7936,-22.9056],[-50.8066,-22.9408],[-50.7964,-22.9517],[-50.7591,-22.9481],[-50.73,-22.963],[-50.7103,-22.9539],[-50.6826,-22.9067],[-50.664,-22.8962],[-50.6043,-22.9237],[-50.5815,-22.9058],[-50.541,-22.9126],[-50.5115,-22.9451],[-50.4832,-22.9374],[-50.4262,-22.9447],[-50.4169,-22.9133],[-50.3795,-22.9059],[-50.3597,-22.9165],[-50.3407,-22.9486],[-50.3238,-22.9518],[-50.276,-22.9321],[-50.2437,-22.9515],[-50.1855,-22.9545],[-50.1535,-22.9361],[-50.1159,-22.9403],[-50.0933,-22.923],[-50.072,-22.9286],[-50.0532,-22.9058],[-50.0151,-22.9117],[-49.9866,-22.898],[-49.9618,-22.9314],[-49.9744,-22.957],[-49.955,-22.9789],[-49.9021,-22.9998],[-49.9167,-23.0369],[-49.9121,-23.0516],[-49.8679,-23.0722],[-49.8341,-23.0664],[-49.7896,-23.1038],[-49.7518,-23.0982],[-49.726,-23.1099],[-49.7286,-23.1436],[-49.6782,-23.1754],[-49.6542,-23.2125],[-49.6263,-23.2871],[-49.6313,-23.3],[-49.6123,-23.3551],[-49.5959,-23.3676],[-49.603,-23.409],[-49.5823,-23.4294],[-49.6037,-23.453],[-49.6038,-23.4789],[-49.6218,-23.4938],[-49.6247,-23.5238],[-49.6007,-23.5361],[-49.6033,-23.5845],[-49.6214,-23.6116],[-49.6026,-23.6526],[-49.5497,-23.7045],[-49.5678,-23.7373],[-49.5605,-23.8124],[-49.6081,-23.8411],[-49.5875,-23.8894],[-49.5575,-23.9218],[-49.5121,-23.9264],[-49.4927,-23.9939],[-49.4639,-24.0279],[-49.458,-24.05],[-49.4303,-24.0692],[-49.4323,-24.0861],[-49.4092,-24.1074],[-49.337,-24.1381],[-49.3433,-24.2048],[-49.3511,-24.2213],[-49.3058,-24.2519],[-49.2874,-24.3031],[-49.2452,-24.3327],[-49.2016,-24.3456],[-49.2481,-24.3932],[-49.2383,-24.405],[-49.254,-24.4562],[-49.2733,-24.4932],[-49.2961,-24.5008],[-49.2804,-24.5364],[-49.3165,-24.556],[-49.3041,-24.5974],[-49.3145,-24.6326],[-49.3125,-24.664],[-49.2786,-24.6935],[-49.2048,-24.6964],[-49.1861,-24.6732],[-49.1353,-24.6761],[-49.1121,-24.6888],[-49.0751,-24.6739],[-49.0547,-24.6829],[-49.0379,-24.6609],[-49.0108,-24.6549],[-48.9627,-24.6747],[-48.8409,-24.6655],[-48.7887,-24.6817],[-48.7776,-24.6962],[-48.7043,-24.6809],[-48.6719,-24.6798],[-48.6755,-24.7023],[-48.6171,-24.6692],[-48.6016,-24.6696],[-48.5652,-24.7067],[-48.5024,-24.7465],[-48.5188,-24.7815],[-48.5562,-24.8067],[-48.5682,-24.8493],[-48.5502,-24.868],[-48.5721,-24.9252],[-48.5678,-24.9728],[-48.6013,-25.011],[-48.5801,-25.0536],[-48.5589,-25.0604],[-48.5413,-25.097],[-48.5138,-25.0912],[-48.4745,-25.0138],[-48.4115,-24.9802],[-48.3583,-25.0174],[-48.3525,-25.0331],[-48.3072,-25.0439],[-48.2589,-24.9861],[-48.2371,-24.9934],[-48.2155,-25.0405],[-48.21,-25.0803],[-48.1863,-25.1261],[-48.1584,-25.1508],[-48.1863,-25.2071],[-48.162,-25.2094],[-48.1508,-25.2289],[-48.1143,-25.2509],[-48.0936,-25.2401],[-48.0257,-25.2346],[-48.0821,-25.2795],[-48.0976,-25.3101],[-48.0295,-25.2433],[-47.925,-25.1619],[-47.9089,-25.1187],[-47.8957,-25.1088],[-47.9104,-25.0539],[-47.8869,-25.0521],[-47.8685,-25.0048],[-47.8423,-24.9754],[-47.7503,-24.8959],[-47.6172,-24.7927],[-47.5526,-24.7505],[-47.4361,-24.6922],[-47.3674,-24.6457],[-47.2512,-24.5763],[-47.1533,-24.4974],[-47.0562,-24.433],[-47.0045,-24.4096],[-47.0183,-24.375],[-46.9993,-24.352],[-47.0024,-24.3342],[-46.9308,-24.2734],[-46.8168,-24.2026],[-46.6226,-24.0973],[-46.5219,-24.0503],[-46.4178,-24.0142],[-46.3589,-23.9707],[-46.3226,-23.976],[-46.3183,-24.0248],[-46.2812,-24.0223],[-46.263,-24.0013],[-46.2169,-23.9859],[-46.1915,-23.9902],[-46.1753,-23.9416],[-46.1799,-23.9252],[-46.1414,-23.8803],[-46.1309,-23.8461],[-46.0767,-23.8176],[-46.037,-23.813],[-45.9514,-23.7784],[-45.8698,-23.7609],[-45.8112,-23.7585],[-45.6891,-23.7786],[-45.6421,-23.7789],[-45.626,-23.8016],[-45.5554,-23.7951],[-45.5037,-23.8416],[-45.4651,-23.8196],[-45.4313,-23.8327],[-45.3992,-23.8103],[-45.3975,-23.7806],[-45.4128,-23.7537],[-45.4312,-23.6827],[-45.4285,-23.6577],[-45.4106,-23.6269],[-45.3877,-23.6347],[-45.3577,-23.6241],[-45.3311,-23.5874],[-45.2967,-23.5722],[-45.2412,-23.5926],[-45.2095,-23.5733],[-45.2259,-23.5386],[-45.1991,-23.522],[-45.1657,-23.527],[-45.1721,-23.4983],[-45.1181,-23.5032],[-45.0727,-23.4901],[-45.0546,-23.4617],[-45.0671,-23.4355],[-45.0566,-23.4207],[-45.0124,-23.4214],[-45.0074,-23.4089],[-44.9479,-23.3814],[-44.9397,-23.36],[-44.9085,-23.3347],[-44.8405,-23.3703],[-44.8416,-23.3892],[-44.7928,-23.3706],[-44.7496,-23.3674],[-44.7783,-23.339],[-44.7801,-23.3216],[-44.7875,-23.3035],[-44.787,-23.3011],[-44.8251,-23.2921],[-44.8305,-23.2698],[-44.8327,-23.2684],[-44.8539,-23.2492],[-44.8751,-23.2491],[-44.8898,-23.2271],[-44.8842,-23.2053],[-44.8826,-23.2027],[-44.8764,-23.1979],[-44.8756,-23.1933],[-44.8609,-23.1815],[-44.8453,-23.169],[-44.8311,-23.1645],[-44.8266,-23.1633],[-44.8251,-23.1458],[-44.8169,-23.1407],[-44.8197,-23.1343],[-44.8199,-23.1332],[-44.8194,-23.1316],[-44.8112,-23.1151],[-44.8157,-23.113],[-44.8167,-23.1081],[-44.8125,-23.0942],[-44.7975,-23.0181],[-44.792,-22.9822],[-44.7781,-22.9788],[-44.7522,-22.9632],[-44.7466,-22.9528],[-44.7457,-22.9512],[-44.7447,-22.9494],[-44.7136,-22.9302],[-44.6882,-22.9365],[-44.6594,-22.9277],[-44.6071,-22.8857],[-44.6006,-22.8888],[-44.5933,-22.8849],[-44.5756,-22.8788],[-44.5561,-22.8886],[-44.5556,-22.8886],[-44.5522,-22.8873],[-44.5475,-22.8862],[-44.5439,-22.8849],[-44.544,-22.8847],[-44.5448,-22.8834],[-44.5454,-22.8822],[-44.5457,-22.8812],[-44.533,-22.8692],[-44.5221,-22.866],[-44.5195,-22.8653],[-44.5118,-22.8577],[-44.4764,-22.8563],[-44.4785,-22.8608],[-44.4804,-22.8664],[-44.476,-22.8678],[-44.4662,-22.8855],[-44.4376,-22.8724],[-44.4246,-22.8522],[-44.3679,-22.8555],[-44.3458,-22.8463],[-44.3412,-22.8443],[-44.3264,-22.8381],[-44.2689,-22.8296],[-44.2447,-22.8024],[-44.2421,-22.7964],[-44.2573,-22.7666],[-44.2509,-22.7581],[-44.2268,-22.7336],[-44.202,-22.7324],[-44.1618,-22.6788],[-44.1719,-22.6599],[-44.1863,-22.6525],[-44.19,-22.6496],[-44.1915,-22.6456],[-44.1847,-22.6378],[-44.2042,-22.6275],[-44.2079,-22.6135],[-44.2083,-22.6136],[-44.2708,-22.6013],[-44.2922,-22.6046],[-44.2956,-22.5993],[-44.3251,-22.5901],[-44.3329,-22.5915],[-44.3398,-22.5909],[-44.3443,-22.5887],[-44.3476,-22.591],[-44.3518,-22.5996],[-44.3496,-22.6095],[-44.361,-22.6117],[-44.3651,-22.5936],[-44.3634,-22.5844],[-44.3603,-22.582],[-44.3603,-22.5818],[-44.3742,-22.5788],[-44.3786,-22.5766],[-44.384,-22.5739],[-44.4054,-22.5919],[-44.4323,-22.5995],[-44.4705,-22.6147],[-44.4884,-22.6136],[-44.4945,-22.6222],[-44.4956,-22.6254],[-44.4983,-22.6275],[-44.5044,-22.6361],[-44.5049,-22.6367],[-44.5071,-22.6399],[-44.509,-22.6414],[-44.5112,-22.6406],[-44.5151,-22.631],[-44.5314,-22.6307],[-44.5272,-22.6207],[-44.5378,-22.6188],[-44.5413,-22.6134],[-44.5509,-22.605],[-44.5548,-22.6099],[-44.555,-22.61],[-44.5553,-22.6106],[-44.5644,-22.6125],[-44.5721,-22.6063],[-44.5841,-22.6259],[-44.5841,-22.6266],[-44.5847,-22.6265],[-44.5879,-22.6254],[-44.5937,-22.6222],[-44.5974,-22.6105],[-44.6025,-22.6083],[-44.6047,-22.6144],[-44.6109,-22.6178],[-44.6132,-22.6178],[-44.6231,-22.6059],[-44.6348,-22.6099],[-44.6441,-22.6001],[-44.6472,-22.5896],[-44.6476,-22.5851],[-44.6469,-22.582],[-44.6422,-22.5599],[-44.6698,-22.5564],[-44.6738,-22.5355],[-44.7134,-22.5086],[-44.7236,-22.4848],[-44.7182,-22.469],[-44.7238,-22.4627],[-44.7249,-22.4569],[-44.7245,-22.452],[-44.7291,-22.4489],[-44.7309,-22.4397],[-44.7409,-22.4262],[-44.7555,-22.4154],[-44.8076,-22.4054],[-44.8245,-22.4198],[-44.8466,-22.4278],[-44.8905,-22.4341],[-44.8978,-22.4529],[-44.94,-22.4531],[-44.9647,-22.4735],[-45.0255,-22.4659],[-45.0338,-22.4659],[-45.0925,-22.4839],[-45.1038,-22.4908],[-45.1508,-22.5079],[-45.1667,-22.5307],[-45.1645,-22.5379],[-45.1773,-22.5492],[-45.2609,-22.5833],[-45.2614,-22.6071],[-45.2763,-22.6175],[-45.3282,-22.617],[-45.3962,-22.6523],[-45.411,-22.6522],[-45.4092,-22.634],[-45.4135,-22.629],[-45.4129,-22.6261],[-45.4133,-22.6228],[-45.4198,-22.6216],[-45.4266,-22.6217],[-45.436,-22.6188],[-45.4813,-22.5912],[-45.4752,-22.5989],[-45.5282,-22.6468],[-45.5401,-22.6526],[-45.5728,-22.6568],[-45.5821,-22.6449],[-45.5558,-22.6268],[-45.5767,-22.6044],[-45.6045,-22.6203],[-45.6054,-22.6209],[-45.6152,-22.634],[-45.6158,-22.6352],[-45.6181,-22.6378],[-45.6181,-22.6379],[-45.6186,-22.6384],[-45.6481,-22.6487],[-45.6666,-22.6517],[-45.6815,-22.6368],[-45.6609,-22.5926],[-45.6794,-22.5738],[-45.7054,-22.5823],[-45.714,-22.58],[-45.7292,-22.5915],[-45.7346,-22.5976],[-45.6996,-22.6424],[-45.6979,-22.6497],[-45.7474,-22.6642],[-45.7481,-22.6658],[-45.7501,-22.6702],[-45.7611,-22.6772],[-45.7665,-22.6791],[-45.7892,-22.6936],[-45.8118,-22.6991],[-45.8199,-22.7227],[-45.7956,-22.739],[-45.7604,-22.7228],[-45.7389,-22.7226],[-45.73,-22.7272],[-45.7144,-22.7747],[-45.7247,-22.7814],[-45.7203,-22.8082],[-45.7143,-22.8086],[-45.7422,-22.8084],[-45.7481,-22.7937],[-45.7709,-22.8059],[-45.768,-22.8359],[-45.7927,-22.857],[-45.8043,-22.8335],[-45.8482,-22.838],[-45.871,-22.8713],[-45.9227,-22.8247],[-45.9512,-22.8464],[-46.0158,-22.8874],[-46.0617,-22.894],[-46.0957,-22.8949],[-46.1395,-22.9233],[-46.1451,-22.904],[-46.1373,-22.891],[-46.1568,-22.8644],[-46.2343,-22.8822],[-46.2696,-22.8766],[-46.2796,-22.879],[-46.3043,-22.893],[-46.3457,-22.9052],[-46.3568,-22.9008],[-46.3642,-22.8942],[-46.3739,-22.8794],[-46.3769,-22.8758],[-46.3773,-22.8283],[-46.3547,-22.7861],[-46.3494,-22.78],[-46.3436,-22.7774],[-46.335,-22.7608],[-46.3553,-22.7576],[-46.3733,-22.7473],[-46.3871,-22.7408],[-46.3933,-22.7438],[-46.426,-22.7368],[-46.4532,-22.7281],[-46.4566,-22.7129],[-46.4571,-22.7112],[-46.458,-22.7076],[-46.4805,-22.6782],[-46.4691,-22.6731],[-46.4592,-22.6723],[-46.4511,-22.6703],[-46.449,-22.6688],[-46.4437,-22.6688],[-46.4401,-22.6681],[-46.4388,-22.6674],[-46.4134,-22.6598],[-46.4211,-22.6386],[-46.4054,-22.621],[-46.4231,-22.6007],[-46.4248,-22.5999],[-46.4242,-22.5995],[-46.4233,-22.5985],[-46.4232,-22.598],[-46.4225,-22.5975],[-46.4219,-22.5968],[-46.422,-22.5947],[-46.4173,-22.5913],[-46.4129,-22.586],[-46.4129,-22.5859],[-46.4163,-22.5851],[-46.4292,-22.5844],[-46.4327,-22.5759],[-46.4342,-22.5744],[-46.433,-22.5717],[-46.4244,-22.5657],[-46.4398,-22.5383],[-46.4538,-22.523],[-46.5426,-22.4949],[-46.5311,-22.4713],[-46.5506,-22.4583],[-46.5672,-22.45],[-46.5719,-22.4527],[-46.5856,-22.4399],[-46.5922,-22.4386],[-46.5949,-22.4415],[-46.6009,-22.442],[-46.6039,-22.4436],[-46.6066,-22.4422],[-46.6321,-22.4363],[-46.6406,-22.4259],[-46.6464,-22.4294],[-46.667,-22.4156],[-46.6687,-22.4083],[-46.6639,-22.392],[-46.6668,-22.3825],[-46.6614,-22.3674],[-46.6614,-22.3665],[-46.6626,-22.3663],[-46.6757,-22.3699],[-46.6773,-22.3666],[-46.6873,-22.3534],[-46.7017,-22.322],[-46.7184,-22.3174],[-46.7057,-22.2963],[-46.7105,-22.2845],[-46.7028,-22.2783],[-46.7111,-22.2704],[-46.7113,-22.2644],[-46.7074,-22.2584],[-46.694,-22.2466],[-46.6936,-22.2381],[-46.6905,-22.2328],[-46.6785,-22.2238],[-46.6811,-22.2148],[-46.6801,-22.2089],[-46.6713,-22.1848],[-46.6695,-22.1752],[-46.6631,-22.1804],[-46.6071,-22.1417],[-46.6181,-22.1248],[-46.6185,-22.1237],[-46.622,-22.1136],[-46.6514,-22.0919],[-46.6714,-22.0978],[-46.7005,-22.0956],[-46.7158,-22.0919],[-46.7193,-22.0892],[-46.6964,-22.0729],[-46.6585,-22.0606],[-46.6858,-22.0379],[-46.6752,-22.0222],[-46.6499,-22.0095],[-46.6151,-22.0174],[-46.6142,-22.0019],[-46.6433,-21.9771],[-46.6543,-21.9538],[-46.6541,-21.9422],[-46.6678,-21.9331],[-46.6742,-21.9115],[-46.6736,-21.9086],[-46.6717,-21.9064],[-46.6713,-21.9061],[-46.6672,-21.9017],[-46.666,-21.8998],[-46.6638,-21.8981],[-46.6534,-21.896],[-46.6528,-21.895],[-46.6492,-21.885],[-46.648,-21.881],[-46.6576,-21.8786],[-46.658,-21.8736],[-46.6668,-21.8508],[-46.6914,-21.8375],[-46.671,-21.8167],[-46.6265,-21.7665],[-46.6261,-21.7348],[-46.6231,-21.7171],[-46.6296,-21.7069],[-46.6304,-21.7032],[-46.6296,-21.7016],[-46.6291,-21.6953],[-46.6212,-21.6755],[-46.579,-21.6846],[-46.555,-21.6535],[-46.5488,-21.6484],[-46.5379,-21.6291],[-46.5343,-21.6215],[-46.5186,-21.613],[-46.5224,-21.585],[-46.5005,-21.555],[-46.5201,-21.5349],[-46.511,-21.4815],[-46.5117,-21.4759],[-46.5153,-21.4653],[-46.5265,-21.4456],[-46.5619,-21.4423],[-46.5759,-21.428],[-46.6023,-21.4445],[-46.6195,-21.4237],[-46.6492,-21.3922],[-46.6483,-21.3641],[-46.6801,-21.3756],[-46.6922,-21.3829],[-46.7011,-21.4013],[-46.7064,-21.4053],[-46.7079,-21.4051],[-46.7348,-21.3947],[-46.7766,-21.3632],[-46.7817,-21.3713],[-46.79,-21.3735],[-46.7922,-21.3742],[-46.7929,-21.3733],[-46.8002,-21.3714],[-46.8053,-21.3716],[-46.8178,-21.3669],[-46.8315,-21.3667],[-46.8352,-21.3825],[-46.8425,-21.3896],[-46.8635,-21.3952],[-46.8656,-21.4012],[-46.8686,-21.4042],[-46.884,-21.4065],[-46.8935,-21.4157],[-46.9157,-21.4209],[-46.9172,-21.4213],[-47.0065,-21.4217],[-47.0102,-21.4069],[-47.0095,-21.3707],[-46.9969,-21.3572],[-47.0041,-21.3499],[-47.017,-21.3429],[-47.0239,-21.3269],[-47.0214,-21.3228],[-47.034,-21.3086],[-47.0428,-21.2905],[-47.0425,-21.2722],[-47.0527,-21.247],[-47.0765,-21.2417],[-47.0777,-21.2407],[-47.0775,-21.2389],[-47.0781,-21.2352],[-47.0797,-21.2329],[-47.0789,-21.2306],[-47.0727,-21.2261],[-47.0653,-21.2077],[-47.0959,-21.2101],[-47.1192,-21.1862],[-47.1178,-21.1542],[-47.1273,-21.1448],[-47.1335,-21.1337],[-47.1335,-21.1334],[-47.1332,-21.1331],[-47.1315,-21.1297],[-47.1267,-21.1258],[-47.1273,-21.1222],[-47.122,-21.113],[-47.1189,-21.1095],[-47.1152,-21.1052],[-47.1244,-21.1019],[-47.1286,-21.0997],[-47.1288,-21.0983],[-47.1375,-21.0885],[-47.1427,-21.0887],[-47.1395,-21.0698],[-47.1466,-21.0595],[-47.1476,-21.0379],[-47.1575,-21.0193],[-47.1442,-20.9829],[-47.2109,-20.9246],[-47.2405,-20.8858],[-47.2149,-20.8277],[-47.2254,-20.8014],[-47.2252,-20.8006],[-47.2222,-20.797],[-47.2137,-20.7917],[-47.2065,-20.7755],[-47.1887,-20.7699],[-47.1792,-20.7364],[-47.1796,-20.726],[-47.1704,-20.7161],[-47.1656,-20.7015],[-47.1153,-20.7072],[-47.1017,-20.6837],[-47.1032,-20.6704],[-47.0972,-20.6623],[-47.1034,-20.6418],[-47.1136,-20.6181],[-47.1238,-20.6132],[-47.1232,-20.5952],[-47.1328,-20.5913],[-47.136,-20.5793],[-47.1378,-20.5751],[-47.1415,-20.5681],[-47.1431,-20.5665],[-47.1433,-20.5657],[-47.1426,-20.5655],[-47.1381,-20.5615],[-47.1386,-20.556],[-47.1393,-20.5525],[-47.155,-20.52],[-47.1843,-20.5138],[-47.1852,-20.5142],[-47.1853,-20.5133],[-47.1886,-20.5111],[-47.2004,-20.5031],[-47.2048,-20.504],[-47.212,-20.5028],[-47.2121,-20.5017],[-47.2238,-20.4918],[-47.2673,-20.4671],[-47.2915,-20.451],[-47.2935,-20.3858],[-47.2965,-20.3538],[-47.2849,-20.3296],[-47.2857,-20.3166],[-47.2823,-20.313],[-47.2828,-20.3088],[-47.2819,-20.3049],[-47.2772,-20.2921],[-47.2699,-20.2828],[-47.264,-20.2807],[-47.254,-20.2649],[-47.2528,-20.2636],[-47.2522,-20.2634],[-47.2517,-20.2627],[-47.2509,-20.263],[-47.2469,-20.2617],[-47.2478,-20.2604],[-47.2478,-20.2591],[-47.2396,-20.2441],[-47.2315,-20.2196],[-47.251,-20.2002],[-47.2563,-20.1913],[-47.2578,-20.1852],[-47.2575,-20.1667],[-47.2664,-20.1584],[-47.2895,-20.1519],[-47.2968,-20.1464],[-47.3215,-20.1189],[-47.3591,-20.1045],[-47.3766,-20.0836],[-47.4019,-20.0841],[-47.4054,-20.0832],[-47.4086,-20.0807],[-47.4187,-20.0651],[-47.4407,-20.0493],[-47.4442,-20.028],[-47.4252,-20.0148],[-47.4698,-19.9616],[-47.509,-19.9834],[-47.5492,-19.9938],[-47.5809,-19.9957],[-47.5947,-20.0259],[-47.6144,-20.0426],[-47.6254,-20.0428],[-47.6352,-20.0497],[-47.6401,-20.0477],[-47.6711,-20.023],[-47.6766,-20.0024],[-47.7013,-19.9822],[-47.7131,-19.9786],[-47.7341,-19.9884],[-47.7516,-19.9908],[-47.7651,-19.9862],[-47.8023,-19.9856],[-47.8351,-19.9966],[-47.8599,-19.9932],[-47.8762,-20.0287],[-47.8599,-20.0472],[-47.8755,-20.0989],[-47.8791,-20.1047],[-47.8936,-20.1235],[-47.8999,-20.1262],[-47.932,-20.1109],[-47.9429,-20.0955],[-47.9482,-20.0577],[-47.9764,-20.0359],[-47.9912,-20.0462],[-47.9897,-20.073],[-48.0023,-20.1042],[-48.0171,-20.119],[-48.0266,-20.1247],[-48.0405,-20.1212],[-48.0494,-20.1372],[-48.0772,-20.1489],[-48.1059,-20.1468],[-48.1174,-20.1426],[-48.127,-20.1317],[-48.1482,-20.1246],[-48.1531,-20.1139],[-48.1791,-20.0967],[-48.2082,-20.0399],[-48.2264,-20.0293],[-48.2414,-20.0298],[-48.2441,-20.0474],[-48.2534,-20.0779],[-48.219,-20.1154],[-48.2238,-20.1324],[-48.2248,-20.1335],[-48.2656,-20.1443],[-48.3159,-20.1143],[-48.3754,-20.1236],[-48.4062,-20.114],[-48.4916,-20.1386],[-48.5551,-20.1308],[-48.5986,-20.1389],[-48.6273,-20.1606],[-48.6382,-20.1658],[-48.6509,-20.1678],[-48.6662,-20.1667],[-48.7076,-20.1607],[-48.7307,-20.1504],[-48.7816,-20.1643],[-48.8022,-20.1629],[-48.8228,-20.1621],[-48.8554,-20.1801],[-48.8579,-20.1993],[-48.8536,-20.2092],[-48.8539,-20.2155],[-48.8547,-20.2196],[-48.8563,-20.2245],[-48.8567,-20.2269],[-48.8572,-20.2274],[-48.8597,-20.2328],[-48.8722,-20.2419],[-48.8851,-20.2664],[-48.8868,-20.2798],[-48.8772,-20.3125],[-48.88,-20.3483],[-48.867,-20.3989],[-48.8786,-20.4297],[-48.8926,-20.4412],[-48.9003,-20.4418],[-48.9073,-20.4369],[-48.9635,-20.4036],[-48.9708,-20.3903],[-48.9662,-20.3585],[-48.9662,-20.2798],[-48.9622,-20.2638],[-48.9725,-20.2083],[-48.9865,-20.1713],[-49.0334,-20.1505],[-49.0672,-20.1546],[-49.0675,-20.1549],[-49.0893,-20.2122],[-49.0965,-20.2264],[-49.1045,-20.24],[-49.1157,-20.2606],[-49.1207,-20.2705],[-49.1229,-20.274],[-49.1345,-20.285],[-49.184,-20.3152],[-49.2257,-20.3058],[-49.2291,-20.3038],[-49.2363,-20.295],[-49.2457,-20.2826],[-49.2596,-20.2607],[-49.2649,-20.2315],[-49.2839,-20.2005],[-49.2997,-20.1676],[-49.3069,-20.1117],[-49.309,-20.1044],[-49.3089,-20.078],[-49.3077,-20.0608],[-49.2977,-20.018],[-49.2968,-20.0161],[-49.2925,-20.0113],[-49.2828,-20.0049],[-49.2652,-20.0066],[-49.2476,-19.9945],[-49.2492,-19.9716],[-49.298,-19.961],[-49.3569,-19.9872],[-49.435,-19.9829],[-49.4543,-19.9785],[-49.4779,-19.9635],[-49.4932,-19.9509],[-49.5023,-19.9232],[-49.5519,-19.9063],[-49.6121,-19.9196],[-49.6349,-19.9324],[-49.7126,-19.9318],[-49.7829,-19.925],[-49.8475,-19.9415],[-49.8888,-19.9458],[-49.9655,-19.9206],[-50.0035,-19.9269],[-50.0126,-19.9272],[-50.0192,-19.9259],[-50.0477,-19.9159],[-50.0833,-19.8842]]],[[[-45.3302,-23.7229],[-45.349,-23.742],[-45.3497,-23.7664],[-45.3664,-23.8102],[-45.4622,-23.8917],[-45.4609,-23.9147],[-45.4322,-23.94],[-45.3575,-23.9287],[-45.3249,-23.9125],[-45.2996,-23.9152],[-45.2682,-23.9643],[-45.2361,-23.9497],[-45.239,-23.909],[-45.2624,-23.8926],[-45.2868,-23.8525],[-45.2732,-23.8393],[-45.2422,-23.8397],[-45.2312,-23.7796],[-45.2761,-23.7358],[-45.3302,-23.7229]]]]},"properties":{"sigla":"SP","nome":"São Paulo"},"id":"SP"}]}