ano,uf,regiao,causa_acidente,faixa_horario,total_acidentes,total_graves_fatais,total_mortos,total_feridos_graves,total_vitimas,taxa_gravidade
2022,AC,Norte,Acessar a via sem observar a presença dos outros veículos,Madrugada,1,0,0,0,1,0.0
2022,AC,Norte,Acessar a via sem observar a presença dos outros veículos,Manhã,14,4,1,3,19,0.285714
2022,AC,Norte,Acessar a via sem observar a presença dos outros veículos,Noite,4,2,0,2,5,0.5
2022,AC,Norte,Acessar a via sem observar a presença dos outros veículos,Tarde,16,4,1,3,18,0.25
2022,AC,Norte,Acesso irregular,Manhã,3,2,0,2,4,0.666667
2022,AC,Norte,Acesso irregular,Noite,1,1,0,1,2,1.0
2022,AC,Norte,Acesso irregular,Tarde,1,0,0,0,1,0.0
2022,AC,Norte,Acostamento em desnível,Manhã,1,1,0,2,3,1.0
2022,AC,Norte,Acumulo de areia ou detritos sobre o pavimento,Noite,1,0,0,0,1,0.0
2022,AC,Norte,Acumulo de água sobre o pavimento,Noite,1,0,0,0,4,0.0
2022,AC,Norte,Afundamento ou ondulação no pavimento,Manhã,1,0,0,0,0,0.0
2022,AC,Norte,Afundamento ou ondulação no pavimento,Noite,1,0,0,0,0,0.0
2022,AC,Norte,Animais na Pista,Madrugada,3,0,0,0,2,0.0
2022,AC,Norte,Animais na Pista,Manhã,1,1,0,1,2,1.0
2022,AC,Norte,Animais na Pista,Noite,3,1,0,1,5,0.333333
2022,AC,Norte,Animais na Pista,Tarde,3,1,0,1,4,0.333333
2022,AC,Norte,Ausência de reação do condutor,Madrugada,5,2,2,0,5,0.4
2022,AC,Norte,Ausência de reação do condutor,Manhã,3,0,0,0,6,0.0
2022,AC,Norte,Ausência de reação do condutor,Noite,7,4,1,3,8,0.571429
2022,AC,Norte,Ausência de reação do condutor,Tarde,7,1,0,1,6,0.142857
2022,AC,Norte,Ausência de sinalização,Noite,2,0,0,0,1,0.0
2022,AC,Norte,Avarias e/ou desgaste excessivo no pneu,Tarde,1,0,0,0,2,0.0
2022,AC,Norte,Chuva,Noite,1,0,0,0,1,0.0
2022,AC,Norte,Condutor Dormindo,Manhã,1,0,0,0,1,0.0
2022,AC,Norte,Condutor Dormindo,Tarde,2,1,0,1,3,0.5
2022,AC,Norte,Condutor deixou de manter distância do veículo da frente,Manhã,3,1,0,1,2,0.333333
2022,AC,Norte,Condutor deixou de manter distância do veículo da frente,Noite,4,1,0,1,4,0.25
2022,AC,Norte,Condutor deixou de manter distância do veículo da frente,Tarde,9,0,0,0,13,0.0
2022,AC,Norte,Conversão proibida,Manhã,1,1,0,1,1,1.0
2022,AC,Norte,Conversão proibida,Noite,1,1,0,2,4,1.0
2022,AC,Norte,Conversão proibida,Tarde,1,0,0,0,4,0.0
2022,AC,Norte,Curva acentuada,Manhã,1,1,0,1,2,1.0
2022,AC,Norte,Deficiência do Sistema de Iluminação/Sinalização,Noite,1,1,1,1,2,1.0
2022,AC,Norte,Deficiência do Sistema de Iluminação/Sinalização,Tarde,1,1,0,2,2,1.0
2022,AC,Norte,Demais falhas mecânicas ou elétricas,Noite,1,0,0,0,1,0.0
2022,AC,Norte,Demais falhas mecânicas ou elétricas,Tarde,2,0,0,0,2,0.0
2022,AC,Norte,Demais falhas na via,Noite,1,1,0,1,1,1.0
2022,AC,Norte,Demais falhas na via,Tarde,3,1,0,1,2,0.333333
2022,AC,Norte,Desrespeitar a preferência no cruzamento,Manhã,3,0,0,0,3,0.0
2022,AC,Norte,Desrespeitar a preferência no cruzamento,Noite,3,1,0,1,4,0.333333
2022,AC,Norte,Desrespeitar a preferência no cruzamento,Tarde,2,1,0,1,1,0.5
2022,AC,Norte,Entrada inopinada do pedestre,Noite,2,2,1,1,2,1.0
2022,AC,Norte,Faróis desregulados,Noite,1,0,0,0,2,0.0
2022,AC,Norte,Frear bruscamente,Manhã,1,0,0,0,1,0.0
2022,AC,Norte,Frear bruscamente,Tarde,1,1,0,1,1,1.0
2022,AC,Norte,Iluminação deficiente,Tarde,1,1,0,1,3,1.0
2022,AC,Norte,Ingestão de substâncias psicoativas pelo condutor,Tarde,1,0,0,0,0,0.0
2022,AC,Norte,Ingestão de álcool e/ou substâncias psicoativas pelo pedestre,Tarde,1,1,0,3,4,1.0
2022,AC,Norte,Ingestão de álcool pelo condutor,Madrugada,2,1,0,4,5,0.5
2022,AC,Norte,Ingestão de álcool pelo condutor,Noite,5,1,0,1,2,0.2
2022,AC,Norte,Ingestão de álcool pelo condutor,Tarde,2,1,0,3,4,0.5
2022,AC,Norte,Mal súbito do condutor,Noite,1,0,0,0,1,0.0
2022,AC,Norte,Manobra de mudança de faixa,Madrugada,1,0,0,0,0,0.0
2022,AC,Norte,Manobra de mudança de faixa,Manhã,2,0,0,0,3,0.0
2022,AC,Norte,Manobra de mudança de faixa,Noite,3,1,0,1,2,0.333333
2022,AC,Norte,Manobra de mudança de faixa,Tarde,4,4,0,11,15,1.0
2022,AC,Norte,Objeto estático sobre o leito carroçável,Tarde,1,0,0,0,1,0.0
2022,AC,Norte,Obras na pista,Noite,1,0,0,0,2,0.0
2022,AC,Norte,Obras na pista,Tarde,1,0,0,0,2,0.0
2022,AC,Norte,Obstrução na via,Madrugada,1,1,0,1,3,1.0
2022,AC,Norte,Pedestre andava na pista,Noite,3,3,1,3,4,1.0
2022,AC,Norte,Pedestre cruzava a pista fora da faixa,Tarde,1,0,0,0,1,0.0
2022,AC,Norte,Pista Escorregadia,Manhã,1,0,0,0,2,0.0
2022,AC,Norte,Pista esburacada,Manhã,3,0,0,0,3,0.0
2022,AC,Norte,Pista esburacada,Noite,3,1,0,1,4,0.333333
2022,AC,Norte,Pista esburacada,Tarde,7,2,0,3,7,0.285714
2022,AC,Norte,Problema com o freio,Tarde,1,0,0,0,1,0.0
2022,AC,Norte,Reação tardia ou ineficiente do condutor,Madrugada,3,2,0,2,2,0.666667
2022,AC,Norte,Reação tardia ou ineficiente do condutor,Manhã,9,3,0,3,12,0.333333
2022,AC,Norte,Reação tardia ou ineficiente do condutor,Noite,9,4,1,4,14,0.444444
2022,AC,Norte,Reação tardia ou ineficiente do condutor,Tarde,8,1,0,2,10,0.125
2022,AC,Norte,Retorno proibido,Manhã,1,1,1,1,2,1.0
2022,AC,Norte,Retorno proibido,Noite,1,0,0,0,1,0.0
2022,AC,Norte,Retorno proibido,Tarde,1,1,0,1,2,1.0
2022,AC,Norte,Trafegar com motocicleta (ou similar) entre as faixas,Madrugada,1,1,0,1,1,1.0
2022,AC,Norte,Transitar na contramão,Manhã,2,1,5,0,8,0.5
2022,AC,Norte,Transitar na contramão,Noite,2,0,0,0,0,0.0
2022,AC,Norte,Transitar na contramão,Tarde,4,2,1,2,7,0.5
2022,AC,Norte,Ultrapassagem Indevida,Manhã,1,0,0,0,4,0.0
2022,AC,Norte,Ultrapassagem Indevida,Noite,1,1,1,0,2,1.0
2022,AC,Norte,Ultrapassagem Indevida,Tarde,2,0,0,0,5,0.0
2022,AC,Norte,Velocidade Incompatível,Manhã,3,2,0,2,3,0.666667
2022,AC,Norte,Velocidade Incompatível,Noite,1,1,0,1,1,1.0
2022,AC,Norte,Velocidade Incompatível,Tarde,2,1,1,0,7,0.5
2022,AC,Norte,Área urbana sem a presença de local apropriado para a travessia de pedestres,Manhã,1,0,0,0,1,0.0
2022,AL,Nordeste,Acessar a via sem observar a presença dos outros veículos,Madrugada,1,1,0,1,1,1.0
2022,AL,Nordeste,Acessar a via sem observar a presença dos outros veículos,Manhã,14,6,3,6,17,0.428571
2022,AL,Nordeste,Acessar a via sem observar a presença dos outros veículos,Noite,14,6,1,6,17,0.428571
2022,AL,Nordeste,Acessar a via sem observar a presença dos outros veículos,Tarde,22,13,1,15,27,0.590909
2022,AL,Nordeste,Acesso irregular,Madrugada,1,1,0,1,2,1.0
2022,AL,Nordeste,Acesso irregular,Manhã,1,1,0,2,2,1.0
2022,AL,Nordeste,Acesso irregular,Noite,5,1,0,2,7,0.2
2022,AL,Nordeste,Acesso irregular,Tarde,3,1,0,1,3,0.333333
2022,AL,Nordeste,Acostamento em desnível,Madrugada,1,0,0,0,1,0.0
2022,AL,Nordeste,Acostamento em desnível,Manhã,1,0,0,0,0,0.0
2022,AL,Nordeste,Acostamento em desnível,Tarde,3,0,0,0,2,0.0
2022,AL,Nordeste,Acumulo de areia ou detritos sobre o pavimento,Madrugada,1,0,0,0,1,0.0
2022,AL,Nordeste,Acumulo de areia ou detritos sobre o pavimento,Manhã,2,0,0,0,2,0.0
2022,AL,Nordeste,Acumulo de areia ou detritos sobre o pavimento,Tarde,1,0,0,0,1,0.0
2022,AL,Nordeste,Acumulo de água sobre o pavimento,Manhã,8,1,0,1,5,0.125
2022,AL,Nordeste,Acumulo de água sobre o pavimento,Noite,3,2,0,2,2,0.666667
2022,AL,Nordeste,Acumulo de água sobre o pavimento,Tarde,3,0,0,0,4,0.0
2022,AL,Nordeste,Afundamento ou ondulação no pavimento,Manhã,1,1,0,1,2,1.0
2022,AL,Nordeste,Afundamento ou ondulação no pavimento,Noite,1,1,1,0,1,1.0
2022,AL,Nordeste,Animais na Pista,Madrugada,8,4,0,4,7,0.5
2022,AL,Nordeste,Animais na Pista,Manhã,2,0,0,0,2,0.0
2022,AL,Nordeste,Animais na Pista,Noite,17,7,1,8,18,0.411765
2022,AL,Nordeste,Animais na Pista,Tarde,2,0,0,0,3,0.0
2022,AL,Nordeste,Ausência de reação do condutor,Madrugada,7,0,0,0,4,0.0
2022,AL,Nordeste,Ausência de reação do condutor,Manhã,18,5,1,4,22,0.277778
2022,AL,Nordeste,Ausência de reação do condutor,Noite,10,7,2,5,15,0.7
2022,AL,Nordeste,Ausência de reação do condutor,Tarde,9,2,1,2,9,0.222222
2022,AL,Nordeste,Ausência de sinalização,Manhã,1,0,0,0,0,0.0
2022,AL,Nordeste,Ausência de sinalização,Noite,2,0,0,0,2,0.0
2022,AL,Nordeste,Ausência de sinalização,Tarde,2,0,0,0,2,0.0
2022,AL,Nordeste,Avarias e/ou desgaste excessivo no pneu,Manhã,1,1,0,1,1,1.0
2022,AL,Nordeste,Avarias e/ou desgaste excessivo no pneu,Noite,1,0,0,0,2,0.0
2022,AL,Nordeste,Avarias e/ou desgaste excessivo no pneu,Tarde,2,1,0,1,2,0.5
2022,AL,Nordeste,Carga excessiva e/ou mal acondicionada,Manhã,1,0,0,0,1,0.0
2022,AL,Nordeste,Carga excessiva e/ou mal acondicionada,Tarde,1,0,0,0,1,0.0
2022,AL,Nordeste,Chuva,Manhã,5,2,1,1,6,0.4
2022,AL,Nordeste,Chuva,Noite,8,3,0,3,9,0.375
2022,AL,Nordeste,Chuva,Tarde,5,1,0,1,4,0.2
2022,AL,Nordeste,Condutor Dormindo,Madrugada,13,4,0,7,16,0.307692
2022,AL,Nordeste,Condutor Dormindo,Manhã,8,3,1,5,11,0.375
2022,AL,Nordeste,Condutor Dormindo,Noite,6,1,1,0,3,0.166667
2022,AL,Nordeste,Condutor Dormindo,Tarde,2,1,0,1,2,0.5
2022,AL,Nordeste,Condutor deixou de manter distância do veículo da frente,Madrugada,2,0,0,0,2,0.0
2022,AL,Nordeste,Condutor deixou de manter distância do veículo da frente,Manhã,11,4,1,4,13,0.363636
2022,AL,Nordeste,Condutor deixou de manter distância do veículo da frente,Noite,5,3,1,2,5,0.6
2022,AL,Nordeste,Condutor deixou de manter distância do veículo da frente,Tarde,12,2,0,2,14,0.166667
2022,AL,Nordeste,Condutor usando celular,Manhã,1,0,0,0,1,0.0
2022,AL,Nordeste,Conversão proibida,Madrugada,1,1,0,2,2,1.0
2022,AL,Nordeste,Conversão proibida,Manhã,3,2,2,1,4,0.666667
2022,AL,Nordeste,Conversão proibida,Tarde,7,3,1,3,11,0.428571
2022,AL,Nordeste,Curva acentuada,Manhã,2,1,1,0,1,0.5
2022,AL,Nordeste,Curva acentuada,Tarde,4,1,0,1,6,0.25
2022,AL,Nordeste,Deficiência do Sistema de Iluminação/Sinalização,Madrugada,1,0,0,0,3,0.0
2022,AL,Nordeste,Deficiência do Sistema de Iluminação/Sinalização,Noite,2,0,0,0,4,0.0
2022,AL,Nordeste,Demais Fenômenos da natureza,Manhã,1,0,0,0,0,0.0
2022,AL,Nordeste,Demais Fenômenos da natureza,Tarde,1,0,0,0,1,0.0
2022,AL,Nordeste,Demais falhas mecânicas ou elétricas,Madrugada,7,0,0,0,0,0.0
2022,AL,Nordeste,Demais falhas mecânicas ou elétricas,Manhã,12,2,0,2,11,0.166667
2022,AL,Nordeste,Demais falhas mecânicas ou elétricas,Noite,4,0,0,0,1,0.0
2022,AL,Nordeste,Demais falhas mecânicas ou elétricas,Tarde,15,3,0,4,14,0.2
2022,AL,Nordeste,Demais falhas na via,Madrugada,1,0,0,0,1,0.0
2022,AL,Nordeste,Demais falhas na via,Manhã,3,1,2,0,3,0.333333
2022,AL,Nordeste,Demais falhas na via,Noite,3,1,0,1,5,0.333333
2022,AL,Nordeste,Desrespeitar a preferência no cruzamento,Madrugada,1,0,0,0,2,0.0
2022,AL,Nordeste,Desrespeitar a preferência no cruzamento,Manhã,5,3,0,5,8,0.6
2022,AL,Nordeste,Desrespeitar a preferência no cruzamento,Noite,1,1,0,1,1,1.0
2022,AL,Nordeste,Desrespeitar a preferência no cruzamento,Tarde,1,0,0,0,1,0.0
2022,AL,Nordeste,Desvio temporário,Manhã,1,0,0,0,0,0.0
2022,AL,Nordeste,Desvio temporário,Noite,1,1,0,1,1,1.0
2022,AL,Nordeste,Entrada inopinada do pedestre,Noite,2,2,1,1,3,1.0
2022,AL,Nordeste,Entrada inopinada do pedestre,Tarde,1,1,1,0,1,1.0
2022,AL,Nordeste,Estacionar ou parar em local proibido,Noite,1,0,0,0,0,0.0
2022,AL,Nordeste,Falta de elemento de contenção que evite a saída do leito carroçável,Noite,1,0,0,0,0,0.0
2022,AL,Nordeste,Frear bruscamente,Manhã,1,0,0,0,1,0.0
2022,AL,Nordeste,Frear bruscamente,Noite,1,1,0,3,5,1.0
2022,AL,Nordeste,Frear bruscamente,Tarde,2,0,0,0,6,0.0
2022,AL,Nordeste,Fumaça,Tarde,1,1,0,1,4,1.0
2022,AL,Nordeste,Iluminação deficiente,Noite,2,1,0,1,2,0.5
2022,AL,Nordeste,Ingestão de álcool e/ou substâncias psicoativas pelo pedestre,Madrugada,3,2,1,1,2,0.666667
2022,AL,Nordeste,Ingestão de álcool e/ou substâncias psicoativas pelo pedestre,Noite,1,0,0,0,2,0.0
2022,AL,Nordeste,Ingestão de álcool ou de substâncias psicoativas pelo pedestre,Noite,1,1,1,0,1,1.0
2022,AL,Nordeste,Ingestão de álcool ou de substâncias psicoativas pelo pedestre,Tarde,1,1,1,0,1,1.0
2022,AL,Nordeste,Ingestão de álcool pelo condutor,Madrugada,11,5,2,4,13,0.454545
2022,AL,Nordeste,Ingestão de álcool pelo condutor,Manhã,3,3,1,2,3,1.0
2022,AL,Nordeste,Ingestão de álcool pelo condutor,Noite,28,8,1,9,28,0.285714
2022,AL,Nordeste,Ingestão de álcool pelo condutor,Tarde,7,1,0,2,9,0.142857
2022,AL,Nordeste,Mal súbito do condutor,Manhã,2,1,0,1,2,0.5
2022,AL,Nordeste,Mal súbito do condutor,Noite,2,0,0,0,2,0.0
2022,AL,Nordeste,Mal súbito do condutor,Tarde,1,0,0,0,0,0.0
2022,AL,Nordeste,Manobra de mudança de faixa,Madrugada,2,1,0,1,1,0.5
2022,AL,Nordeste,Manobra de mudança de faixa,Manhã,5,1,0,1,2,0.2
2022,AL,Nordeste,Manobra de mudança de faixa,Noite,5,4,0,5,8,0.8
2022,AL,Nordeste,Manobra de mudança de faixa,Tarde,6,1,0,1,8,0.166667
2022,AL,Nordeste,Objeto estático sobre o leito carroçável,Noite,1,0,0,0,1,0.0
2022,AL,Nordeste,Objeto estático sobre o leito carroçável,Tarde,1,0,0,0,1,0.0
2022,AL,Nordeste,Obras na pista,Manhã,1,0,0,0,1,0.0
2022,AL,Nordeste,Obstrução na via,Madrugada,1,0,0,0,0,0.0
2022,AL,Nordeste,Obstrução na via,Manhã,1,0,0,0,2,0.0
2022,AL,Nordeste,Pedestre andava na pista,Noite,2,1,0,1,2,0.5
2022,AL,Nordeste,Pedestre cruzava a pista fora da faixa,Noite,1,1,0,2,3,1.0
2022,AL,Nordeste,Pedestre cruzava a pista fora da faixa,Tarde,3,2,0,2,4,0.666667
2022,AL,Nordeste,Pista Escorregadia,Manhã,2,0,0,0,2,0.0
2022,AL,Nordeste,Pista Escorregadia,Noite,3,1,1,0,2,0.333333
2022,AL,Nordeste,Pista Escorregadia,Tarde,2,0,0,0,1,0.0
2022,AL,Nordeste,Pista em desnível,Tarde,2,0,0,0,5,0.0
2022,AL,Nordeste,Pista esburacada,Madrugada,1,0,0,0,2,0.0
2022,AL,Nordeste,Pista esburacada,Manhã,2,1,0,1,5,0.5
2022,AL,Nordeste,Pista esburacada,Noite,1,1,0,1,1,1.0
2022,AL,Nordeste,Pista esburacada,Tarde,1,1,0,1,1,1.0
2022,AL,Nordeste,Problema com o freio,Madrugada,1,0,0,0,2,0.0
2022,AL,Nordeste,Problema com o freio,Manhã,1,1,0,1,2,1.0
2022,AL,Nordeste,Problema com o freio,Noite,2,0,0,0,3,0.0
2022,AL,Nordeste,Problema na suspensão,Tarde,1,0,0,0,0,0.0
2022,AL,Nordeste,Reação tardia ou ineficiente do condutor,Madrugada,15,5,2,4,18,0.333333
2022,AL,Nordeste,Reação tardia ou ineficiente do condutor,Manhã,11,3,0,3,10,0.272727
2022,AL,Nordeste,Reação tardia ou ineficiente do condutor,Noite,9,5,1,6,17,0.555556
2022,AL,Nordeste,Reação tardia ou ineficiente do condutor,Tarde,17,8,3,6,19,0.470588
2022,AL,Nordeste,Retorno proibido,Tarde,1,1,0,1,1,1.0
2022,AL,Nordeste,Transitar na calçada,Tarde,1,0,0,0,0,0.0
2022,AL,Nordeste,Transitar na contramão,Madrugada,4,2,1,3,8,0.5
2022,AL,Nordeste,Transitar na contramão,Noite,7,4,2,3,13,0.571429
2022,AL,Nordeste,Transitar na contramão,Tarde,3,2,1,1,3,0.666667
2022,AL,Nordeste,Transitar no acostamento,Madrugada,1,1,1,0,1,1.0
2022,AL,Nordeste,Transitar no acostamento,Noite,2,2,1,1,3,1.0
2022,AL,Nordeste,Transitar no acostamento,Tarde,3,0,0,0,2,0.0
2022,AL,Nordeste,Ultrapassagem Indevida,Madrugada,2,1,0,1,9,0.5
2022,AL,Nordeste,Ultrapassagem Indevida,Manhã,7,3,1,3,9,0.428571
2022,AL,Nordeste,Ultrapassagem Indevida,Noite,4,4,3,3,10,1.0
2022,AL,Nordeste,Ultrapassagem Indevida,Tarde,4,2,0,2,5,0.5
2022,AL,Nordeste,Velocidade Incompatível,Madrugada,7,3,2,4,20,0.428571
2022,AL,Nordeste,Velocidade Incompatível,Manhã,16,7,2,8,23,0.4375
2022,AL,Nordeste,Velocidade Incompatível,Noite,15,6,2,9,30,0.4
2022,AL,Nordeste,Velocidade Incompatível,Tarde,21,1,0,1,18,0.047619
2022,AM,Norte,Acessar a via sem observar a presença dos outros veículos,Noite,2,1,0,1,3,0.5
2022,AM,Norte,Acessar a via sem observar a presença dos outros veículos,Tarde,5,1,0,1,7,0.2
2022,AM,Norte,Acesso irregular,Tarde,2,0,0,0,1,0.0
2022,AM,Norte,Acumulo de água sobre o pavimento,Madrugada,1,1,0,1,2,1.0
2022,AM,Norte,Afundamento ou ondulação no pavimento,Tarde,2,1,3,0,5,0.5
2022,AM,Norte,Animais na Pista,Manhã,2,2,0,2,3,1.0
2022,AM,Norte,Animais na Pista,Noite,1,0,0,0,0,0.0
2022,AM,Norte,Ausência de reação do condutor,Madrugada,2,0,0,0,0,0.0
2022,AM,Norte,Ausência de reação do condutor,Manhã,3,1,2,0,3,0.333333
2022,AM,Norte,Ausência de reação do condutor,Tarde,7,1,0,1,3,0.142857
2022,AM,Norte,Avarias e/ou desgaste excessivo no pneu,Tarde,1,1,0,2,2,1.0
2022,AM,Norte,Condutor Dormindo,Madrugada,1,0,0,0,1,0.0
2022,AM,Norte,Condutor Dormindo,Manhã,2,1,1,0,3,0.5
2022,AM,Norte,Condutor Dormindo,Noite,2,0,0,0,0,0.0
2022,AM,Norte,Condutor deixou de manter distância do veículo da frente,Manhã,3,2,0,2,2,0.666667
2022,AM,Norte,Condutor deixou de manter distância do veículo da frente,Noite,1,0,0,0,1,0.0
2022,AM,Norte,Condutor deixou de manter distância do veículo da frente,Tarde,1,0,0,0,2,0.0
2022,AM,Norte,Curva acentuada,Noite,1,0,0,0,2,0.0
2022,AM,Norte,Deficiência do Sistema de Iluminação/Sinalização,Madrugada,1,0,0,0,3,0.0
2022,AM,Norte,Demais falhas mecânicas ou elétricas,Madrugada,1,0,0,0,0,0.0
2022,AM,Norte,Demais falhas mecânicas ou elétricas,Manhã,2,0,0,0,2,0.0
2022,AM,Norte,Demais falhas mecânicas ou elétricas,Tarde,5,0,0,0,5,0.0
2022,AM,Norte,Demais falhas na via,Manhã,3,1,5,1,24,0.333333
2022,AM,Norte,Demais falhas na via,Tarde,1,0,0,0,0,0.0
2022,AM,Norte,Falta de acostamento,Madrugada,1,1,1,0,1,1.0
2022,AM,Norte,Falta de elemento de contenção que evite a saída do leito carroçável,Tarde,1,1,1,0,1,1.0
2022,AM,Norte,Frear bruscamente,Manhã,1,0,0,0,2,0.0
2022,AM,Norte,Frear bruscamente,Tarde,1,0,0,0,2,0.0
2022,AM,Norte,Ingestão de álcool e/ou substâncias psicoativas pelo pedestre,Tarde,1,0,0,0,2,0.0
2022,AM,Norte,Ingestão de álcool pelo condutor,Madrugada,1,0,0,0,0,0.0
2022,AM,Norte,Ingestão de álcool pelo condutor,Manhã,1,0,0,0,0,0.0
2022,AM,Norte,Ingestão de álcool pelo condutor,Tarde,3,0,0,0,3,0.0
2022,AM,Norte,Mal súbito do condutor,Tarde,1,1,0,1,1,1.0
2022,AM,Norte,Manobra de mudança de faixa,Manhã,1,0,0,0,2,0.0
2022,AM,Norte,Manobra de mudança de faixa,Tarde,5,0,0,0,3,0.0
2022,AM,Norte,Obstrução na via,Madrugada,1,0,0,0,1,0.0
2022,AM,Norte,Pedestre andava na pista,Manhã,1,1,1,0,1,1.0
2022,AM,Norte,Pedestre andava na pista,Tarde,1,1,0,1,1,1.0
2022,AM,Norte,Pista Escorregadia,Noite,1,0,0,0,1,0.0
2022,AM,Norte,Pista Escorregadia,Tarde,1,0,0,0,2,0.0
2022,AM,Norte,Pista esburacada,Manhã,1,0,0,0,1,0.0
2022,AM,Norte,Pista esburacada,Noite,4,2,1,1,4,0.5
2022,AM,Norte,Pista esburacada,Tarde,2,1,0,1,2,0.5
2022,AM,Norte,Problema com o freio,Noite,2,0,0,0,0,0.0
2022,AM,Norte,Problema com o freio,Tarde,1,0,0,0,0,0.0
2022,AM,Norte,Reação tardia ou ineficiente do condutor,Madrugada,3,1,1,1,4,0.333333
2022,AM,Norte,Reação tardia ou ineficiente do condutor,Manhã,6,1,1,0,10,0.166667
2022,AM,Norte,Reação tardia ou ineficiente do condutor,Noite,4,2,1,1,4,0.5
2022,AM,Norte,Reação tardia ou ineficiente do condutor,Tarde,4,3,0,4,7,0.75
2022,AM,Norte,Transitar na contramão,Tarde,1,1,1,2,4,1.0
2022,AM,Norte,Ultrapassagem Indevida,Manhã,2,1,0,2,3,0.5
2022,AM,Norte,Ultrapassagem Indevida,Noite,2,1,0,3,5,0.5
2022,AM,Norte,Ultrapassagem Indevida,Tarde,3,0,0,0,6,0.0
2022,AM,Norte,Velocidade Incompatível,Manhã,1,0,0,0,0,0.0
2022,AM,Norte,Velocidade Incompatível,Noite,1,1,0,1,1,1.0
2022,AM,Norte,Velocidade Incompatível,Tarde,3,1,0,1,4,0.333333
2022,AP,Norte,Acessar a via sem observar a presença dos outros veículos,Manhã,10,2,0,2,10,0.2
2022,AP,Norte,Acessar a via sem observar a presença dos outros veículos,Noite,8,2,0,2,16,0.25
2022,AP,Norte,Acessar a via sem observar a presença dos outros veículos,Tarde,8,4,0,4,10,0.5
2022,AP,Norte,Acesso irregular,Tarde,1,0,0,0,1,0.0
2022,AP,Norte,Acumulo de água sobre o pavimento,Madrugada,1,1,1,0,1,1.0
2022,AP,Norte,Acumulo de água sobre o pavimento,Manhã,2,0,0,0,3,0.0
2022,AP,Norte,Acumulo de água sobre o pavimento,Tarde,2,1,1,0,3,0.5
2022,AP,Norte,Ausência de reação do condutor,Manhã,6,1,0,1,4,0.166667
2022,AP,Norte,Ausência de reação do condutor,Noite,3,0,0,0,1,0.0
2022,AP,Norte,Ausência de reação do condutor,Tarde,2,1,0,1,1,0.5
2022,AP,Norte,Ausência de sinalização,Manhã,1,0,0,0,0,0.0
2022,AP,Norte,Avarias e/ou desgaste excessivo no pneu,Manhã,1,0,0,0,0,0.0
2022,AP,Norte,Avarias e/ou desgaste excessivo no pneu,Tarde,1,1,0,2,2,1.0
2022,AP,Norte,Carga excessiva e/ou mal acondicionada,Madrugada,1,0,0,0,2,0.0
2022,AP,Norte,Carga excessiva e/ou mal acondicionada,Manhã,1,0,0,0,0,0.0
2022,AP,Norte,Chuva,Manhã,1,0,0,0,0,0.0
2022,AP,Norte,Chuva,Tarde,1,0,0,0,4,0.0
2022,AP,Norte,Condutor Dormindo,Madrugada,2,1,0,1,1,0.5
2022,AP,Norte,Condutor Dormindo,Manhã,2,0,0,0,3,0.0
2022,AP,Norte,Condutor Dormindo,Tarde,1,0,0,0,1,0.0
2022,AP,Norte,Condutor deixou de manter distância do veículo da frente,Manhã,3,0,0,0,3,0.0
2022,AP,Norte,Condutor deixou de manter distância do veículo da frente,Noite,8,0,0,0,8,0.0
2022,AP,Norte,Condutor deixou de manter distância do veículo da frente,Tarde,1,0,0,0,1,0.0
2022,AP,Norte,Conversão proibida,Noite,3,1,0,1,4,0.333333
2022,AP,Norte,Conversão proibida,Tarde,2,1,0,1,3,0.5
2022,AP,Norte,Curva acentuada,Madrugada,1,1,1,0,1,1.0
2022,AP,Norte,Deficiência do Sistema de Iluminação/Sinalização,Manhã,1,0,0,0,1,0.0
2022,AP,Norte,Demais falhas mecânicas ou elétricas,Madrugada,1,0,0,0,1,0.0
2022,AP,Norte,Demais falhas mecânicas ou elétricas,Manhã,1,1,0,1,1,1.0
2022,AP,Norte,Demais falhas mecânicas ou elétricas,Tarde,4,1,0,1,2,0.25
2022,AP,Norte,Demais falhas na via,Tarde,1,1,1,1,2,1.0
2022,AP,Norte,Desrespeitar a preferência no cruzamento,Noite,1,1,0,1,1,1.0
2022,AP,Norte,Desrespeitar a preferência no cruzamento,Tarde,1,1,0,1,1,1.0
2022,AP,Norte,Entrada inopinada do pedestre,Manhã,1,1,0,1,1,1.0
2022,AP,Norte,Entrada inopinada do pedestre,Noite,3,2,1,1,4,0.666667
2022,AP,Norte,Entrada inopinada do pedestre,Tarde,1,0,0,0,2,0.0
2022,AP,Norte,Estacionar ou parar em local proibido,Madrugada,2,1,2,3,6,0.5
2022,AP,Norte,Frear bruscamente,Noite,1,0,0,0,0,0.0
2022,AP,Norte,Iluminação deficiente,Noite,3,1,0,1,2,0.333333
2022,AP,Norte,Ingestão de álcool pelo condutor,Madrugada,5,2,0,2,5,0.4
2022,AP,Norte,Ingestão de álcool pelo condutor,Manhã,3,1,0,1,2,0.333333
2022,AP,Norte,Ingestão de álcool pelo condutor,Noite,4,0,0,0,2,0.0
2022,AP,Norte,Ingestão de álcool pelo condutor,Tarde,3,2,0,2,5,0.666667
2022,AP,Norte,Mal súbito do condutor,Manhã,1,0,0,0,1,0.0
2022,AP,Norte,Manobra de mudança de faixa,Manhã,3,0,0,0,5,0.0
2022,AP,Norte,Manobra de mudança de faixa,Noite,2,1,1,4,7,0.5
2022,AP,Norte,Objeto estático sobre o leito carroçável,Manhã,1,0,0,0,1,0.0
2022,AP,Norte,Pedestre cruzava a pista fora da faixa,Manhã,1,0,0,0,1,0.0
2022,AP,Norte,Pedestre cruzava a pista fora da faixa,Tarde,1,0,0,0,1,0.0
2022,AP,Norte,Pista Escorregadia,Tarde,4,1,0,4,5,0.25
2022,AP,Norte,Pista esburacada,Noite,1,1,0,1,1,1.0
2022,AP,Norte,Pista esburacada,Tarde,1,1,0,1,2,1.0
2022,AP,Norte,Problema com o freio,Tarde,1,1,1,1,2,1.0
2022,AP,Norte,Problema na suspensão,Tarde,1,1,0,1,1,1.0
2022,AP,Norte,Reação tardia ou ineficiente do condutor,Madrugada,4,1,1,0,2,0.25
2022,AP,Norte,Reação tardia ou ineficiente do condutor,Manhã,4,0,0,0,6,0.0
2022,AP,Norte,Reação tardia ou ineficiente do condutor,Noite,6,2,2,1,14,0.333333
2022,AP,Norte,Restrição de visibilidade em curvas horizontais,Noite,1,0,0,0,0,0.0
2022,AP,Norte,Retorno proibido,Tarde,1,0,0,0,1,0.0
2022,AP,Norte,Transitar na contramão,Madrugada,1,0,0,0,0,0.0
2022,AP,Norte,Transitar na contramão,Manhã,4,2,1,2,10,0.5
2022,AP,Norte,Transitar na contramão,Noite,4,2,1,1,5,0.5
2022,AP,Norte,Transitar na contramão,Tarde,4,3,0,5,11,0.75
2022,AP,Norte,Transitar no acostamento,Tarde,1,1,1,0,1,1.0
2022,AP,Norte,Ultrapassagem Indevida,Manhã,1,1,0,2,2,1.0
2022,AP,Norte,Ultrapassagem Indevida,Noite,3,2,2,2,9,0.666667
2022,AP,Norte,Ultrapassagem Indevida,Tarde,2,0,0,0,1,0.0
2022,AP,Norte,Velocidade Incompatível,Madrugada,2,1,0,1,1,0.5
2022,AP,Norte,Velocidade Incompatível,Manhã,7,4,0,6,10,0.571429
2022,AP,Norte,Velocidade Incompatível,Noite,1,0,0,0,1,0.0
2022,AP,Norte,Velocidade Incompatível,Tarde,8,6,3,6,18,0.75
2022,BA,Nordeste,Acessar a via sem observar a presença dos outros veículos,Madrugada,8,4,2,2,6,0.5
2022,BA,Nordeste,Acessar a via sem observar a presença dos outros veículos,Manhã,101,42,8,40,124,0.415842
2022,BA,Nordeste,Acessar a via sem observar a presença dos outros veículos,Noite,95,37,8,32,118,0.389474
2022,BA,Nordeste,Acessar a via sem observar a presença dos outros veículos,Tarde,108,40,11,41,153,0.37037
2022,BA,Nordeste,Acesso irregular,Madrugada,2,2,2,0,2,1.0
2022,BA,Nordeste,Acesso irregular,Manhã,13,3,1,2,14,0.230769
2022,BA,Nordeste,Acesso irregular,Noite,10,3,0,3,10,0.3
2022,BA,Nordeste,Acesso irregular,Tarde,9,4,1,4,11,0.444444
2022,BA,Nordeste,Acostamento em desnível,Madrugada,2,0,0,0,3,0.0
2022,BA,Nordeste,Acostamento em desnível,Manhã,4,1,0,2,6,0.25
2022,BA,Nordeste,Acostamento em desnível,Noite,4,0,0,0,4,0.0
2022,BA,Nordeste,Acostamento em desnível,Tarde,8,0,0,0,8,0.0
2022,BA,Nordeste,Acumulo de areia ou detritos sobre o pavimento,Manhã,3,1,0,1,3,0.333333
2022,BA,Nordeste,Acumulo de areia ou detritos sobre o pavimento,Noite,2,0,0,0,2,0.0
2022,BA,Nordeste,Acumulo de areia ou detritos sobre o pavimento,Tarde,5,1,0,1,4,0.2
2022,BA,Nordeste,Acumulo de água sobre o pavimento,Madrugada,2,0,0,0,2,0.0
2022,BA,Nordeste,Acumulo de água sobre o pavimento,Manhã,6,1,0,1,7,0.166667
2022,BA,Nordeste,Acumulo de água sobre o pavimento,Noite,6,4,2,3,8,0.666667
2022,BA,Nordeste,Acumulo de água sobre o pavimento,Tarde,9,2,0,2,8,0.222222
2022,BA,Nordeste,Acumulo de óleo sobre o pavimento,Madrugada,1,0,0,0,4,0.0
2022,BA,Nordeste,Acumulo de óleo sobre o pavimento,Manhã,2,0,0,0,1,0.0
2022,BA,Nordeste,Acumulo de óleo sobre o pavimento,Tarde,2,1,0,1,4,0.5
2022,BA,Nordeste,Afundamento ou ondulação no pavimento,Manhã,3,1,0,1,4,0.333333
2022,BA,Nordeste,Afundamento ou ondulação no pavimento,Noite,3,0,0,0,8,0.0
2022,BA,Nordeste,Afundamento ou ondulação no pavimento,Tarde,5,3,0,3,13,0.6
2022,BA,Nordeste,Animais na Pista,Madrugada,28,8,4,7,30,0.285714
2022,BA,Nordeste,Animais na Pista,Manhã,11,3,0,3,11,0.272727
2022,BA,Nordeste,Animais na Pista,Noite,42,19,9,15,57,0.452381
2022,BA,Nordeste,Animais na Pista,Tarde,10,2,0,2,14,0.2
2022,BA,Nordeste,Ausência de reação do condutor,Madrugada,41,16,5,12,49,0.390244
2022,BA,Nordeste,Ausência de reação do condutor,Manhã,84,21,9,14,111,0.25
2022,BA,Nordeste,Ausência de reação do condutor,Noite,80,37,13,33,119,0.4625
2022,BA,Nordeste,Ausência de reação do condutor,Tarde,79,22,5,21,108,0.278481
2022,BA,Nordeste,Ausência de sinalização,Madrugada,2,0,0,0,1,0.0
2022,BA,Nordeste,Ausência de sinalização,Manhã,4,2,4,0,7,0.5
2022,BA,Nordeste,Ausência de sinalização,Noite,6,5,3,2,8,0.833333
2022,BA,Nordeste,Avarias e/ou desgaste excessivo no pneu,Madrugada,2,0,0,0,2,0.0
2022,BA,Nordeste,Avarias e/ou desgaste excessivo no pneu,Manhã,22,4,1,3,40,0.181818
2022,BA,Nordeste,Avarias e/ou desgaste excessivo no pneu,Noite,5,1,0,1,10,0.2
2022,BA,Nordeste,Avarias e/ou desgaste excessivo no pneu,Tarde,22,5,1,6,43,0.227273
2022,BA,Nordeste,Carga excessiva e/ou mal acondicionada,Madrugada,6,1,0,1,5,0.166667
2022,BA,Nordeste,Carga excessiva e/ou mal acondicionada,Manhã,7,3,1,3,7,0.428571
2022,BA,Nordeste,Carga excessiva e/ou mal acondicionada,Noite,4,2,1,1,5,0.5
2022,BA,Nordeste,Carga excessiva e/ou mal acondicionada,Tarde,10,3,2,1,10,0.3
2022,BA,Nordeste,Chuva,Madrugada,7,1,1,0,6,0.142857
2022,BA,Nordeste,Chuva,Manhã,19,4,1,4,22,0.210526
2022,BA,Nordeste,Chuva,Noite,19,7,4,5,25,0.368421
2022,BA,Nordeste,Chuva,Tarde,10,2,3,2,18,0.2
2022,BA,Nordeste,Condutor Dormindo,Madrugada,47,20,13,18,65,0.425532
2022,BA,Nordeste,Condutor Dormindo,Manhã,24,7,9,7,46,0.291667
2022,BA,Nordeste,Condutor Dormindo,Noite,27,13,5,12,39,0.481481
2022,BA,Nordeste,Condutor Dormindo,Tarde,27,7,1,7,32,0.259259
2022,BA,Nordeste,Condutor deixou de manter distância do veículo da frente,Madrugada,17,10,4,8,19,0.588235
2022,BA,Nordeste,Condutor deixou de manter distância do veículo da frente,Manhã,85,10,0,11,88,0.117647
2022,BA,Nordeste,Condutor deixou de manter distância do veículo da frente,Noite,45,10,2,8,44,0.222222
2022,BA,Nordeste,Condutor deixou de manter distância do veículo da frente,Tarde,91,16,6,14,109,0.175824
2022,BA,Nordeste,Condutor desrespeitou a iluminação vermelha do semáforo,Manhã,2,2,0,2,3,1.0
2022,BA,Nordeste,Condutor desrespeitou a iluminação vermelha do semáforo,Tarde,1,0,0,0,1,0.0
2022,BA,Nordeste,Condutor usando celular,Madrugada,1,1,1,0,5,1.0
2022,BA,Nordeste,Condutor usando celular,Manhã,1,0,0,0,1,0.0
2022,BA,Nordeste,Condutor usando celular,Noite,1,0,0,0,1,0.0
2022,BA,Nordeste,Condutor usando celular,Tarde,2,0,0,0,2,0.0
2022,BA,Nordeste,Conversão proibida,Madrugada,2,1,0,1,2,0.5
2022,BA,Nordeste,Conversão proibida,Manhã,15,5,1,4,22,0.333333
2022,BA,Nordeste,Conversão proibida,Noite,29,16,4,20,50,0.551724
2022,BA,Nordeste,Conversão proibida,Tarde,24,6,0,6,26,0.25
2022,BA,Nordeste,Curva acentuada,Madrugada,6,1,0,2,6,0.166667
2022,BA,Nordeste,Curva acentuada,Manhã,13,2,1,1,13,0.153846
2022,BA,Nordeste,Curva acentuada,Noite,6,1,1,0,6,0.166667
2022,BA,Nordeste,Curva acentuada,Tarde,16,7,1,10,21,0.4375
2022,BA,Nordeste,Declive acentuado,Noite,1,0,0,0,1,0.0
2022,BA,Nordeste,Deficiência do Sistema de Iluminação/Sinalização,Madrugada,1,0,0,0,0,0.0
2022,BA,Nordeste,Deficiência do Sistema de Iluminação/Sinalização,Manhã,1,0,0,0,0,0.0
2022,BA,Nordeste,Deficiência do Sistema de Iluminação/Sinalização,Noite,16,8,9,8,31,0.5
2022,BA,Nordeste,Deficiência do Sistema de Iluminação/Sinalização,Tarde,1,0,0,0,2,0.0
2022,BA,Nordeste,Deixar de acionar o farol da motocicleta (ou similar),Noite,3,1,0,1,3,0.333333
2022,BA,Nordeste,Demais Fenômenos da natureza,Manhã,1,0,0,0,0,0.0
2022,BA,Nordeste,Demais Fenômenos da natureza,Tarde,1,0,0,0,1,0.0
2022,BA,Nordeste,Demais falhas mecânicas ou elétricas,Madrugada,27,0,0,0,9,0.0
2022,BA,Nordeste,Demais falhas mecânicas ou elétricas,Manhã,50,6,2,4,38,0.12
2022,BA,Nordeste,Demais falhas mecânicas ou elétricas,Noite,48,1,0,1,15,0.020833
2022,BA,Nordeste,Demais falhas mecânicas ou elétricas,Tarde,47,4,0,4,35,0.085106
2022,BA,Nordeste,Demais falhas na via,Manhã,7,2,0,2,5,0.285714
2022,BA,Nordeste,Demais falhas na via,Noite,6,2,2,1,7,0.333333
2022,BA,Nordeste,Demais falhas na via,Tarde,5,1,0,1,5,0.2
2022,BA,Nordeste,Desrespeitar a preferência no cruzamento,Madrugada,3,1,0,1,3,0.333333
2022,BA,Nordeste,Desrespeitar a preferência no cruzamento,Manhã,17,4,1,3,19,0.235294
2022,BA,Nordeste,Desrespeitar a preferência no cruzamento,Noite,11,2,0,2,14,0.181818
2022,BA,Nordeste,Desrespeitar a preferência no cruzamento,Tarde,31,8,2,7,28,0.258065
2022,BA,Nordeste,Desvio temporário,Madrugada,1,0,0,0,1,0.0
2022,BA,Nordeste,Desvio temporário,Noite,1,0,0,0,1,0.0
2022,BA,Nordeste,Desvio temporário,Tarde,1,0,0,0,1,0.0
2022,BA,Nordeste,Entrada inopinada do pedestre,Madrugada,1,1,1,0,1,1.0
2022,BA,Nordeste,Entrada inopinada do pedestre,Manhã,11,5,2,3,11,0.454545
2022,BA,Nordeste,Entrada inopinada do pedestre,Noite,20,17,12,5,21,0.85
2022,BA,Nordeste,Entrada inopinada do pedestre,Tarde,10,6,3,3,10,0.6
2022,BA,Nordeste,Estacionar ou parar em local proibido,Madrugada,2,2,2,1,3,1.0
2022,BA,Nordeste,Estacionar ou parar em local proibido,Manhã,2,1,0,1,2,0.5
2022,BA,Nordeste,Estacionar ou parar em local proibido,Noite,2,1,0,1,2,0.5
2022,BA,Nordeste,Estacionar ou parar em local proibido,Tarde,2,0,0,0,5,0.0
2022,BA,Nordeste,Falta de acostamento,Madrugada,1,0,0,0,0,0.0
2022,BA,Nordeste,Falta de acostamento,Manhã,3,0,0,0,3,0.0
2022,BA,Nordeste,Falta de acostamento,Noite,1,1,0,1,1,1.0
2022,BA,Nordeste,Falta de acostamento,Tarde,3,2,1,3,5,0.666667
2022,BA,Nordeste,Falta de elemento de contenção que evite a saída do leito carroçável,Madrugada,1,0,0,0,1,0.0
2022,BA,Nordeste,Falta de elemento de contenção que evite a saída do leito carroçável,Manhã,5,1,0,1,4,0.2
2022,BA,Nordeste,Falta de elemento de contenção que evite a saída do leito carroçável,Noite,1,1,1,0,3,1.0
2022,BA,Nordeste,Falta de elemento de contenção que evite a saída do leito carroçável,Tarde,1,1,1,0,2,1.0
2022,BA,Nordeste,Faróis desregulados,Noite,1,0,0,0,1,0.0
2022,BA,Nordeste,Frear bruscamente,Madrugada,3,1,0,1,1,0.333333
2022,BA,Nordeste,Frear bruscamente,Manhã,9,0,0,0,7,0.0
2022,BA,Nordeste,Frear bruscamente,Noite,5,0,0,0,9,0.0
2022,BA,Nordeste,Frear bruscamente,Tarde,7,1,0,1,8,0.142857
2022,BA,Nordeste,Fumaça,Manhã,2,1,2,0,3,0.5
2022,BA,Nordeste,Fumaça,Tarde,1,0,0,0,0,0.0
2022,BA,Nordeste,Iluminação deficiente,Noite,6,4,2,4,11,0.666667
2022,BA,Nordeste,Ingestão de substâncias psicoativas pelo condutor,Madrugada,4,0,0,0,4,0.0
2022,BA,Nordeste,Ingestão de substâncias psicoativas pelo condutor,Noite,1,0,0,0,0,0.0
2022,BA,Nordeste,Ingestão de substâncias psicoativas pelo condutor,Tarde,2,0,0,0,3,0.0
2022,BA,Nordeste,Ingestão de álcool e/ou substâncias psicoativas pelo pedestre,Madrugada,5,3,1,2,4,0.6
2022,BA,Nordeste,Ingestão de álcool e/ou substâncias psicoativas pelo pedestre,Manhã,2,0,0,0,3,0.0
2022,BA,Nordeste,Ingestão de álcool e/ou substâncias psicoativas pelo pedestre,Noite,7,2,0,3,7,0.285714
2022,BA,Nordeste,Ingestão de álcool e/ou substâncias psicoativas pelo pedestre,Tarde,1,1,0,1,1,1.0
2022,BA,Nordeste,Ingestão de álcool ou de substâncias psicoativas pelo pedestre,Madrugada,2,1,1,0,2,0.5
2022,BA,Nordeste,Ingestão de álcool ou de substâncias psicoativas pelo pedestre,Noite,5,3,2,1,6,0.6
2022,BA,Nordeste,Ingestão de álcool pelo condutor,Madrugada,45,19,7,14,42,0.422222
2022,BA,Nordeste,Ingestão de álcool pelo condutor,Manhã,15,7,0,7,16,0.466667
2022,BA,Nordeste,Ingestão de álcool pelo condutor,Noite,97,36,13,29,117,0.371134
2022,BA,Nordeste,Ingestão de álcool pelo condutor,Tarde,31,8,3,6,32,0.258065
2022,BA,Nordeste,Mal súbito do condutor,Manhã,10,3,0,3,12,0.3
2022,BA,Nordeste,Mal súbito do condutor,Noite,3,1,0,1,3,0.333333
2022,BA,Nordeste,Mal súbito do condutor,Tarde,10,3,1,2,9,0.3
2022,BA,Nordeste,Manobra de mudança de faixa,Madrugada,16,8,2,11,30,0.5
2022,BA,Nordeste,Manobra de mudança de faixa,Manhã,49,10,3,11,80,0.204082
2022,BA,Nordeste,Manobra de mudança de faixa,Noite,34,15,10,15,52,0.441176
2022,BA,Nordeste,Manobra de mudança de faixa,Tarde,46,16,8,19,76,0.347826
2022,BA,Nordeste,Modificação proibida,Tarde,1,0,0,0,0,0.0
2022,BA,Nordeste,Neblina,Madrugada,6,4,2,2,5,0.666667
2022,BA,Nordeste,Neblina,Manhã,5,3,0,5,12,0.6
2022,BA,Nordeste,Objeto estático sobre o leito carroçável,Madrugada,2,2,1,2,5,1.0
2022,BA,Nordeste,Objeto estático sobre o leito carroçável,Manhã,1,0,0,0,1,0.0
2022,BA,Nordeste,Objeto estático sobre o leito carroçável,Noite,5,2,1,1,5,0.4
2022,BA,Nordeste,Objeto estático sobre o leito carroçável,Tarde,8,4,1,4,10,0.5
2022,BA,Nordeste,Obras na pista,Madrugada,1,1,0,1,1,1.0
2022,BA,Nordeste,Obras na pista,Manhã,4,0,0,0,4,0.0
2022,BA,Nordeste,Obras na pista,Tarde,1,1,0,1,1,1.0
2022,BA,Nordeste,Obstrução na via,Madrugada,3,0,0,0,2,0.0
2022,BA,Nordeste,Obstrução na via,Tarde,2,0,0,0,1,0.0
2022,BA,Nordeste,Pedestre andava na pista,Madrugada,7,6,6,0,7,0.857143
2022,BA,Nordeste,Pedestre andava na pista,Manhã,6,4,3,1,7,0.666667
2022,BA,Nordeste,Pedestre andava na pista,Noite,27,23,12,14,33,0.851852
2022,BA,Nordeste,Pedestre andava na pista,Tarde,5,4,1,3,6,0.8
2022,BA,Nordeste,Pedestre cruzava a pista fora da faixa,Madrugada,2,1,0,1,2,0.5
2022,BA,Nordeste,Pedestre cruzava a pista fora da faixa,Manhã,4,4,1,3,4,1.0
2022,BA,Nordeste,Pedestre cruzava a pista fora da faixa,Noite,8,5,1,4,9,0.625
2022,BA,Nordeste,Pedestre cruzava a pista fora da faixa,Tarde,5,2,0,2,7,0.4
2022,BA,Nordeste,Pista Escorregadia,Madrugada,2,0,0,0,1,0.0
2022,BA,Nordeste,Pista Escorregadia,Manhã,9,0,0,0,10,0.0
2022,BA,Nordeste,Pista Escorregadia,Noite,5,0,0,0,8,0.0
2022,BA,Nordeste,Pista Escorregadia,Tarde,15,6,1,7,19,0.4
2022,BA,Nordeste,Pista em desnível,Manhã,2,0,0,0,3,0.0
2022,BA,Nordeste,Pista em desnível,Noite,1,1,0,1,1,1.0
2022,BA,Nordeste,Pista em desnível,Tarde,1,0,0,0,0,0.0
2022,BA,Nordeste,Pista esburacada,Madrugada,3,2,0,2,4,0.666667
2022,BA,Nordeste,Pista esburacada,Manhã,5,1,0,1,7,0.2
2022,BA,Nordeste,Pista esburacada,Noite,11,6,0,7,21,0.545455
2022,BA,Nordeste,Pista esburacada,Tarde,8,1,0,2,11,0.125
2022,BA,Nordeste,Problema com o freio,Madrugada,2,1,0,1,6,0.5
2022,BA,Nordeste,Problema com o freio,Manhã,8,3,1,3,15,0.375
2022,BA,Nordeste,Problema com o freio,Noite,4,1,1,0,5,0.25
2022,BA,Nordeste,Problema com o freio,Tarde,10,1,0,2,7,0.1
2022,BA,Nordeste,Problema na suspensão,Madrugada,2,0,0,0,3,0.0
2022,BA,Nordeste,Problema na suspensão,Manhã,2,0,0,0,4,0.0
2022,BA,Nordeste,Reação tardia ou ineficiente do condutor,Madrugada,49,17,10,13,61,0.346939
2022,BA,Nordeste,Reação tardia ou ineficiente do condutor,Manhã,102,24,6,20,120,0.235294
2022,BA,Nordeste,Reação tardia ou ineficiente do condutor,Noite,85,26,8,22,100,0.305882
2022,BA,Nordeste,Reação tardia ou ineficiente do condutor,Tarde,123,45,12,48,188,0.365854
2022,BA,Nordeste,Restrição de visibilidade em curvas horizontais,Madrugada,1,0,0,0,1,0.0
2022,BA,Nordeste,Restrição de visibilidade em curvas horizontais,Noite,1,1,0,1,3,1.0
2022,BA,Nordeste,Restrição de visibilidade em curvas verticais,Manhã,1,0,0,0,1,0.0
2022,BA,Nordeste,Restrição de visibilidade em curvas verticais,Noite,1,0,0,0,2,0.0
2022,BA,Nordeste,Restrição de visibilidade em curvas verticais,Tarde,1,1,1,2,3,1.0
2022,BA,Nordeste,Retorno proibido,Madrugada,1,0,0,0,1,0.0
2022,BA,Nordeste,Retorno proibido,Manhã,4,1,2,0,6,0.25
2022,BA,Nordeste,Retorno proibido,Noite,4,3,0,4,5,0.75
2022,BA,Nordeste,Retorno proibido,Tarde,6,5,3,4,8,0.833333
2022,BA,Nordeste,Sinalização mal posicionada,Tarde,1,0,0,0,1,0.0
2022,BA,Nordeste,Trafegar com motocicleta (ou similar) entre as faixas,Manhã,6,2,1,2,7,0.333333
2022,BA,Nordeste,Trafegar com motocicleta (ou similar) entre as faixas,Noite,5,2,0,2,5,0.4
2022,BA,Nordeste,Trafegar com motocicleta (ou similar) entre as faixas,Tarde,4,1,0,1,5,0.25
2022,BA,Nordeste,Transitar na contramão,Madrugada,32,19,17,12,45,0.59375
2022,BA,Nordeste,Transitar na contramão,Manhã,30,17,14,10,51,0.566667
2022,BA,Nordeste,Transitar na contramão,Noite,70,48,36,31,117,0.685714
2022,BA,Nordeste,Transitar na contramão,Tarde,39,22,16,19,71,0.564103
2022,BA,Nordeste,Transitar no acostamento,Manhã,5,3,3,0,5,0.6
2022,BA,Nordeste,Transitar no acostamento,Noite,9,5,1,5,13,0.555556
2022,BA,Nordeste,Transitar no acostamento,Tarde,12,6,1,7,13,0.5
2022,BA,Nordeste,Ultrapassagem Indevida,Madrugada,7,2,1,2,13,0.285714
2022,BA,Nordeste,Ultrapassagem Indevida,Manhã,60,26,8,30,89,0.433333
2022,BA,Nordeste,Ultrapassagem Indevida,Noite,61,30,28,35,134,0.491803
2022,BA,Nordeste,Ultrapassagem Indevida,Tarde,58,32,22,35,127,0.551724
2022,BA,Nordeste,Velocidade Incompatível,Madrugada,40,14,7,47,104,0.35
2022,BA,Nordeste,Velocidade Incompatível,Manhã,85,34,18,35,126,0.4
2022,BA,Nordeste,Velocidade Incompatível,Noite,67,31,15,25,95,0.462687
2022,BA,Nordeste,Velocidade Incompatível,Tarde,104,35,22,32,176,0.336538
2022,BA,Nordeste,Área urbana sem a presença de local apropriado para a travessia de pedestres,Noite,2,1,0,1,2,0.5
2022,CE,Nordeste,Acessar a via sem observar a presença dos outros veículos,Madrugada,8,5,4,4,14,0.625
2022,CE,Nordeste,Acessar a via sem observar a presença dos outros veículos,Manhã,62,20,4,19,88,0.322581
2022,CE,Nordeste,Acessar a via sem observar a presença dos outros veículos,Noite,41,23,7,18,47,0.560976
2022,CE,Nordeste,Acessar a via sem observar a presença dos outros veículos,Tarde,54,21,4,19,62,0.388889
2022,CE,Nordeste,Acesso irregular,Madrugada,1,1,1,0,1,1.0
2022,CE,Nordeste,Acesso irregular,Manhã,4,0,0,0,3,0.0
2022,CE,Nordeste,Acesso irregular,Noite,6,2,2,0,10,0.333333
2022,CE,Nordeste,Acesso irregular,Tarde,3,1,0,1,3,0.333333
2022,CE,Nordeste,Acostamento em desnível,Manhã,1,0,0,0,1,0.0
2022,CE,Nordeste,Acostamento em desnível,Tarde,2,0,0,0,3,0.0
2022,CE,Nordeste,Acumulo de areia ou detritos sobre o pavimento,Madrugada,2,2,0,2,3,1.0
2022,CE,Nordeste,Acumulo de areia ou detritos sobre o pavimento,Manhã,3,0,0,0,3,0.0
2022,CE,Nordeste,Acumulo de areia ou detritos sobre o pavimento,Noite,1,0,0,0,2,0.0
2022,CE,Nordeste,Acumulo de água sobre o pavimento,Madrugada,1,0,0,0,1,0.0
2022,CE,Nordeste,Acumulo de água sobre o pavimento,Manhã,3,0,0,0,2,0.0
2022,CE,Nordeste,Acumulo de água sobre o pavimento,Noite,1,0,0,0,2,0.0
2022,CE,Nordeste,Acumulo de água sobre o pavimento,Tarde,3,1,0,1,4,0.333333
2022,CE,Nordeste,Afundamento ou ondulação no pavimento,Madrugada,2,1,0,1,1,0.5
2022,CE,Nordeste,Afundamento ou ondulação no pavimento,Manhã,2,0,0,0,1,0.0
2022,CE,Nordeste,Afundamento ou ondulação no pavimento,Noite,5,2,0,2,5,0.4
2022,CE,Nordeste,Afundamento ou ondulação no pavimento,Tarde,1,0,0,0,2,0.0
2022,CE,Nordeste,Animais na Pista,Madrugada,8,2,2,0,6,0.25
2022,CE,Nordeste,Animais na Pista,Manhã,2,2,0,2,4,1.0
2022,CE,Nordeste,Animais na Pista,Noite,22,7,0,8,25,0.318182
2022,CE,Nordeste,Animais na Pista,Tarde,2,0,0,0,2,0.0
2022,CE,Nordeste,Ausência de reação do condutor,Madrugada,20,8,4,4,18,0.4
2022,CE,Nordeste,Ausência de reação do condutor,Manhã,48,12,0,13,69,0.25
2022,CE,Nordeste,Ausência de reação do condutor,Noite,26,10,2,10,29,0.384615
2022,CE,Nordeste,Ausência de reação do condutor,Tarde,33,11,5,7,43,0.333333
2022,CE,Nordeste,Ausência de sinalização,Madrugada,2,1,1,0,3,0.5
2022,CE,Nordeste,Ausência de sinalização,Noite,2,0,0,0,2,0.0
2022,CE,Nordeste,Ausência de sinalização,Tarde,1,0,0,0,1,0.0
2022,CE,Nordeste,Avarias e/ou desgaste excessivo no pneu,Madrugada,3,1,0,1,4,0.333333
2022,CE,Nordeste,Avarias e/ou desgaste excessivo no pneu,Manhã,10,0,0,0,14,0.0
2022,CE,Nordeste,Avarias e/ou desgaste excessivo no pneu,Noite,4,0,0,0,6,0.0
2022,CE,Nordeste,Avarias e/ou desgaste excessivo no pneu,Tarde,7,1,3,2,15,0.142857
2022,CE,Nordeste,Carga excessiva e/ou mal acondicionada,Madrugada,1,0,0,0,0,0.0
2022,CE,Nordeste,Carga excessiva e/ou mal acondicionada,Manhã,2,0,0,0,2,0.0
2022,CE,Nordeste,Carga excessiva e/ou mal acondicionada,Tarde,3,1,0,1,2,0.333333
2022,CE,Nordeste,Chuva,Madrugada,3,2,1,1,4,0.666667
2022,CE,Nordeste,Chuva,Manhã,5,1,0,1,6,0.2
2022,CE,Nordeste,Chuva,Noite,1,0,0,0,2,0.0
2022,CE,Nordeste,Chuva,Tarde,2,0,0,0,3,0.0
2022,CE,Nordeste,Condutor Dormindo,Madrugada,9,3,1,4,12,0.333333
2022,CE,Nordeste,Condutor Dormindo,Manhã,14,4,1,4,13,0.285714
2022,CE,Nordeste,Condutor Dormindo,Noite,4,1,0,2,7,0.25
2022,CE,Nordeste,Condutor Dormindo,Tarde,7,4,3,3,9,0.571429
2022,CE,Nordeste,Condutor deixou de manter distância do veículo da frente,Madrugada,5,1,0,2,7,0.2
2022,CE,Nordeste,Condutor deixou de manter distância do veículo da frente,Manhã,61,15,0,16,76,0.245902
2022,CE,Nordeste,Condutor deixou de manter distância do veículo da frente,Noite,21,5,0,7,23,0.238095
2022,CE,Nordeste,Condutor deixou de manter distância do veículo da frente,Tarde,57,11,0,11,63,0.192982
2022,CE,Nordeste,Condutor desrespeitou a iluminação vermelha do semáforo,Madrugada,1,1,0,1,1,1.0
2022,CE,Nordeste,Condutor desrespeitou a iluminação vermelha do semáforo,Manhã,9,2,0,2,13,0.222222
2022,CE,Nordeste,Condutor desrespeitou a iluminação vermelha do semáforo,Noite,1,0,0,0,1,0.0
2022,CE,Nordeste,Condutor desrespeitou a iluminação vermelha do semáforo,Tarde,5,1,0,1,7,0.2
2022,CE,Nordeste,Condutor usando celular,Tarde,1,1,0,1,1,1.0
2022,CE,Nordeste,Conversão proibida,Manhã,4,1,1,0,8,0.25
2022,CE,Nordeste,Conversão proibida,Noite,6,1,0,1,6,0.166667
2022,CE,Nordeste,Conversão proibida,Tarde,8,5,1,6,12,0.625
2022,CE,Nordeste,Curva acentuada,Manhã,1,0,0,0,2,0.0
2022,CE,Nordeste,Curva acentuada,Noite,2,0,0,0,7,0.0
2022,CE,Nordeste,Declive acentuado,Manhã,1,0,0,0,1,0.0
2022,CE,Nordeste,Deficiência do Sistema de Iluminação/Sinalização,Madrugada,2,0,0,0,2,0.0
2022,CE,Nordeste,Deficiência do Sistema de Iluminação/Sinalização,Manhã,1,0,0,0,0,0.0
2022,CE,Nordeste,Deficiência do Sistema de Iluminação/Sinalização,Noite,6,4,3,3,9,0.666667
2022,CE,Nordeste,Deixar de acionar o farol da motocicleta (ou similar),Noite,2,1,0,1,2,0.5
2022,CE,Nordeste,Demais Fenômenos da natureza,Tarde,2,0,0,0,2,0.0
2022,CE,Nordeste,Demais falhas mecânicas ou elétricas,Madrugada,6,1,1,0,4,0.166667
2022,CE,Nordeste,Demais falhas mecânicas ou elétricas,Manhã,27,4,0,5,32,0.148148
2022,CE,Nordeste,Demais falhas mecânicas ou elétricas,Noite,11,4,0,4,12,0.363636
2022,CE,Nordeste,Demais falhas mecânicas ou elétricas,Tarde,18,3,2,4,18,0.166667
2022,CE,Nordeste,Demais falhas na via,Madrugada,3,1,0,1,1,0.333333
2022,CE,Nordeste,Demais falhas na via,Manhã,3,1,0,1,3,0.333333
2022,CE,Nordeste,Demais falhas na via,Noite,8,2,0,2,9,0.25
2022,CE,Nordeste,Demais falhas na via,Tarde,1,0,0,0,2,0.0
2022,CE,Nordeste,Desrespeitar a preferência no cruzamento,Manhã,9,3,0,4,11,0.333333
2022,CE,Nordeste,Desrespeitar a preferência no cruzamento,Noite,7,1,0,2,8,0.142857
2022,CE,Nordeste,Desrespeitar a preferência no cruzamento,Tarde,12,5,0,6,25,0.416667
2022,CE,Nordeste,Entrada inopinada do pedestre,Madrugada,2,1,1,0,2,0.5
2022,CE,Nordeste,Entrada inopinada do pedestre,Manhã,5,3,1,3,7,0.6
2022,CE,Nordeste,Entrada inopinada do pedestre,Noite,12,5,2,4,16,0.416667
2022,CE,Nordeste,Entrada inopinada do pedestre,Tarde,5,4,1,3,5,0.8
2022,CE,Nordeste,Estacionar ou parar em local proibido,Noite,1,0,0,0,1,0.0
2022,CE,Nordeste,Faixas de trânsito com largura insuficiente,Tarde,1,0,0,0,1,0.0
2022,CE,Nordeste,Frear bruscamente,Madrugada,1,0,0,0,3,0.0
2022,CE,Nordeste,Frear bruscamente,Manhã,3,2,0,2,6,0.666667
2022,CE,Nordeste,Frear bruscamente,Noite,1,1,0,1,1,1.0
2022,CE,Nordeste,Frear bruscamente,Tarde,2,1,0,1,2,0.5
2022,CE,Nordeste,Iluminação deficiente,Madrugada,1,1,1,0,1,1.0
2022,CE,Nordeste,Iluminação deficiente,Noite,4,3,1,2,4,0.75
2022,CE,Nordeste,Ingestão de substâncias psicoativas pelo condutor,Noite,1,0,0,0,1,0.0
2022,CE,Nordeste,Ingestão de álcool e/ou substâncias psicoativas pelo pedestre,Manhã,1,0,0,0,1,0.0
2022,CE,Nordeste,Ingestão de álcool e/ou substâncias psicoativas pelo pedestre,Noite,4,1,0,1,5,0.25
2022,CE,Nordeste,Ingestão de álcool e/ou substâncias psicoativas pelo pedestre,Tarde,1,1,1,0,1,1.0
2022,CE,Nordeste,Ingestão de álcool ou de substâncias psicoativas pelo pedestre,Manhã,3,0,0,0,3,0.0
2022,CE,Nordeste,Ingestão de álcool ou de substâncias psicoativas pelo pedestre,Noite,2,1,0,1,3,0.5
2022,CE,Nordeste,Ingestão de álcool ou de substâncias psicoativas pelo pedestre,Tarde,3,0,0,0,3,0.0
2022,CE,Nordeste,Ingestão de álcool pelo condutor,Madrugada,23,7,3,7,19,0.304348
2022,CE,Nordeste,Ingestão de álcool pelo condutor,Manhã,13,5,4,3,10,0.384615
2022,CE,Nordeste,Ingestão de álcool pelo condutor,Noite,31,15,5,14,35,0.483871
2022,CE,Nordeste,Ingestão de álcool pelo condutor,Tarde,12,1,0,1,10,0.083333
2022,CE,Nordeste,Mal súbito do condutor,Manhã,3,1,1,0,2,0.333333
2022,CE,Nordeste,Mal súbito do condutor,Noite,1,0,0,0,1,0.0
2022,CE,Nordeste,Mal súbito do condutor,Tarde,4,3,2,1,5,0.75
2022,CE,Nordeste,Manobra de mudança de faixa,Madrugada,7,2,3,0,9,0.285714
2022,CE,Nordeste,Manobra de mudança de faixa,Manhã,34,13,1,16,60,0.382353
2022,CE,Nordeste,Manobra de mudança de faixa,Noite,23,8,1,10,31,0.347826
2022,CE,Nordeste,Manobra de mudança de faixa,Tarde,30,12,2,11,37,0.4
2022,CE,Nordeste,Modificação proibida,Manhã,1,0,0,0,1,0.0
2022,CE,Nordeste,Objeto estático sobre o leito carroçável,Madrugada,1,0,0,0,0,0.0
2022,CE,Nordeste,Objeto estático sobre o leito carroçável,Manhã,1,0,0,0,1,0.0
2022,CE,Nordeste,Objeto estático sobre o leito carroçável,Noite,1,1,0,1,1,1.0
2022,CE,Nordeste,Objeto estático sobre o leito carroçável,Tarde,2,0,0,0,2,0.0
2022,CE,Nordeste,Obras na pista,Manhã,1,1,0,1,1,1.0
2022,CE,Nordeste,Obstrução na via,Noite,1,1,0,1,1,1.0
2022,CE,Nordeste,Participar de racha,Madrugada,1,1,0,2,3,1.0
2022,CE,Nordeste,Pedestre andava na pista,Madrugada,2,1,1,0,1,0.5
2022,CE,Nordeste,Pedestre andava na pista,Noite,10,7,4,5,12,0.7
2022,CE,Nordeste,Pedestre andava na pista,Tarde,4,3,0,4,6,0.75
2022,CE,Nordeste,Pedestre cruzava a pista fora da faixa,Noite,10,7,1,8,18,0.7
2022,CE,Nordeste,Pedestre cruzava a pista fora da faixa,Tarde,3,2,0,2,4,0.666667
2022,CE,Nordeste,Pista Escorregadia,Madrugada,1,1,0,1,1,1.0
2022,CE,Nordeste,Pista Escorregadia,Manhã,4,0,0,0,4,0.0
2022,CE,Nordeste,Pista Escorregadia,Noite,1,0,0,0,2,0.0
2022,CE,Nordeste,Pista Escorregadia,Tarde,7,3,1,5,13,0.428571
2022,CE,Nordeste,Pista em desnível,Manhã,1,0,0,0,0,0.0
2022,CE,Nordeste,Pista em desnível,Noite,2,0,0,0,3,0.0
2022,CE,Nordeste,Pista em desnível,Tarde,2,0,0,0,2,0.0
2022,CE,Nordeste,Pista esburacada,Madrugada,6,1,0,1,6,0.166667
2022,CE,Nordeste,Pista esburacada,Manhã,26,8,2,11,37,0.307692
2022,CE,Nordeste,Pista esburacada,Noite,17,6,2,4,23,0.352941
2022,CE,Nordeste,Pista esburacada,Tarde,16,7,4,7,21,0.4375
2022,CE,Nordeste,Problema com o freio,Madrugada,2,0,0,0,2,0.0
2022,CE,Nordeste,Problema com o freio,Manhã,2,0,0,0,1,0.0
2022,CE,Nordeste,Problema com o freio,Noite,2,1,0,1,2,0.5
2022,CE,Nordeste,Problema com o freio,Tarde,2,0,0,0,1,0.0
2022,CE,Nordeste,Problema na suspensão,Madrugada,1,0,0,0,1,0.0
2022,CE,Nordeste,Problema na suspensão,Noite,3,0,0,0,2,0.0
2022,CE,Nordeste,Problema na suspensão,Tarde,1,0,0,0,0,0.0
2022,CE,Nordeste,Reação tardia ou ineficiente do condutor,Madrugada,16,5,3,3,20,0.3125
2022,CE,Nordeste,Reação tardia ou ineficiente do condutor,Manhã,35,11,4,17,43,0.314286
2022,CE,Nordeste,Reação tardia ou ineficiente do condutor,Noite,25,13,4,11,29,0.52
2022,CE,Nordeste,Reação tardia ou ineficiente do condutor,Tarde,27,14,3,12,34,0.518519
2022,CE,Nordeste,Retorno proibido,Manhã,3,2,1,2,5,0.666667
2022,CE,Nordeste,Retorno proibido,Noite,3,1,0,2,4,0.333333
2022,CE,Nordeste,Sinalização mal posicionada,Madrugada,1,1,1,3,4,1.0
2022,CE,Nordeste,Trafegar com motocicleta (ou similar) entre as faixas,Manhã,1,0,0,0,2,0.0
2022,CE,Nordeste,Trafegar com motocicleta (ou similar) entre as faixas,Noite,1,0,0,0,1,0.0
2022,CE,Nordeste,Trafegar com motocicleta (ou similar) entre as faixas,Tarde,6,5,2,3,7,0.833333
2022,CE,Nordeste,Transitar na contramão,Madrugada,9,4,1,5,9,0.444444
2022,CE,Nordeste,Transitar na contramão,Manhã,6,3,1,4,10,0.5
2022,CE,Nordeste,Transitar na contramão,Noite,16,7,8,5,26,0.4375
2022,CE,Nordeste,Transitar na contramão,Tarde,12,9,3,6,16,0.75
2022,CE,Nordeste,Transitar no acostamento,Manhã,1,1,1,0,1,1.0
2022,CE,Nordeste,Transitar no acostamento,Noite,5,3,1,3,7,0.6
2022,CE,Nordeste,Transitar no acostamento,Tarde,2,0,0,0,2,0.0
2022,CE,Nordeste,Ultrapassagem Indevida,Madrugada,2,1,0,1,2,0.5
2022,CE,Nordeste,Ultrapassagem Indevida,Manhã,7,5,2,3,9,0.714286
2022,CE,Nordeste,Ultrapassagem Indevida,Noite,6,3,1,3,11,0.5
2022,CE,Nordeste,Ultrapassagem Indevida,Tarde,8,3,6,2,13,0.375
2022,CE,Nordeste,Velocidade Incompatível,Madrugada,9,1,0,1,6,0.111111
2022,CE,Nordeste,Velocidade Incompatível,Manhã,24,8,3,7,29,0.333333
2022,CE,Nordeste,Velocidade Incompatível,Noite,14,4,2,3,22,0.285714
2022,CE,Nordeste,Velocidade Incompatível,Tarde,16,3,2,2,18,0.1875
2022,CE,Nordeste,Área urbana sem a presença de local apropriado para a travessia de pedestres,Manhã,1,1,0,1,1,1.0
2022,CE,Nordeste,Área urbana sem a presença de local apropriado para a travessia de pedestres,Tarde,1,1,1,0,2,1.0
2022,DF,Centro-Oeste,Acessar a via sem observar a presença dos outros veículos,Madrugada,9,2,1,1,9,0.222222
2022,DF,Centro-Oeste,Acessar a via sem observar a presença dos outros veículos,Manhã,37,9,0,10,44,0.243243
2022,DF,Centro-Oeste,Acessar a via sem observar a presença dos outros veículos,Noite,28,8,3,5,34,0.285714
2022,DF,Centro-Oeste,Acessar a via sem observar a presença dos outros veículos,Tarde,28,6,1,5,35,0.214286
2022,DF,Centro-Oeste,Acesso irregular,Madrugada,1,0,0,0,5,0.0
2022,DF,Centro-Oeste,Acesso irregular,Manhã,3,0,0,0,2,0.0
2022,DF,Centro-Oeste,Acesso irregular,Noite,2,0,0,0,2,0.0
2022,DF,Centro-Oeste,Acesso irregular,Tarde,7,1,0,1,5,0.142857
2022,DF,Centro-Oeste,Acumulo de areia ou detritos sobre o pavimento,Noite,1,0,0,0,1,0.0
2022,DF,Centro-Oeste,Acumulo de água sobre o pavimento,Madrugada,1,0,0,0,1,0.0
2022,DF,Centro-Oeste,Acumulo de água sobre o pavimento,Manhã,3,0,0,0,6,0.0
2022,DF,Centro-Oeste,Acumulo de água sobre o pavimento,Noite,4,2,0,4,6,0.5
2022,DF,Centro-Oeste,Acumulo de água sobre o pavimento,Tarde,4,0,0,0,2,0.0
2022,DF,Centro-Oeste,Acumulo de óleo sobre o pavimento,Manhã,2,0,0,0,2,0.0
2022,DF,Centro-Oeste,Acumulo de óleo sobre o pavimento,Noite,1,0,0,0,3,0.0
2022,DF,Centro-Oeste,Acumulo de óleo sobre o pavimento,Tarde,2,0,0,0,3,0.0
2022,DF,Centro-Oeste,Animais na Pista,Madrugada,3,0,0,0,2,0.0
2022,DF,Centro-Oeste,Animais na Pista,Manhã,5,0,0,0,6,0.0
2022,DF,Centro-Oeste,Animais na Pista,Noite,3,2,1,1,2,0.666667
2022,DF,Centro-Oeste,Animais na Pista,Tarde,1,0,0,0,1,0.0
2022,DF,Centro-Oeste,Ausência de reação do condutor,Madrugada,13,2,1,1,8,0.153846
2022,DF,Centro-Oeste,Ausência de reação do condutor,Manhã,32,4,0,4,31,0.125
2022,DF,Centro-Oeste,Ausência de reação do condutor,Noite,17,1,0,1,16,0.058824
2022,DF,Centro-Oeste,Ausência de reação do condutor,Tarde,25,4,2,2,24,0.16
2022,DF,Centro-Oeste,Ausência de sinalização,Noite,1,1,0,1,4,1.0
2022,DF,Centro-Oeste,Avarias e/ou desgaste excessivo no pneu,Manhã,8,4,4,2,15,0.5
2022,DF,Centro-Oeste,Avarias e/ou desgaste excessivo no pneu,Tarde,11,2,0,2,13,0.181818
2022,DF,Centro-Oeste,Carga excessiva e/ou mal acondicionada,Noite,1,0,0,0,1,0.0
2022,DF,Centro-Oeste,Carga excessiva e/ou mal acondicionada,Tarde,1,0,0,0,0,0.0
2022,DF,Centro-Oeste,Chuva,Madrugada,1,0,0,0,1,0.0
2022,DF,Centro-Oeste,Chuva,Manhã,2,0,0,0,2,0.0
2022,DF,Centro-Oeste,Chuva,Noite,1,0,0,0,3,0.0
2022,DF,Centro-Oeste,Chuva,Tarde,9,0,0,0,11,0.0
2022,DF,Centro-Oeste,Condutor Dormindo,Madrugada,13,2,0,2,11,0.153846
2022,DF,Centro-Oeste,Condutor Dormindo,Manhã,2,0,0,0,2,0.0
2022,DF,Centro-Oeste,Condutor Dormindo,Noite,6,2,0,2,5,0.333333
2022,DF,Centro-Oeste,Condutor Dormindo,Tarde,4,1,0,1,4,0.25
2022,DF,Centro-Oeste,Condutor deixou de manter distância do veículo da frente,Madrugada,5,1,0,1,5,0.2
2022,DF,Centro-Oeste,Condutor deixou de manter distância do veículo da frente,Manhã,33,7,1,6,30,0.212121
2022,DF,Centro-Oeste,Condutor deixou de manter distância do veículo da frente,Noite,18,2,0,2,22,0.111111
2022,DF,Centro-Oeste,Condutor deixou de manter distância do veículo da frente,Tarde,22,4,0,4,24,0.181818
2022,DF,Centro-Oeste,Condutor usando celular,Madrugada,1,0,0,0,1,0.0
2022,DF,Centro-Oeste,Condutor usando celular,Manhã,1,0,0,0,2,0.0
2022,DF,Centro-Oeste,Condutor usando celular,Noite,1,0,0,0,1,0.0
2022,DF,Centro-Oeste,Conversão proibida,Tarde,1,1,0,2,2,1.0
2022,DF,Centro-Oeste,Deficiência do Sistema de Iluminação/Sinalização,Manhã,1,0,0,0,1,0.0
2022,DF,Centro-Oeste,Demais falhas mecânicas ou elétricas,Madrugada,1,0,0,0,0,0.0
2022,DF,Centro-Oeste,Demais falhas mecânicas ou elétricas,Manhã,8,2,0,2,7,0.25
2022,DF,Centro-Oeste,Demais falhas mecânicas ou elétricas,Noite,1,0,0,0,0,0.0
2022,DF,Centro-Oeste,Demais falhas mecânicas ou elétricas,Tarde,5,1,0,2,6,0.2
2022,DF,Centro-Oeste,Demais falhas na via,Manhã,1,0,0,0,1,0.0
2022,DF,Centro-Oeste,Demais falhas na via,Noite,2,2,0,2,2,1.0
2022,DF,Centro-Oeste,Demais falhas na via,Tarde,3,0,0,0,3,0.0
2022,DF,Centro-Oeste,Desrespeitar a preferência no cruzamento,Manhã,1,0,0,0,0,0.0
2022,DF,Centro-Oeste,Desrespeitar a preferência no cruzamento,Noite,2,0,0,0,5,0.0
2022,DF,Centro-Oeste,Desrespeitar a preferência no cruzamento,Tarde,3,0,0,0,5,0.0
2022,DF,Centro-Oeste,Entrada inopinada do pedestre,Madrugada,1,0,0,0,1,0.0
2022,DF,Centro-Oeste,Entrada inopinada do pedestre,Manhã,4,3,0,3,5,0.75
2022,DF,Centro-Oeste,Entrada inopinada do pedestre,Noite,11,4,1,3,13,0.363636
2022,DF,Centro-Oeste,Entrada inopinada do pedestre,Tarde,1,0,0,0,0,0.0
2022,DF,Centro-Oeste,Estacionar ou parar em local proibido,Tarde,2,0,0,0,1,0.0
2022,DF,Centro-Oeste,Falta de elemento de contenção que evite a saída do leito carroçável,Noite,1,0,0,0,1,0.0
2022,DF,Centro-Oeste,Falta de elemento de contenção que evite a saída do leito carroçável,Tarde,1,0,0,0,3,0.0
2022,DF,Centro-Oeste,Frear bruscamente,Madrugada,2,0,0,0,1,0.0
2022,DF,Centro-Oeste,Frear bruscamente,Manhã,4,1,0,1,5,0.25
2022,DF,Centro-Oeste,Frear bruscamente,Noite,2,2,0,2,2,1.0
2022,DF,Centro-Oeste,Frear bruscamente,Tarde,1,0,0,0,0,0.0
2022,DF,Centro-Oeste,Iluminação deficiente,Madrugada,2,1,0,1,3,0.5
2022,DF,Centro-Oeste,Ingestão de substâncias psicoativas pelo condutor,Tarde,2,1,0,1,2,0.5
2022,DF,Centro-Oeste,Ingestão de álcool e/ou substâncias psicoativas pelo pedestre,Madrugada,1,0,0,0,2,0.0
2022,DF,Centro-Oeste,Ingestão de álcool e/ou substâncias psicoativas pelo pedestre,Manhã,1,0,0,0,0,0.0
2022,DF,Centro-Oeste,Ingestão de álcool e/ou substâncias psicoativas pelo pedestre,Tarde,1,0,0,0,1,0.0
2022,DF,Centro-Oeste,Ingestão de álcool ou de substâncias psicoativas pelo pedestre,Noite,1,0,0,0,1,0.0
2022,DF,Centro-Oeste,Ingestão de álcool pelo condutor,Madrugada,21,6,1,6,19,0.285714
2022,DF,Centro-Oeste,Ingestão de álcool pelo condutor,Manhã,8,1,0,1,6,0.125
2022,DF,Centro-Oeste,Ingestão de álcool pelo condutor,Noite,40,4,0,10,32,0.1
2022,DF,Centro-Oeste,Ingestão de álcool pelo condutor,Tarde,15,1,0,1,10,0.066667
2022,DF,Centro-Oeste,Mal súbito do condutor,Madrugada,1,0,0,0,0,0.0
2022,DF,Centro-Oeste,Mal súbito do condutor,Manhã,1,1,1,0,2,1.0
2022,DF,Centro-Oeste,Mal súbito do condutor,Tarde,5,2,2,1,7,0.4
2022,DF,Centro-Oeste,Manobra de mudança de faixa,Madrugada,4,2,1,1,2,0.5
2022,DF,Centro-Oeste,Manobra de mudança de faixa,Manhã,50,6,2,8,60,0.12
2022,DF,Centro-Oeste,Manobra de mudança de faixa,Noite,25,7,1,6,26,0.28
2022,DF,Centro-Oeste,Manobra de mudança de faixa,Tarde,23,3,0,3,23,0.130435
2022,DF,Centro-Oeste,Objeto estático sobre o leito carroçável,Noite,1,0,0,0,0,0.0
2022,DF,Centro-Oeste,Objeto estático sobre o leito carroçável,Tarde,1,0,0,0,0,0.0
2022,DF,Centro-Oeste,Obras na pista,Noite,2,0,0,0,1,0.0
2022,DF,Centro-Oeste,Obras na pista,Tarde,1,0,0,0,1,0.0
2022,DF,Centro-Oeste,Obstrução na via,Manhã,1,0,0,0,0,0.0
2022,DF,Centro-Oeste,Obstrução na via,Tarde,1,1,0,1,1,1.0
2022,DF,Centro-Oeste,Pedestre andava na pista,Noite,4,4,4,0,4,1.0
2022,DF,Centro-Oeste,Pedestre cruzava a pista fora da faixa,Madrugada,1,1,1,0,1,1.0
2022,DF,Centro-Oeste,Pedestre cruzava a pista fora da faixa,Manhã,2,1,0,1,2,0.5
2022,DF,Centro-Oeste,Pedestre cruzava a pista fora da faixa,Noite,4,3,0,4,6,0.75
2022,DF,Centro-Oeste,Pedestre cruzava a pista fora da faixa,Tarde,3,2,1,1,3,0.666667
2022,DF,Centro-Oeste,Pista Escorregadia,Manhã,3,1,1,0,3,0.333333
2022,DF,Centro-Oeste,Pista Escorregadia,Tarde,3,1,0,4,5,0.333333
2022,DF,Centro-Oeste,Pista em desnível,Noite,1,0,0,0,0,0.0
2022,DF,Centro-Oeste,Problema na suspensão,Tarde,1,0,0,0,0,0.0
2022,DF,Centro-Oeste,Reação tardia ou ineficiente do condutor,Madrugada,10,3,2,5,17,0.3
2022,DF,Centro-Oeste,Reação tardia ou ineficiente do condutor,Manhã,40,5,1,4,41,0.125
2022,DF,Centro-Oeste,Reação tardia ou ineficiente do condutor,Noite,29,3,1,2,29,0.103448
2022,DF,Centro-Oeste,Reação tardia ou ineficiente do condutor,Tarde,28,3,2,2,37,0.107143
2022,DF,Centro-Oeste,Retorno proibido,Manhã,1,0,0,0,1,0.0
2022,DF,Centro-Oeste,Semáforo com defeito,Manhã,1,0,0,0,1,0.0
2022,DF,Centro-Oeste,Trafegar com motocicleta (ou similar) entre as faixas,Madrugada,1,0,0,0,1,0.0
2022,DF,Centro-Oeste,Trafegar com motocicleta (ou similar) entre as faixas,Manhã,34,1,0,1,35,0.029412
2022,DF,Centro-Oeste,Trafegar com motocicleta (ou similar) entre as faixas,Noite,9,2,0,2,14,0.222222
2022,DF,Centro-Oeste,Trafegar com motocicleta (ou similar) entre as faixas,Tarde,7,3,0,3,7,0.428571
2022,DF,Centro-Oeste,Transitar na contramão,Madrugada,1,0,0,0,2,0.0
2022,DF,Centro-Oeste,Transitar na contramão,Manhã,1,0,0,0,2,0.0
2022,DF,Centro-Oeste,Transitar na contramão,Noite,2,2,2,0,2,1.0
2022,DF,Centro-Oeste,Transitar na contramão,Tarde,1,0,0,0,1,0.0
2022,DF,Centro-Oeste,Transitar no acostamento,Madrugada,1,1,1,0,1,1.0
2022,DF,Centro-Oeste,Transitar no acostamento,Manhã,6,1,1,0,5,0.166667
2022,DF,Centro-Oeste,Transitar no acostamento,Noite,5,1,0,1,6,0.2
2022,DF,Centro-Oeste,Transitar no acostamento,Tarde,1,1,0,1,1,1.0
2022,DF,Centro-Oeste,Ultrapassagem Indevida,Madrugada,1,0,0,0,0,0.0
2022,DF,Centro-Oeste,Ultrapassagem Indevida,Manhã,1,1,0,1,1,1.0
2022,DF,Centro-Oeste,Ultrapassagem Indevida,Noite,3,1,1,1,6,0.333333
2022,DF,Centro-Oeste,Ultrapassagem Indevida,Tarde,4,2,1,1,3,0.5
2022,DF,Centro-Oeste,Velocidade Incompatível,Madrugada,6,1,0,1,7,0.166667
2022,DF,Centro-Oeste,Velocidade Incompatível,Manhã,26,7,1,7,26,0.269231
2022,DF,Centro-Oeste,Velocidade Incompatível,Noite,18,2,0,2,20,0.111111
2022,DF,Centro-Oeste,Velocidade Incompatível,Tarde,18,2,0,3,18,0.111111
2022,DF,Centro-Oeste,Área urbana sem a presença de local apropriado para a travessia de pedestres,Manhã,2,0,0,0,2,0.0
2022,DF,Centro-Oeste,Área urbana sem a presença de local apropriado para a travessia de pedestres,Noite,3,3,1,2,5,1.0
2022,ES,Sudeste,Acessar a via sem observar a presença dos outros veículos,Madrugada,15,8,1,7,20,0.533333
2022,ES,Sudeste,Acessar a via sem observar a presença dos outros veículos,Manhã,93,39,8,37,138,0.419355
2022,ES,Sudeste,Acessar a via sem observar a presença dos outros veículos,Noite,69,29,1,38,84,0.42029
2022,ES,Sudeste,Acessar a via sem observar a presença dos outros veículos,Tarde,75,24,3,28,113,0.32
2022,ES,Sudeste,Acesso irregular,Madrugada,1,0,0,0,1,0.0
2022,ES,Sudeste,Acesso irregular,Manhã,11,3,0,3,12,0.272727
2022,ES,Sudeste,Acesso irregular,Noite,9,2,0,2,10,0.222222
2022,ES,Sudeste,Acesso irregular,Tarde,12,6,0,6,15,0.5
2022,ES,Sudeste,Acostamento em desnível,Manhã,1,0,0,0,1,0.0
2022,ES,Sudeste,Acumulo de areia ou detritos sobre o pavimento,Madrugada,1,1,0,1,1,1.0
2022,ES,Sudeste,Acumulo de areia ou detritos sobre o pavimento,Manhã,6,4,0,6,11,0.666667
2022,ES,Sudeste,Acumulo de areia ou detritos sobre o pavimento,Noite,4,1,0,1,5,0.25
2022,ES,Sudeste,Acumulo de areia ou detritos sobre o pavimento,Tarde,4,0,0,0,4,0.0
2022,ES,Sudeste,Acumulo de água sobre o pavimento,Manhã,5,1,0,1,7,0.2
2022,ES,Sudeste,Acumulo de água sobre o pavimento,Noite,1,1,0,1,1,1.0
2022,ES,Sudeste,Acumulo de água sobre o pavimento,Tarde,7,2,0,2,8,0.285714
2022,ES,Sudeste,Acumulo de óleo sobre o pavimento,Manhã,5,3,1,2,5,0.6
2022,ES,Sudeste,Afundamento ou ondulação no pavimento,Noite,1,1,0,1,2,1.0
2022,ES,Sudeste,Afundamento ou ondulação no pavimento,Tarde,1,0,0,0,1,0.0
2022,ES,Sudeste,Animais na Pista,Madrugada,10,5,0,8,13,0.5
2022,ES,Sudeste,Animais na Pista,Manhã,5,0,0,0,8,0.0
2022,ES,Sudeste,Animais na Pista,Noite,13,4,0,5,15,0.307692
2022,ES,Sudeste,Animais na Pista,Tarde,2,0,0,0,2,0.0
2022,ES,Sudeste,Ausência de reação do condutor,Madrugada,31,9,3,6,27,0.290323
2022,ES,Sudeste,Ausência de reação do condutor,Manhã,81,22,3,19,92,0.271605
2022,ES,Sudeste,Ausência de reação do condutor,Noite,80,25,1,31,104,0.3125
2022,ES,Sudeste,Ausência de reação do condutor,Tarde,93,26,11,19,120,0.27957
2022,ES,Sudeste,Ausência de sinalização,Noite,2,2,1,1,2,1.0
2022,ES,Sudeste,Ausência de sinalização,Tarde,1,0,0,0,1,0.0
2022,ES,Sudeste,Avarias e/ou desgaste excessivo no pneu,Madrugada,3,0,0,0,2,0.0
2022,ES,Sudeste,Avarias e/ou desgaste excessivo no pneu,Manhã,15,7,0,10,23,0.466667
2022,ES,Sudeste,Avarias e/ou desgaste excessivo no pneu,Noite,8,1,0,1,10,0.125
2022,ES,Sudeste,Avarias e/ou desgaste excessivo no pneu,Tarde,16,4,1,7,26,0.25
2022,ES,Sudeste,Carga excessiva e/ou mal acondicionada,Manhã,2,0,0,0,1,0.0
2022,ES,Sudeste,Carga excessiva e/ou mal acondicionada,Noite,2,0,0,0,1,0.0
2022,ES,Sudeste,Carga excessiva e/ou mal acondicionada,Tarde,1,1,0,1,1,1.0
2022,ES,Sudeste,Chuva,Madrugada,5,1,0,1,5,0.2
2022,ES,Sudeste,Chuva,Manhã,6,0,0,0,6,0.0
2022,ES,Sudeste,Chuva,Noite,12,8,2,9,15,0.666667
2022,ES,Sudeste,Chuva,Tarde,12,3,0,8,25,0.25
2022,ES,Sudeste,Condutor Dormindo,Madrugada,31,14,5,11,41,0.451613
2022,ES,Sudeste,Condutor Dormindo,Manhã,20,9,2,9,32,0.45
2022,ES,Sudeste,Condutor Dormindo,Noite,16,6,1,5,16,0.375
2022,ES,Sudeste,Condutor Dormindo,Tarde,11,0,0,0,14,0.0
2022,ES,Sudeste,Condutor deixou de manter distância do veículo da frente,Madrugada,7,1,0,1,4,0.142857
2022,ES,Sudeste,Condutor deixou de manter distância do veículo da frente,Manhã,60,10,0,11,70,0.166667
2022,ES,Sudeste,Condutor deixou de manter distância do veículo da frente,Noite,37,7,0,11,51,0.189189
2022,ES,Sudeste,Condutor deixou de manter distância do veículo da frente,Tarde,71,7,0,8,78,0.098592
2022,ES,Sudeste,Condutor desrespeitou a iluminação vermelha do semáforo,Madrugada,4,3,0,3,8,0.75
2022,ES,Sudeste,Condutor desrespeitou a iluminação vermelha do semáforo,Manhã,13,7,0,7,14,0.538462
2022,ES,Sudeste,Condutor desrespeitou a iluminação vermelha do semáforo,Noite,11,3,0,3,14,0.272727
2022,ES,Sudeste,Condutor desrespeitou a iluminação vermelha do semáforo,Tarde,13,5,0,5,15,0.384615
2022,ES,Sudeste,Condutor usando celular,Manhã,1,0,0,0,0,0.0
2022,ES,Sudeste,Condutor usando celular,Noite,1,1,1,0,1,1.0
2022,ES,Sudeste,Conversão proibida,Madrugada,1,0,0,0,0,0.0
2022,ES,Sudeste,Conversão proibida,Manhã,12,4,0,5,16,0.333333
2022,ES,Sudeste,Conversão proibida,Noite,14,5,1,6,18,0.357143
2022,ES,Sudeste,Conversão proibida,Tarde,17,8,0,10,29,0.470588
2022,ES,Sudeste,Curva acentuada,Madrugada,1,0,0,0,1,0.0
2022,ES,Sudeste,Curva acentuada,Manhã,2,1,1,0,3,0.5
2022,ES,Sudeste,Curva acentuada,Noite,2,1,1,1,4,0.5
2022,ES,Sudeste,Curva acentuada,Tarde,2,1,0,1,2,0.5
2022,ES,Sudeste,Declive acentuado,Manhã,2,1,0,1,2,0.5
2022,ES,Sudeste,Declive acentuado,Noite,1,0,0,0,0,0.0
2022,ES,Sudeste,Deficiência do Sistema de Iluminação/Sinalização,Manhã,2,1,0,1,3,0.5
2022,ES,Sudeste,Deficiência do Sistema de Iluminação/Sinalização,Noite,5,2,2,2,14,0.4
2022,ES,Sudeste,Deficiência do Sistema de Iluminação/Sinalização,Tarde,1,1,0,1,1,1.0
2022,ES,Sudeste,Deixar de acionar o farol da motocicleta (ou similar),Noite,1,1,1,0,2,1.0
2022,ES,Sudeste,Demais Fenômenos da natureza,Madrugada,2,2,0,2,2,1.0
2022,ES,Sudeste,Demais Fenômenos da natureza,Tarde,2,0,0,0,2,0.0
2022,ES,Sudeste,Demais falhas mecânicas ou elétricas,Madrugada,7,0,0,0,0,0.0
2022,ES,Sudeste,Demais falhas mecânicas ou elétricas,Manhã,24,2,0,2,20,0.083333
2022,ES,Sudeste,Demais falhas mecânicas ou elétricas,Noite,18,3,0,3,14,0.166667
2022,ES,Sudeste,Demais falhas mecânicas ou elétricas,Tarde,30,4,0,6,35,0.133333
2022,ES,Sudeste,Demais falhas na via,Manhã,2,0,0,0,2,0.0
2022,ES,Sudeste,Demais falhas na via,Tarde,3,2,1,1,3,0.666667
2022,ES,Sudeste,Desrespeitar a preferência no cruzamento,Madrugada,4,0,0,0,2,0.0
2022,ES,Sudeste,Desrespeitar a preferência no cruzamento,Manhã,19,7,0,7,28,0.368421
2022,ES,Sudeste,Desrespeitar a preferência no cruzamento,Noite,15,2,0,2,17,0.133333
2022,ES,Sudeste,Desrespeitar a preferência no cruzamento,Tarde,25,6,1,8,33,0.24
2022,ES,Sudeste,Desvio temporário,Noite,1,1,0,1,2,1.0
2022,ES,Sudeste,Desvio temporário,Tarde,2,0,0,0,7,0.0
2022,ES,Sudeste,Entrada inopinada do pedestre,Madrugada,1,1,1,0,1,1.0
2022,ES,Sudeste,Entrada inopinada do pedestre,Manhã,8,4,0,4,9,0.5
2022,ES,Sudeste,Entrada inopinada do pedestre,Noite,15,9,5,6,17,0.6
2022,ES,Sudeste,Entrada inopinada do pedestre,Tarde,6,3,0,3,5,0.5
2022,ES,Sudeste,Estacionar ou parar em local proibido,Madrugada,1,0,0,0,1,0.0
2022,ES,Sudeste,Estacionar ou parar em local proibido,Manhã,1,1,0,1,1,1.0
2022,ES,Sudeste,Estacionar ou parar em local proibido,Tarde,1,1,0,1,2,1.0
2022,ES,Sudeste,Falta de acostamento,Noite,2,2,0,2,2,1.0
2022,ES,Sudeste,Falta de acostamento,Tarde,1,1,0,1,1,1.0
2022,ES,Sudeste,Falta de elemento de contenção que evite a saída do leito carroçável,Tarde,1,0,0,0,1,0.0
2022,ES,Sudeste,Faróis desregulados,Madrugada,1,1,0,1,1,1.0
2022,ES,Sudeste,Frear bruscamente,Madrugada,1,1,0,2,14,1.0
2022,ES,Sudeste,Frear bruscamente,Manhã,2,0,0,0,2,0.0
2022,ES,Sudeste,Frear bruscamente,Noite,2,0,0,0,2,0.0
2022,ES,Sudeste,Frear bruscamente,Tarde,7,1,0,1,8,0.142857
2022,ES,Sudeste,Fumaça,Noite,1,0,0,0,0,0.0
2022,ES,Sudeste,Iluminação deficiente,Noite,3,1,0,1,3,0.333333
2022,ES,Sudeste,Ingestão de substâncias psicoativas pelo condutor,Madrugada,1,1,0,1,2,1.0
2022,ES,Sudeste,Ingestão de substâncias psicoativas pelo condutor,Tarde,1,0,0,0,1,0.0
2022,ES,Sudeste,Ingestão de álcool e/ou substâncias psicoativas pelo pedestre,Manhã,2,0,0,0,1,0.0
2022,ES,Sudeste,Ingestão de álcool e/ou substâncias psicoativas pelo pedestre,Noite,3,1,0,3,5,0.333333
2022,ES,Sudeste,Ingestão de álcool e/ou substâncias psicoativas pelo pedestre,Tarde,3,0,0,0,4,0.0
2022,ES,Sudeste,Ingestão de álcool ou de substâncias psicoativas pelo pedestre,Madrugada,1,1,0,1,1,1.0
2022,ES,Sudeste,Ingestão de álcool ou de substâncias psicoativas pelo pedestre,Noite,1,0,0,0,1,0.0
2022,ES,Sudeste,Ingestão de álcool pelo condutor,Madrugada,14,6,0,14,24,0.428571
2022,ES,Sudeste,Ingestão de álcool pelo condutor,Manhã,8,4,0,4,10,0.5
2022,ES,Sudeste,Ingestão de álcool pelo condutor,Noite,41,9,1,12,34,0.219512
2022,ES,Sudeste,Ingestão de álcool pelo condutor,Tarde,20,4,1,3,18,0.2
2022,ES,Sudeste,Mal súbito do condutor,Manhã,3,1,0,2,5,0.333333
2022,ES,Sudeste,Mal súbito do condutor,Noite,5,2,0,2,7,0.4
2022,ES,Sudeste,Mal súbito do condutor,Tarde,7,1,1,0,10,0.142857
2022,ES,Sudeste,Manobra de mudança de faixa,Madrugada,4,3,0,4,4,0.75
2022,ES,Sudeste,Manobra de mudança de faixa,Manhã,45,11,3,11,61,0.244444
2022,ES,Sudeste,Manobra de mudança de faixa,Noite,29,9,0,16,42,0.310345
2022,ES,Sudeste,Manobra de mudança de faixa,Tarde,43,10,1,12,61,0.232558
2022,ES,Sudeste,Modificação proibida,Manhã,1,0,0,0,0,0.0
2022,ES,Sudeste,Neblina,Manhã,1,0,0,0,1,0.0
2022,ES,Sudeste,Neblina,Noite,1,1,1,1,2,1.0
2022,ES,Sudeste,Objeto estático sobre o leito carroçável,Madrugada,2,0,0,0,2,0.0
2022,ES,Sudeste,Objeto estático sobre o leito carroçável,Manhã,2,0,0,0,3,0.0
2022,ES,Sudeste,Objeto estático sobre o leito carroçável,Noite,5,0,0,0,5,0.0
2022,ES,Sudeste,Objeto estático sobre o leito carroçável,Tarde,1,0,0,0,1,0.0
2022,ES,Sudeste,Obras na pista,Madrugada,1,1,0,1,1,1.0
2022,ES,Sudeste,Obras na pista,Manhã,4,1,0,1,5,0.25
2022,ES,Sudeste,Obras na pista,Noite,4,3,0,3,4,0.75
2022,ES,Sudeste,Obras na pista,Tarde,2,1,0,1,3,0.5
2022,ES,Sudeste,Obstrução na via,Madrugada,1,0,0,0,1,0.0
2022,ES,Sudeste,Obstrução na via,Manhã,2,2,0,3,3,1.0
2022,ES,Sudeste,Participar de racha,Madrugada,1,0,0,0,0,0.0
2022,ES,Sudeste,Pedestre andava na pista,Madrugada,3,1,0,1,3,0.333333
2022,ES,Sudeste,Pedestre andava na pista,Manhã,3,1,1,0,6,0.333333
2022,ES,Sudeste,Pedestre andava na pista,Noite,7,5,4,3,9,0.714286
2022,ES,Sudeste,Pedestre andava na pista,Tarde,2,0,0,0,2,0.0
2022,ES,Sudeste,Pedestre cruzava a pista fora da faixa,Madrugada,1,1,1,0,2,1.0
2022,ES,Sudeste,Pedestre cruzava a pista fora da faixa,Manhã,9,6,0,7,14,0.666667
2022,ES,Sudeste,Pedestre cruzava a pista fora da faixa,Noite,18,11,7,6,24,0.611111
2022,ES,Sudeste,Pedestre cruzava a pista fora da faixa,Tarde,8,3,0,3,9,0.375
2022,ES,Sudeste,Pista Escorregadia,Manhã,3,1,0,1,3,0.333333
2022,ES,Sudeste,Pista Escorregadia,Noite,2,0,0,0,3,0.0
2022,ES,Sudeste,Pista Escorregadia,Tarde,3,2,0,2,3,0.666667
2022,ES,Sudeste,Pista em desnível,Madrugada,1,0,0,0,1,0.0
2022,ES,Sudeste,Pista em desnível,Noite,2,0,0,0,2,0.0
2022,ES,Sudeste,Pista esburacada,Madrugada,1,0,0,0,1,0.0
2022,ES,Sudeste,Pista esburacada,Manhã,2,0,0,0,2,0.0
2022,ES,Sudeste,Pista esburacada,Noite,4,0,0,0,5,0.0
2022,ES,Sudeste,Problema com o freio,Manhã,3,0,0,0,4,0.0
2022,ES,Sudeste,Problema com o freio,Noite,1,1,1,1,3,1.0
2022,ES,Sudeste,Problema com o freio,Tarde,2,0,0,0,0,0.0
2022,ES,Sudeste,Reação tardia ou ineficiente do condutor,Madrugada,34,12,6,18,58,0.352941
2022,ES,Sudeste,Reação tardia ou ineficiente do condutor,Manhã,68,17,3,15,84,0.25
2022,ES,Sudeste,Reação tardia ou ineficiente do condutor,Noite,69,23,4,26,87,0.333333
2022,ES,Sudeste,Reação tardia ou ineficiente do condutor,Tarde,92,27,4,29,118,0.293478
2022,ES,Sudeste,Redutor de velocidade em desacordo,Tarde,1,0,0,0,1,0.0
2022,ES,Sudeste,Retorno proibido,Manhã,4,2,0,2,6,0.5
2022,ES,Sudeste,Retorno proibido,Noite,6,1,0,1,11,0.166667
2022,ES,Sudeste,Semáforo com defeito,Manhã,1,0,0,0,1,0.0
2022,ES,Sudeste,Sinalização mal posicionada,Noite,1,0,0,0,2,0.0
2022,ES,Sudeste,Sinalização mal posicionada,Tarde,1,0,0,0,1,0.0
2022,ES,Sudeste,Trafegar com motocicleta (ou similar) entre as faixas,Madrugada,1,1,0,1,2,1.0
2022,ES,Sudeste,Trafegar com motocicleta (ou similar) entre as faixas,Manhã,13,4,1,4,20,0.307692
2022,ES,Sudeste,Trafegar com motocicleta (ou similar) entre as faixas,Noite,6,1,0,2,9,0.166667
2022,ES,Sudeste,Trafegar com motocicleta (ou similar) entre as faixas,Tarde,10,5,0,6,11,0.5
2022,ES,Sudeste,Transitar na calçada,Tarde,1,0,0,0,1,0.0
2022,ES,Sudeste,Transitar na contramão,Madrugada,8,5,2,6,14,0.625
2022,ES,Sudeste,Transitar na contramão,Manhã,15,10,7,9,30,0.666667
2022,ES,Sudeste,Transitar na contramão,Noite,29,18,12,25,64,0.62069
2022,ES,Sudeste,Transitar na contramão,Tarde,12,7,2,12,22,0.583333
2022,ES,Sudeste,Transitar no acostamento,Madrugada,1,1,0,1,1,1.0
2022,ES,Sudeste,Transitar no acostamento,Manhã,3,0,0,0,5,0.0
2022,ES,Sudeste,Transitar no acostamento,Noite,6,2,1,1,7,0.333333
2022,ES,Sudeste,Transitar no acostamento,Tarde,2,1,0,1,2,0.5
2022,ES,Sudeste,Ultrapassagem Indevida,Madrugada,2,1,1,1,5,0.5
2022,ES,Sudeste,Ultrapassagem Indevida,Manhã,19,12,6,14,37,0.631579
2022,ES,Sudeste,Ultrapassagem Indevida,Noite,22,11,4,13,35,0.5
2022,ES,Sudeste,Ultrapassagem Indevida,Tarde,23,11,3,8,31,0.478261
2022,ES,Sudeste,Velocidade Incompatível,Madrugada,38,18,3,21,47,0.473684
2022,ES,Sudeste,Velocidade Incompatível,Manhã,58,24,3,27,100,0.413793
2022,ES,Sudeste,Velocidade Incompatível,Noite,57,17,3,19,65,0.298246
2022,ES,Sudeste,Velocidade Incompatível,Tarde,55,28,8,33,84,0.509091
2022,GO,Centro-Oeste,Acessar a via sem observar a presença dos outros veículos,Madrugada,13,6,1,9,23,0.461538
2022,GO,Centro-Oeste,Acessar a via sem observar a presença dos outros veículos,Manhã,80,22,4,23,116,0.275
2022,GO,Centro-Oeste,Acessar a via sem observar a presença dos outros veículos,Noite,73,26,10,30,93,0.356164
2022,GO,Centro-Oeste,Acessar a via sem observar a presença dos outros veículos,Tarde,83,25,6,25,114,0.301205
2022,GO,Centro-Oeste,Acesso irregular,Madrugada,2,0,0,0,0,0.0
2022,GO,Centro-Oeste,Acesso irregular,Manhã,5,3,2,1,8,0.6
2022,GO,Centro-Oeste,Acesso irregular,Noite,12,4,0,4,17,0.333333
2022,GO,Centro-Oeste,Acesso irregular,Tarde,3,2,0,2,3,0.666667
2022,GO,Centro-Oeste,Acostamento em desnível,Madrugada,1,1,0,1,1,1.0
2022,GO,Centro-Oeste,Acostamento em desnível,Tarde,6,1,0,1,6,0.166667
2022,GO,Centro-Oeste,Acumulo de areia ou detritos sobre o pavimento,Manhã,2,0,0,0,3,0.0
2022,GO,Centro-Oeste,Acumulo de areia ou detritos sobre o pavimento,Noite,4,1,0,1,4,0.25
2022,GO,Centro-Oeste,Acumulo de areia ou detritos sobre o pavimento,Tarde,1,1,0,1,1,1.0
2022,GO,Centro-Oeste,Acumulo de água sobre o pavimento,Manhã,13,4,2,2,25,0.307692
2022,GO,Centro-Oeste,Acumulo de água sobre o pavimento,Noite,8,2,0,3,7,0.25
2022,GO,Centro-Oeste,Acumulo de água sobre o pavimento,Tarde,20,4,0,6,22,0.2
2022,GO,Centro-Oeste,Acumulo de óleo sobre o pavimento,Manhã,4,1,0,1,4,0.25
2022,GO,Centro-Oeste,Acumulo de óleo sobre o pavimento,Noite,2,0,0,0,3,0.0
2022,GO,Centro-Oeste,Acumulo de óleo sobre o pavimento,Tarde,6,0,0,0,6,0.0
2022,GO,Centro-Oeste,Afundamento ou ondulação no pavimento,Manhã,4,0,0,0,8,0.0
2022,GO,Centro-Oeste,Afundamento ou ondulação no pavimento,Tarde,2,0,0,0,1,0.0
2022,GO,Centro-Oeste,Animais na Pista,Madrugada,20,4,2,2,28,0.2
2022,GO,Centro-Oeste,Animais na Pista,Manhã,13,2,0,2,12,0.153846
2022,GO,Centro-Oeste,Animais na Pista,Noite,26,6,0,11,33,0.230769
2022,GO,Centro-Oeste,Animais na Pista,Tarde,5,2,0,2,7,0.4
2022,GO,Centro-Oeste,Ausência de reação do condutor,Madrugada,51,16,7,12,50,0.313725
2022,GO,Centro-Oeste,Ausência de reação do condutor,Manhã,81,18,8,17,90,0.222222
2022,GO,Centro-Oeste,Ausência de reação do condutor,Noite,87,19,7,13,80,0.218391
2022,GO,Centro-Oeste,Ausência de reação do condutor,Tarde,95,21,3,20,100,0.221053
2022,GO,Centro-Oeste,Ausência de sinalização,Madrugada,1,1,0,1,1,1.0
2022,GO,Centro-Oeste,Ausência de sinalização,Manhã,3,0,0,0,4,0.0
2022,GO,Centro-Oeste,Ausência de sinalização,Noite,3,2,0,2,4,0.666667
2022,GO,Centro-Oeste,Ausência de sinalização,Tarde,2,1,0,1,3,0.5
2022,GO,Centro-Oeste,Avarias e/ou desgaste excessivo no pneu,Madrugada,5,0,0,0,11,0.0
2022,GO,Centro-Oeste,Avarias e/ou desgaste excessivo no pneu,Manhã,18,3,0,5,24,0.166667
2022,GO,Centro-Oeste,Avarias e/ou desgaste excessivo no pneu,Noite,11,1,1,0,12,0.090909
2022,GO,Centro-Oeste,Avarias e/ou desgaste excessivo no pneu,Tarde,36,9,4,7,73,0.25
2022,GO,Centro-Oeste,Carga excessiva e/ou mal acondicionada,Manhã,4,0,0,0,1,0.0
2022,GO,Centro-Oeste,Carga excessiva e/ou mal acondicionada,Noite,5,1,0,1,4,0.2
2022,GO,Centro-Oeste,Carga excessiva e/ou mal acondicionada,Tarde,5,1,0,1,2,0.2
2022,GO,Centro-Oeste,Chuva,Madrugada,6,2,0,3,7,0.333333
2022,GO,Centro-Oeste,Chuva,Manhã,15,3,0,4,20,0.2
2022,GO,Centro-Oeste,Chuva,Noite,15,3,0,4,17,0.2
2022,GO,Centro-Oeste,Chuva,Tarde,32,9,7,8,54,0.28125
2022,GO,Centro-Oeste,Condutor Dormindo,Madrugada,73,22,4,31,167,0.30137
2022,GO,Centro-Oeste,Condutor Dormindo,Manhã,41,4,1,13,64,0.097561
2022,GO,Centro-Oeste,Condutor Dormindo,Noite,32,8,7,6,35,0.25
2022,GO,Centro-Oeste,Condutor Dormindo,Tarde,32,12,5,20,61,0.375
2022,GO,Centro-Oeste,Condutor deixou de manter distância do veículo da frente,Madrugada,11,2,1,2,17,0.181818
2022,GO,Centro-Oeste,Condutor deixou de manter distância do veículo da frente,Manhã,67,11,1,12,78,0.164179
2022,GO,Centro-Oeste,Condutor deixou de manter distância do veículo da frente,Noite,58,9,0,9,63,0.155172
2022,GO,Centro-Oeste,Condutor deixou de manter distância do veículo da frente,Tarde,66,13,0,15,70,0.19697
2022,GO,Centro-Oeste,Condutor usando celular,Manhã,3,0,0,0,1,0.0
2022,GO,Centro-Oeste,Condutor usando celular,Noite,3,0,0,0,3,0.0
2022,GO,Centro-Oeste,Condutor usando celular,Tarde,6,2,1,2,8,0.333333
2022,GO,Centro-Oeste,Conversão proibida,Manhã,7,0,0,0,10,0.0
2022,GO,Centro-Oeste,Conversão proibida,Noite,10,4,1,3,11,0.4
2022,GO,Centro-Oeste,Conversão proibida,Tarde,9,4,1,4,15,0.444444
2022,GO,Centro-Oeste,Curva acentuada,Madrugada,1,0,0,0,1,0.0
2022,GO,Centro-Oeste,Curva acentuada,Noite,1,1,0,1,1,1.0
2022,GO,Centro-Oeste,Curva acentuada,Tarde,3,2,1,2,4,0.666667
2022,GO,Centro-Oeste,Declive acentuado,Noite,1,1,0,1,1,1.0
2022,GO,Centro-Oeste,Declive acentuado,Tarde,1,0,0,0,2,0.0
2022,GO,Centro-Oeste,Deficiência do Sistema de Iluminação/Sinalização,Madrugada,1,0,0,0,1,0.0
2022,GO,Centro-Oeste,Deficiência do Sistema de Iluminação/Sinalização,Manhã,2,1,1,0,3,0.5
2022,GO,Centro-Oeste,Deficiência do Sistema de Iluminação/Sinalização,Noite,6,2,2,0,7,0.333333
2022,GO,Centro-Oeste,Demais Fenômenos da natureza,Tarde,1,0,0,0,0,0.0
2022,GO,Centro-Oeste,Demais falhas mecânicas ou elétricas,Madrugada,23,2,0,2,13,0.086957
2022,GO,Centro-Oeste,Demais falhas mecânicas ou elétricas,Manhã,37,6,0,6,25,0.162162
2022,GO,Centro-Oeste,Demais falhas mecânicas ou elétricas,Noite,36,5,1,5,32,0.138889
2022,GO,Centro-Oeste,Demais falhas mecânicas ou elétricas,Tarde,54,8,2,9,43,0.148148
2022,GO,Centro-Oeste,Demais falhas na via,Madrugada,2,0,0,0,2,0.0
2022,GO,Centro-Oeste,Demais falhas na via,Manhã,4,0,0,0,4,0.0
2022,GO,Centro-Oeste,Demais falhas na via,Noite,2,1,0,1,1,0.5
2022,GO,Centro-Oeste,Demais falhas na via,Tarde,6,1,0,2,12,0.166667
2022,GO,Centro-Oeste,Desrespeitar a preferência no cruzamento,Madrugada,2,1,0,1,1,0.5
2022,GO,Centro-Oeste,Desrespeitar a preferência no cruzamento,Manhã,15,5,0,6,20,0.333333
2022,GO,Centro-Oeste,Desrespeitar a preferência no cruzamento,Noite,14,6,3,5,22,0.428571
2022,GO,Centro-Oeste,Desrespeitar a preferência no cruzamento,Tarde,17,6,1,7,24,0.352941
2022,GO,Centro-Oeste,Desvio temporário,Manhã,2,0,0,0,3,0.0
2022,GO,Centro-Oeste,Entrada inopinada do pedestre,Madrugada,2,2,2,0,2,1.0
2022,GO,Centro-Oeste,Entrada inopinada do pedestre,Manhã,8,5,1,5,11,0.625
2022,GO,Centro-Oeste,Entrada inopinada do pedestre,Noite,26,18,10,10,31,0.692308
2022,GO,Centro-Oeste,Entrada inopinada do pedestre,Tarde,7,1,0,1,7,0.142857
2022,GO,Centro-Oeste,Estacionar ou parar em local proibido,Madrugada,5,2,0,4,7,0.4
2022,GO,Centro-Oeste,Estacionar ou parar em local proibido,Manhã,4,1,0,1,4,0.25
2022,GO,Centro-Oeste,Estacionar ou parar em local proibido,Noite,5,4,0,5,6,0.8
2022,GO,Centro-Oeste,Estacionar ou parar em local proibido,Tarde,4,0,0,0,4,0.0
2022,GO,Centro-Oeste,Falta de acostamento,Madrugada,1,1,0,1,1,1.0
2022,GO,Centro-Oeste,Falta de acostamento,Manhã,1,1,0,1,1,1.0
2022,GO,Centro-Oeste,Falta de acostamento,Noite,1,1,1,0,1,1.0
2022,GO,Centro-Oeste,Falta de elemento de contenção que evite a saída do leito carroçável,Madrugada,1,1,1,0,1,1.0
2022,GO,Centro-Oeste,Falta de elemento de contenção que evite a saída do leito carroçável,Manhã,3,0,0,0,4,0.0
2022,GO,Centro-Oeste,Falta de elemento de contenção que evite a saída do leito carroçável,Noite,2,0,0,0,2,0.0
2022,GO,Centro-Oeste,Falta de elemento de contenção que evite a saída do leito carroçável,Tarde,2,0,0,0,2,0.0
2022,GO,Centro-Oeste,Frear bruscamente,Madrugada,1,1,0,1,1,1.0
2022,GO,Centro-Oeste,Frear bruscamente,Manhã,4,0,0,0,0,0.0
2022,GO,Centro-Oeste,Frear bruscamente,Noite,3,1,1,0,3,0.333333
2022,GO,Centro-Oeste,Frear bruscamente,Tarde,6,0,0,0,6,0.0
2022,GO,Centro-Oeste,Fumaça,Manhã,1,0,0,0,0,0.0
2022,GO,Centro-Oeste,Fumaça,Tarde,2,0,0,0,6,0.0
2022,GO,Centro-Oeste,Iluminação deficiente,Noite,7,3,1,2,8,0.428571
2022,GO,Centro-Oeste,Ingestão de substâncias psicoativas pelo condutor,Madrugada,1,1,0,1,1,1.0
2022,GO,Centro-Oeste,Ingestão de substâncias psicoativas pelo condutor,Noite,2,0,0,0,0,0.0
2022,GO,Centro-Oeste,Ingestão de substâncias psicoativas pelo condutor,Tarde,1,0,0,0,0,0.0
2022,GO,Centro-Oeste,Ingestão de álcool e/ou substâncias psicoativas pelo pedestre,Madrugada,3,0,0,0,2,0.0
2022,GO,Centro-Oeste,Ingestão de álcool e/ou substâncias psicoativas pelo pedestre,Manhã,1,1,0,1,1,1.0
2022,GO,Centro-Oeste,Ingestão de álcool e/ou substâncias psicoativas pelo pedestre,Noite,13,9,3,6,11,0.692308
2022,GO,Centro-Oeste,Ingestão de álcool e/ou substâncias psicoativas pelo pedestre,Tarde,2,1,0,1,2,0.5
2022,GO,Centro-Oeste,Ingestão de álcool ou de substâncias psicoativas pelo pedestre,Noite,3,2,0,2,4,0.666667
2022,GO,Centro-Oeste,Ingestão de álcool pelo condutor,Madrugada,71,11,4,11,63,0.15493
2022,GO,Centro-Oeste,Ingestão de álcool pelo condutor,Manhã,35,6,1,6,21,0.171429
2022,GO,Centro-Oeste,Ingestão de álcool pelo condutor,Noite,120,28,8,24,92,0.233333
2022,GO,Centro-Oeste,Ingestão de álcool pelo condutor,Tarde,71,17,3,19,84,0.239437
2022,GO,Centro-Oeste,Mal súbito do condutor,Madrugada,1,1,1,0,1,1.0
2022,GO,Centro-Oeste,Mal súbito do condutor,Manhã,8,1,0,1,10,0.125
2022,GO,Centro-Oeste,Mal súbito do condutor,Noite,7,2,0,2,9,0.285714
2022,GO,Centro-Oeste,Mal súbito do condutor,Tarde,11,6,0,8,14,0.545455
2022,GO,Centro-Oeste,Manobra de mudança de faixa,Madrugada,3,1,1,1,3,0.333333
2022,GO,Centro-Oeste,Manobra de mudança de faixa,Manhã,58,18,2,18,65,0.310345
2022,GO,Centro-Oeste,Manobra de mudança de faixa,Noite,35,12,3,11,44,0.342857
2022,GO,Centro-Oeste,Manobra de mudança de faixa,Tarde,65,14,3,12,77,0.215385
2022,GO,Centro-Oeste,Neblina,Madrugada,1,1,1,0,1,1.0
2022,GO,Centro-Oeste,Neblina,Noite,1,0,0,0,1,0.0
2022,GO,Centro-Oeste,Objeto estático sobre o leito carroçável,Madrugada,1,0,0,0,1,0.0
2022,GO,Centro-Oeste,Objeto estático sobre o leito carroçável,Manhã,3,1,0,1,6,0.333333
2022,GO,Centro-Oeste,Objeto estático sobre o leito carroçável,Noite,3,0,0,0,5,0.0
2022,GO,Centro-Oeste,Objeto estático sobre o leito carroçável,Tarde,3,0,0,0,3,0.0
2022,GO,Centro-Oeste,Obras na pista,Manhã,4,1,0,1,3,0.25
2022,GO,Centro-Oeste,Obras na pista,Noite,3,2,2,0,3,0.666667
2022,GO,Centro-Oeste,Obras na pista,Tarde,2,1,1,0,2,0.5
2022,GO,Centro-Oeste,Obstrução na via,Manhã,3,0,0,0,1,0.0
2022,GO,Centro-Oeste,Obstrução na via,Noite,1,0,0,0,1,0.0
2022,GO,Centro-Oeste,Obstrução na via,Tarde,1,0,0,0,0,0.0
2022,GO,Centro-Oeste,Participar de racha,Madrugada,1,1,0,1,1,1.0
2022,GO,Centro-Oeste,Pedestre andava na pista,Madrugada,2,2,0,2,2,1.0
2022,GO,Centro-Oeste,Pedestre andava na pista,Manhã,5,4,0,6,7,0.8
2022,GO,Centro-Oeste,Pedestre andava na pista,Noite,14,8,6,2,15,0.571429
2022,GO,Centro-Oeste,Pedestre andava na pista,Tarde,6,4,0,4,6,0.666667
2022,GO,Centro-Oeste,Pedestre cruzava a pista fora da faixa,Madrugada,1,1,1,0,1,1.0
2022,GO,Centro-Oeste,Pedestre cruzava a pista fora da faixa,Manhã,5,4,0,6,8,0.8
2022,GO,Centro-Oeste,Pedestre cruzava a pista fora da faixa,Noite,14,11,4,7,17,0.785714
2022,GO,Centro-Oeste,Pedestre cruzava a pista fora da faixa,Tarde,7,5,1,4,9,0.714286
2022,GO,Centro-Oeste,Pista Escorregadia,Manhã,4,0,0,0,4,0.0
2022,GO,Centro-Oeste,Pista Escorregadia,Noite,4,1,0,1,4,0.25
2022,GO,Centro-Oeste,Pista Escorregadia,Tarde,9,1,1,2,12,0.111111
2022,GO,Centro-Oeste,Pista em desnível,Madrugada,1,0,0,0,1,0.0
2022,GO,Centro-Oeste,Pista em desnível,Manhã,1,0,0,0,1,0.0
2022,GO,Centro-Oeste,Pista em desnível,Noite,1,0,0,0,2,0.0
2022,GO,Centro-Oeste,Pista em desnível,Tarde,1,0,0,0,0,0.0
2022,GO,Centro-Oeste,Pista esburacada,Madrugada,3,2,0,2,2,0.666667
2022,GO,Centro-Oeste,Pista esburacada,Manhã,9,2,0,2,8,0.222222
2022,GO,Centro-Oeste,Pista esburacada,Noite,4,2,0,2,6,0.5
2022,GO,Centro-Oeste,Pista esburacada,Tarde,3,0,0,0,3,0.0
2022,GO,Centro-Oeste,Problema com o freio,Madrugada,2,0,0,0,1,0.0
2022,GO,Centro-Oeste,Problema com o freio,Manhã,2,1,1,0,1,0.5
2022,GO,Centro-Oeste,Problema com o freio,Noite,2,0,0,0,2,0.0
2022,GO,Centro-Oeste,Problema com o freio,Tarde,4,0,0,0,0,0.0
2022,GO,Centro-Oeste,Problema na suspensão,Manhã,1,0,0,0,1,0.0
2022,GO,Centro-Oeste,Problema na suspensão,Noite,2,0,0,0,2,0.0
2022,GO,Centro-Oeste,Problema na suspensão,Tarde,1,0,0,0,1,0.0
2022,GO,Centro-Oeste,Reação tardia ou ineficiente do condutor,Madrugada,51,11,3,14,53,0.215686
2022,GO,Centro-Oeste,Reação tardia ou ineficiente do condutor,Manhã,120,31,13,28,143,0.258333
2022,GO,Centro-Oeste,Reação tardia ou ineficiente do condutor,Noite,103,26,9,23,127,0.252427
2022,GO,Centro-Oeste,Reação tardia ou ineficiente do condutor,Tarde,120,30,7,32,161,0.25
2022,GO,Centro-Oeste,Restrição de visibilidade em curvas verticais,Manhã,1,0,0,0,1,0.0
2022,GO,Centro-Oeste,Retorno proibido,Manhã,4,1,0,1,6,0.25
2022,GO,Centro-Oeste,Retorno proibido,Noite,2,2,2,2,11,1.0
2022,GO,Centro-Oeste,Retorno proibido,Tarde,2,0,0,0,4,0.0
2022,GO,Centro-Oeste,Sinalização mal posicionada,Manhã,1,0,0,0,1,0.0
2022,GO,Centro-Oeste,Sinalização mal posicionada,Noite,1,0,0,0,2,0.0
2022,GO,Centro-Oeste,Trafegar com motocicleta (ou similar) entre as faixas,Madrugada,2,0,0,0,3,0.0
2022,GO,Centro-Oeste,Trafegar com motocicleta (ou similar) entre as faixas,Manhã,13,3,1,2,12,0.230769
2022,GO,Centro-Oeste,Trafegar com motocicleta (ou similar) entre as faixas,Noite,8,3,0,3,9,0.375
2022,GO,Centro-Oeste,Trafegar com motocicleta (ou similar) entre as faixas,Tarde,6,4,1,3,6,0.666667
2022,GO,Centro-Oeste,Transitar na contramão,Madrugada,15,9,9,6,24,0.6
2022,GO,Centro-Oeste,Transitar na contramão,Manhã,13,8,6,6,25,0.615385
2022,GO,Centro-Oeste,Transitar na contramão,Noite,25,18,15,19,55,0.72
2022,GO,Centro-Oeste,Transitar na contramão,Tarde,14,10,8,7,28,0.714286
2022,GO,Centro-Oeste,Transitar no acostamento,Madrugada,1,0,0,0,0,0.0
2022,GO,Centro-Oeste,Transitar no acostamento,Manhã,3,1,0,1,2,0.333333
2022,GO,Centro-Oeste,Transitar no acostamento,Noite,5,2,0,2,5,0.4
2022,GO,Centro-Oeste,Transitar no acostamento,Tarde,3,1,0,3,5,0.333333
2022,GO,Centro-Oeste,Ultrapassagem Indevida,Madrugada,10,5,2,11,18,0.5
2022,GO,Centro-Oeste,Ultrapassagem Indevida,Manhã,28,13,6,19,59,0.464286
2022,GO,Centro-Oeste,Ultrapassagem Indevida,Noite,19,11,6,12,26,0.578947
2022,GO,Centro-Oeste,Ultrapassagem Indevida,Tarde,31,19,14,14,53,0.612903
2022,GO,Centro-Oeste,Velocidade Incompatível,Madrugada,27,6,4,3,34,0.222222
2022,GO,Centro-Oeste,Velocidade Incompatível,Manhã,69,21,9,22,106,0.304348
2022,GO,Centro-Oeste,Velocidade Incompatível,Noite,58,25,11,25,75,0.431034
2022,GO,Centro-Oeste,Velocidade Incompatível,Tarde,73,24,3,35,105,0.328767
2022,GO,Centro-Oeste,Área urbana sem a presença de local apropriado para a travessia de pedestres,Manhã,4,2,0,2,4,0.5
2022,GO,Centro-Oeste,Área urbana sem a presença de local apropriado para a travessia de pedestres,Noite,5,1,1,0,5,0.2
2022,GO,Centro-Oeste,Área urbana sem a presença de local apropriado para a travessia de pedestres,Tarde,1,0,0,0,2,0.0
2022,MA,Nordeste,Acessar a via sem observar a presença dos outros veículos,Madrugada,4,2,1,2,3,0.5
2022,MA,Nordeste,Acessar a via sem observar a presença dos outros veículos,Manhã,38,20,1,21,43,0.526316
2022,MA,Nordeste,Acessar a via sem observar a presença dos outros veículos,Noite,36,19,9,18,46,0.527778
2022,MA,Nordeste,Acessar a via sem observar a presença dos outros veículos,Tarde,41,14,2,12,49,0.341463
2022,MA,Nordeste,Acesso irregular,Manhã,4,2,0,2,6,0.5
2022,MA,Nordeste,Acesso irregular,Noite,4,2,0,3,6,0.5
2022,MA,Nordeste,Acesso irregular,Tarde,3,1,0,1,2,0.333333
2022,MA,Nordeste,Acostamento em desnível,Madrugada,1,0,0,0,0,0.0
2022,MA,Nordeste,Acostamento em desnível,Manhã,2,0,0,0,2,0.0
2022,MA,Nordeste,Acostamento em desnível,Tarde,2,0,0,0,2,0.0
2022,MA,Nordeste,Acumulo de areia ou detritos sobre o pavimento,Madrugada,1,0,0,0,1,0.0
2022,MA,Nordeste,Acumulo de areia ou detritos sobre o pavimento,Tarde,1,0,0,0,2,0.0
2022,MA,Nordeste,Acumulo de água sobre o pavimento,Madrugada,2,1,0,1,2,0.5
2022,MA,Nordeste,Acumulo de água sobre o pavimento,Manhã,2,0,0,0,2,0.0
2022,MA,Nordeste,Acumulo de água sobre o pavimento,Noite,2,1,1,0,3,0.5
2022,MA,Nordeste,Acumulo de água sobre o pavimento,Tarde,4,1,1,1,3,0.25
2022,MA,Nordeste,Afundamento ou ondulação no pavimento,Manhã,1,0,0,0,2,0.0
2022,MA,Nordeste,Afundamento ou ondulação no pavimento,Noite,1,0,0,0,1,0.0
2022,MA,Nordeste,Afundamento ou ondulação no pavimento,Tarde,3,0,0,0,4,0.0
2022,MA,Nordeste,Animais na Pista,Madrugada,7,6,4,4,16,0.857143
2022,MA,Nordeste,Animais na Pista,Manhã,3,2,0,2,2,0.666667
2022,MA,Nordeste,Animais na Pista,Noite,15,4,1,4,13,0.266667
2022,MA,Nordeste,Animais na Pista,Tarde,3,1,2,0,8,0.333333
2022,MA,Nordeste,Ausência de reação do condutor,Madrugada,20,8,2,6,29,0.4
2022,MA,Nordeste,Ausência de reação do condutor,Manhã,29,11,2,10,35,0.37931
2022,MA,Nordeste,Ausência de reação do condutor,Noite,33,19,11,16,44,0.575758
2022,MA,Nordeste,Ausência de reação do condutor,Tarde,21,8,1,9,34,0.380952
2022,MA,Nordeste,Ausência de sinalização,Manhã,2,1,0,1,3,0.5
2022,MA,Nordeste,Ausência de sinalização,Noite,1,0,0,0,2,0.0
2022,MA,Nordeste,Avarias e/ou desgaste excessivo no pneu,Manhã,5,2,0,2,8,0.4
2022,MA,Nordeste,Avarias e/ou desgaste excessivo no pneu,Tarde,4,2,0,2,10,0.5
2022,MA,Nordeste,Carga excessiva e/ou mal acondicionada,Madrugada,2,0,0,0,2,0.0
2022,MA,Nordeste,Carga excessiva e/ou mal acondicionada,Manhã,2,1,0,1,1,0.5
2022,MA,Nordeste,Carga excessiva e/ou mal acondicionada,Noite,2,1,0,1,2,0.5
2022,MA,Nordeste,Carga excessiva e/ou mal acondicionada,Tarde,3,1,0,1,3,0.333333
2022,MA,Nordeste,Chuva,Madrugada,3,1,1,0,7,0.333333
2022,MA,Nordeste,Chuva,Tarde,2,0,0,0,1,0.0
2022,MA,Nordeste,Condutor Dormindo,Madrugada,2,1,2,1,4,0.5
2022,MA,Nordeste,Condutor Dormindo,Manhã,7,2,2,1,6,0.285714
2022,MA,Nordeste,Condutor Dormindo,Noite,2,1,1,0,3,0.5
2022,MA,Nordeste,Condutor Dormindo,Tarde,8,1,1,0,9,0.125
2022,MA,Nordeste,Condutor deixou de manter distância do veículo da frente,Madrugada,3,1,1,0,3,0.333333
2022,MA,Nordeste,Condutor deixou de manter distância do veículo da frente,Manhã,15,4,0,4,15,0.266667
2022,MA,Nordeste,Condutor deixou de manter distância do veículo da frente,Noite,12,2,0,2,12,0.166667
2022,MA,Nordeste,Condutor deixou de manter distância do veículo da frente,Tarde,30,5,0,5,27,0.166667
2022,MA,Nordeste,Condutor desrespeitou a iluminação vermelha do semáforo,Madrugada,1,0,0,0,1,0.0
2022,MA,Nordeste,Condutor desrespeitou a iluminação vermelha do semáforo,Manhã,1,0,0,0,1,0.0
2022,MA,Nordeste,Condutor desrespeitou a iluminação vermelha do semáforo,Noite,2,0,0,0,1,0.0
2022,MA,Nordeste,Condutor desrespeitou a iluminação vermelha do semáforo,Tarde,3,0,0,0,3,0.0
2022,MA,Nordeste,Conversão proibida,Madrugada,2,1,0,1,2,0.5
2022,MA,Nordeste,Conversão proibida,Manhã,3,0,0,0,8,0.0
2022,MA,Nordeste,Conversão proibida,Noite,1,1,0,1,2,1.0
2022,MA,Nordeste,Conversão proibida,Tarde,8,1,0,1,11,0.125
2022,MA,Nordeste,Curva acentuada,Madrugada,1,0,0,0,0,0.0
2022,MA,Nordeste,Curva acentuada,Noite,1,0,0,0,1,0.0
2022,MA,Nordeste,Curva acentuada,Tarde,1,1,1,0,1,1.0
2022,MA,Nordeste,Demais Fenômenos da natureza,Noite,1,0,0,0,0,0.0
2022,MA,Nordeste,Demais Fenômenos da natureza,Tarde,3,0,0,0,0,0.0
2022,MA,Nordeste,Demais falhas mecânicas ou elétricas,Madrugada,2,0,0,0,0,0.0
2022,MA,Nordeste,Demais falhas mecânicas ou elétricas,Manhã,10,4,2,5,12,0.4
2022,MA,Nordeste,Demais falhas mecânicas ou elétricas,Noite,10,2,0,2,11,0.2
2022,MA,Nordeste,Demais falhas mecânicas ou elétricas,Tarde,12,3,7,1,11,0.25
2022,MA,Nordeste,Demais falhas na via,Madrugada,2,2,1,1,2,1.0
2022,MA,Nordeste,Demais falhas na via,Manhã,1,0,0,0,1,0.0
2022,MA,Nordeste,Demais falhas na via,Noite,3,2,1,1,2,0.666667
2022,MA,Nordeste,Demais falhas na via,Tarde,2,0,0,0,2,0.0
2022,MA,Nordeste,Desrespeitar a preferência no cruzamento,Manhã,11,6,0,6,13,0.545455
2022,MA,Nordeste,Desrespeitar a preferência no cruzamento,Noite,4,4,0,5,8,1.0
2022,MA,Nordeste,Desrespeitar a preferência no cruzamento,Tarde,9,2,1,1,7,0.222222
2022,MA,Nordeste,Desvio temporário,Manhã,1,0,0,0,0,0.0
2022,MA,Nordeste,Desvio temporário,Noite,1,0,0,0,1,0.0
2022,MA,Nordeste,Entrada inopinada do pedestre,Madrugada,1,0,0,0,1,0.0
2022,MA,Nordeste,Entrada inopinada do pedestre,Manhã,4,4,2,2,4,1.0
2022,MA,Nordeste,Entrada inopinada do pedestre,Noite,6,6,4,2,7,1.0
2022,MA,Nordeste,Entrada inopinada do pedestre,Tarde,2,1,1,1,3,0.5
2022,MA,Nordeste,Estacionar ou parar em local proibido,Madrugada,1,0,0,0,0,0.0
2022,MA,Nordeste,Estacionar ou parar em local proibido,Noite,1,0,0,0,0,0.0
2022,MA,Nordeste,Estacionar ou parar em local proibido,Tarde,1,0,0,0,0,0.0
2022,MA,Nordeste,Falta de acostamento,Madrugada,1,1,0,1,1,1.0
2022,MA,Nordeste,Falta de acostamento,Manhã,1,0,0,0,1,0.0
2022,MA,Nordeste,Falta de elemento de contenção que evite a saída do leito carroçável,Madrugada,1,0,0,0,0,0.0
2022,MA,Nordeste,Falta de elemento de contenção que evite a saída do leito carroçável,Manhã,2,1,0,1,2,0.5
2022,MA,Nordeste,Falta de elemento de contenção que evite a saída do leito carroçável,Tarde,2,1,0,1,4,0.5
2022,MA,Nordeste,Frear bruscamente,Madrugada,1,1,0,1,1,1.0
2022,MA,Nordeste,Frear bruscamente,Manhã,3,1,0,1,3,0.333333
2022,MA,Nordeste,Frear bruscamente,Tarde,2,0,0,0,2,0.0
2022,MA,Nordeste,Fumaça,Tarde,2,0,0,0,4,0.0
2022,MA,Nordeste,Iluminação deficiente,Madrugada,1,1,0,1,2,1.0
2022,MA,Nordeste,Iluminação deficiente,Noite,2,1,1,0,2,0.5
2022,MA,Nordeste,Ingestão de substâncias psicoativas pelo condutor,Noite,1,1,0,1,1,1.0
2022,MA,Nordeste,Ingestão de álcool e/ou substâncias psicoativas pelo pedestre,Manhã,1,1,1,0,1,1.0
2022,MA,Nordeste,Ingestão de álcool pelo condutor,Madrugada,16,9,7,10,36,0.5625
2022,MA,Nordeste,Ingestão de álcool pelo condutor,Manhã,3,2,0,2,3,0.666667
2022,MA,Nordeste,Ingestão de álcool pelo condutor,Noite,39,16,4,15,42,0.410256
2022,MA,Nordeste,Ingestão de álcool pelo condutor,Tarde,13,6,4,9,20,0.461538
2022,MA,Nordeste,Mal súbito do condutor,Manhã,2,1,1,0,1,0.5
2022,MA,Nordeste,Mal súbito do condutor,Noite,1,1,0,1,1,1.0
2022,MA,Nordeste,Mal súbito do condutor,Tarde,1,1,1,0,1,1.0
2022,MA,Nordeste,Manobra de mudança de faixa,Madrugada,13,6,4,6,23,0.461538
2022,MA,Nordeste,Manobra de mudança de faixa,Manhã,32,15,7,16,54,0.46875
2022,MA,Nordeste,Manobra de mudança de faixa,Noite,16,12,10,12,31,0.75
2022,MA,Nordeste,Manobra de mudança de faixa,Tarde,18,6,2,12,23,0.333333
2022,MA,Nordeste,Objeto estático sobre o leito carroçável,Madrugada,1,1,0,1,2,1.0
2022,MA,Nordeste,Objeto estático sobre o leito carroçável,Manhã,1,0,0,0,0,0.0
2022,MA,Nordeste,Objeto estático sobre o leito carroçável,Noite,3,2,4,4,15,0.666667
2022,MA,Nordeste,Obras na pista,Manhã,1,0,0,0,1,0.0
2022,MA,Nordeste,Obras na pista,Tarde,2,0,0,0,1,0.0
2022,MA,Nordeste,Obstrução na via,Manhã,2,1,1,0,2,0.5
2022,MA,Nordeste,Participar de racha,Noite,1,1,0,1,1,1.0
2022,MA,Nordeste,Pedestre andava na pista,Manhã,2,1,1,0,2,0.5
2022,MA,Nordeste,Pedestre andava na pista,Noite,7,7,4,5,9,1.0
2022,MA,Nordeste,Pedestre andava na pista,Tarde,1,0,0,0,1,0.0
2022,MA,Nordeste,Pedestre cruzava a pista fora da faixa,Noite,1,0,0,0,1,0.0
2022,MA,Nordeste,Pedestre cruzava a pista fora da faixa,Tarde,2,2,2,2,4,1.0
2022,MA,Nordeste,Pista Escorregadia,Madrugada,2,1,0,1,3,0.5
2022,MA,Nordeste,Pista Escorregadia,Manhã,1,0,0,0,1,0.0
2022,MA,Nordeste,Pista Escorregadia,Noite,1,1,0,1,1,1.0
2022,MA,Nordeste,Pista Escorregadia,Tarde,4,1,0,1,2,0.25
2022,MA,Nordeste,Pista em desnível,Noite,2,0,0,0,0,0.0
2022,MA,Nordeste,Pista em desnível,Tarde,2,1,2,3,5,0.5
2022,MA,Nordeste,Pista esburacada,Madrugada,4,2,0,2,4,0.5
2022,MA,Nordeste,Pista esburacada,Manhã,6,2,1,2,7,0.333333
2022,MA,Nordeste,Pista esburacada,Noite,6,3,4,1,11,0.5
2022,MA,Nordeste,Pista esburacada,Tarde,7,2,0,4,10,0.285714
2022,MA,Nordeste,Problema com o freio,Madrugada,1,0,0,0,0,0.0
2022,MA,Nordeste,Problema com o freio,Tarde,1,1,1,1,2,1.0
2022,MA,Nordeste,Reação tardia ou ineficiente do condutor,Madrugada,12,5,2,5,10,0.416667
2022,MA,Nordeste,Reação tardia ou ineficiente do condutor,Manhã,50,14,3,14,64,0.28
2022,MA,Nordeste,Reação tardia ou ineficiente do condutor,Noite,42,18,4,18,55,0.428571
2022,MA,Nordeste,Reação tardia ou ineficiente do condutor,Tarde,55,20,9,15,68,0.363636
2022,MA,Nordeste,Restrição de visibilidade em curvas verticais,Tarde,1,1,0,2,2,1.0
2022,MA,Nordeste,Retorno proibido,Manhã,1,1,0,1,1,1.0
2022,MA,Nordeste,Retorno proibido,Noite,6,0,0,0,8,0.0
2022,MA,Nordeste,Retorno proibido,Tarde,1,0,0,0,1,0.0
2022,MA,Nordeste,Trafegar com motocicleta (ou similar) entre as faixas,Manhã,2,1,0,1,2,0.5
2022,MA,Nordeste,Trafegar com motocicleta (ou similar) entre as faixas,Tarde,3,1,1,0,2,0.333333
2022,MA,Nordeste,Transitar na calçada,Tarde,1,0,0,0,0,0.0
2022,MA,Nordeste,Transitar na contramão,Madrugada,18,11,12,10,36,0.611111
2022,MA,Nordeste,Transitar na contramão,Manhã,15,13,14,8,24,0.866667
2022,MA,Nordeste,Transitar na contramão,Noite,26,17,6,12,36,0.653846
2022,MA,Nordeste,Transitar na contramão,Tarde,21,16,8,18,39,0.761905
2022,MA,Nordeste,Transitar no acostamento,Manhã,3,1,0,1,2,0.333333
2022,MA,Nordeste,Transitar no acostamento,Noite,7,5,2,7,12,0.714286
2022,MA,Nordeste,Transitar no acostamento,Tarde,5,2,0,2,7,0.4
2022,MA,Nordeste,Ultrapassagem Indevida,Manhã,11,5,5,6,17,0.454545
2022,MA,Nordeste,Ultrapassagem Indevida,Noite,13,8,9,3,18,0.615385
2022,MA,Nordeste,Ultrapassagem Indevida,Tarde,17,9,4,17,38,0.529412
2022,MA,Nordeste,Velocidade Incompatível,Madrugada,3,2,1,3,8,0.666667
2022,MA,Nordeste,Velocidade Incompatível,Manhã,15,4,1,5,27,0.266667
2022,MA,Nordeste,Velocidade Incompatível,Noite,10,7,1,6,13,0.7
2022,MA,Nordeste,Velocidade Incompatível,Tarde,10,3,1,3,12,0.3
2022,MA,Nordeste,Área urbana sem a presença de local apropriado para a travessia de pedestres,Tarde,1,1,0,1,1,1.0
2022,MG,Sudeste,Acessar a via sem observar a presença dos outros veículos,Madrugada,20,9,0,11,35,0.45
2022,MG,Sudeste,Acessar a via sem observar a presença dos outros veículos,Manhã,149,46,11,51,195,0.308725
2022,MG,Sudeste,Acessar a via sem observar a presença dos outros veículos,Noite,134,56,13,52,189,0.41791
2022,MG,Sudeste,Acessar a via sem observar a presença dos outros veículos,Tarde,166,60,8,58,220,0.361446
2022,MG,Sudeste,Acesso irregular,Madrugada,3,1,0,1,3,0.333333
2022,MG,Sudeste,Acesso irregular,Manhã,18,6,0,7,24,0.333333
2022,MG,Sudeste,Acesso irregular,Noite,19,6,4,8,26,0.315789
2022,MG,Sudeste,Acesso irregular,Tarde,19,7,0,14,30,0.368421
2022,MG,Sudeste,Acostamento em desnível,Madrugada,1,0,0,0,0,0.0
2022,MG,Sudeste,Acostamento em desnível,Manhã,6,2,1,1,7,0.333333
2022,MG,Sudeste,Acostamento em desnível,Noite,10,1,0,1,14,0.1
2022,MG,Sudeste,Acostamento em desnível,Tarde,5,0,0,0,2,0.0
2022,MG,Sudeste,Acumulo de areia ou detritos sobre o pavimento,Madrugada,2,0,0,0,2,0.0
2022,MG,Sudeste,Acumulo de areia ou detritos sobre o pavimento,Manhã,8,2,0,2,8,0.25
2022,MG,Sudeste,Acumulo de areia ou detritos sobre o pavimento,Noite,12,3,0,3,13,0.25
2022,MG,Sudeste,Acumulo de areia ou detritos sobre o pavimento,Tarde,10,2,0,2,11,0.2
2022,MG,Sudeste,Acumulo de água sobre o pavimento,Madrugada,3,1,0,1,3,0.333333
2022,MG,Sudeste,Acumulo de água sobre o pavimento,Manhã,18,1,0,2,26,0.055556
2022,MG,Sudeste,Acumulo de água sobre o pavimento,Noite,13,3,1,4,20,0.230769
2022,MG,Sudeste,Acumulo de água sobre o pavimento,Tarde,44,9,4,15,84,0.204545
2022,MG,Sudeste,Acumulo de óleo sobre o pavimento,Madrugada,3,0,0,0,5,0.0
2022,MG,Sudeste,Acumulo de óleo sobre o pavimento,Manhã,15,5,0,6,18,0.333333
2022,MG,Sudeste,Acumulo de óleo sobre o pavimento,Noite,6,3,2,3,12,0.5
2022,MG,Sudeste,Acumulo de óleo sobre o pavimento,Tarde,14,1,0,1,16,0.071429
2022,MG,Sudeste,Afundamento ou ondulação no pavimento,Madrugada,8,5,4,4,11,0.625
2022,MG,Sudeste,Afundamento ou ondulação no pavimento,Manhã,12,4,0,5,15,0.333333
2022,MG,Sudeste,Afundamento ou ondulação no pavimento,Noite,9,5,0,6,11,0.555556
2022,MG,Sudeste,Afundamento ou ondulação no pavimento,Tarde,10,4,3,3,14,0.4
2022,MG,Sudeste,Animais na Pista,Madrugada,38,13,1,13,46,0.342105
2022,MG,Sudeste,Animais na Pista,Manhã,15,6,1,6,18,0.4
2022,MG,Sudeste,Animais na Pista,Noite,63,19,3,21,83,0.301587
2022,MG,Sudeste,Animais na Pista,Tarde,19,6,1,6,18,0.315789
2022,MG,Sudeste,Ausência de reação do condutor,Madrugada,190,56,21,51,210,0.294737
2022,MG,Sudeste,Ausência de reação do condutor,Manhã,303,80,21,72,393,0.264026
2022,MG,Sudeste,Ausência de reação do condutor,Noite,260,84,23,80,299,0.323077
2022,MG,Sudeste,Ausência de reação do condutor,Tarde,314,56,6,67,409,0.178344
2022,MG,Sudeste,Ausência de sinalização,Madrugada,3,0,0,0,3,0.0
2022,MG,Sudeste,Ausência de sinalização,Manhã,5,0,0,0,3,0.0
2022,MG,Sudeste,Ausência de sinalização,Noite,8,3,0,3,11,0.375
2022,MG,Sudeste,Ausência de sinalização,Tarde,4,1,0,1,4,0.25
2022,MG,Sudeste,Avarias e/ou desgaste excessivo no pneu,Madrugada,7,1,1,3,8,0.142857
2022,MG,Sudeste,Avarias e/ou desgaste excessivo no pneu,Manhã,50,12,4,16,76,0.24
2022,MG,Sudeste,Avarias e/ou desgaste excessivo no pneu,Noite,33,12,4,15,50,0.363636
2022,MG,Sudeste,Avarias e/ou desgaste excessivo no pneu,Tarde,82,18,3,17,135,0.219512
2022,MG,Sudeste,Carga excessiva e/ou mal acondicionada,Madrugada,6,0,0,0,2,0.0
2022,MG,Sudeste,Carga excessiva e/ou mal acondicionada,Manhã,15,1,0,1,13,0.066667
2022,MG,Sudeste,Carga excessiva e/ou mal acondicionada,Noite,7,0,0,0,5,0.0
2022,MG,Sudeste,Carga excessiva e/ou mal acondicionada,Tarde,23,2,0,2,16,0.086957
2022,MG,Sudeste,Chuva,Madrugada,20,4,1,3,27,0.2
2022,MG,Sudeste,Chuva,Manhã,61,8,1,7,85,0.131148
2022,MG,Sudeste,Chuva,Noite,39,10,3,25,80,0.25641
2022,MG,Sudeste,Chuva,Tarde,102,28,4,35,163,0.27451
2022,MG,Sudeste,Condutor Dormindo,Madrugada,179,47,22,44,269,0.26257
2022,MG,Sudeste,Condutor Dormindo,Manhã,112,35,7,43,164,0.3125
2022,MG,Sudeste,Condutor Dormindo,Noite,57,15,3,12,69,0.263158
2022,MG,Sudeste,Condutor Dormindo,Tarde,78,25,3,29,115,0.320513
2022,MG,Sudeste,Condutor deixou de manter distância do veículo da frente,Madrugada,19,8,2,7,38,0.421053
2022,MG,Sudeste,Condutor deixou de manter distância do veículo da frente,Manhã,155,24,3,24,189,0.154839
2022,MG,Sudeste,Condutor deixou de manter distância do veículo da frente,Noite,103,30,1,33,128,0.291262
2022,MG,Sudeste,Condutor deixou de manter distância do veículo da frente,Tarde,157,31,3,33,198,0.197452
2022,MG,Sudeste,Condutor usando celular,Manhã,14,4,2,3,13,0.285714
2022,MG,Sudeste,Condutor usando celular,Noite,7,2,0,2,9,0.285714
2022,MG,Sudeste,Condutor usando celular,Tarde,8,2,0,2,12,0.25
2022,MG,Sudeste,Conversão proibida,Madrugada,5,2,0,2,9,0.4
2022,MG,Sudeste,Conversão proibida,Manhã,35,16,1,19,50,0.457143
2022,MG,Sudeste,Conversão proibida,Noite,17,7,1,6,28,0.411765
2022,MG,Sudeste,Conversão proibida,Tarde,53,22,6,21,69,0.415094
2022,MG,Sudeste,Curva acentuada,Madrugada,4,0,0,0,3,0.0
2022,MG,Sudeste,Curva acentuada,Manhã,9,3,0,3,10,0.333333
2022,MG,Sudeste,Curva acentuada,Noite,8,3,1,3,10,0.375
2022,MG,Sudeste,Curva acentuada,Tarde,22,5,2,5,31,0.227273
2022,MG,Sudeste,Declive acentuado,Madrugada,1,0,0,0,0,0.0
2022,MG,Sudeste,Declive acentuado,Manhã,4,1,0,1,3,0.25
2022,MG,Sudeste,Declive acentuado,Noite,2,2,0,2,2,1.0
2022,MG,Sudeste,Declive acentuado,Tarde,5,1,0,1,3,0.2
2022,MG,Sudeste,Deficiência do Sistema de Iluminação/Sinalização,Madrugada,3,1,0,1,2,0.333333
2022,MG,Sudeste,Deficiência do Sistema de Iluminação/Sinalização,Manhã,2,0,0,0,0,0.0
2022,MG,Sudeste,Deficiência do Sistema de Iluminação/Sinalização,Noite,8,5,2,4,13,0.625
2022,MG,Sudeste,Demais Fenômenos da natureza,Madrugada,1,0,0,0,2,0.0
2022,MG,Sudeste,Demais Fenômenos da natureza,Manhã,6,0,0,0,4,0.0
2022,MG,Sudeste,Demais Fenômenos da natureza,Noite,2,0,0,0,1,0.0
2022,MG,Sudeste,Demais Fenômenos da natureza,Tarde,11,2,0,3,9,0.181818
2022,MG,Sudeste,Demais falhas mecânicas ou elétricas,Madrugada,42,4,0,14,31,0.095238
2022,MG,Sudeste,Demais falhas mecânicas ou elétricas,Manhã,105,16,4,17,74,0.152381
2022,MG,Sudeste,Demais falhas mecânicas ou elétricas,Noite,98,11,1,12,59,0.112245
2022,MG,Sudeste,Demais falhas mecânicas ou elétricas,Tarde,139,14,1,21,135,0.100719
2022,MG,Sudeste,Demais falhas na via,Madrugada,5,1,0,1,4,0.2
2022,MG,Sudeste,Demais falhas na via,Manhã,12,5,0,5,16,0.416667
2022,MG,Sudeste,Demais falhas na via,Noite,20,4,3,3,24,0.2
2022,MG,Sudeste,Demais falhas na via,Tarde,19,5,0,5,20,0.263158
2022,MG,Sudeste,Desrespeitar a preferência no cruzamento,Madrugada,2,0,0,0,1,0.0
2022,MG,Sudeste,Desrespeitar a preferência no cruzamento,Manhã,43,11,1,12,52,0.255814
2022,MG,Sudeste,Desrespeitar a preferência no cruzamento,Noite,41,12,0,13,55,0.292683
2022,MG,Sudeste,Desrespeitar a preferência no cruzamento,Tarde,34,4,0,7,60,0.117647
2022,MG,Sudeste,Desvio temporário,Madrugada,3,1,0,1,3,0.333333
2022,MG,Sudeste,Desvio temporário,Manhã,1,0,0,0,1,0.0
2022,MG,Sudeste,Desvio temporário,Noite,3,1,0,1,4,0.333333
2022,MG,Sudeste,Desvio temporário,Tarde,2,1,0,2,5,0.5
2022,MG,Sudeste,Entrada inopinada do pedestre,Madrugada,9,6,2,4,10,0.666667
2022,MG,Sudeste,Entrada inopinada do pedestre,Manhã,21,12,3,9,27,0.571429
2022,MG,Sudeste,Entrada inopinada do pedestre,Noite,35,24,8,16,44,0.685714
2022,MG,Sudeste,Entrada inopinada do pedestre,Tarde,16,9,2,7,17,0.5625
2022,MG,Sudeste,Estacionar ou parar em local proibido,Madrugada,3,1,1,0,2,0.333333
2022,MG,Sudeste,Estacionar ou parar em local proibido,Manhã,5,3,1,2,6,0.6
2022,MG,Sudeste,Estacionar ou parar em local proibido,Noite,3,0,0,0,3,0.0
2022,MG,Sudeste,Estacionar ou parar em local proibido,Tarde,5,4,2,4,7,0.8
2022,MG,Sudeste,Faixas de trânsito com largura insuficiente,Madrugada,1,0,0,0,3,0.0
2022,MG,Sudeste,Faixas de trânsito com largura insuficiente,Manhã,2,0,0,0,3,0.0
2022,MG,Sudeste,Falta de acostamento,Madrugada,3,0,0,0,4,0.0
2022,MG,Sudeste,Falta de acostamento,Manhã,4,1,1,0,4,0.25
2022,MG,Sudeste,Falta de acostamento,Noite,2,2,0,3,4,1.0
2022,MG,Sudeste,Falta de acostamento,Tarde,4,0,0,0,5,0.0
2022,MG,Sudeste,Falta de elemento de contenção que evite a saída do leito carroçável,Madrugada,2,1,0,1,5,0.5
2022,MG,Sudeste,Falta de elemento de contenção que evite a saída do leito carroçável,Manhã,2,1,0,1,2,0.5
2022,MG,Sudeste,Falta de elemento de contenção que evite a saída do leito carroçável,Noite,2,0,0,0,1,0.0
2022,MG,Sudeste,Falta de elemento de contenção que evite a saída do leito carroçável,Tarde,3,1,0,1,4,0.333333
2022,MG,Sudeste,Faróis desregulados,Noite,1,0,0,0,1,0.0
2022,MG,Sudeste,Frear bruscamente,Madrugada,1,0,0,0,1,0.0
2022,MG,Sudeste,Frear bruscamente,Manhã,14,2,0,2,18,0.142857
2022,MG,Sudeste,Frear bruscamente,Noite,6,0,0,0,10,0.0
2022,MG,Sudeste,Frear bruscamente,Tarde,20,3,1,3,22,0.15
2022,MG,Sudeste,Fumaça,Madrugada,1,0,0,0,0,0.0
2022,MG,Sudeste,Fumaça,Noite,2,0,0,0,0,0.0
2022,MG,Sudeste,Fumaça,Tarde,3,0,0,0,2,0.0
2022,MG,Sudeste,Iluminação deficiente,Madrugada,6,3,1,2,7,0.5
2022,MG,Sudeste,Iluminação deficiente,Noite,4,1,0,2,6,0.25
2022,MG,Sudeste,Ingestão de substâncias psicoativas pelo condutor,Manhã,4,0,0,0,3,0.0
2022,MG,Sudeste,Ingestão de substâncias psicoativas pelo condutor,Noite,8,1,0,1,6,0.125
2022,MG,Sudeste,Ingestão de álcool e/ou substâncias psicoativas pelo pedestre,Madrugada,10,3,0,3,9,0.3
2022,MG,Sudeste,Ingestão de álcool e/ou substâncias psicoativas pelo pedestre,Manhã,2,0,0,0,4,0.0
2022,MG,Sudeste,Ingestão de álcool e/ou substâncias psicoativas pelo pedestre,Noite,12,4,0,5,12,0.333333
2022,MG,Sudeste,Ingestão de álcool e/ou substâncias psicoativas pelo pedestre,Tarde,6,2,0,2,4,0.333333
2022,MG,Sudeste,Ingestão de álcool ou de substâncias psicoativas pelo pedestre,Madrugada,1,0,0,0,2,0.0
2022,MG,Sudeste,Ingestão de álcool ou de substâncias psicoativas pelo pedestre,Noite,4,1,0,1,4,0.25
2022,MG,Sudeste,Ingestão de álcool pelo condutor,Madrugada,92,18,3,22,90,0.195652
2022,MG,Sudeste,Ingestão de álcool pelo condutor,Manhã,49,13,0,15,48,0.265306
2022,MG,Sudeste,Ingestão de álcool pelo condutor,Noite,149,40,9,47,169,0.268456
2022,MG,Sudeste,Ingestão de álcool pelo condutor,Tarde,77,12,2,10,70,0.155844
2022,MG,Sudeste,Mal súbito do condutor,Madrugada,5,0,0,0,5,0.0
2022,MG,Sudeste,Mal súbito do condutor,Manhã,22,7,2,5,26,0.318182
2022,MG,Sudeste,Mal súbito do condutor,Noite,17,7,3,8,30,0.411765
2022,MG,Sudeste,Mal súbito do condutor,Tarde,32,10,4,11,47,0.3125
2022,MG,Sudeste,Manobra de mudança de faixa,Madrugada,13,4,1,9,25,0.307692
2022,MG,Sudeste,Manobra de mudança de faixa,Manhã,95,17,3,19,117,0.178947
2022,MG,Sudeste,Manobra de mudança de faixa,Noite,68,18,4,16,86,0.264706
2022,MG,Sudeste,Manobra de mudança de faixa,Tarde,130,30,6,32,164,0.230769
2022,MG,Sudeste,Neblina,Madrugada,3,0,0,0,2,0.0
2022,MG,Sudeste,Neblina,Manhã,4,1,0,1,7,0.25
2022,MG,Sudeste,Neblina,Noite,1,0,0,0,1,0.0
2022,MG,Sudeste,Objeto estático sobre o leito carroçável,Madrugada,8,4,2,3,8,0.5
2022,MG,Sudeste,Objeto estático sobre o leito carroçável,Manhã,14,3,0,3,13,0.214286
2022,MG,Sudeste,Objeto estático sobre o leito carroçável,Noite,23,5,1,5,28,0.217391
2022,MG,Sudeste,Objeto estático sobre o leito carroçável,Tarde,14,5,2,3,13,0.357143
2022,MG,Sudeste,Obras na pista,Madrugada,2,1,0,2,2,0.5
2022,MG,Sudeste,Obras na pista,Manhã,8,4,1,3,10,0.5
2022,MG,Sudeste,Obras na pista,Noite,9,2,1,1,10,0.222222
2022,MG,Sudeste,Obras na pista,Tarde,4,1,0,1,2,0.25
2022,MG,Sudeste,Obstrução na via,Madrugada,2,2,2,4,6,1.0
2022,MG,Sudeste,Obstrução na via,Manhã,8,3,0,3,14,0.375
2022,MG,Sudeste,Obstrução na via,Noite,1,1,0,2,2,1.0
2022,MG,Sudeste,Obstrução na via,Tarde,1,0,0,0,0,0.0
2022,MG,Sudeste,Participar de racha,Noite,1,0,0,0,2,0.0
2022,MG,Sudeste,Pedestre andava na pista,Madrugada,14,14,6,9,16,1.0
2022,MG,Sudeste,Pedestre andava na pista,Manhã,10,9,3,6,10,0.9
2022,MG,Sudeste,Pedestre andava na pista,Noite,47,40,17,27,58,0.851064
2022,MG,Sudeste,Pedestre andava na pista,Tarde,18,14,8,6,21,0.777778
2022,MG,Sudeste,Pedestre cruzava a pista fora da faixa,Madrugada,5,4,1,3,6,0.8
2022,MG,Sudeste,Pedestre cruzava a pista fora da faixa,Manhã,11,5,0,5,13,0.454545
2022,MG,Sudeste,Pedestre cruzava a pista fora da faixa,Noite,40,27,10,19,55,0.675
2022,MG,Sudeste,Pedestre cruzava a pista fora da faixa,Tarde,12,9,3,7,14,0.75
2022,MG,Sudeste,Pista Escorregadia,Madrugada,7,3,1,3,10,0.428571
2022,MG,Sudeste,Pista Escorregadia,Manhã,25,2,1,1,51,0.08
2022,MG,Sudeste,Pista Escorregadia,Noite,17,3,3,5,46,0.176471
2022,MG,Sudeste,Pista Escorregadia,Tarde,40,12,2,13,52,0.3
2022,MG,Sudeste,Pista em desnível,Madrugada,1,0,0,0,0,0.0
2022,MG,Sudeste,Pista em desnível,Noite,6,1,1,0,8,0.166667
2022,MG,Sudeste,Pista em desnível,Tarde,1,1,0,1,1,1.0
2022,MG,Sudeste,Pista esburacada,Madrugada,5,0,0,0,6,0.0
2022,MG,Sudeste,Pista esburacada,Manhã,39,10,3,11,47,0.25641
2022,MG,Sudeste,Pista esburacada,Noite,25,8,1,7,27,0.32
2022,MG,Sudeste,Pista esburacada,Tarde,24,8,2,7,34,0.333333
2022,MG,Sudeste,Problema com o freio,Manhã,18,4,1,5,18,0.222222
2022,MG,Sudeste,Problema com o freio,Noite,8,1,0,1,3,0.125
2022,MG,Sudeste,Problema com o freio,Tarde,16,6,2,5,18,0.375
2022,MG,Sudeste,Problema na suspensão,Madrugada,3,0,0,0,2,0.0
2022,MG,Sudeste,Problema na suspensão,Manhã,6,0,0,0,7,0.0
2022,MG,Sudeste,Problema na suspensão,Noite,4,0,0,0,2,0.0
2022,MG,Sudeste,Problema na suspensão,Tarde,3,0,0,0,3,0.0
2022,MG,Sudeste,Reação tardia ou ineficiente do condutor,Madrugada,119,32,12,31,154,0.268908
2022,MG,Sudeste,Reação tardia ou ineficiente do condutor,Manhã,314,68,22,64,421,0.216561
2022,MG,Sudeste,Reação tardia ou ineficiente do condutor,Noite,231,66,20,61,285,0.285714
2022,MG,Sudeste,Reação tardia ou ineficiente do condutor,Tarde,308,78,16,76,395,0.253247
2022,MG,Sudeste,Redutor de velocidade em desacordo,Madrugada,1,1,0,1,1,1.0
2022,MG,Sudeste,Restrição de visibilidade em curvas horizontais,Noite,1,0,0,0,1,0.0
2022,MG,Sudeste,Restrição de visibilidade em curvas horizontais,Tarde,2,0,0,0,0,0.0
2022,MG,Sudeste,Restrição de visibilidade em curvas verticais,Noite,2,1,1,2,4,0.5
2022,MG,Sudeste,Retorno proibido,Manhã,10,3,0,4,12,0.3
2022,MG,Sudeste,Retorno proibido,Noite,11,5,1,9,16,0.454545
2022,MG,Sudeste,Retorno proibido,Tarde,14,4,1,4,18,0.285714
2022,MG,Sudeste,Sinalização encoberta,Tarde,1,0,0,0,0,0.0
2022,MG,Sudeste,Sinalização mal posicionada,Madrugada,1,0,0,0,1,0.0
2022,MG,Sudeste,Sinalização mal posicionada,Noite,7,3,0,3,9,0.428571
2022,MG,Sudeste,Sistema de drenagem ineficiente,Tarde,1,0,0,0,2,0.0
2022,MG,Sudeste,Trafegar com motocicleta (ou similar) entre as faixas,Madrugada,1,1,0,1,1,1.0
2022,MG,Sudeste,Trafegar com motocicleta (ou similar) entre as faixas,Manhã,31,8,1,9,37,0.258065
2022,MG,Sudeste,Trafegar com motocicleta (ou similar) entre as faixas,Noite,10,4,1,3,13,0.4
2022,MG,Sudeste,Trafegar com motocicleta (ou similar) entre as faixas,Tarde,14,7,3,5,17,0.5
2022,MG,Sudeste,Transitar na calçada,Madrugada,1,0,0,0,0,0.0
2022,MG,Sudeste,Transitar na calçada,Tarde,1,1,0,1,2,1.0
2022,MG,Sudeste,Transitar na contramão,Madrugada,43,28,25,29,126,0.651163
2022,MG,Sudeste,Transitar na contramão,Manhã,59,35,25,27,104,0.59322
2022,MG,Sudeste,Transitar na contramão,Noite,81,48,34,37,156,0.592593
2022,MG,Sudeste,Transitar na contramão,Tarde,46,29,11,28,88,0.630435
2022,MG,Sudeste,Transitar no acostamento,Madrugada,6,2,1,2,9,0.333333
2022,MG,Sudeste,Transitar no acostamento,Manhã,12,7,6,4,16,0.583333
2022,MG,Sudeste,Transitar no acostamento,Noite,23,14,3,16,33,0.608696
2022,MG,Sudeste,Transitar no acostamento,Tarde,15,9,2,8,19,0.6
2022,MG,Sudeste,Ultrapassagem Indevida,Madrugada,7,4,2,6,12,0.571429
2022,MG,Sudeste,Ultrapassagem Indevida,Manhã,62,30,13,28,116,0.483871
2022,MG,Sudeste,Ultrapassagem Indevida,Noite,45,23,19,37,111,0.511111
2022,MG,Sudeste,Ultrapassagem Indevida,Tarde,72,33,12,48,136,0.458333
2022,MG,Sudeste,Velocidade Incompatível,Madrugada,163,43,21,53,245,0.263804
2022,MG,Sudeste,Velocidade Incompatível,Manhã,366,118,34,120,509,0.322404
2022,MG,Sudeste,Velocidade Incompatível,Noite,235,77,23,94,325,0.32766
2022,MG,Sudeste,Velocidade Incompatível,Tarde,424,118,39,154,705,0.278302
2022,MG,Sudeste,Área urbana sem a presença de local apropriado para a travessia de pedestres,Madrugada,1,0,0,0,1,0.0
2022,MG,Sudeste,Área urbana sem a presença de local apropriado para a travessia de pedestres,Manhã,5,4,0,4,5,0.8
2022,MG,Sudeste,Área urbana sem a presença de local apropriado para a travessia de pedestres,Noite,3,3,1,4,5,1.0
2022,MG,Sudeste,Área urbana sem a presença de local apropriado para a travessia de pedestres,Tarde,2,1,1,0,2,0.5
2022,MS,Centro-Oeste,Acessar a via sem observar a presença dos outros veículos,Madrugada,12,6,0,6,14,0.5
2022,MS,Centro-Oeste,Acessar a via sem observar a presença dos outros veículos,Manhã,58,17,3,16,66,0.293103
2022,MS,Centro-Oeste,Acessar a via sem observar a presença dos outros veículos,Noite,48,21,7,21,67,0.4375
2022,MS,Centro-Oeste,Acessar a via sem observar a presença dos outros veículos,Tarde,55,19,4,19,68,0.345455
2022,MS,Centro-Oeste,Acesso irregular,Madrugada,2,0,0,0,1,0.0
2022,MS,Centro-Oeste,Acesso irregular,Manhã,1,0,0,0,1,0.0
2022,MS,Centro-Oeste,Acesso irregular,Noite,1,1,0,1,3,1.0
2022,MS,Centro-Oeste,Acesso irregular,Tarde,5,4,1,3,9,0.8
2022,MS,Centro-Oeste,Acostamento em desnível,Manhã,5,0,0,0,4,0.0
2022,MS,Centro-Oeste,Acostamento em desnível,Noite,1,0,0,0,1,0.0
2022,MS,Centro-Oeste,Acostamento em desnível,Tarde,5,0,0,0,4,0.0
2022,MS,Centro-Oeste,Acumulo de areia ou detritos sobre o pavimento,Manhã,1,1,1,1,2,1.0
2022,MS,Centro-Oeste,Acumulo de areia ou detritos sobre o pavimento,Noite,3,1,0,1,1,0.333333
2022,MS,Centro-Oeste,Acumulo de areia ou detritos sobre o pavimento,Tarde,1,1,0,1,1,1.0
2022,MS,Centro-Oeste,Acumulo de água sobre o pavimento,Madrugada,1,0,0,0,1,0.0
2022,MS,Centro-Oeste,Acumulo de água sobre o pavimento,Manhã,4,0,0,0,6,0.0
2022,MS,Centro-Oeste,Acumulo de água sobre o pavimento,Noite,1,1,0,1,1,1.0
2022,MS,Centro-Oeste,Acumulo de água sobre o pavimento,Tarde,3,2,0,4,6,0.666667
2022,MS,Centro-Oeste,Afundamento ou ondulação no pavimento,Madrugada,1,0,0,0,1,0.0
2022,MS,Centro-Oeste,Afundamento ou ondulação no pavimento,Noite,1,0,0,0,1,0.0
2022,MS,Centro-Oeste,Afundamento ou ondulação no pavimento,Tarde,3,1,1,0,6,0.333333
2022,MS,Centro-Oeste,Animais na Pista,Madrugada,27,5,0,5,26,0.185185
2022,MS,Centro-Oeste,Animais na Pista,Manhã,9,1,0,1,6,0.111111
2022,MS,Centro-Oeste,Animais na Pista,Noite,40,15,0,22,56,0.375
2022,MS,Centro-Oeste,Animais na Pista,Tarde,7,2,0,2,6,0.285714
2022,MS,Centro-Oeste,Ausência de reação do condutor,Madrugada,47,12,4,9,39,0.255319
2022,MS,Centro-Oeste,Ausência de reação do condutor,Manhã,77,14,2,15,98,0.181818
2022,MS,Centro-Oeste,Ausência de reação do condutor,Noite,93,31,8,30,115,0.333333
2022,MS,Centro-Oeste,Ausência de reação do condutor,Tarde,81,19,5,16,91,0.234568
2022,MS,Centro-Oeste,Ausência de sinalização,Manhã,1,0,0,0,0,0.0
2022,MS,Centro-Oeste,Ausência de sinalização,Noite,3,2,0,2,3,0.666667
2022,MS,Centro-Oeste,Avarias e/ou desgaste excessivo no pneu,Madrugada,3,1,0,1,2,0.333333
2022,MS,Centro-Oeste,Avarias e/ou desgaste excessivo no pneu,Manhã,16,5,1,5,20,0.3125
2022,MS,Centro-Oeste,Avarias e/ou desgaste excessivo no pneu,Noite,4,1,0,1,3,0.25
2022,MS,Centro-Oeste,Avarias e/ou desgaste excessivo no pneu,Tarde,13,3,3,2,22,0.230769
2022,MS,Centro-Oeste,Carga excessiva e/ou mal acondicionada,Madrugada,1,1,1,0,1,1.0
2022,MS,Centro-Oeste,Carga excessiva e/ou mal acondicionada,Noite,3,1,0,1,3,0.333333
2022,MS,Centro-Oeste,Carga excessiva e/ou mal acondicionada,Tarde,1,0,0,0,0,0.0
2022,MS,Centro-Oeste,Chuva,Madrugada,1,1,0,1,1,1.0
2022,MS,Centro-Oeste,Chuva,Manhã,3,1,0,1,5,0.333333
2022,MS,Centro-Oeste,Chuva,Noite,5,3,0,8,10,0.6
2022,MS,Centro-Oeste,Chuva,Tarde,5,0,0,0,6,0.0
2022,MS,Centro-Oeste,Condutor Dormindo,Madrugada,28,7,5,7,47,0.25
2022,MS,Centro-Oeste,Condutor Dormindo,Manhã,16,5,2,3,23,0.3125
2022,MS,Centro-Oeste,Condutor Dormindo,Noite,13,5,0,7,20,0.384615
2022,MS,Centro-Oeste,Condutor Dormindo,Tarde,14,8,7,10,24,0.571429
2022,MS,Centro-Oeste,Condutor deixou de manter distância do veículo da frente,Madrugada,4,0,0,0,3,0.0
2022,MS,Centro-Oeste,Condutor deixou de manter distância do veículo da frente,Manhã,15,3,0,3,12,0.2
2022,MS,Centro-Oeste,Condutor deixou de manter distância do veículo da frente,Noite,14,3,0,4,13,0.214286
2022,MS,Centro-Oeste,Condutor deixou de manter distância do veículo da frente,Tarde,20,8,0,8,21,0.4
2022,MS,Centro-Oeste,Condutor usando celular,Tarde,1,1,1,0,2,1.0
2022,MS,Centro-Oeste,Conversão proibida,Madrugada,1,0,0,0,1,0.0
2022,MS,Centro-Oeste,Conversão proibida,Manhã,7,0,0,0,4,0.0
2022,MS,Centro-Oeste,Conversão proibida,Noite,4,1,0,2,8,0.25
2022,MS,Centro-Oeste,Conversão proibida,Tarde,9,5,2,5,11,0.555556
2022,MS,Centro-Oeste,Curva acentuada,Madrugada,1,0,0,0,0,0.0
2022,MS,Centro-Oeste,Curva acentuada,Manhã,1,0,0,0,0,0.0
2022,MS,Centro-Oeste,Curva acentuada,Tarde,1,1,0,1,1,1.0
2022,MS,Centro-Oeste,Deficiência do Sistema de Iluminação/Sinalização,Madrugada,1,0,0,0,2,0.0
2022,MS,Centro-Oeste,Deficiência do Sistema de Iluminação/Sinalização,Noite,4,1,0,1,4,0.25
2022,MS,Centro-Oeste,Deficiência do Sistema de Iluminação/Sinalização,Tarde,1,0,0,0,2,0.0
2022,MS,Centro-Oeste,Demais Fenômenos da natureza,Noite,1,1,0,1,1,1.0
2022,MS,Centro-Oeste,Demais falhas mecânicas ou elétricas,Madrugada,10,1,0,1,4,0.1
2022,MS,Centro-Oeste,Demais falhas mecânicas ou elétricas,Manhã,18,2,0,3,10,0.111111
2022,MS,Centro-Oeste,Demais falhas mecânicas ou elétricas,Noite,22,2,0,2,9,0.090909
2022,MS,Centro-Oeste,Demais falhas mecânicas ou elétricas,Tarde,25,3,1,3,23,0.12
2022,MS,Centro-Oeste,Demais falhas na via,Madrugada,1,1,0,1,1,1.0
2022,MS,Centro-Oeste,Demais falhas na via,Manhã,2,0,0,0,1,0.0
2022,MS,Centro-Oeste,Demais falhas na via,Noite,1,1,0,1,1,1.0
2022,MS,Centro-Oeste,Desrespeitar a preferência no cruzamento,Madrugada,3,3,0,3,3,1.0
2022,MS,Centro-Oeste,Desrespeitar a preferência no cruzamento,Manhã,7,0,0,0,5,0.0
2022,MS,Centro-Oeste,Desrespeitar a preferência no cruzamento,Noite,4,0,0,0,5,0.0
2022,MS,Centro-Oeste,Desrespeitar a preferência no cruzamento,Tarde,7,1,0,1,13,0.142857
2022,MS,Centro-Oeste,Entrada inopinada do pedestre,Madrugada,2,2,1,2,3,1.0
2022,MS,Centro-Oeste,Entrada inopinada do pedestre,Manhã,1,1,0,1,1,1.0
2022,MS,Centro-Oeste,Entrada inopinada do pedestre,Noite,5,3,0,3,5,0.6
2022,MS,Centro-Oeste,Entrada inopinada do pedestre,Tarde,2,2,1,1,2,1.0
2022,MS,Centro-Oeste,Estacionar ou parar em local proibido,Noite,1,1,0,1,1,1.0
2022,MS,Centro-Oeste,Falta de acostamento,Madrugada,2,1,1,0,2,0.5
2022,MS,Centro-Oeste,Falta de acostamento,Manhã,3,1,0,1,4,0.333333
2022,MS,Centro-Oeste,Falta de elemento de contenção que evite a saída do leito carroçável,Tarde,1,1,1,0,1,1.0
2022,MS,Centro-Oeste,Frear bruscamente,Manhã,2,1,0,2,6,0.5
2022,MS,Centro-Oeste,Frear bruscamente,Noite,1,0,0,0,1,0.0
2022,MS,Centro-Oeste,Frear bruscamente,Tarde,3,2,1,1,2,0.666667
2022,MS,Centro-Oeste,Fumaça,Tarde,1,0,0,0,2,0.0
2022,MS,Centro-Oeste,Iluminação deficiente,Noite,2,0,0,0,2,0.0
2022,MS,Centro-Oeste,Ingestão de substâncias psicoativas pelo condutor,Noite,1,0,0,0,1,0.0
2022,MS,Centro-Oeste,Ingestão de álcool e/ou substâncias psicoativas pelo pedestre,Madrugada,1,0,0,0,0,0.0
2022,MS,Centro-Oeste,Ingestão de álcool e/ou substâncias psicoativas pelo pedestre,Tarde,1,0,0,0,0,0.0
2022,MS,Centro-Oeste,Ingestão de álcool pelo condutor,Madrugada,42,8,1,10,32,0.190476
2022,MS,Centro-Oeste,Ingestão de álcool pelo condutor,Manhã,16,4,0,6,20,0.25
2022,MS,Centro-Oeste,Ingestão de álcool pelo condutor,Noite,56,10,0,12,46,0.178571
2022,MS,Centro-Oeste,Ingestão de álcool pelo condutor,Tarde,18,5,1,15,28,0.277778
2022,MS,Centro-Oeste,Mal súbito do condutor,Madrugada,1,0,0,0,1,0.0
2022,MS,Centro-Oeste,Mal súbito do condutor,Manhã,5,2,1,1,5,0.4
2022,MS,Centro-Oeste,Mal súbito do condutor,Tarde,6,1,0,1,6,0.166667
2022,MS,Centro-Oeste,Manobra de mudança de faixa,Madrugada,5,1,0,2,7,0.2
2022,MS,Centro-Oeste,Manobra de mudança de faixa,Manhã,19,5,5,5,26,0.263158
2022,MS,Centro-Oeste,Manobra de mudança de faixa,Noite,13,6,1,6,12,0.461538
2022,MS,Centro-Oeste,Manobra de mudança de faixa,Tarde,23,13,4,15,34,0.565217
2022,MS,Centro-Oeste,Neblina,Madrugada,1,0,0,0,2,0.0
2022,MS,Centro-Oeste,Neblina,Manhã,2,1,0,1,2,0.5
2022,MS,Centro-Oeste,Objeto estático sobre o leito carroçável,Noite,3,1,0,1,4,0.333333
2022,MS,Centro-Oeste,Objeto estático sobre o leito carroçável,Tarde,1,0,0,0,1,0.0
2022,MS,Centro-Oeste,Obras na pista,Madrugada,1,1,0,1,1,1.0
2022,MS,Centro-Oeste,Obras na pista,Manhã,1,0,0,0,1,0.0
2022,MS,Centro-Oeste,Obras na pista,Noite,1,1,0,1,1,1.0
2022,MS,Centro-Oeste,Pedestre andava na pista,Madrugada,9,7,5,2,9,0.777778
2022,MS,Centro-Oeste,Pedestre andava na pista,Manhã,3,2,0,2,3,0.666667
2022,MS,Centro-Oeste,Pedestre andava na pista,Noite,14,12,6,6,14,0.857143
2022,MS,Centro-Oeste,Pedestre andava na pista,Tarde,1,1,1,0,1,1.0
2022,MS,Centro-Oeste,Pedestre cruzava a pista fora da faixa,Manhã,2,2,1,1,2,1.0
2022,MS,Centro-Oeste,Pedestre cruzava a pista fora da faixa,Noite,6,6,3,3,7,1.0
2022,MS,Centro-Oeste,Pedestre cruzava a pista fora da faixa,Tarde,1,1,1,0,1,1.0
2022,MS,Centro-Oeste,Pista Escorregadia,Manhã,2,1,0,3,5,0.5
2022,MS,Centro-Oeste,Pista Escorregadia,Noite,2,0,0,0,2,0.0
2022,MS,Centro-Oeste,Pista Escorregadia,Tarde,2,0,0,0,2,0.0
2022,MS,Centro-Oeste,Pista em desnível,Noite,1,0,0,0,3,0.0
2022,MS,Centro-Oeste,Pista esburacada,Madrugada,1,0,0,0,0,0.0
2022,MS,Centro-Oeste,Pista esburacada,Manhã,2,0,0,0,2,0.0
2022,MS,Centro-Oeste,Pista esburacada,Noite,2,0,0,0,3,0.0
2022,MS,Centro-Oeste,Pista esburacada,Tarde,2,0,0,0,2,0.0
2022,MS,Centro-Oeste,Problema com o freio,Madrugada,1,0,0,0,0,0.0
2022,MS,Centro-Oeste,Problema com o freio,Manhã,2,0,0,0,1,0.0
2022,MS,Centro-Oeste,Problema com o freio,Noite,1,0,0,0,0,0.0
2022,MS,Centro-Oeste,Problema com o freio,Tarde,4,1,0,1,3,0.25
2022,MS,Centro-Oeste,Problema na suspensão,Madrugada,1,0,0,0,1,0.0
2022,MS,Centro-Oeste,Reação tardia ou ineficiente do condutor,Madrugada,32,7,2,7,32,0.21875
2022,MS,Centro-Oeste,Reação tardia ou ineficiente do condutor,Manhã,75,20,7,21,98,0.266667
2022,MS,Centro-Oeste,Reação tardia ou ineficiente do condutor,Noite,61,20,11,14,60,0.327869
2022,MS,Centro-Oeste,Reação tardia ou ineficiente do condutor,Tarde,92,25,8,18,117,0.271739
2022,MS,Centro-Oeste,Redutor de velocidade em desacordo,Noite,1,1,0,1,1,1.0
2022,MS,Centro-Oeste,Restrição de visibilidade em curvas horizontais,Madrugada,1,0,0,0,1,0.0
2022,MS,Centro-Oeste,Restrição de visibilidade em curvas horizontais,Manhã,1,0,0,0,2,0.0
2022,MS,Centro-Oeste,Restrição de visibilidade em curvas horizontais,Noite,1,0,0,0,0,0.0
2022,MS,Centro-Oeste,Restrição de visibilidade em curvas horizontais,Tarde,1,1,0,1,1,1.0
2022,MS,Centro-Oeste,Retorno proibido,Madrugada,1,0,0,0,1,0.0
2022,MS,Centro-Oeste,Retorno proibido,Manhã,1,0,0,0,1,0.0
2022,MS,Centro-Oeste,Retorno proibido,Noite,2,0,0,0,1,0.0
2022,MS,Centro-Oeste,Retorno proibido,Tarde,1,0,0,0,1,0.0
2022,MS,Centro-Oeste,Transitar na contramão,Madrugada,8,8,7,4,19,1.0
2022,MS,Centro-Oeste,Transitar na contramão,Manhã,16,8,10,5,26,0.5
2022,MS,Centro-Oeste,Transitar na contramão,Noite,27,19,11,14,38,0.703704
2022,MS,Centro-Oeste,Transitar na contramão,Tarde,17,11,7,14,33,0.647059
2022,MS,Centro-Oeste,Transitar no acostamento,Manhã,3,1,0,1,4,0.333333
2022,MS,Centro-Oeste,Transitar no acostamento,Noite,3,1,1,0,6,0.333333
2022,MS,Centro-Oeste,Transitar no acostamento,Tarde,5,2,0,2,6,0.4
2022,MS,Centro-Oeste,Ultrapassagem Indevida,Madrugada,4,2,1,1,6,0.5
2022,MS,Centro-Oeste,Ultrapassagem Indevida,Manhã,9,2,0,3,8,0.222222
2022,MS,Centro-Oeste,Ultrapassagem Indevida,Noite,12,7,2,7,13,0.583333
2022,MS,Centro-Oeste,Ultrapassagem Indevida,Tarde,4,2,3,0,6,0.5
2022,MS,Centro-Oeste,Velocidade Incompatível,Madrugada,13,4,0,5,8,0.307692
2022,MS,Centro-Oeste,Velocidade Incompatível,Manhã,12,3,1,3,14,0.25
2022,MS,Centro-Oeste,Velocidade Incompatível,Noite,12,4,1,3,16,0.333333
2022,MS,Centro-Oeste,Velocidade Incompatível,Tarde,12,6,1,5,14,0.5
2022,MS,Centro-Oeste,Área urbana sem a presença de local apropriado para a travessia de pedestres,Manhã,1,0,0,0,2,0.0
2022,MS,Centro-Oeste,Área urbana sem a presença de local apropriado para a travessia de pedestres,Tarde,1,1,0,1,1,1.0
2022,MT,Centro-Oeste,Acessar a via sem observar a presença dos outros veículos,Madrugada,10,4,1,4,12,0.4
2022,MT,Centro-Oeste,Acessar a via sem observar a presença dos outros veículos,Manhã,63,25,5,22,73,0.396825
2022,MT,Centro-Oeste,Acessar a via sem observar a presença dos outros veículos,Noite,53,23,4,23,60,0.433962
2022,MT,Centro-Oeste,Acessar a via sem observar a presença dos outros veículos,Tarde,84,25,6,33,113,0.297619
2022,MT,Centro-Oeste,Acesso irregular,Madrugada,1,1,0,1,1,1.0
2022,MT,Centro-Oeste,Acesso irregular,Manhã,10,4,2,2,9,0.4
2022,MT,Centro-Oeste,Acesso irregular,Noite,4,1,0,5,9,0.25
2022,MT,Centro-Oeste,Acesso irregular,Tarde,15,3,0,3,17,0.2
2022,MT,Centro-Oeste,Acostamento em desnível,Madrugada,5,2,0,3,7,0.4
2022,MT,Centro-Oeste,Acostamento em desnível,Manhã,11,1,1,0,15,0.090909
2022,MT,Centro-Oeste,Acostamento em desnível,Noite,13,3,1,2,16,0.230769
2022,MT,Centro-Oeste,Acostamento em desnível,Tarde,10,2,1,1,12,0.2
2022,MT,Centro-Oeste,Acumulo de areia ou detritos sobre o pavimento,Manhã,1,0,0,0,0,0.0
2022,MT,Centro-Oeste,Acumulo de areia ou detritos sobre o pavimento,Noite,3,1,1,0,5,0.333333
2022,MT,Centro-Oeste,Acumulo de areia ou detritos sobre o pavimento,Tarde,1,0,0,0,1,0.0
2022,MT,Centro-Oeste,Acumulo de água sobre o pavimento,Madrugada,2,0,0,0,7,0.0
2022,MT,Centro-Oeste,Acumulo de água sobre o pavimento,Manhã,6,2,0,2,10,0.333333
2022,MT,Centro-Oeste,Acumulo de água sobre o pavimento,Noite,3,0,0,0,3,0.0
2022,MT,Centro-Oeste,Acumulo de água sobre o pavimento,Tarde,10,1,0,1,16,0.1
2022,MT,Centro-Oeste,Acumulo de óleo sobre o pavimento,Madrugada,1,0,0,0,2,0.0
2022,MT,Centro-Oeste,Acumulo de óleo sobre o pavimento,Manhã,3,0,0,0,6,0.0
2022,MT,Centro-Oeste,Acumulo de óleo sobre o pavimento,Noite,1,0,0,0,1,0.0
2022,MT,Centro-Oeste,Afundamento ou ondulação no pavimento,Manhã,2,0,0,0,2,0.0
2022,MT,Centro-Oeste,Afundamento ou ondulação no pavimento,Noite,1,1,0,1,1,1.0
2022,MT,Centro-Oeste,Afundamento ou ondulação no pavimento,Tarde,2,0,0,0,2,0.0
2022,MT,Centro-Oeste,Animais na Pista,Madrugada,13,4,1,4,15,0.307692
2022,MT,Centro-Oeste,Animais na Pista,Manhã,5,1,1,0,5,0.2
2022,MT,Centro-Oeste,Animais na Pista,Noite,25,4,0,4,24,0.16
2022,MT,Centro-Oeste,Animais na Pista,Tarde,3,1,0,1,3,0.333333
2022,MT,Centro-Oeste,Ausência de reação do condutor,Madrugada,45,14,5,11,42,0.311111
2022,MT,Centro-Oeste,Ausência de reação do condutor,Manhã,53,13,5,10,56,0.245283
2022,MT,Centro-Oeste,Ausência de reação do condutor,Noite,60,14,7,7,61,0.233333
2022,MT,Centro-Oeste,Ausência de reação do condutor,Tarde,82,16,6,14,102,0.195122
2022,MT,Centro-Oeste,Ausência de sinalização,Noite,2,1,0,1,3,0.5
2022,MT,Centro-Oeste,Ausência de sinalização,Tarde,4,0,0,0,5,0.0
2022,MT,Centro-Oeste,Avarias e/ou desgaste excessivo no pneu,Madrugada,3,1,0,1,3,0.333333
2022,MT,Centro-Oeste,Avarias e/ou desgaste excessivo no pneu,Manhã,13,0,0,0,18,0.0
2022,MT,Centro-Oeste,Avarias e/ou desgaste excessivo no pneu,Noite,8,2,0,6,13,0.25
2022,MT,Centro-Oeste,Avarias e/ou desgaste excessivo no pneu,Tarde,14,6,5,9,38,0.428571
2022,MT,Centro-Oeste,Carga excessiva e/ou mal acondicionada,Madrugada,1,0,0,0,1,0.0
2022,MT,Centro-Oeste,Carga excessiva e/ou mal acondicionada,Manhã,2,1,0,1,2,0.5
2022,MT,Centro-Oeste,Carga excessiva e/ou mal acondicionada,Noite,4,2,1,1,4,0.5
2022,MT,Centro-Oeste,Carga excessiva e/ou mal acondicionada,Tarde,5,2,0,2,3,0.4
2022,MT,Centro-Oeste,Chuva,Manhã,7,3,1,6,14,0.428571
2022,MT,Centro-Oeste,Chuva,Noite,8,3,0,3,8,0.375
2022,MT,Centro-Oeste,Chuva,Tarde,29,6,2,7,37,0.206897
2022,MT,Centro-Oeste,Condutor Dormindo,Madrugada,42,11,7,14,96,0.261905
2022,MT,Centro-Oeste,Condutor Dormindo,Manhã,11,4,2,4,13,0.363636
2022,MT,Centro-Oeste,Condutor Dormindo,Noite,14,3,1,2,19,0.214286
2022,MT,Centro-Oeste,Condutor Dormindo,Tarde,14,3,2,1,14,0.214286
2022,MT,Centro-Oeste,Condutor deixou de manter distância do veículo da frente,Madrugada,5,3,0,3,3,0.6
2022,MT,Centro-Oeste,Condutor deixou de manter distância do veículo da frente,Manhã,33,10,2,10,40,0.30303
2022,MT,Centro-Oeste,Condutor deixou de manter distância do veículo da frente,Noite,28,6,2,6,29,0.214286
2022,MT,Centro-Oeste,Condutor deixou de manter distância do veículo da frente,Tarde,44,11,2,11,59,0.25
2022,MT,Centro-Oeste,Condutor desrespeitou a iluminação vermelha do semáforo,Madrugada,1,0,0,0,0,0.0
2022,MT,Centro-Oeste,Condutor desrespeitou a iluminação vermelha do semáforo,Manhã,2,1,1,1,3,0.5
2022,MT,Centro-Oeste,Condutor desrespeitou a iluminação vermelha do semáforo,Tarde,2,0,0,0,2,0.0
2022,MT,Centro-Oeste,Conversão proibida,Madrugada,1,0,0,0,0,0.0
2022,MT,Centro-Oeste,Conversão proibida,Manhã,7,0,0,0,6,0.0
2022,MT,Centro-Oeste,Conversão proibida,Noite,7,2,1,1,11,0.285714
2022,MT,Centro-Oeste,Conversão proibida,Tarde,5,1,0,1,5,0.2
2022,MT,Centro-Oeste,Curva acentuada,Madrugada,3,0,0,0,3,0.0
2022,MT,Centro-Oeste,Curva acentuada,Manhã,8,4,2,2,7,0.5
2022,MT,Centro-Oeste,Curva acentuada,Noite,4,0,0,0,4,0.0
2022,MT,Centro-Oeste,Curva acentuada,Tarde,4,0,0,0,4,0.0
2022,MT,Centro-Oeste,Declive acentuado,Manhã,2,1,0,1,1,0.5
2022,MT,Centro-Oeste,Declive acentuado,Noite,1,1,2,0,8,1.0
2022,MT,Centro-Oeste,Deficiência do Sistema de Iluminação/Sinalização,Madrugada,2,1,0,1,3,0.5
2022,MT,Centro-Oeste,Deficiência do Sistema de Iluminação/Sinalização,Noite,9,0,0,0,9,0.0
2022,MT,Centro-Oeste,Deixar de acionar o farol da motocicleta (ou similar),Noite,1,0,0,0,1,0.0
2022,MT,Centro-Oeste,Demais Fenômenos da natureza,Manhã,1,0,0,0,0,0.0
2022,MT,Centro-Oeste,Demais Fenômenos da natureza,Tarde,3,0,0,0,0,0.0
2022,MT,Centro-Oeste,Demais falhas mecânicas ou elétricas,Madrugada,12,2,1,1,11,0.166667
2022,MT,Centro-Oeste,Demais falhas mecânicas ou elétricas,Manhã,35,6,1,6,27,0.171429
2022,MT,Centro-Oeste,Demais falhas mecânicas ou elétricas,Noite,19,3,1,2,11,0.157895
2022,MT,Centro-Oeste,Demais falhas mecânicas ou elétricas,Tarde,48,7,2,6,31,0.145833
2022,MT,Centro-Oeste,Demais falhas na via,Madrugada,1,0,0,0,0,0.0
2022,MT,Centro-Oeste,Demais falhas na via,Manhã,5,0,0,0,6,0.0
2022,MT,Centro-Oeste,Demais falhas na via,Noite,3,0,0,0,1,0.0
2022,MT,Centro-Oeste,Demais falhas na via,Tarde,5,1,0,1,4,0.2
2022,MT,Centro-Oeste,Desrespeitar a preferência no cruzamento,Madrugada,1,0,0,0,1,0.0
2022,MT,Centro-Oeste,Desrespeitar a preferência no cruzamento,Manhã,13,5,0,5,20,0.384615
2022,MT,Centro-Oeste,Desrespeitar a preferência no cruzamento,Noite,7,3,0,3,9,0.428571
2022,MT,Centro-Oeste,Desrespeitar a preferência no cruzamento,Tarde,12,3,0,3,9,0.25
2022,MT,Centro-Oeste,Entrada inopinada do pedestre,Madrugada,1,1,0,1,1,1.0
2022,MT,Centro-Oeste,Entrada inopinada do pedestre,Manhã,4,3,1,2,4,0.75
2022,MT,Centro-Oeste,Entrada inopinada do pedestre,Noite,8,3,1,2,11,0.375
2022,MT,Centro-Oeste,Entrada inopinada do pedestre,Tarde,6,4,2,2,7,0.666667
2022,MT,Centro-Oeste,Estacionar ou parar em local proibido,Madrugada,2,1,0,1,2,0.5
2022,MT,Centro-Oeste,Estacionar ou parar em local proibido,Tarde,1,0,0,0,1,0.0
2022,MT,Centro-Oeste,Falta de acostamento,Madrugada,1,0,0,0,1,0.0
2022,MT,Centro-Oeste,Falta de acostamento,Manhã,3,0,0,0,3,0.0
2022,MT,Centro-Oeste,Falta de acostamento,Noite,3,0,0,0,3,0.0
2022,MT,Centro-Oeste,Falta de acostamento,Tarde,5,1,0,1,3,0.2
2022,MT,Centro-Oeste,Falta de elemento de contenção que evite a saída do leito carroçável,Madrugada,2,1,0,1,1,0.5
2022,MT,Centro-Oeste,Falta de elemento de contenção que evite a saída do leito carroçável,Manhã,1,0,0,0,1,0.0
2022,MT,Centro-Oeste,Falta de elemento de contenção que evite a saída do leito carroçável,Noite,1,0,0,0,2,0.0
2022,MT,Centro-Oeste,Falta de elemento de contenção que evite a saída do leito carroçável,Tarde,3,1,0,1,4,0.333333
2022,MT,Centro-Oeste,Frear bruscamente,Manhã,4,0,0,0,3,0.0
2022,MT,Centro-Oeste,Frear bruscamente,Noite,1,1,1,0,4,1.0
2022,MT,Centro-Oeste,Frear bruscamente,Tarde,4,1,0,1,4,0.25
2022,MT,Centro-Oeste,Fumaça,Noite,1,0,0,0,2,0.0
2022,MT,Centro-Oeste,Iluminação deficiente,Madrugada,1,0,0,0,1,0.0
2022,MT,Centro-Oeste,Iluminação deficiente,Noite,4,2,0,2,5,0.5
2022,MT,Centro-Oeste,Ingestão de substâncias psicoativas pelo condutor,Madrugada,1,0,0,0,1,0.0
2022,MT,Centro-Oeste,Ingestão de álcool e/ou substâncias psicoativas pelo pedestre,Madrugada,3,0,0,0,1,0.0
2022,MT,Centro-Oeste,Ingestão de álcool e/ou substâncias psicoativas pelo pedestre,Manhã,1,0,0,0,1,0.0
2022,MT,Centro-Oeste,Ingestão de álcool e/ou substâncias psicoativas pelo pedestre,Noite,3,2,1,1,2,0.666667
2022,MT,Centro-Oeste,Ingestão de álcool e/ou substâncias psicoativas pelo pedestre,Tarde,1,0,0,0,1,0.0
2022,MT,Centro-Oeste,Ingestão de álcool ou de substâncias psicoativas pelo pedestre,Tarde,1,1,0,1,1,1.0
2022,MT,Centro-Oeste,Ingestão de álcool pelo condutor,Madrugada,41,5,2,3,24,0.121951
2022,MT,Centro-Oeste,Ingestão de álcool pelo condutor,Manhã,22,4,0,5,14,0.181818
2022,MT,Centro-Oeste,Ingestão de álcool pelo condutor,Noite,74,15,5,20,77,0.202703
2022,MT,Centro-Oeste,Ingestão de álcool pelo condutor,Tarde,34,6,1,8,31,0.176471
2022,MT,Centro-Oeste,Mal súbito do condutor,Manhã,6,2,0,2,6,0.333333
2022,MT,Centro-Oeste,Mal súbito do condutor,Noite,4,1,0,1,4,0.25
2022,MT,Centro-Oeste,Mal súbito do condutor,Tarde,13,3,4,2,17,0.230769
2022,MT,Centro-Oeste,Manobra de mudança de faixa,Madrugada,5,2,0,3,7,0.4
2022,MT,Centro-Oeste,Manobra de mudança de faixa,Manhã,22,5,4,3,32,0.227273
2022,MT,Centro-Oeste,Manobra de mudança de faixa,Noite,13,6,2,7,19,0.461538
2022,MT,Centro-Oeste,Manobra de mudança de faixa,Tarde,24,7,3,6,38,0.291667
2022,MT,Centro-Oeste,Neblina,Madrugada,1,0,0,0,1,0.0
2022,MT,Centro-Oeste,Neblina,Manhã,1,0,0,0,0,0.0
2022,MT,Centro-Oeste,Neblina,Noite,2,1,0,2,5,0.5
2022,MT,Centro-Oeste,Objeto estático sobre o leito carroçável,Manhã,1,1,0,1,1,1.0
2022,MT,Centro-Oeste,Objeto estático sobre o leito carroçável,Noite,6,2,1,2,9,0.333333
2022,MT,Centro-Oeste,Objeto estático sobre o leito carroçável,Tarde,4,0,0,0,5,0.0
2022,MT,Centro-Oeste,Obras na pista,Manhã,3,2,3,1,4,0.666667
2022,MT,Centro-Oeste,Obras na pista,Tarde,1,1,1,1,2,1.0
2022,MT,Centro-Oeste,Obstrução na via,Madrugada,2,2,0,2,2,1.0
2022,MT,Centro-Oeste,Obstrução na via,Manhã,1,0,0,0,1,0.0
2022,MT,Centro-Oeste,Obstrução na via,Noite,2,0,0,0,3,0.0
2022,MT,Centro-Oeste,Pedestre andava na pista,Madrugada,1,1,1,0,1,1.0
2022,MT,Centro-Oeste,Pedestre andava na pista,Noite,3,3,2,1,3,1.0
2022,MT,Centro-Oeste,Pedestre andava na pista,Tarde,2,2,2,0,2,1.0
2022,MT,Centro-Oeste,Pedestre cruzava a pista fora da faixa,Madrugada,1,1,1,0,1,1.0
2022,MT,Centro-Oeste,Pedestre cruzava a pista fora da faixa,Manhã,3,3,2,1,3,1.0
2022,MT,Centro-Oeste,Pedestre cruzava a pista fora da faixa,Noite,2,1,0,1,2,0.5
2022,MT,Centro-Oeste,Pedestre cruzava a pista fora da faixa,Tarde,3,1,0,1,4,0.333333
2022,MT,Centro-Oeste,Pista Escorregadia,Manhã,6,1,1,1,7,0.166667
2022,MT,Centro-Oeste,Pista Escorregadia,Noite,4,1,0,1,6,0.25
2022,MT,Centro-Oeste,Pista Escorregadia,Tarde,5,1,0,1,4,0.2
2022,MT,Centro-Oeste,Pista em desnível,Manhã,2,0,0,0,1,0.0
2022,MT,Centro-Oeste,Pista em desnível,Noite,2,0,0,0,1,0.0
2022,MT,Centro-Oeste,Pista em desnível,Tarde,3,1,0,1,3,0.333333
2022,MT,Centro-Oeste,Pista esburacada,Madrugada,4,0,0,0,3,0.0
2022,MT,Centro-Oeste,Pista esburacada,Manhã,9,1,1,1,12,0.111111
2022,MT,Centro-Oeste,Pista esburacada,Noite,8,0,0,0,11,0.0
2022,MT,Centro-Oeste,Pista esburacada,Tarde,8,2,0,2,11,0.25
2022,MT,Centro-Oeste,Problema com o freio,Manhã,6,1,0,1,5,0.166667
2022,MT,Centro-Oeste,Problema com o freio,Noite,6,3,2,3,7,0.5
2022,MT,Centro-Oeste,Problema com o freio,Tarde,10,4,2,2,8,0.4
2022,MT,Centro-Oeste,Problema na suspensão,Manhã,1,0,0,0,1,0.0
2022,MT,Centro-Oeste,Problema na suspensão,Tarde,1,0,0,0,0,0.0
2022,MT,Centro-Oeste,Reação tardia ou ineficiente do condutor,Madrugada,56,20,6,14,61,0.357143
2022,MT,Centro-Oeste,Reação tardia ou ineficiente do condutor,Manhã,95,32,8,31,129,0.336842
2022,MT,Centro-Oeste,Reação tardia ou ineficiente do condutor,Noite,78,24,10,24,105,0.307692
2022,MT,Centro-Oeste,Reação tardia ou ineficiente do condutor,Tarde,99,16,2,15,110,0.161616
2022,MT,Centro-Oeste,Restrição de visibilidade em curvas horizontais,Manhã,1,0,0,0,0,0.0
2022,MT,Centro-Oeste,Retorno proibido,Madrugada,1,1,0,2,3,1.0
2022,MT,Centro-Oeste,Retorno proibido,Manhã,7,1,0,1,8,0.142857
2022,MT,Centro-Oeste,Retorno proibido,Noite,3,0,0,0,5,0.0
2022,MT,Centro-Oeste,Retorno proibido,Tarde,2,0,0,0,4,0.0
2022,MT,Centro-Oeste,Trafegar com motocicleta (ou similar) entre as faixas,Manhã,1,0,0,0,1,0.0
2022,MT,Centro-Oeste,Trafegar com motocicleta (ou similar) entre as faixas,Noite,3,3,2,1,3,1.0
2022,MT,Centro-Oeste,Trafegar com motocicleta (ou similar) entre as faixas,Tarde,2,1,0,1,2,0.5
2022,MT,Centro-Oeste,Transitar na contramão,Madrugada,14,11,7,6,16,0.785714
2022,MT,Centro-Oeste,Transitar na contramão,Manhã,13,8,14,8,38,0.615385
2022,MT,Centro-Oeste,Transitar na contramão,Noite,31,18,12,11,39,0.580645
2022,MT,Centro-Oeste,Transitar na contramão,Tarde,22,14,14,8,35,0.636364
2022,MT,Centro-Oeste,Transitar no acostamento,Manhã,3,2,2,0,3,0.666667
2022,MT,Centro-Oeste,Transitar no acostamento,Noite,2,0,0,0,2,0.0
2022,MT,Centro-Oeste,Transitar no acostamento,Tarde,1,1,1,0,2,1.0
2022,MT,Centro-Oeste,Ultrapassagem Indevida,Madrugada,12,10,5,10,21,0.833333
2022,MT,Centro-Oeste,Ultrapassagem Indevida,Manhã,31,16,16,20,86,0.516129
2022,MT,Centro-Oeste,Ultrapassagem Indevida,Noite,18,11,11,13,58,0.611111
2022,MT,Centro-Oeste,Ultrapassagem Indevida,Tarde,41,19,5,18,69,0.463415
2022,MT,Centro-Oeste,Velocidade Incompatível,Madrugada,11,3,2,1,8,0.272727
2022,MT,Centro-Oeste,Velocidade Incompatível,Manhã,27,10,7,8,35,0.37037
2022,MT,Centro-Oeste,Velocidade Incompatível,Noite,19,9,3,8,23,0.473684
2022,MT,Centro-Oeste,Velocidade Incompatível,Tarde,30,12,5,12,47,0.4
2022,MT,Centro-Oeste,Área urbana sem a presença de local apropriado para a travessia de pedestres,Noite,1,0,0,0,1,0.0
2022,MT,Centro-Oeste,Área urbana sem a presença de local apropriado para a travessia de pedestres,Tarde,1,0,0,0,1,0.0
2022,PA,Norte,Acessar a via sem observar a presença dos outros veículos,Madrugada,3,2,2,0,3,0.666667
2022,PA,Norte,Acessar a via sem observar a presença dos outros veículos,Manhã,30,15,3,13,37,0.5
2022,PA,Norte,Acessar a via sem observar a presença dos outros veículos,Noite,27,14,4,12,34,0.518519
2022,PA,Norte,Acessar a via sem observar a presença dos outros veículos,Tarde,34,14,5,10,38,0.411765
2022,PA,Norte,Acesso irregular,Manhã,4,1,0,4,10,0.25
2022,PA,Norte,Acesso irregular,Noite,2,1,1,0,3,0.5
2022,PA,Norte,Acesso irregular,Tarde,1,1,1,0,1,1.0
2022,PA,Norte,Acostamento em desnível,Noite,1,0,0,0,1,0.0
2022,PA,Norte,Acostamento em desnível,Tarde,1,0,0,0,1,0.0
2022,PA,Norte,Acumulo de areia ou detritos sobre o pavimento,Manhã,4,0,0,0,4,0.0
2022,PA,Norte,Acumulo de areia ou detritos sobre o pavimento,Tarde,1,0,0,0,1,0.0
2022,PA,Norte,Acumulo de água sobre o pavimento,Madrugada,1,0,0,0,0,0.0
2022,PA,Norte,Acumulo de água sobre o pavimento,Manhã,3,2,1,3,6,0.666667
2022,PA,Norte,Acumulo de água sobre o pavimento,Noite,4,0,0,0,3,0.0
2022,PA,Norte,Acumulo de água sobre o pavimento,Tarde,5,0,0,0,4,0.0
2022,PA,Norte,Afundamento ou ondulação no pavimento,Manhã,3,1,1,0,2,0.333333
2022,PA,Norte,Afundamento ou ondulação no pavimento,Noite,1,1,0,1,1,1.0
2022,PA,Norte,Animais na Pista,Madrugada,7,4,2,4,12,0.571429
2022,PA,Norte,Animais na Pista,Noite,7,2,1,2,7,0.285714
2022,PA,Norte,Ausência de reação do condutor,Madrugada,16,12,10,11,32,0.75
2022,PA,Norte,Ausência de reação do condutor,Manhã,27,12,7,9,42,0.444444
2022,PA,Norte,Ausência de reação do condutor,Noite,30,19,15,14,50,0.633333
2022,PA,Norte,Ausência de reação do condutor,Tarde,20,5,0,5,26,0.25
2022,PA,Norte,Ausência de sinalização,Noite,3,1,1,0,3,0.333333
2022,PA,Norte,Avarias e/ou desgaste excessivo no pneu,Madrugada,1,1,0,2,2,1.0
2022,PA,Norte,Avarias e/ou desgaste excessivo no pneu,Manhã,4,1,1,3,21,0.25
2022,PA,Norte,Avarias e/ou desgaste excessivo no pneu,Noite,3,0,0,0,2,0.0
2022,PA,Norte,Avarias e/ou desgaste excessivo no pneu,Tarde,4,2,3,1,7,0.5
2022,PA,Norte,Carga excessiva e/ou mal acondicionada,Manhã,1,0,0,0,1,0.0
2022,PA,Norte,Carga excessiva e/ou mal acondicionada,Noite,1,0,0,0,1,0.0
2022,PA,Norte,Carga excessiva e/ou mal acondicionada,Tarde,1,0,0,0,0,0.0
2022,PA,Norte,Chuva,Madrugada,2,1,1,0,2,0.5
2022,PA,Norte,Chuva,Manhã,1,0,0,0,1,0.0
2022,PA,Norte,Chuva,Noite,2,0,0,0,3,0.0
2022,PA,Norte,Chuva,Tarde,6,3,2,3,11,0.5
2022,PA,Norte,Condutor Dormindo,Madrugada,4,2,2,0,11,0.5
2022,PA,Norte,Condutor Dormindo,Manhã,3,0,0,0,5,0.0
2022,PA,Norte,Condutor Dormindo,Noite,1,0,0,0,0,0.0
2022,PA,Norte,Condutor Dormindo,Tarde,1,0,0,0,1,0.0
2022,PA,Norte,Condutor deixou de manter distância do veículo da frente,Madrugada,4,3,2,2,8,0.75
2022,PA,Norte,Condutor deixou de manter distância do veículo da frente,Manhã,11,3,0,6,17,0.272727
2022,PA,Norte,Condutor deixou de manter distância do veículo da frente,Noite,11,4,1,3,11,0.363636
2022,PA,Norte,Condutor deixou de manter distância do veículo da frente,Tarde,20,2,0,2,16,0.1
2022,PA,Norte,Condutor desrespeitou a iluminação vermelha do semáforo,Madrugada,1,0,0,0,2,0.0
2022,PA,Norte,Condutor desrespeitou a iluminação vermelha do semáforo,Manhã,2,0,0,0,1,0.0
2022,PA,Norte,Condutor desrespeitou a iluminação vermelha do semáforo,Noite,4,2,0,2,6,0.5
2022,PA,Norte,Condutor desrespeitou a iluminação vermelha do semáforo,Tarde,1,1,0,1,1,1.0
2022,PA,Norte,Condutor usando celular,Manhã,1,1,0,1,2,1.0
2022,PA,Norte,Conversão proibida,Madrugada,1,0,0,0,0,0.0
2022,PA,Norte,Conversão proibida,Manhã,3,2,0,2,4,0.666667
2022,PA,Norte,Conversão proibida,Noite,6,3,0,5,8,0.5
2022,PA,Norte,Conversão proibida,Tarde,11,6,1,9,22,0.545455
2022,PA,Norte,Curva acentuada,Madrugada,2,0,0,0,1,0.0
2022,PA,Norte,Curva acentuada,Manhã,3,1,1,0,1,0.333333
2022,PA,Norte,Curva acentuada,Tarde,3,2,1,3,6,0.666667
2022,PA,Norte,Declive acentuado,Manhã,1,0,0,0,0,0.0
2022,PA,Norte,Deficiência do Sistema de Iluminação/Sinalização,Noite,4,1,0,1,2,0.25
2022,PA,Norte,Demais falhas mecânicas ou elétricas,Madrugada,1,0,0,0,0,0.0
2022,PA,Norte,Demais falhas mecânicas ou elétricas,Manhã,11,2,0,6,9,0.181818
2022,PA,Norte,Demais falhas mecânicas ou elétricas,Noite,5,0,0,0,3,0.0
2022,PA,Norte,Demais falhas mecânicas ou elétricas,Tarde,9,1,0,1,10,0.111111
2022,PA,Norte,Demais falhas na via,Madrugada,1,0,0,0,2,0.0
2022,PA,Norte,Demais falhas na via,Manhã,1,0,0,0,1,0.0
2022,PA,Norte,Demais falhas na via,Noite,1,1,0,2,3,1.0
2022,PA,Norte,Demais falhas na via,Tarde,2,1,0,2,10,0.5
2022,PA,Norte,Desrespeitar a preferência no cruzamento,Madrugada,1,1,1,1,4,1.0
2022,PA,Norte,Desrespeitar a preferência no cruzamento,Manhã,5,3,2,2,7,0.6
2022,PA,Norte,Desrespeitar a preferência no cruzamento,Noite,5,4,1,3,4,0.8
2022,PA,Norte,Desrespeitar a preferência no cruzamento,Tarde,4,3,0,4,4,0.75
2022,PA,Norte,Desvio temporário,Manhã,2,1,0,1,2,0.5
2022,PA,Norte,Entrada inopinada do pedestre,Madrugada,1,1,1,0,1,1.0
2022,PA,Norte,Entrada inopinada do pedestre,Manhã,3,3,0,3,3,1.0
2022,PA,Norte,Entrada inopinada do pedestre,Noite,3,2,1,1,3,0.666667
2022,PA,Norte,Entrada inopinada do pedestre,Tarde,2,1,1,0,3,0.5
2022,PA,Norte,Estacionar ou parar em local proibido,Manhã,1,0,0,0,2,0.0
2022,PA,Norte,Estacionar ou parar em local proibido,Tarde,1,1,1,1,2,1.0
2022,PA,Norte,Falta de elemento de contenção que evite a saída do leito carroçável,Tarde,3,1,1,0,9,0.333333
2022,PA,Norte,Frear bruscamente,Madrugada,1,1,1,0,1,1.0
2022,PA,Norte,Frear bruscamente,Manhã,1,1,0,1,2,1.0
2022,PA,Norte,Frear bruscamente,Tarde,1,0,0,0,1,0.0
2022,PA,Norte,Iluminação deficiente,Madrugada,1,0,0,0,1,0.0
2022,PA,Norte,Iluminação deficiente,Noite,2,2,2,0,2,1.0
2022,PA,Norte,Ingestão de álcool pelo condutor,Madrugada,6,4,2,19,26,0.666667
2022,PA,Norte,Ingestão de álcool pelo condutor,Manhã,4,1,1,0,4,0.25
2022,PA,Norte,Ingestão de álcool pelo condutor,Noite,7,4,0,4,8,0.571429
2022,PA,Norte,Ingestão de álcool pelo condutor,Tarde,9,0,0,0,6,0.0
2022,PA,Norte,Mal súbito do condutor,Manhã,2,2,0,3,3,1.0
2022,PA,Norte,Mal súbito do condutor,Noite,1,0,0,0,0,0.0
2022,PA,Norte,Manobra de mudança de faixa,Madrugada,9,5,2,3,8,0.555556
2022,PA,Norte,Manobra de mudança de faixa,Manhã,23,12,2,13,31,0.521739
2022,PA,Norte,Manobra de mudança de faixa,Noite,14,10,4,12,24,0.714286
2022,PA,Norte,Manobra de mudança de faixa,Tarde,14,8,1,9,26,0.571429
2022,PA,Norte,Objeto estático sobre o leito carroçável,Noite,2,0,0,0,1,0.0
2022,PA,Norte,Pedestre andava na pista,Noite,8,7,5,2,9,0.875
2022,PA,Norte,Pedestre andava na pista,Tarde,1,0,0,0,1,0.0
2022,PA,Norte,Pedestre cruzava a pista fora da faixa,Manhã,2,0,0,0,3,0.0
2022,PA,Norte,Pedestre cruzava a pista fora da faixa,Noite,1,1,1,0,1,1.0
2022,PA,Norte,Pista Escorregadia,Madrugada,1,0,0,0,0,0.0
2022,PA,Norte,Pista Escorregadia,Manhã,1,0,0,0,0,0.0
2022,PA,Norte,Pista Escorregadia,Tarde,7,2,1,4,8,0.285714
2022,PA,Norte,Pista em desnível,Tarde,2,0,0,0,3,0.0
2022,PA,Norte,Pista esburacada,Madrugada,2,1,0,1,2,0.5
2022,PA,Norte,Pista esburacada,Manhã,6,1,0,1,9,0.166667
2022,PA,Norte,Pista esburacada,Noite,6,2,2,1,8,0.333333
2022,PA,Norte,Pista esburacada,Tarde,2,0,0,0,2,0.0
2022,PA,Norte,Problema com o freio,Madrugada,1,0,0,0,0,0.0
2022,PA,Norte,Problema com o freio,Manhã,1,0,0,0,0,0.0
2022,PA,Norte,Problema com o freio,Noite,1,0,0,0,0,0.0
2022,PA,Norte,Problema com o freio,Tarde,2,1,0,1,1,0.5
2022,PA,Norte,Problema na suspensão,Tarde,1,0,0,0,1,0.0
2022,PA,Norte,Reação tardia ou ineficiente do condutor,Madrugada,17,8,2,7,42,0.470588
2022,PA,Norte,Reação tardia ou ineficiente do condutor,Manhã,34,12,5,13,41,0.352941
2022,PA,Norte,Reação tardia ou ineficiente do condutor,Noite,39,24,15,15,67,0.615385
2022,PA,Norte,Reação tardia ou ineficiente do condutor,Tarde,35,12,6,10,43,0.342857
2022,PA,Norte,Redutor de velocidade em desacordo,Tarde,1,0,0,0,1,0.0
2022,PA,Norte,Retorno proibido,Tarde,1,1,1,0,1,1.0
2022,PA,Norte,Semáforo com defeito,Manhã,2,1,0,1,3,0.5
2022,PA,Norte,Sinalização mal posicionada,Tarde,1,1,1,1,2,1.0
2022,PA,Norte,Trafegar com motocicleta (ou similar) entre as faixas,Manhã,1,1,0,1,1,1.0
2022,PA,Norte,Trafegar com motocicleta (ou similar) entre as faixas,Noite,1,1,0,2,2,1.0
2022,PA,Norte,Trafegar com motocicleta (ou similar) entre as faixas,Tarde,1,0,0,0,1,0.0
2022,PA,Norte,Transitar na calçada,Manhã,1,1,0,2,2,1.0
2022,PA,Norte,Transitar na contramão,Madrugada,9,5,7,1,12,0.555556
2022,PA,Norte,Transitar na contramão,Manhã,19,12,4,11,22,0.631579
2022,PA,Norte,Transitar na contramão,Noite,26,18,14,8,40,0.692308
2022,PA,Norte,Transitar na contramão,Tarde,16,10,7,15,43,0.625
2022,PA,Norte,Transitar no acostamento,Madrugada,1,1,1,0,1,1.0
2022,PA,Norte,Transitar no acostamento,Manhã,2,0,0,0,1,0.0
2022,PA,Norte,Transitar no acostamento,Noite,1,0,0,0,2,0.0
2022,PA,Norte,Transitar no acostamento,Tarde,2,1,0,1,2,0.5
2022,PA,Norte,Ultrapassagem Indevida,Madrugada,1,0,0,0,0,0.0
2022,PA,Norte,Ultrapassagem Indevida,Manhã,5,3,2,9,13,0.6
2022,PA,Norte,Ultrapassagem Indevida,Noite,10,7,5,6,15,0.7
2022,PA,Norte,Ultrapassagem Indevida,Tarde,14,7,3,7,16,0.5
2022,PA,Norte,Velocidade Incompatível,Madrugada,2,2,1,1,2,1.0
2022,PA,Norte,Velocidade Incompatível,Manhã,7,1,1,0,7,0.142857
2022,PA,Norte,Velocidade Incompatível,Noite,5,2,2,1,9,0.4
2022,PA,Norte,Velocidade Incompatível,Tarde,16,4,3,1,16,0.25
2022,PA,Norte,Área urbana sem a presença de local apropriado para a travessia de pedestres,Noite,1,1,1,0,1,1.0
2022,PB,Nordeste,Acessar a via sem observar a presença dos outros veículos,Madrugada,11,8,0,10,16,0.727273
2022,PB,Nordeste,Acessar a via sem observar a presença dos outros veículos,Manhã,36,9,1,8,47,0.25
2022,PB,Nordeste,Acessar a via sem observar a presença dos outros veículos,Noite,30,19,11,12,37,0.633333
2022,PB,Nordeste,Acessar a via sem observar a presença dos outros veículos,Tarde,54,22,2,22,74,0.407407
2022,PB,Nordeste,Acesso irregular,Madrugada,1,1,0,1,2,1.0
2022,PB,Nordeste,Acesso irregular,Manhã,3,1,0,1,4,0.333333
2022,PB,Nordeste,Acesso irregular,Noite,3,2,0,2,4,0.666667
2022,PB,Nordeste,Acesso irregular,Tarde,5,3,2,3,9,0.6
2022,PB,Nordeste,Acostamento em desnível,Manhã,3,3,0,3,4,1.0
2022,PB,Nordeste,Acostamento em desnível,Noite,1,0,0,0,1,0.0
2022,PB,Nordeste,Acostamento em desnível,Tarde,2,0,0,0,2,0.0
2022,PB,Nordeste,Acumulo de areia ou detritos sobre o pavimento,Manhã,3,0,0,0,4,0.0
2022,PB,Nordeste,Acumulo de areia ou detritos sobre o pavimento,Noite,4,1,0,1,4,0.25
2022,PB,Nordeste,Acumulo de areia ou detritos sobre o pavimento,Tarde,1,0,0,0,1,0.0
2022,PB,Nordeste,Acumulo de água sobre o pavimento,Madrugada,3,0,0,0,1,0.0
2022,PB,Nordeste,Acumulo de água sobre o pavimento,Manhã,11,0,0,0,13,0.0
2022,PB,Nordeste,Acumulo de água sobre o pavimento,Noite,5,1,0,1,4,0.2
2022,PB,Nordeste,Acumulo de água sobre o pavimento,Tarde,1,0,0,0,2,0.0
2022,PB,Nordeste,Acumulo de óleo sobre o pavimento,Manhã,2,0,0,0,2,0.0
2022,PB,Nordeste,Acumulo de óleo sobre o pavimento,Noite,2,0,0,0,3,0.0
2022,PB,Nordeste,Acumulo de óleo sobre o pavimento,Tarde,2,1,0,1,3,0.5
2022,PB,Nordeste,Afundamento ou ondulação no pavimento,Manhã,4,1,0,1,5,0.25
2022,PB,Nordeste,Afundamento ou ondulação no pavimento,Noite,2,1,0,1,2,0.5
2022,PB,Nordeste,Afundamento ou ondulação no pavimento,Tarde,3,1,0,1,5,0.333333
2022,PB,Nordeste,Animais na Pista,Madrugada,15,8,4,6,22,0.533333
2022,PB,Nordeste,Animais na Pista,Manhã,7,4,0,4,11,0.571429
2022,PB,Nordeste,Animais na Pista,Noite,18,8,4,8,25,0.444444
2022,PB,Nordeste,Animais na Pista,Tarde,6,2,1,1,7,0.333333
2022,PB,Nordeste,Ausência de reação do condutor,Madrugada,19,8,7,5,22,0.421053
2022,PB,Nordeste,Ausência de reação do condutor,Manhã,69,14,3,16,82,0.202899
2022,PB,Nordeste,Ausência de reação do condutor,Noite,46,21,6,20,58,0.456522
2022,PB,Nordeste,Ausência de reação do condutor,Tarde,73,15,3,14,69,0.205479
2022,PB,Nordeste,Ausência de sinalização,Noite,2,2,0,2,3,1.0
2022,PB,Nordeste,Avarias e/ou desgaste excessivo no pneu,Madrugada,1,0,0,0,0,0.0
2022,PB,Nordeste,Avarias e/ou desgaste excessivo no pneu,Manhã,17,5,1,6,31,0.294118
2022,PB,Nordeste,Avarias e/ou desgaste excessivo no pneu,Noite,5,2,0,3,9,0.4
2022,PB,Nordeste,Avarias e/ou desgaste excessivo no pneu,Tarde,17,2,0,2,24,0.117647
2022,PB,Nordeste,Carga excessiva e/ou mal acondicionada,Madrugada,1,0,0,0,1,0.0
2022,PB,Nordeste,Carga excessiva e/ou mal acondicionada,Manhã,2,2,0,2,5,1.0
2022,PB,Nordeste,Carga excessiva e/ou mal acondicionada,Tarde,3,0,0,0,0,0.0
2022,PB,Nordeste,Chuva,Madrugada,4,1,0,1,5,0.25
2022,PB,Nordeste,Chuva,Manhã,6,1,0,1,6,0.166667
2022,PB,Nordeste,Chuva,Noite,8,3,1,5,10,0.375
2022,PB,Nordeste,Chuva,Tarde,7,2,0,2,8,0.285714
2022,PB,Nordeste,Condutor Dormindo,Madrugada,17,3,1,2,9,0.176471
2022,PB,Nordeste,Condutor Dormindo,Manhã,13,1,0,1,16,0.076923
2022,PB,Nordeste,Condutor Dormindo,Noite,8,0,0,0,8,0.0
2022,PB,Nordeste,Condutor Dormindo,Tarde,13,1,0,1,14,0.076923
2022,PB,Nordeste,Condutor deixou de manter distância do veículo da frente,Madrugada,4,1,1,1,5,0.25
2022,PB,Nordeste,Condutor deixou de manter distância do veículo da frente,Manhã,41,8,0,9,39,0.195122
2022,PB,Nordeste,Condutor deixou de manter distância do veículo da frente,Noite,21,7,0,7,28,0.333333
2022,PB,Nordeste,Condutor deixou de manter distância do veículo da frente,Tarde,43,5,1,5,45,0.116279
2022,PB,Nordeste,Condutor usando celular,Manhã,1,0,0,0,1,0.0
2022,PB,Nordeste,Condutor usando celular,Noite,1,0,0,0,0,0.0
2022,PB,Nordeste,Conversão proibida,Madrugada,2,2,0,2,2,1.0
2022,PB,Nordeste,Conversão proibida,Manhã,7,2,0,4,10,0.285714
2022,PB,Nordeste,Conversão proibida,Noite,5,1,0,1,5,0.2
2022,PB,Nordeste,Conversão proibida,Tarde,7,6,0,6,9,0.857143
2022,PB,Nordeste,Curva acentuada,Tarde,1,1,0,2,2,1.0
2022,PB,Nordeste,Deficiência do Sistema de Iluminação/Sinalização,Noite,2,1,1,0,3,0.5
2022,PB,Nordeste,Deficiência do Sistema de Iluminação/Sinalização,Tarde,1,0,0,0,1,0.0
2022,PB,Nordeste,Demais falhas mecânicas ou elétricas,Madrugada,8,1,0,1,2,0.125
2022,PB,Nordeste,Demais falhas mecânicas ou elétricas,Manhã,30,3,0,5,34,0.1
2022,PB,Nordeste,Demais falhas mecânicas ou elétricas,Noite,14,2,0,2,12,0.142857
2022,PB,Nordeste,Demais falhas mecânicas ou elétricas,Tarde,23,3,0,3,17,0.130435
2022,PB,Nordeste,Demais falhas na via,Manhã,2,1,1,0,3,0.5
2022,PB,Nordeste,Demais falhas na via,Noite,3,1,0,2,5,0.333333
2022,PB,Nordeste,Demais falhas na via,Tarde,2,0,0,0,1,0.0
2022,PB,Nordeste,Desrespeitar a preferência no cruzamento,Madrugada,1,0,0,0,0,0.0
2022,PB,Nordeste,Desrespeitar a preferência no cruzamento,Manhã,9,2,0,2,10,0.222222
2022,PB,Nordeste,Desrespeitar a preferência no cruzamento,Noite,1,0,0,0,1,0.0
2022,PB,Nordeste,Desrespeitar a preferência no cruzamento,Tarde,5,0,0,0,5,0.0
2022,PB,Nordeste,Entrada inopinada do pedestre,Madrugada,2,2,2,0,2,1.0
2022,PB,Nordeste,Entrada inopinada do pedestre,Manhã,1,1,1,0,1,1.0
2022,PB,Nordeste,Entrada inopinada do pedestre,Noite,11,10,3,7,11,0.909091
2022,PB,Nordeste,Entrada inopinada do pedestre,Tarde,2,2,0,2,3,1.0
2022,PB,Nordeste,Estacionar ou parar em local proibido,Noite,3,3,0,4,6,1.0
2022,PB,Nordeste,Estacionar ou parar em local proibido,Tarde,1,0,0,0,1,0.0
2022,PB,Nordeste,Falta de elemento de contenção que evite a saída do leito carroçável,Manhã,1,0,0,0,3,0.0
2022,PB,Nordeste,Falta de elemento de contenção que evite a saída do leito carroçável,Noite,1,1,0,1,1,1.0
2022,PB,Nordeste,Frear bruscamente,Manhã,3,1,0,1,3,0.333333
2022,PB,Nordeste,Frear bruscamente,Noite,2,0,0,0,2,0.0
2022,PB,Nordeste,Frear bruscamente,Tarde,5,1,0,2,5,0.2
2022,PB,Nordeste,Fumaça,Tarde,1,0,0,0,0,0.0
2022,PB,Nordeste,Iluminação deficiente,Noite,1,1,1,1,4,1.0
2022,PB,Nordeste,Iluminação deficiente,Tarde,1,1,0,2,2,1.0
2022,PB,Nordeste,Ingestão de substâncias psicoativas pelo condutor,Noite,1,0,0,0,0,0.0
2022,PB,Nordeste,Ingestão de álcool e/ou substâncias psicoativas pelo pedestre,Madrugada,1,1,0,1,1,1.0
2022,PB,Nordeste,Ingestão de álcool e/ou substâncias psicoativas pelo pedestre,Manhã,1,1,0,1,1,1.0
2022,PB,Nordeste,Ingestão de álcool e/ou substâncias psicoativas pelo pedestre,Noite,3,1,2,2,8,0.333333
2022,PB,Nordeste,Ingestão de álcool ou de substâncias psicoativas pelo pedestre,Noite,1,1,0,1,1,1.0
2022,PB,Nordeste,Ingestão de álcool pelo condutor,Madrugada,24,11,5,13,51,0.458333
2022,PB,Nordeste,Ingestão de álcool pelo condutor,Manhã,14,3,0,4,18,0.214286
2022,PB,Nordeste,Ingestão de álcool pelo condutor,Noite,55,15,3,14,60,0.272727
2022,PB,Nordeste,Ingestão de álcool pelo condutor,Tarde,25,9,0,9,22,0.36
2022,PB,Nordeste,Mal súbito do condutor,Manhã,4,2,0,2,2,0.5
2022,PB,Nordeste,Mal súbito do condutor,Noite,3,1,0,1,3,0.333333
2022,PB,Nordeste,Mal súbito do condutor,Tarde,6,1,1,0,8,0.166667
2022,PB,Nordeste,Manobra de mudança de faixa,Madrugada,4,0,0,0,2,0.0
2022,PB,Nordeste,Manobra de mudança de faixa,Manhã,30,10,0,11,35,0.333333
2022,PB,Nordeste,Manobra de mudança de faixa,Noite,15,3,1,3,20,0.2
2022,PB,Nordeste,Manobra de mudança de faixa,Tarde,25,5,2,5,32,0.2
2022,PB,Nordeste,Neblina,Tarde,1,1,0,1,1,1.0
2022,PB,Nordeste,Objeto estático sobre o leito carroçável,Madrugada,1,0,0,0,2,0.0
2022,PB,Nordeste,Objeto estático sobre o leito carroçável,Manhã,1,0,0,0,1,0.0
2022,PB,Nordeste,Objeto estático sobre o leito carroçável,Noite,2,1,0,1,2,0.5
2022,PB,Nordeste,Objeto estático sobre o leito carroçável,Tarde,2,0,0,0,2,0.0
2022,PB,Nordeste,Obras na pista,Noite,1,1,0,1,1,1.0
2022,PB,Nordeste,Pedestre andava na pista,Madrugada,1,1,2,0,2,1.0
2022,PB,Nordeste,Pedestre andava na pista,Manhã,2,1,0,1,2,0.5
2022,PB,Nordeste,Pedestre andava na pista,Noite,15,14,9,9,22,0.933333
2022,PB,Nordeste,Pedestre andava na pista,Tarde,3,3,0,3,4,1.0
2022,PB,Nordeste,Pedestre cruzava a pista fora da faixa,Manhã,2,2,2,0,2,1.0
2022,PB,Nordeste,Pedestre cruzava a pista fora da faixa,Noite,6,6,1,5,8,1.0
2022,PB,Nordeste,Pedestre cruzava a pista fora da faixa,Tarde,1,0,0,0,1,0.0
2022,PB,Nordeste,Pista Escorregadia,Manhã,3,0,0,0,5,0.0
2022,PB,Nordeste,Pista Escorregadia,Noite,1,0,0,0,0,0.0
2022,PB,Nordeste,Pista Escorregadia,Tarde,2,1,1,0,3,0.5
2022,PB,Nordeste,Pista em desnível,Manhã,2,0,0,0,2,0.0
2022,PB,Nordeste,Pista em desnível,Noite,1,0,0,0,1,0.0
2022,PB,Nordeste,Pista esburacada,Manhã,2,1,0,1,2,0.5
2022,PB,Nordeste,Pista esburacada,Noite,2,1,1,1,5,0.5
2022,PB,Nordeste,Pista esburacada,Tarde,4,1,3,2,8,0.25
2022,PB,Nordeste,Problema com o freio,Madrugada,2,0,0,0,1,0.0
2022,PB,Nordeste,Problema com o freio,Manhã,1,0,0,0,0,0.0
2022,PB,Nordeste,Problema com o freio,Tarde,1,0,0,0,1,0.0
2022,PB,Nordeste,Problema na suspensão,Madrugada,1,0,0,0,2,0.0
2022,PB,Nordeste,Reação tardia ou ineficiente do condutor,Madrugada,22,11,4,8,24,0.5
2022,PB,Nordeste,Reação tardia ou ineficiente do condutor,Manhã,59,13,2,12,75,0.220339
2022,PB,Nordeste,Reação tardia ou ineficiente do condutor,Noite,47,14,2,14,50,0.297872
2022,PB,Nordeste,Reação tardia ou ineficiente do condutor,Tarde,43,19,3,20,48,0.44186
2022,PB,Nordeste,Restrição de visibilidade em curvas verticais,Noite,1,1,1,0,1,1.0
2022,PB,Nordeste,Retorno proibido,Manhã,1,0,0,0,1,0.0
2022,PB,Nordeste,Sinalização mal posicionada,Manhã,1,0,0,0,2,0.0
2022,PB,Nordeste,Sinalização mal posicionada,Noite,1,0,0,0,1,0.0
2022,PB,Nordeste,Trafegar com motocicleta (ou similar) entre as faixas,Manhã,10,4,0,4,12,0.4
2022,PB,Nordeste,Trafegar com motocicleta (ou similar) entre as faixas,Noite,6,2,0,2,8,0.333333
2022,PB,Nordeste,Trafegar com motocicleta (ou similar) entre as faixas,Tarde,7,2,1,1,9,0.285714
2022,PB,Nordeste,Transitar na contramão,Madrugada,9,7,3,8,14,0.777778
2022,PB,Nordeste,Transitar na contramão,Manhã,8,5,3,4,10,0.625
2022,PB,Nordeste,Transitar na contramão,Noite,19,11,2,11,28,0.578947
2022,PB,Nordeste,Transitar na contramão,Tarde,10,7,5,4,13,0.7
2022,PB,Nordeste,Transitar no acostamento,Madrugada,1,1,1,1,2,1.0
2022,PB,Nordeste,Transitar no acostamento,Manhã,5,3,0,3,5,0.6
2022,PB,Nordeste,Transitar no acostamento,Noite,2,2,0,2,2,1.0
2022,PB,Nordeste,Transitar no acostamento,Tarde,4,3,0,4,5,0.75
2022,PB,Nordeste,Ultrapassagem Indevida,Madrugada,2,1,0,2,3,0.5
2022,PB,Nordeste,Ultrapassagem Indevida,Manhã,8,2,1,1,14,0.25
2022,PB,Nordeste,Ultrapassagem Indevida,Noite,9,7,2,6,14,0.777778
2022,PB,Nordeste,Ultrapassagem Indevida,Tarde,14,7,5,13,29,0.5
2022,PB,Nordeste,Velocidade Incompatível,Madrugada,9,2,0,2,4,0.222222
2022,PB,Nordeste,Velocidade Incompatível,Manhã,29,3,1,2,31,0.103448
2022,PB,Nordeste,Velocidade Incompatível,Noite,16,5,0,8,16,0.3125
2022,PB,Nordeste,Velocidade Incompatível,Tarde,20,6,1,6,30,0.3
2022,PB,Nordeste,Área urbana sem a presença de local apropriado para a travessia de pedestres,Noite,3,3,1,2,3,1.0
2022,PE,Nordeste,Acessar a via sem observar a presença dos outros veículos,Madrugada,4,0,0,0,3,0.0
2022,PE,Nordeste,Acessar a via sem observar a presença dos outros veículos,Manhã,87,30,7,26,111,0.344828
2022,PE,Nordeste,Acessar a via sem observar a presença dos outros veículos,Noite,71,25,7,27,89,0.352113
2022,PE,Nordeste,Acessar a via sem observar a presença dos outros veículos,Tarde,103,41,7,39,126,0.398058
2022,PE,Nordeste,Acesso irregular,Madrugada,4,2,2,0,3,0.5
2022,PE,Nordeste,Acesso irregular,Manhã,16,6,1,5,19,0.375
2022,PE,Nordeste,Acesso irregular,Noite,11,6,0,6,15,0.545455
2022,PE,Nordeste,Acesso irregular,Tarde,11,3,1,2,11,0.272727
2022,PE,Nordeste,Acostamento em desnível,Madrugada,1,0,0,0,1,0.0
2022,PE,Nordeste,Acostamento em desnível,Noite,4,1,0,1,6,0.25
2022,PE,Nordeste,Acostamento em desnível,Tarde,5,1,1,1,7,0.2
2022,PE,Nordeste,Acumulo de areia ou detritos sobre o pavimento,Madrugada,1,1,0,1,1,1.0
2022,PE,Nordeste,Acumulo de areia ou detritos sobre o pavimento,Manhã,4,0,0,0,6,0.0
2022,PE,Nordeste,Acumulo de areia ou detritos sobre o pavimento,Noite,3,0,0,0,2,0.0
2022,PE,Nordeste,Acumulo de areia ou detritos sobre o pavimento,Tarde,7,1,1,0,6,0.142857
2022,PE,Nordeste,Acumulo de água sobre o pavimento,Madrugada,2,0,0,0,3,0.0
2022,PE,Nordeste,Acumulo de água sobre o pavimento,Manhã,8,2,0,2,6,0.25
2022,PE,Nordeste,Acumulo de água sobre o pavimento,Noite,2,0,0,0,0,0.0
2022,PE,Nordeste,Acumulo de água sobre o pavimento,Tarde,9,2,0,2,10,0.222222
2022,PE,Nordeste,Acumulo de óleo sobre o pavimento,Manhã,3,2,0,2,4,0.666667
2022,PE,Nordeste,Acumulo de óleo sobre o pavimento,Tarde,2,1,0,1,2,0.5
2022,PE,Nordeste,Afundamento ou ondulação no pavimento,Madrugada,1,0,0,0,0,0.0
2022,PE,Nordeste,Afundamento ou ondulação no pavimento,Manhã,4,2,0,2,3,0.5
2022,PE,Nordeste,Afundamento ou ondulação no pavimento,Noite,4,1,0,1,6,0.25
2022,PE,Nordeste,Afundamento ou ondulação no pavimento,Tarde,2,0,0,0,3,0.0
2022,PE,Nordeste,Animais na Pista,Madrugada,34,15,7,9,31,0.441176
2022,PE,Nordeste,Animais na Pista,Manhã,9,3,0,3,8,0.333333
2022,PE,Nordeste,Animais na Pista,Noite,47,15,2,16,59,0.319149
2022,PE,Nordeste,Animais na Pista,Tarde,15,5,1,4,19,0.333333
2022,PE,Nordeste,Ausência de reação do condutor,Madrugada,31,14,7,8,38,0.451613
2022,PE,Nordeste,Ausência de reação do condutor,Manhã,59,12,0,13,62,0.20339
2022,PE,Nordeste,Ausência de reação do condutor,Noite,62,27,6,24,60,0.435484
2022,PE,Nordeste,Ausência de reação do condutor,Tarde,81,28,7,24,103,0.345679
2022,PE,Nordeste,Ausência de sinalização,Madrugada,4,1,0,1,4,0.25
2022,PE,Nordeste,Ausência de sinalização,Manhã,3,1,0,1,4,0.333333
2022,PE,Nordeste,Ausência de sinalização,Noite,5,3,0,3,7,0.6
2022,PE,Nordeste,Ausência de sinalização,Tarde,3,2,0,2,4,0.666667
2022,PE,Nordeste,Avarias e/ou desgaste excessivo no pneu,Madrugada,4,0,0,0,4,0.0
2022,PE,Nordeste,Avarias e/ou desgaste excessivo no pneu,Manhã,13,4,1,5,18,0.307692
2022,PE,Nordeste,Avarias e/ou desgaste excessivo no pneu,Noite,5,2,0,2,7,0.4
2022,PE,Nordeste,Avarias e/ou desgaste excessivo no pneu,Tarde,11,6,0,9,19,0.545455
2022,PE,Nordeste,Carga excessiva e/ou mal acondicionada,Madrugada,1,0,0,0,1,0.0
2022,PE,Nordeste,Carga excessiva e/ou mal acondicionada,Manhã,2,1,0,1,3,0.5
2022,PE,Nordeste,Carga excessiva e/ou mal acondicionada,Noite,7,1,1,0,10,0.142857
2022,PE,Nordeste,Carga excessiva e/ou mal acondicionada,Tarde,5,0,0,0,6,0.0
2022,PE,Nordeste,Chuva,Madrugada,4,1,0,1,3,0.25
2022,PE,Nordeste,Chuva,Manhã,6,0,0,0,8,0.0
2022,PE,Nordeste,Chuva,Noite,6,2,1,1,6,0.333333
2022,PE,Nordeste,Chuva,Tarde,8,2,1,1,6,0.25
2022,PE,Nordeste,Condutor Dormindo,Madrugada,24,10,3,13,46,0.416667
2022,PE,Nordeste,Condutor Dormindo,Manhã,18,10,3,8,25,0.555556
2022,PE,Nordeste,Condutor Dormindo,Noite,14,4,2,2,11,0.285714
2022,PE,Nordeste,Condutor Dormindo,Tarde,19,3,0,5,33,0.157895
2022,PE,Nordeste,Condutor deixou de manter distância do veículo da frente,Madrugada,15,4,1,4,14,0.266667
2022,PE,Nordeste,Condutor deixou de manter distância do veículo da frente,Manhã,83,16,2,18,82,0.192771
2022,PE,Nordeste,Condutor deixou de manter distância do veículo da frente,Noite,49,12,1,14,57,0.244898
2022,PE,Nordeste,Condutor deixou de manter distância do veículo da frente,Tarde,91,17,0,17,93,0.186813
2022,PE,Nordeste,Condutor desrespeitou a iluminação vermelha do semáforo,Madrugada,2,1,0,1,3,0.5
2022,PE,Nordeste,Condutor desrespeitou a iluminação vermelha do semáforo,Manhã,3,1,0,1,4,0.333333
2022,PE,Nordeste,Condutor desrespeitou a iluminação vermelha do semáforo,Noite,3,0,0,0,4,0.0
2022,PE,Nordeste,Condutor desrespeitou a iluminação vermelha do semáforo,Tarde,2,0,0,0,2,0.0
2022,PE,Nordeste,Condutor usando celular,Noite,3,1,0,1,2,0.333333
2022,PE,Nordeste,Condutor usando celular,Tarde,2,0,0,0,2,0.0
2022,PE,Nordeste,Conversão proibida,Madrugada,1,1,1,1,2,1.0
2022,PE,Nordeste,Conversão proibida,Manhã,12,3,2,1,14,0.25
2022,PE,Nordeste,Conversão proibida,Noite,7,5,1,4,17,0.714286
2022,PE,Nordeste,Conversão proibida,Tarde,11,4,1,4,16,0.363636
2022,PE,Nordeste,Curva acentuada,Madrugada,1,1,0,1,1,1.0
2022,PE,Nordeste,Curva acentuada,Manhã,3,0,0,0,4,0.0
2022,PE,Nordeste,Curva acentuada,Noite,2,0,0,0,1,0.0
2022,PE,Nordeste,Curva acentuada,Tarde,3,0,0,0,3,0.0
2022,PE,Nordeste,Deficiência do Sistema de Iluminação/Sinalização,Madrugada,3,0,0,0,1,0.0
2022,PE,Nordeste,Deficiência do Sistema de Iluminação/Sinalização,Noite,7,3,2,2,9,0.428571
2022,PE,Nordeste,Demais Fenômenos da natureza,Madrugada,1,0,0,0,0,0.0
2022,PE,Nordeste,Demais falhas mecânicas ou elétricas,Madrugada,13,2,0,2,4,0.153846
2022,PE,Nordeste,Demais falhas mecânicas ou elétricas,Manhã,42,6,1,5,28,0.142857
2022,PE,Nordeste,Demais falhas mecânicas ou elétricas,Noite,30,2,0,2,41,0.066667
2022,PE,Nordeste,Demais falhas mecânicas ou elétricas,Tarde,42,6,2,5,36,0.142857
2022,PE,Nordeste,Demais falhas na via,Madrugada,2,1,1,3,7,0.5
2022,PE,Nordeste,Demais falhas na via,Manhã,4,2,0,2,6,0.5
2022,PE,Nordeste,Demais falhas na via,Noite,4,0,0,0,4,0.0
2022,PE,Nordeste,Demais falhas na via,Tarde,9,0,0,0,9,0.0
2022,PE,Nordeste,Desrespeitar a preferência no cruzamento,Manhã,9,5,2,5,10,0.555556
2022,PE,Nordeste,Desrespeitar a preferência no cruzamento,Noite,9,4,0,4,8,0.444444
2022,PE,Nordeste,Desrespeitar a preferência no cruzamento,Tarde,15,6,0,6,17,0.4
2022,PE,Nordeste,Desvio temporário,Manhã,1,0,0,0,1,0.0
2022,PE,Nordeste,Desvio temporário,Noite,3,2,1,3,5,0.666667
2022,PE,Nordeste,Entrada inopinada do pedestre,Madrugada,2,2,2,1,3,1.0
2022,PE,Nordeste,Entrada inopinada do pedestre,Manhã,11,4,2,3,15,0.363636
2022,PE,Nordeste,Entrada inopinada do pedestre,Noite,23,17,7,11,26,0.73913
2022,PE,Nordeste,Entrada inopinada do pedestre,Tarde,16,11,4,9,21,0.6875
2022,PE,Nordeste,Estacionar ou parar em local proibido,Madrugada,4,2,2,0,4,0.5
2022,PE,Nordeste,Estacionar ou parar em local proibido,Manhã,1,0,0,0,2,0.0
2022,PE,Nordeste,Estacionar ou parar em local proibido,Noite,3,1,0,1,3,0.333333
2022,PE,Nordeste,Estacionar ou parar em local proibido,Tarde,2,0,0,0,3,0.0
2022,PE,Nordeste,Faixas de trânsito com largura insuficiente,Manhã,1,0,0,0,1,0.0
2022,PE,Nordeste,Faixas de trânsito com largura insuficiente,Noite,1,0,0,0,3,0.0
2022,PE,Nordeste,Falta de acostamento,Manhã,1,0,0,0,1,0.0
2022,PE,Nordeste,Falta de acostamento,Noite,2,2,0,2,3,1.0
2022,PE,Nordeste,Falta de elemento de contenção que evite a saída do leito carroçável,Manhã,1,0,0,0,0,0.0
2022,PE,Nordeste,Falta de elemento de contenção que evite a saída do leito carroçável,Noite,1,0,0,0,0,0.0
2022,PE,Nordeste,Frear bruscamente,Madrugada,3,2,0,2,5,0.666667
2022,PE,Nordeste,Frear bruscamente,Manhã,6,0,0,0,5,0.0
2022,PE,Nordeste,Frear bruscamente,Noite,3,1,0,1,5,0.333333
2022,PE,Nordeste,Frear bruscamente,Tarde,5,0,0,0,7,0.0
2022,PE,Nordeste,Fumaça,Manhã,2,1,0,1,3,0.5
2022,PE,Nordeste,Fumaça,Tarde,1,0,0,0,6,0.0
2022,PE,Nordeste,Iluminação deficiente,Madrugada,3,3,2,1,3,1.0
2022,PE,Nordeste,Iluminação deficiente,Noite,13,10,4,7,19,0.769231
2022,PE,Nordeste,Ingestão de substâncias psicoativas pelo condutor,Madrugada,1,1,0,2,2,1.0
2022,PE,Nordeste,Ingestão de substâncias psicoativas pelo condutor,Noite,1,0,0,0,0,0.0
2022,PE,Nordeste,Ingestão de álcool e/ou substâncias psicoativas pelo pedestre,Madrugada,3,2,2,1,4,0.666667
2022,PE,Nordeste,Ingestão de álcool e/ou substâncias psicoativas pelo pedestre,Manhã,1,0,0,0,1,0.0
2022,PE,Nordeste,Ingestão de álcool e/ou substâncias psicoativas pelo pedestre,Noite,9,4,2,2,9,0.444444
2022,PE,Nordeste,Ingestão de álcool e/ou substâncias psicoativas pelo pedestre,Tarde,3,2,1,1,6,0.666667
2022,PE,Nordeste,Ingestão de álcool ou de substâncias psicoativas pelo pedestre,Noite,1,1,0,1,2,1.0
2022,PE,Nordeste,Ingestão de álcool ou de substâncias psicoativas pelo pedestre,Tarde,1,1,0,1,1,1.0
2022,PE,Nordeste,Ingestão de álcool pelo condutor,Madrugada,45,13,7,10,48,0.288889
2022,PE,Nordeste,Ingestão de álcool pelo condutor,Manhã,23,6,3,8,26,0.26087
2022,PE,Nordeste,Ingestão de álcool pelo condutor,Noite,99,35,8,44,105,0.353535
2022,PE,Nordeste,Ingestão de álcool pelo condutor,Tarde,41,8,4,11,44,0.195122
2022,PE,Nordeste,Mal súbito do condutor,Manhã,12,7,3,4,15,0.583333
2022,PE,Nordeste,Mal súbito do condutor,Noite,5,3,1,3,8,0.6
2022,PE,Nordeste,Mal súbito do condutor,Tarde,5,1,3,0,7,0.2
2022,PE,Nordeste,Manobra de mudança de faixa,Madrugada,13,5,1,5,16,0.384615
2022,PE,Nordeste,Manobra de mudança de faixa,Manhã,65,8,1,10,70,0.123077
2022,PE,Nordeste,Manobra de mudança de faixa,Noite,53,21,4,32,70,0.396226
2022,PE,Nordeste,Manobra de mudança de faixa,Tarde,82,22,1,25,105,0.268293
2022,PE,Nordeste,Neblina,Madrugada,3,0,0,0,1,0.0
2022,PE,Nordeste,Neblina,Noite,1,0,0,0,1,0.0
2022,PE,Nordeste,Objeto estático sobre o leito carroçável,Madrugada,5,2,1,1,2,0.4
2022,PE,Nordeste,Objeto estático sobre o leito carroçável,Manhã,3,1,1,0,3,0.333333
2022,PE,Nordeste,Objeto estático sobre o leito carroçável,Noite,4,1,0,1,4,0.25
2022,PE,Nordeste,Objeto estático sobre o leito carroçável,Tarde,3,2,1,2,4,0.666667
2022,PE,Nordeste,Obras na pista,Madrugada,2,1,0,1,1,0.5
2022,PE,Nordeste,Obras na pista,Manhã,3,2,0,2,3,0.666667
2022,PE,Nordeste,Obras na pista,Noite,3,1,0,1,3,0.333333
2022,PE,Nordeste,Obras na pista,Tarde,2,0,0,0,2,0.0
2022,PE,Nordeste,Obstrução na via,Noite,2,1,0,1,4,0.5
2022,PE,Nordeste,Obstrução na via,Tarde,2,1,0,1,5,0.5
2022,PE,Nordeste,Participar de racha,Manhã,1,0,0,0,1,0.0
2022,PE,Nordeste,Participar de racha,Noite,2,1,1,0,2,0.5
2022,PE,Nordeste,Pedestre andava na pista,Madrugada,9,8,6,2,10,0.888889
2022,PE,Nordeste,Pedestre andava na pista,Manhã,4,2,1,1,3,0.5
2022,PE,Nordeste,Pedestre andava na pista,Noite,20,17,11,8,25,0.85
2022,PE,Nordeste,Pedestre andava na pista,Tarde,4,3,1,2,7,0.75
2022,PE,Nordeste,Pedestre cruzava a pista fora da faixa,Madrugada,2,2,1,2,3,1.0
2022,PE,Nordeste,Pedestre cruzava a pista fora da faixa,Manhã,11,7,2,5,13,0.636364
2022,PE,Nordeste,Pedestre cruzava a pista fora da faixa,Noite,17,15,7,15,25,0.882353
2022,PE,Nordeste,Pedestre cruzava a pista fora da faixa,Tarde,14,11,1,11,17,0.785714
2022,PE,Nordeste,Pista Escorregadia,Madrugada,3,2,0,5,14,0.666667
2022,PE,Nordeste,Pista Escorregadia,Manhã,12,1,0,1,13,0.083333
2022,PE,Nordeste,Pista Escorregadia,Noite,1,0,0,0,1,0.0
2022,PE,Nordeste,Pista Escorregadia,Tarde,4,0,0,0,6,0.0
2022,PE,Nordeste,Pista em desnível,Madrugada,1,1,0,1,2,1.0
2022,PE,Nordeste,Pista em desnível,Manhã,2,0,0,0,2,0.0
2022,PE,Nordeste,Pista em desnível,Noite,3,2,0,2,5,0.666667
2022,PE,Nordeste,Pista em desnível,Tarde,1,0,0,0,2,0.0
2022,PE,Nordeste,Pista esburacada,Madrugada,3,0,0,0,1,0.0
2022,PE,Nordeste,Pista esburacada,Manhã,5,1,0,1,4,0.2
2022,PE,Nordeste,Pista esburacada,Noite,11,6,1,6,16,0.545455
2022,PE,Nordeste,Pista esburacada,Tarde,5,3,0,3,8,0.6
2022,PE,Nordeste,Problema com o freio,Madrugada,2,1,0,1,2,0.5
2022,PE,Nordeste,Problema com o freio,Manhã,3,1,1,0,2,0.333333
2022,PE,Nordeste,Problema com o freio,Noite,1,0,0,0,1,0.0
2022,PE,Nordeste,Problema com o freio,Tarde,4,0,0,0,4,0.0
2022,PE,Nordeste,Problema na suspensão,Manhã,1,1,0,1,3,1.0
2022,PE,Nordeste,Problema na suspensão,Noite,1,0,0,0,1,0.0
2022,PE,Nordeste,Reação tardia ou ineficiente do condutor,Madrugada,30,5,2,5,27,0.166667
2022,PE,Nordeste,Reação tardia ou ineficiente do condutor,Manhã,78,21,7,24,97,0.269231
2022,PE,Nordeste,Reação tardia ou ineficiente do condutor,Noite,76,30,11,23,96,0.394737
2022,PE,Nordeste,Reação tardia ou ineficiente do condutor,Tarde,83,25,3,27,98,0.301205
2022,PE,Nordeste,Restrição de visibilidade em curvas horizontais,Manhã,1,0,0,0,2,0.0
2022,PE,Nordeste,Restrição de visibilidade em curvas horizontais,Noite,2,0,0,0,2,0.0
2022,PE,Nordeste,Restrição de visibilidade em curvas horizontais,Tarde,1,0,0,0,1,0.0
2022,PE,Nordeste,Retorno proibido,Madrugada,3,1,0,1,5,0.333333
2022,PE,Nordeste,Retorno proibido,Manhã,4,2,0,3,7,0.5
2022,PE,Nordeste,Retorno proibido,Noite,8,1,0,1,10,0.125
2022,PE,Nordeste,Retorno proibido,Tarde,7,4,2,2,6,0.571429
2022,PE,Nordeste,Sinalização mal posicionada,Manhã,1,0,0,0,1,0.0
2022,PE,Nordeste,Sinalização mal posicionada,Noite,1,1,0,1,1,1.0
2022,PE,Nordeste,Sinalização mal posicionada,Tarde,1,1,0,1,5,1.0
2022,PE,Nordeste,Trafegar com motocicleta (ou similar) entre as faixas,Manhã,14,6,2,4,17,0.428571
2022,PE,Nordeste,Trafegar com motocicleta (ou similar) entre as faixas,Noite,3,1,1,0,2,0.333333
2022,PE,Nordeste,Trafegar com motocicleta (ou similar) entre as faixas,Tarde,9,6,0,7,12,0.666667
2022,PE,Nordeste,Transitar na calçada,Manhã,1,0,0,0,0,0.0
2022,PE,Nordeste,Transitar na calçada,Noite,1,1,0,1,1,1.0
2022,PE,Nordeste,Transitar na contramão,Madrugada,26,17,15,13,37,0.653846
2022,PE,Nordeste,Transitar na contramão,Manhã,20,11,3,8,22,0.55
2022,PE,Nordeste,Transitar na contramão,Noite,41,29,20,30,74,0.707317
2022,PE,Nordeste,Transitar na contramão,Tarde,21,12,5,11,30,0.571429
2022,PE,Nordeste,Transitar no acostamento,Madrugada,2,1,0,1,2,0.5
2022,PE,Nordeste,Transitar no acostamento,Manhã,8,4,3,2,9,0.5
2022,PE,Nordeste,Transitar no acostamento,Noite,8,1,1,0,7,0.125
2022,PE,Nordeste,Transitar no acostamento,Tarde,9,5,0,5,13,0.555556
2022,PE,Nordeste,Ultrapassagem Indevida,Madrugada,2,0,0,0,2,0.0
2022,PE,Nordeste,Ultrapassagem Indevida,Manhã,16,9,3,10,24,0.5625
2022,PE,Nordeste,Ultrapassagem Indevida,Noite,16,11,6,8,32,0.6875
2022,PE,Nordeste,Ultrapassagem Indevida,Tarde,24,14,8,16,54,0.583333
2022,PE,Nordeste,Velocidade Incompatível,Madrugada,14,2,5,4,20,0.142857
2022,PE,Nordeste,Velocidade Incompatível,Manhã,38,17,5,18,43,0.447368
2022,PE,Nordeste,Velocidade Incompatível,Noite,27,14,7,13,44,0.518519
2022,PE,Nordeste,Velocidade Incompatível,Tarde,40,19,7,17,50,0.475
2022,PE,Nordeste,Área urbana sem a presença de local apropriado para a travessia de pedestres,Manhã,1,0,0,0,1,0.0
2022,PE,Nordeste,Área urbana sem a presença de local apropriado para a travessia de pedestres,Noite,7,4,2,3,9,0.571429
2022,PE,Nordeste,Área urbana sem a presença de local apropriado para a travessia de pedestres,Tarde,1,1,0,1,2,1.0
2022,PI,Nordeste,Acessar a via sem observar a presença dos outros veículos,Madrugada,8,4,2,6,12,0.5
2022,PI,Nordeste,Acessar a via sem observar a presença dos outros veículos,Manhã,41,18,1,21,53,0.439024
2022,PI,Nordeste,Acessar a via sem observar a presença dos outros veículos,Noite,26,13,2,14,40,0.5
2022,PI,Nordeste,Acessar a via sem observar a presença dos outros veículos,Tarde,50,23,5,24,74,0.46
2022,PI,Nordeste,Acesso irregular,Madrugada,1,1,0,1,1,1.0
2022,PI,Nordeste,Acesso irregular,Manhã,7,3,0,3,9,0.428571
2022,PI,Nordeste,Acesso irregular,Noite,4,0,0,0,9,0.0
2022,PI,Nordeste,Acesso irregular,Tarde,3,2,0,2,7,0.666667
2022,PI,Nordeste,Acostamento em desnível,Tarde,1,0,0,0,1,0.0
2022,PI,Nordeste,Acumulo de água sobre o pavimento,Madrugada,2,0,0,0,1,0.0
2022,PI,Nordeste,Acumulo de água sobre o pavimento,Manhã,1,1,0,1,2,1.0
2022,PI,Nordeste,Acumulo de água sobre o pavimento,Noite,2,2,0,2,4,1.0
2022,PI,Nordeste,Acumulo de água sobre o pavimento,Tarde,5,0,0,0,7,0.0
2022,PI,Nordeste,Acumulo de óleo sobre o pavimento,Manhã,2,0,0,0,3,0.0
2022,PI,Nordeste,Afundamento ou ondulação no pavimento,Manhã,1,0,0,0,4,0.0
2022,PI,Nordeste,Afundamento ou ondulação no pavimento,Noite,2,0,0,0,3,0.0
2022,PI,Nordeste,Afundamento ou ondulação no pavimento,Tarde,1,1,0,1,1,1.0
2022,PI,Nordeste,Animais na Pista,Madrugada,13,4,2,2,14,0.307692
2022,PI,Nordeste,Animais na Pista,Manhã,4,3,0,3,5,0.75
2022,PI,Nordeste,Animais na Pista,Noite,31,9,5,5,28,0.290323
2022,PI,Nordeste,Animais na Pista,Tarde,4,1,1,0,4,0.25
2022,PI,Nordeste,Ausência de reação do condutor,Madrugada,32,15,4,18,43,0.46875
2022,PI,Nordeste,Ausência de reação do condutor,Manhã,32,12,1,16,41,0.375
2022,PI,Nordeste,Ausência de reação do condutor,Noite,67,30,10,24,73,0.447761
2022,PI,Nordeste,Ausência de reação do condutor,Tarde,36,14,4,11,41,0.388889
2022,PI,Nordeste,Ausência de sinalização,Madrugada,1,0,0,0,0,0.0
2022,PI,Nordeste,Ausência de sinalização,Manhã,1,1,0,1,2,1.0
2022,PI,Nordeste,Ausência de sinalização,Noite,3,2,0,2,5,0.666667
2022,PI,Nordeste,Ausência de sinalização,Tarde,1,0,0,0,0,0.0
2022,PI,Nordeste,Avarias e/ou desgaste excessivo no pneu,Manhã,5,1,0,2,9,0.2
2022,PI,Nordeste,Avarias e/ou desgaste excessivo no pneu,Noite,2,0,0,0,4,0.0
2022,PI,Nordeste,Avarias e/ou desgaste excessivo no pneu,Tarde,1,0,0,0,1,0.0
2022,PI,Nordeste,Carga excessiva e/ou mal acondicionada,Madrugada,3,2,0,3,7,0.666667
2022,PI,Nordeste,Carga excessiva e/ou mal acondicionada,Manhã,2,0,0,0,0,0.0
2022,PI,Nordeste,Carga excessiva e/ou mal acondicionada,Tarde,3,0,0,0,2,0.0
2022,PI,Nordeste,Chuva,Madrugada,1,1,0,1,1,1.0
2022,PI,Nordeste,Chuva,Manhã,1,1,0,1,1,1.0
2022,PI,Nordeste,Chuva,Noite,2,1,0,1,2,0.5
2022,PI,Nordeste,Condutor Dormindo,Madrugada,14,6,4,2,12,0.428571
2022,PI,Nordeste,Condutor Dormindo,Manhã,5,3,1,5,13,0.6
2022,PI,Nordeste,Condutor Dormindo,Noite,2,0,0,0,2,0.0
2022,PI,Nordeste,Condutor Dormindo,Tarde,4,1,1,0,6,0.25
2022,PI,Nordeste,Condutor deixou de manter distância do veículo da frente,Madrugada,6,3,0,5,10,0.5
2022,PI,Nordeste,Condutor deixou de manter distância do veículo da frente,Manhã,31,11,2,9,31,0.354839
2022,PI,Nordeste,Condutor deixou de manter distância do veículo da frente,Noite,15,3,2,1,15,0.2
2022,PI,Nordeste,Condutor deixou de manter distância do veículo da frente,Tarde,21,6,2,4,22,0.285714
2022,PI,Nordeste,Condutor desrespeitou a iluminação vermelha do semáforo,Madrugada,3,1,0,1,5,0.333333
2022,PI,Nordeste,Condutor desrespeitou a iluminação vermelha do semáforo,Manhã,5,1,0,1,6,0.2
2022,PI,Nordeste,Condutor desrespeitou a iluminação vermelha do semáforo,Noite,8,2,0,3,8,0.25
2022,PI,Nordeste,Condutor desrespeitou a iluminação vermelha do semáforo,Tarde,3,1,0,1,4,0.333333
2022,PI,Nordeste,Conversão proibida,Manhã,9,1,1,0,12,0.111111
2022,PI,Nordeste,Conversão proibida,Noite,10,7,1,7,13,0.7
2022,PI,Nordeste,Conversão proibida,Tarde,5,2,0,3,4,0.4
2022,PI,Nordeste,Curva acentuada,Noite,1,0,0,0,1,0.0
2022,PI,Nordeste,Curva acentuada,Tarde,1,1,1,0,1,1.0
2022,PI,Nordeste,Declive acentuado,Noite,1,0,0,0,1,0.0
2022,PI,Nordeste,Deficiência do Sistema de Iluminação/Sinalização,Madrugada,1,1,1,0,1,1.0
2022,PI,Nordeste,Deficiência do Sistema de Iluminação/Sinalização,Manhã,1,0,0,0,1,0.0
2022,PI,Nordeste,Deficiência do Sistema de Iluminação/Sinalização,Noite,1,1,0,1,3,1.0
2022,PI,Nordeste,Demais Fenômenos da natureza,Madrugada,1,0,0,0,0,0.0
2022,PI,Nordeste,Demais falhas mecânicas ou elétricas,Madrugada,5,2,0,2,3,0.4
2022,PI,Nordeste,Demais falhas mecânicas ou elétricas,Manhã,15,0,0,0,10,0.0
2022,PI,Nordeste,Demais falhas mecânicas ou elétricas,Noite,4,0,0,0,3,0.0
2022,PI,Nordeste,Demais falhas mecânicas ou elétricas,Tarde,10,2,1,1,7,0.2
2022,PI,Nordeste,Demais falhas na via,Manhã,1,0,0,0,1,0.0
2022,PI,Nordeste,Demais falhas na via,Noite,1,0,0,0,2,0.0
2022,PI,Nordeste,Desrespeitar a preferência no cruzamento,Madrugada,3,2,1,2,5,0.666667
2022,PI,Nordeste,Desrespeitar a preferência no cruzamento,Manhã,8,5,0,7,12,0.625
2022,PI,Nordeste,Desrespeitar a preferência no cruzamento,Noite,5,2,0,3,7,0.4
2022,PI,Nordeste,Desrespeitar a preferência no cruzamento,Tarde,7,2,0,2,9,0.285714
2022,PI,Nordeste,Desvio temporário,Manhã,1,0,0,0,1,0.0
2022,PI,Nordeste,Entrada inopinada do pedestre,Manhã,3,3,0,3,3,1.0
2022,PI,Nordeste,Entrada inopinada do pedestre,Noite,7,5,1,4,7,0.714286
2022,PI,Nordeste,Entrada inopinada do pedestre,Tarde,3,3,0,3,3,1.0
2022,PI,Nordeste,Estacionar ou parar em local proibido,Manhã,2,1,1,0,2,0.5
2022,PI,Nordeste,Estacionar ou parar em local proibido,Noite,3,1,1,0,1,0.333333
2022,PI,Nordeste,Estacionar ou parar em local proibido,Tarde,1,1,0,1,1,1.0
2022,PI,Nordeste,Falta de acostamento,Manhã,1,0,0,0,1,0.0
2022,PI,Nordeste,Falta de acostamento,Noite,1,1,1,0,1,1.0
2022,PI,Nordeste,Falta de elemento de contenção que evite a saída do leito carroçável,Madrugada,1,0,0,0,0,0.0
2022,PI,Nordeste,Falta de elemento de contenção que evite a saída do leito carroçável,Tarde,1,0,0,0,1,0.0
2022,PI,Nordeste,Frear bruscamente,Madrugada,1,0,0,0,1,0.0
2022,PI,Nordeste,Frear bruscamente,Noite,1,0,0,0,3,0.0
2022,PI,Nordeste,Iluminação deficiente,Madrugada,3,2,0,3,4,0.666667
2022,PI,Nordeste,Iluminação deficiente,Noite,4,4,2,3,5,1.0
2022,PI,Nordeste,Ingestão de substâncias psicoativas pelo condutor,Madrugada,1,1,0,1,1,1.0
2022,PI,Nordeste,Ingestão de álcool e/ou substâncias psicoativas pelo pedestre,Manhã,1,1,0,2,2,1.0
2022,PI,Nordeste,Ingestão de álcool e/ou substâncias psicoativas pelo pedestre,Noite,4,1,0,1,7,0.25
2022,PI,Nordeste,Ingestão de álcool e/ou substâncias psicoativas pelo pedestre,Tarde,2,0,0,0,0,0.0
2022,PI,Nordeste,Ingestão de álcool ou de substâncias psicoativas pelo pedestre,Tarde,1,1,0,1,1,1.0
2022,PI,Nordeste,Ingestão de álcool pelo condutor,Madrugada,13,4,2,5,21,0.307692
2022,PI,Nordeste,Ingestão de álcool pelo condutor,Manhã,6,1,0,1,5,0.166667
2022,PI,Nordeste,Ingestão de álcool pelo condutor,Noite,38,18,6,15,34,0.473684
2022,PI,Nordeste,Ingestão de álcool pelo condutor,Tarde,16,4,1,4,13,0.25
2022,PI,Nordeste,Mal súbito do condutor,Manhã,2,0,0,0,1,0.0
2022,PI,Nordeste,Mal súbito do condutor,Tarde,4,2,0,3,5,0.5
2022,PI,Nordeste,Manobra de mudança de faixa,Madrugada,8,5,6,3,12,0.625
2022,PI,Nordeste,Manobra de mudança de faixa,Manhã,23,8,1,9,26,0.347826
2022,PI,Nordeste,Manobra de mudança de faixa,Noite,16,10,1,10,22,0.625
2022,PI,Nordeste,Manobra de mudança de faixa,Tarde,22,7,5,8,36,0.318182
2022,PI,Nordeste,Modificação proibida,Noite,1,1,0,1,1,1.0
2022,PI,Nordeste,Neblina,Madrugada,1,0,0,0,1,0.0
2022,PI,Nordeste,Objeto estático sobre o leito carroçável,Manhã,1,0,0,0,1,0.0
2022,PI,Nordeste,Objeto estático sobre o leito carroçável,Noite,2,1,0,1,1,0.5
2022,PI,Nordeste,Pedestre andava na pista,Madrugada,5,5,2,3,6,1.0
2022,PI,Nordeste,Pedestre andava na pista,Manhã,1,1,1,1,2,1.0
2022,PI,Nordeste,Pedestre andava na pista,Noite,12,12,6,8,15,1.0
2022,PI,Nordeste,Pedestre andava na pista,Tarde,1,1,1,0,1,1.0
2022,PI,Nordeste,Pedestre cruzava a pista fora da faixa,Manhã,2,2,0,3,5,1.0
2022,PI,Nordeste,Pedestre cruzava a pista fora da faixa,Noite,6,5,2,3,8,0.833333
2022,PI,Nordeste,Pedestre cruzava a pista fora da faixa,Tarde,1,1,0,1,1,1.0
2022,PI,Nordeste,Pista Escorregadia,Madrugada,1,0,0,0,1,0.0
2022,PI,Nordeste,Pista Escorregadia,Manhã,1,0,0,0,1,0.0
2022,PI,Nordeste,Pista Escorregadia,Tarde,2,0,0,0,2,0.0
2022,PI,Nordeste,Pista em desnível,Tarde,2,0,0,0,2,0.0
2022,PI,Nordeste,Pista esburacada,Madrugada,1,1,0,2,2,1.0
2022,PI,Nordeste,Pista esburacada,Manhã,2,1,1,0,2,0.5
2022,PI,Nordeste,Pista esburacada,Noite,5,1,0,1,7,0.2
2022,PI,Nordeste,Pista esburacada,Tarde,3,1,0,1,12,0.333333
2022,PI,Nordeste,Problema com o freio,Tarde,1,1,0,4,33,1.0
2022,PI,Nordeste,Reação tardia ou ineficiente do condutor,Madrugada,24,9,4,8,44,0.375
2022,PI,Nordeste,Reação tardia ou ineficiente do condutor,Manhã,35,9,0,11,35,0.257143
2022,PI,Nordeste,Reação tardia ou ineficiente do condutor,Noite,33,12,2,12,31,0.363636
2022,PI,Nordeste,Reação tardia ou ineficiente do condutor,Tarde,37,13,5,13,45,0.351351
2022,PI,Nordeste,Retorno proibido,Madrugada,1,0,0,0,2,0.0
2022,PI,Nordeste,Retorno proibido,Manhã,2,0,0,0,1,0.0
2022,PI,Nordeste,Retorno proibido,Noite,1,0,0,0,1,0.0
2022,PI,Nordeste,Retorno proibido,Tarde,2,1,0,1,3,0.5
2022,PI,Nordeste,Trafegar com motocicleta (ou similar) entre as faixas,Tarde,1,1,0,2,2,1.0
2022,PI,Nordeste,Transitar na contramão,Madrugada,11,7,3,4,10,0.636364
2022,PI,Nordeste,Transitar na contramão,Manhã,10,6,2,4,10,0.6
2022,PI,Nordeste,Transitar na contramão,Noite,25,21,10,16,31,0.84
2022,PI,Nordeste,Transitar na contramão,Tarde,16,12,5,12,34,0.75
2022,PI,Nordeste,Transitar no acostamento,Madrugada,1,1,1,0,1,1.0
2022,PI,Nordeste,Transitar no acostamento,Manhã,6,3,1,2,6,0.5
2022,PI,Nordeste,Transitar no acostamento,Noite,2,0,0,0,3,0.0
2022,PI,Nordeste,Transitar no acostamento,Tarde,5,3,1,2,9,0.6
2022,PI,Nordeste,Ultrapassagem Indevida,Madrugada,4,2,0,3,5,0.5
2022,PI,Nordeste,Ultrapassagem Indevida,Manhã,9,4,1,4,22,0.444444
2022,PI,Nordeste,Ultrapassagem Indevida,Noite,5,4,1,3,6,0.8
2022,PI,Nordeste,Ultrapassagem Indevida,Tarde,7,3,1,2,7,0.428571
2022,PI,Nordeste,Velocidade Incompatível,Madrugada,7,2,3,0,6,0.285714
2022,PI,Nordeste,Velocidade Incompatível,Manhã,3,1,0,1,6,0.333333
2022,PI,Nordeste,Velocidade Incompatível,Noite,6,0,0,0,4,0.0
2022,PI,Nordeste,Velocidade Incompatível,Tarde,9,2,0,3,9,0.222222
2022,PI,Nordeste,Área urbana sem a presença de local apropriado para a travessia de pedestres,Manhã,2,1,0,1,2,0.5
2022,PI,Nordeste,Área urbana sem a presença de local apropriado para a travessia de pedestres,Noite,1,1,1,0,1,1.0
2022,PR,Sul,Acessar a via sem observar a presença dos outros veículos,Madrugada,28,9,1,18,34,0.321429
2022,PR,Sul,Acessar a via sem observar a presença dos outros veículos,Manhã,154,52,11,55,195,0.337662
2022,PR,Sul,Acessar a via sem observar a presença dos outros veículos,Noite,170,70,18,62,220,0.411765
2022,PR,Sul,Acessar a via sem observar a presença dos outros veículos,Tarde,197,52,10,51,243,0.263959
2022,PR,Sul,Acesso irregular,Madrugada,11,4,2,6,14,0.363636
2022,PR,Sul,Acesso irregular,Manhã,22,7,1,6,36,0.318182
2022,PR,Sul,Acesso irregular,Noite,24,11,0,14,29,0.458333
2022,PR,Sul,Acesso irregular,Tarde,32,6,1,7,38,0.1875
2022,PR,Sul,Acostamento em desnível,Noite,2,0,0,0,1,0.0
2022,PR,Sul,Acostamento em desnível,Tarde,1,0,0,0,1,0.0
2022,PR,Sul,Acumulo de areia ou detritos sobre o pavimento,Madrugada,1,0,0,0,0,0.0
2022,PR,Sul,Acumulo de areia ou detritos sobre o pavimento,Manhã,9,2,1,1,9,0.222222
2022,PR,Sul,Acumulo de areia ou detritos sobre o pavimento,Noite,2,0,0,0,1,0.0
2022,PR,Sul,Acumulo de areia ou detritos sobre o pavimento,Tarde,3,1,1,0,7,0.333333
2022,PR,Sul,Acumulo de água sobre o pavimento,Madrugada,6,0,0,0,6,0.0
2022,PR,Sul,Acumulo de água sobre o pavimento,Manhã,14,1,0,1,18,0.071429
2022,PR,Sul,Acumulo de água sobre o pavimento,Noite,17,3,0,5,15,0.176471
2022,PR,Sul,Acumulo de água sobre o pavimento,Tarde,28,6,1,10,52,0.214286
2022,PR,Sul,Acumulo de óleo sobre o pavimento,Madrugada,1,1,1,0,1,1.0
2022,PR,Sul,Acumulo de óleo sobre o pavimento,Manhã,4,2,1,2,3,0.5
2022,PR,Sul,Acumulo de óleo sobre o pavimento,Noite,3,1,0,1,4,0.333333
2022,PR,Sul,Acumulo de óleo sobre o pavimento,Tarde,3,0,0,0,2,0.0
2022,PR,Sul,Afundamento ou ondulação no pavimento,Manhã,3,0,0,0,3,0.0
2022,PR,Sul,Afundamento ou ondulação no pavimento,Noite,4,0,0,0,4,0.0
2022,PR,Sul,Afundamento ou ondulação no pavimento,Tarde,1,0,0,0,1,0.0
2022,PR,Sul,Animais na Pista,Madrugada,12,6,1,6,14,0.5
2022,PR,Sul,Animais na Pista,Manhã,14,5,0,5,17,0.357143
2022,PR,Sul,Animais na Pista,Noite,36,12,1,14,39,0.333333
2022,PR,Sul,Animais na Pista,Tarde,11,2,0,2,15,0.181818
2022,PR,Sul,Ausência de reação do condutor,Madrugada,164,40,15,32,152,0.243902
2022,PR,Sul,Ausência de reação do condutor,Manhã,201,48,8,46,188,0.238806
2022,PR,Sul,Ausência de reação do condutor,Noite,259,77,14,74,269,0.297297
2022,PR,Sul,Ausência de reação do condutor,Tarde,208,50,5,64,239,0.240385
2022,PR,Sul,Ausência de sinalização,Madrugada,3,0,0,0,4,0.0
2022,PR,Sul,Ausência de sinalização,Manhã,8,1,0,1,9,0.125
2022,PR,Sul,Ausência de sinalização,Noite,5,2,1,2,14,0.4
2022,PR,Sul,Ausência de sinalização,Tarde,2,1,0,4,5,0.5
2022,PR,Sul,Avarias e/ou desgaste excessivo no pneu,Madrugada,9,1,0,1,5,0.111111
2022,PR,Sul,Avarias e/ou desgaste excessivo no pneu,Manhã,35,4,0,5,46,0.114286
2022,PR,Sul,Avarias e/ou desgaste excessivo no pneu,Noite,35,7,2,7,50,0.2
2022,PR,Sul,Avarias e/ou desgaste excessivo no pneu,Tarde,52,12,1,19,77,0.230769
2022,PR,Sul,Carga excessiva e/ou mal acondicionada,Madrugada,2,0,0,0,1,0.0
2022,PR,Sul,Carga excessiva e/ou mal acondicionada,Manhã,7,0,0,0,3,0.0
2022,PR,Sul,Carga excessiva e/ou mal acondicionada,Noite,11,0,0,0,5,0.0
2022,PR,Sul,Carga excessiva e/ou mal acondicionada,Tarde,8,0,0,0,8,0.0
2022,PR,Sul,Chuva,Madrugada,13,0,0,0,11,0.0
2022,PR,Sul,Chuva,Manhã,53,11,0,14,112,0.207547
2022,PR,Sul,Chuva,Noite,41,9,5,5,58,0.219512
2022,PR,Sul,Chuva,Tarde,52,7,0,8,66,0.134615
2022,PR,Sul,Condutor Dormindo,Madrugada,86,18,12,12,91,0.209302
2022,PR,Sul,Condutor Dormindo,Manhã,54,11,0,18,68,0.203704
2022,PR,Sul,Condutor Dormindo,Noite,29,4,0,4,20,0.137931
2022,PR,Sul,Condutor Dormindo,Tarde,28,7,2,6,37,0.25
2022,PR,Sul,Condutor deixou de manter distância do veículo da frente,Madrugada,41,6,2,4,43,0.146341
2022,PR,Sul,Condutor deixou de manter distância do veículo da frente,Manhã,163,26,1,28,179,0.159509
2022,PR,Sul,Condutor deixou de manter distância do veículo da frente,Noite,128,28,6,24,128,0.21875
2022,PR,Sul,Condutor deixou de manter distância do veículo da frente,Tarde,174,23,0,26,189,0.132184
2022,PR,Sul,Condutor desrespeitou a iluminação vermelha do semáforo,Madrugada,12,5,0,5,16,0.416667
2022,PR,Sul,Condutor desrespeitou a iluminação vermelha do semáforo,Manhã,15,4,2,4,18,0.266667
2022,PR,Sul,Condutor desrespeitou a iluminação vermelha do semáforo,Noite,19,5,1,4,22,0.263158
2022,PR,Sul,Condutor desrespeitou a iluminação vermelha do semáforo,Tarde,19,3,0,4,27,0.157895
2022,PR,Sul,Condutor usando celular,Madrugada,1,0,0,0,0,0.0
2022,PR,Sul,Condutor usando celular,Manhã,2,0,0,0,1,0.0
2022,PR,Sul,Condutor usando celular,Noite,4,0,0,0,3,0.0
2022,PR,Sul,Condutor usando celular,Tarde,5,3,0,3,8,0.6
2022,PR,Sul,Conversão proibida,Madrugada,3,1,0,2,3,0.333333
2022,PR,Sul,Conversão proibida,Manhã,20,5,2,6,27,0.25
2022,PR,Sul,Conversão proibida,Noite,23,10,0,11,35,0.434783
2022,PR,Sul,Conversão proibida,Tarde,22,7,3,4,32,0.318182
2022,PR,Sul,Curva acentuada,Madrugada,3,1,0,1,3,0.333333
2022,PR,Sul,Curva acentuada,Manhã,7,4,1,3,9,0.571429
2022,PR,Sul,Curva acentuada,Noite,6,2,0,2,9,0.333333
2022,PR,Sul,Curva acentuada,Tarde,7,2,1,1,9,0.285714
2022,PR,Sul,Declive acentuado,Manhã,2,0,0,0,2,0.0
2022,PR,Sul,Declive acentuado,Tarde,1,1,0,1,1,1.0
2022,PR,Sul,Deficiência do Sistema de Iluminação/Sinalização,Madrugada,5,2,1,1,9,0.4
2022,PR,Sul,Deficiência do Sistema de Iluminação/Sinalização,Manhã,1,0,0,0,0,0.0
2022,PR,Sul,Deficiência do Sistema de Iluminação/Sinalização,Noite,7,2,1,3,8,0.285714
2022,PR,Sul,Deficiência do Sistema de Iluminação/Sinalização,Tarde,1,1,0,1,1,1.0
2022,PR,Sul,Deixar de acionar o farol da motocicleta (ou similar),Noite,1,0,0,0,1,0.0
2022,PR,Sul,Demais Fenômenos da natureza,Manhã,3,0,0,0,3,0.0
2022,PR,Sul,Demais Fenômenos da natureza,Noite,1,1,0,1,1,1.0
2022,PR,Sul,Demais Fenômenos da natureza,Tarde,2,0,0,0,0,0.0
2022,PR,Sul,Demais falhas mecânicas ou elétricas,Madrugada,28,4,1,5,18,0.142857
2022,PR,Sul,Demais falhas mecânicas ou elétricas,Manhã,63,2,0,2,43,0.031746
2022,PR,Sul,Demais falhas mecânicas ou elétricas,Noite,65,6,2,8,39,0.092308
2022,PR,Sul,Demais falhas mecânicas ou elétricas,Tarde,86,13,1,14,73,0.151163
2022,PR,Sul,Demais falhas na via,Madrugada,2,0,0,0,1,0.0
2022,PR,Sul,Demais falhas na via,Manhã,4,0,0,0,3,0.0
2022,PR,Sul,Demais falhas na via,Noite,1,0,0,0,0,0.0
2022,PR,Sul,Demais falhas na via,Tarde,2,1,0,1,2,0.5
2022,PR,Sul,Desrespeitar a preferência no cruzamento,Madrugada,7,1,0,1,8,0.142857
2022,PR,Sul,Desrespeitar a preferência no cruzamento,Manhã,60,19,3,18,83,0.316667
2022,PR,Sul,Desrespeitar a preferência no cruzamento,Noite,61,19,7,18,86,0.311475
2022,PR,Sul,Desrespeitar a preferência no cruzamento,Tarde,78,24,4,26,94,0.307692
2022,PR,Sul,Desvio temporário,Madrugada,1,1,0,2,2,1.0
2022,PR,Sul,Desvio temporário,Tarde,2,0,0,0,1,0.0
2022,PR,Sul,Entrada inopinada do pedestre,Madrugada,9,9,3,8,11,1.0
2022,PR,Sul,Entrada inopinada do pedestre,Manhã,9,6,1,5,11,0.666667
2022,PR,Sul,Entrada inopinada do pedestre,Noite,43,34,18,18,59,0.790698
2022,PR,Sul,Entrada inopinada do pedestre,Tarde,13,8,3,5,13,0.615385
2022,PR,Sul,Estacionar ou parar em local proibido,Madrugada,5,0,0,0,5,0.0
2022,PR,Sul,Estacionar ou parar em local proibido,Manhã,3,0,0,0,2,0.0
2022,PR,Sul,Estacionar ou parar em local proibido,Noite,6,2,0,2,7,0.333333
2022,PR,Sul,Estacionar ou parar em local proibido,Tarde,2,0,0,0,2,0.0
2022,PR,Sul,Faixas de trânsito com largura insuficiente,Manhã,1,1,0,3,3,1.0
2022,PR,Sul,Falta de acostamento,Noite,1,0,0,0,1,0.0
2022,PR,Sul,Falta de acostamento,Tarde,1,1,0,1,1,1.0
2022,PR,Sul,Falta de elemento de contenção que evite a saída do leito carroçável,Madrugada,2,0,0,0,1,0.0
2022,PR,Sul,Falta de elemento de contenção que evite a saída do leito carroçável,Manhã,4,0,0,0,1,0.0
2022,PR,Sul,Falta de elemento de contenção que evite a saída do leito carroçável,Noite,3,0,0,0,2,0.0
2022,PR,Sul,Falta de elemento de contenção que evite a saída do leito carroçável,Tarde,6,2,0,3,6,0.333333
2022,PR,Sul,Frear bruscamente,Madrugada,2,0,0,0,0,0.0
2022,PR,Sul,Frear bruscamente,Manhã,23,4,0,5,21,0.173913
2022,PR,Sul,Frear bruscamente,Noite,14,2,0,2,20,0.142857
2022,PR,Sul,Frear bruscamente,Tarde,15,3,0,3,11,0.2
2022,PR,Sul,Fumaça,Tarde,2,1,0,1,5,0.5
2022,PR,Sul,Iluminação deficiente,Madrugada,4,1,1,0,3,0.25
2022,PR,Sul,Iluminação deficiente,Noite,9,2,1,1,8,0.222222
2022,PR,Sul,Ingestão de substâncias psicoativas pelo condutor,Madrugada,4,3,1,2,4,0.75
2022,PR,Sul,Ingestão de substâncias psicoativas pelo condutor,Manhã,1,0,0,0,0,0.0
2022,PR,Sul,Ingestão de substâncias psicoativas pelo condutor,Noite,7,2,0,3,10,0.285714
2022,PR,Sul,Ingestão de substâncias psicoativas pelo condutor,Tarde,2,1,1,0,3,0.5
2022,PR,Sul,Ingestão de álcool e/ou substâncias psicoativas pelo pedestre,Madrugada,10,3,0,3,5,0.3
2022,PR,Sul,Ingestão de álcool e/ou substâncias psicoativas pelo pedestre,Manhã,3,1,0,1,4,0.333333
2022,PR,Sul,Ingestão de álcool e/ou substâncias psicoativas pelo pedestre,Noite,15,4,1,3,16,0.266667
2022,PR,Sul,Ingestão de álcool e/ou substâncias psicoativas pelo pedestre,Tarde,2,0,0,0,2,0.0
2022,PR,Sul,Ingestão de álcool ou de substâncias psicoativas pelo pedestre,Manhã,2,2,1,1,2,1.0
2022,PR,Sul,Ingestão de álcool ou de substâncias psicoativas pelo pedestre,Noite,10,5,1,4,10,0.5
2022,PR,Sul,Ingestão de álcool pelo condutor,Madrugada,171,42,6,47,172,0.245614
2022,PR,Sul,Ingestão de álcool pelo condutor,Manhã,68,9,2,11,47,0.132353
2022,PR,Sul,Ingestão de álcool pelo condutor,Noite,246,40,8,48,191,0.162602
2022,PR,Sul,Ingestão de álcool pelo condutor,Tarde,96,17,2,25,97,0.177083
2022,PR,Sul,Mal súbito do condutor,Madrugada,6,4,1,3,5,0.666667
2022,PR,Sul,Mal súbito do condutor,Manhã,19,7,1,9,23,0.368421
2022,PR,Sul,Mal súbito do condutor,Noite,12,6,1,7,19,0.5
2022,PR,Sul,Mal súbito do condutor,Tarde,25,9,4,8,37,0.36
2022,PR,Sul,Manobra de mudança de faixa,Madrugada,21,5,3,3,22,0.238095
2022,PR,Sul,Manobra de mudança de faixa,Manhã,165,36,4,35,192,0.218182
2022,PR,Sul,Manobra de mudança de faixa,Noite,118,24,4,23,140,0.20339
2022,PR,Sul,Manobra de mudança de faixa,Tarde,132,27,7,25,159,0.204545
2022,PR,Sul,Neblina,Madrugada,6,3,0,3,7,0.5
2022,PR,Sul,Neblina,Manhã,4,1,0,1,3,0.25
2022,PR,Sul,Neblina,Noite,4,2,1,1,3,0.5
2022,PR,Sul,Neblina,Tarde,4,2,0,2,3,0.5
2022,PR,Sul,Objeto estático sobre o leito carroçável,Madrugada,7,1,0,1,7,0.142857
2022,PR,Sul,Objeto estático sobre o leito carroçável,Manhã,6,2,0,2,3,0.333333
2022,PR,Sul,Objeto estático sobre o leito carroçável,Noite,9,1,0,1,9,0.111111
2022,PR,Sul,Objeto estático sobre o leito carroçável,Tarde,5,0,0,0,7,0.0
2022,PR,Sul,Obras na pista,Manhã,4,1,0,1,4,0.25
2022,PR,Sul,Obras na pista,Noite,5,2,0,2,6,0.4
2022,PR,Sul,Obras na pista,Tarde,2,1,0,1,3,0.5
2022,PR,Sul,Obstrução na via,Madrugada,4,2,0,2,6,0.5
2022,PR,Sul,Obstrução na via,Manhã,8,1,0,1,5,0.125
2022,PR,Sul,Obstrução na via,Noite,4,1,1,0,3,0.25
2022,PR,Sul,Obstrução na via,Tarde,3,0,0,0,2,0.0
2022,PR,Sul,Participar de racha,Noite,1,0,0,0,2,0.0
2022,PR,Sul,Participar de racha,Tarde,1,0,0,0,0,0.0
2022,PR,Sul,Pedestre andava na pista,Madrugada,22,16,10,8,26,0.727273
2022,PR,Sul,Pedestre andava na pista,Manhã,12,9,4,5,14,0.75
2022,PR,Sul,Pedestre andava na pista,Noite,44,32,23,9,53,0.727273
2022,PR,Sul,Pedestre andava na pista,Tarde,6,6,3,3,6,1.0
2022,PR,Sul,Pedestre cruzava a pista fora da faixa,Madrugada,5,3,2,1,5,0.6
2022,PR,Sul,Pedestre cruzava a pista fora da faixa,Manhã,13,7,2,7,16,0.538462
2022,PR,Sul,Pedestre cruzava a pista fora da faixa,Noite,45,36,16,24,54,0.8
2022,PR,Sul,Pedestre cruzava a pista fora da faixa,Tarde,17,11,3,8,26,0.647059
2022,PR,Sul,Pista Escorregadia,Madrugada,8,4,0,4,7,0.5
2022,PR,Sul,Pista Escorregadia,Manhã,34,7,1,7,40,0.205882
2022,PR,Sul,Pista Escorregadia,Noite,20,1,0,1,21,0.05
2022,PR,Sul,Pista Escorregadia,Tarde,26,6,3,10,39,0.230769
2022,PR,Sul,Pista em desnível,Manhã,1,0,0,0,0,0.0
2022,PR,Sul,Pista em desnível,Tarde,5,0,0,0,2,0.0
2022,PR,Sul,Pista esburacada,Madrugada,3,0,0,0,3,0.0
2022,PR,Sul,Pista esburacada,Manhã,6,2,0,2,5,0.333333
2022,PR,Sul,Pista esburacada,Noite,2,0,0,0,3,0.0
2022,PR,Sul,Pista esburacada,Tarde,6,0,0,0,9,0.0
2022,PR,Sul,Problema com o freio,Madrugada,4,0,0,0,1,0.0
2022,PR,Sul,Problema com o freio,Manhã,19,4,2,2,18,0.210526
2022,PR,Sul,Problema com o freio,Noite,7,1,0,1,6,0.142857
2022,PR,Sul,Problema com o freio,Tarde,18,5,3,4,16,0.277778
2022,PR,Sul,Problema na suspensão,Madrugada,1,0,0,0,1,0.0
2022,PR,Sul,Problema na suspensão,Manhã,4,1,0,2,5,0.25
2022,PR,Sul,Problema na suspensão,Noite,1,0,0,0,0,0.0
2022,PR,Sul,Problema na suspensão,Tarde,5,2,1,1,2,0.4
2022,PR,Sul,Reação tardia ou ineficiente do condutor,Madrugada,135,29,10,26,135,0.214815
2022,PR,Sul,Reação tardia ou ineficiente do condutor,Manhã,323,61,17,60,362,0.188854
2022,PR,Sul,Reação tardia ou ineficiente do condutor,Noite,316,70,30,73,363,0.221519
2022,PR,Sul,Reação tardia ou ineficiente do condutor,Tarde,310,79,21,78,374,0.254839
2022,PR,Sul,Restrição de visibilidade em curvas horizontais,Madrugada,1,0,0,0,1,0.0
2022,PR,Sul,Restrição de visibilidade em curvas horizontais,Noite,1,0,0,0,0,0.0
2022,PR,Sul,Restrição de visibilidade em curvas verticais,Madrugada,1,0,0,0,0,0.0
2022,PR,Sul,Restrição de visibilidade em curvas verticais,Noite,1,1,0,2,2,1.0
2022,PR,Sul,Retorno proibido,Madrugada,2,0,0,0,1,0.0
2022,PR,Sul,Retorno proibido,Manhã,4,1,0,1,5,0.25
2022,PR,Sul,Retorno proibido,Noite,7,4,4,4,18,0.571429
2022,PR,Sul,Retorno proibido,Tarde,13,7,1,9,24,0.538462
2022,PR,Sul,Semáforo com defeito,Tarde,1,0,0,0,1,0.0
2022,PR,Sul,Sinalização mal posicionada,Madrugada,2,1,0,1,3,0.5
2022,PR,Sul,Sinalização mal posicionada,Manhã,3,2,0,2,5,0.666667
2022,PR,Sul,Trafegar com motocicleta (ou similar) entre as faixas,Madrugada,1,0,0,0,1,0.0
2022,PR,Sul,Trafegar com motocicleta (ou similar) entre as faixas,Manhã,47,10,2,8,53,0.212766
2022,PR,Sul,Trafegar com motocicleta (ou similar) entre as faixas,Noite,20,4,0,5,24,0.2
2022,PR,Sul,Trafegar com motocicleta (ou similar) entre as faixas,Tarde,28,7,1,6,33,0.25
2022,PR,Sul,Transitar na contramão,Madrugada,40,25,14,27,72,0.625
2022,PR,Sul,Transitar na contramão,Manhã,34,19,11,20,60,0.558824
2022,PR,Sul,Transitar na contramão,Noite,65,42,26,35,93,0.646154
2022,PR,Sul,Transitar na contramão,Tarde,44,25,13,27,87,0.568182
2022,PR,Sul,Transitar no acostamento,Madrugada,3,2,1,1,2,0.666667
2022,PR,Sul,Transitar no acostamento,Manhã,4,1,0,1,7,0.25
2022,PR,Sul,Transitar no acostamento,Noite,4,2,1,1,4,0.5
2022,PR,Sul,Transitar no acostamento,Tarde,6,0,0,0,4,0.0
2022,PR,Sul,Ultrapassagem Indevida,Madrugada,9,4,1,8,20,0.444444
2022,PR,Sul,Ultrapassagem Indevida,Manhã,38,18,8,24,63,0.473684
2022,PR,Sul,Ultrapassagem Indevida,Noite,44,22,16,27,83,0.5
2022,PR,Sul,Ultrapassagem Indevida,Tarde,46,19,10,26,85,0.413043
2022,PR,Sul,Velocidade Incompatível,Madrugada,129,35,8,37,112,0.271318
2022,PR,Sul,Velocidade Incompatível,Manhã,225,67,17,66,238,0.297778
2022,PR,Sul,Velocidade Incompatível,Noite,182,58,26,60,248,0.318681
2022,PR,Sul,Velocidade Incompatível,Tarde,231,68,26,54,268,0.294372
2022,PR,Sul,Área urbana sem a presença de local apropriado para a travessia de pedestres,Manhã,2,1,0,1,2,0.5
2022,PR,Sul,Área urbana sem a presença de local apropriado para a travessia de pedestres,Noite,5,4,2,3,7,0.8
2022,PR,Sul,Área urbana sem a presença de local apropriado para a travessia de pedestres,Tarde,7,1,0,1,8,0.142857
2022,RJ,Sudeste,Acessar a via sem observar a presença dos outros veículos,Madrugada,20,9,4,7,19,0.45
2022,RJ,Sudeste,Acessar a via sem observar a presença dos outros veículos,Manhã,90,18,1,19,109,0.2
2022,RJ,Sudeste,Acessar a via sem observar a presença dos outros veículos,Noite,104,34,6,30,125,0.326923
2022,RJ,Sudeste,Acessar a via sem observar a presença dos outros veículos,Tarde,120,39,5,40,139,0.325
2022,RJ,Sudeste,Acesso irregular,Madrugada,3,1,1,0,3,0.333333
2022,RJ,Sudeste,Acesso irregular,Manhã,16,3,0,3,24,0.1875
2022,RJ,Sudeste,Acesso irregular,Noite,17,7,2,11,26,0.411765
2022,RJ,Sudeste,Acesso irregular,Tarde,21,4,0,5,21,0.190476
2022,RJ,Sudeste,Acostamento em desnível,Madrugada,1,0,0,0,1,0.0
2022,RJ,Sudeste,Acostamento em desnível,Manhã,3,0,0,0,3,0.0
2022,RJ,Sudeste,Acostamento em desnível,Noite,1,0,0,0,0,0.0
2022,RJ,Sudeste,Acostamento em desnível,Tarde,1,0,0,0,1,0.0
2022,RJ,Sudeste,Acumulo de areia ou detritos sobre o pavimento,Madrugada,1,0,0,0,1,0.0
2022,RJ,Sudeste,Acumulo de areia ou detritos sobre o pavimento,Manhã,8,2,0,2,11,0.25
2022,RJ,Sudeste,Acumulo de areia ou detritos sobre o pavimento,Noite,8,2,3,0,13,0.25
2022,RJ,Sudeste,Acumulo de areia ou detritos sobre o pavimento,Tarde,7,1,0,1,5,0.142857
2022,RJ,Sudeste,Acumulo de água sobre o pavimento,Madrugada,9,1,0,1,13,0.111111
2022,RJ,Sudeste,Acumulo de água sobre o pavimento,Manhã,11,1,0,1,13,0.090909
2022,RJ,Sudeste,Acumulo de água sobre o pavimento,Noite,13,0,0,0,14,0.0
2022,RJ,Sudeste,Acumulo de água sobre o pavimento,Tarde,13,4,0,5,22,0.307692
2022,RJ,Sudeste,Acumulo de óleo sobre o pavimento,Madrugada,1,1,0,1,1,1.0
2022,RJ,Sudeste,Acumulo de óleo sobre o pavimento,Manhã,12,2,0,4,16,0.166667
2022,RJ,Sudeste,Acumulo de óleo sobre o pavimento,Noite,4,0,0,0,4,0.0
2022,RJ,Sudeste,Acumulo de óleo sobre o pavimento,Tarde,8,1,0,1,7,0.125
2022,RJ,Sudeste,Afundamento ou ondulação no pavimento,Madrugada,1,1,0,1,2,1.0
2022,RJ,Sudeste,Afundamento ou ondulação no pavimento,Manhã,1,0,0,0,1,0.0
2022,RJ,Sudeste,Afundamento ou ondulação no pavimento,Noite,5,1,0,1,6,0.2
2022,RJ,Sudeste,Afundamento ou ondulação no pavimento,Tarde,3,1,0,1,9,0.333333
2022,RJ,Sudeste,Animais na Pista,Madrugada,29,5,1,5,26,0.172414
2022,RJ,Sudeste,Animais na Pista,Manhã,12,1,0,1,11,0.083333
2022,RJ,Sudeste,Animais na Pista,Noite,36,5,0,10,49,0.138889
2022,RJ,Sudeste,Animais na Pista,Tarde,7,1,1,1,12,0.142857
2022,RJ,Sudeste,Ausência de reação do condutor,Madrugada,97,32,12,23,96,0.329897
2022,RJ,Sudeste,Ausência de reação do condutor,Manhã,139,23,7,22,165,0.165468
2022,RJ,Sudeste,Ausência de reação do condutor,Noite,132,26,7,24,152,0.19697
2022,RJ,Sudeste,Ausência de reação do condutor,Tarde,186,42,7,41,212,0.225806
2022,RJ,Sudeste,Ausência de sinalização,Manhã,5,0,0,0,5,0.0
2022,RJ,Sudeste,Ausência de sinalização,Noite,6,2,0,3,7,0.333333
2022,RJ,Sudeste,Ausência de sinalização,Tarde,4,1,1,0,7,0.25
2022,RJ,Sudeste,Avarias e/ou desgaste excessivo no pneu,Madrugada,8,0,0,0,21,0.0
2022,RJ,Sudeste,Avarias e/ou desgaste excessivo no pneu,Manhã,42,5,0,7,55,0.119048
2022,RJ,Sudeste,Avarias e/ou desgaste excessivo no pneu,Noite,25,1,0,1,28,0.04
2022,RJ,Sudeste,Avarias e/ou desgaste excessivo no pneu,Tarde,43,7,0,8,65,0.162791
2022,RJ,Sudeste,Carga excessiva e/ou mal acondicionada,Madrugada,3,1,0,2,2,0.333333
2022,RJ,Sudeste,Carga excessiva e/ou mal acondicionada,Manhã,10,1,1,1,10,0.1
2022,RJ,Sudeste,Carga excessiva e/ou mal acondicionada,Noite,7,0,0,0,4,0.0
2022,RJ,Sudeste,Carga excessiva e/ou mal acondicionada,Tarde,6,0,0,0,4,0.0
2022,RJ,Sudeste,Chuva,Madrugada,21,4,3,2,20,0.190476
2022,RJ,Sudeste,Chuva,Manhã,35,5,1,5,43,0.142857
2022,RJ,Sudeste,Chuva,Noite,41,10,1,9,44,0.243902
2022,RJ,Sudeste,Chuva,Tarde,34,6,1,11,48,0.176471
2022,RJ,Sudeste,Condutor Dormindo,Madrugada,70,12,4,14,94,0.171429
2022,RJ,Sudeste,Condutor Dormindo,Manhã,56,15,7,18,82,0.267857
2022,RJ,Sudeste,Condutor Dormindo,Noite,31,10,3,7,46,0.322581
2022,RJ,Sudeste,Condutor Dormindo,Tarde,29,3,1,3,32,0.103448
2022,RJ,Sudeste,Condutor deixou de manter distância do veículo da frente,Madrugada,19,5,3,4,25,0.263158
2022,RJ,Sudeste,Condutor deixou de manter distância do veículo da frente,Manhã,112,10,0,11,129,0.089286
2022,RJ,Sudeste,Condutor deixou de manter distância do veículo da frente,Noite,68,10,0,10,67,0.147059
2022,RJ,Sudeste,Condutor deixou de manter distância do veículo da frente,Tarde,96,7,0,7,117,0.072917
2022,RJ,Sudeste,Condutor desrespeitou a iluminação vermelha do semáforo,Madrugada,1,0,0,0,1,0.0
2022,RJ,Sudeste,Condutor desrespeitou a iluminação vermelha do semáforo,Manhã,3,2,0,2,2,0.666667
2022,RJ,Sudeste,Condutor desrespeitou a iluminação vermelha do semáforo,Tarde,2,0,0,0,4,0.0
2022,RJ,Sudeste,Condutor usando celular,Madrugada,1,0,0,0,4,0.0
2022,RJ,Sudeste,Condutor usando celular,Noite,4,2,0,2,5,0.5
2022,RJ,Sudeste,Condutor usando celular,Tarde,3,0,0,0,3,0.0
2022,RJ,Sudeste,Conversão proibida,Madrugada,1,0,0,0,1,0.0
2022,RJ,Sudeste,Conversão proibida,Manhã,23,6,0,6,27,0.26087
2022,RJ,Sudeste,Conversão proibida,Noite,17,3,1,3,21,0.176471
2022,RJ,Sudeste,Conversão proibida,Tarde,32,11,0,15,38,0.34375
2022,RJ,Sudeste,Curva acentuada,Madrugada,4,0,0,0,2,0.0
2022,RJ,Sudeste,Curva acentuada,Manhã,13,1,0,1,13,0.076923
2022,RJ,Sudeste,Curva acentuada,Noite,4,2,0,2,7,0.5
2022,RJ,Sudeste,Curva acentuada,Tarde,12,3,1,3,15,0.25
2022,RJ,Sudeste,Declive acentuado,Manhã,1,0,0,0,1,0.0
2022,RJ,Sudeste,Declive acentuado,Noite,1,0,0,0,1,0.0
2022,RJ,Sudeste,Deficiência do Sistema de Iluminação/Sinalização,Madrugada,3,0,0,0,4,0.0
2022,RJ,Sudeste,Deficiência do Sistema de Iluminação/Sinalização,Manhã,3,1,0,1,3,0.333333
2022,RJ,Sudeste,Deficiência do Sistema de Iluminação/Sinalização,Noite,13,5,0,5,16,0.384615
2022,RJ,Sudeste,Deficiência do Sistema de Iluminação/Sinalização,Tarde,2,1,0,1,1,0.5
2022,RJ,Sudeste,Deixar de acionar o farol da motocicleta (ou similar),Noite,3,3,0,4,5,1.0
2022,RJ,Sudeste,Demais Fenômenos da natureza,Madrugada,1,0,0,0,0,0.0
2022,RJ,Sudeste,Demais Fenômenos da natureza,Manhã,4,2,2,2,6,0.5
2022,RJ,Sudeste,Demais Fenômenos da natureza,Noite,3,0,0,0,2,0.0
2022,RJ,Sudeste,Demais Fenômenos da natureza,Tarde,1,0,0,0,1,0.0
2022,RJ,Sudeste,Demais falhas mecânicas ou elétricas,Madrugada,29,4,3,1,13,0.137931
2022,RJ,Sudeste,Demais falhas mecânicas ou elétricas,Manhã,92,3,0,3,68,0.032609
2022,RJ,Sudeste,Demais falhas mecânicas ou elétricas,Noite,67,5,0,5,51,0.074627
2022,RJ,Sudeste,Demais falhas mecânicas ou elétricas,Tarde,88,12,1,12,74,0.136364
2022,RJ,Sudeste,Demais falhas na via,Madrugada,2,0,0,0,2,0.0
2022,RJ,Sudeste,Demais falhas na via,Manhã,3,1,0,1,2,0.333333
2022,RJ,Sudeste,Demais falhas na via,Noite,3,1,1,0,4,0.333333
2022,RJ,Sudeste,Demais falhas na via,Tarde,5,1,0,1,4,0.2
2022,RJ,Sudeste,Desrespeitar a preferência no cruzamento,Madrugada,2,1,0,1,2,0.5
2022,RJ,Sudeste,Desrespeitar a preferência no cruzamento,Manhã,8,0,0,0,13,0.0
2022,RJ,Sudeste,Desrespeitar a preferência no cruzamento,Noite,8,3,0,4,14,0.375
2022,RJ,Sudeste,Desrespeitar a preferência no cruzamento,Tarde,18,4,0,4,19,0.222222
2022,RJ,Sudeste,Desvio temporário,Tarde,1,0,0,0,1,0.0
2022,RJ,Sudeste,Entrada inopinada do pedestre,Madrugada,8,6,5,1,8,0.75
2022,RJ,Sudeste,Entrada inopinada do pedestre,Manhã,10,5,1,5,11,0.5
2022,RJ,Sudeste,Entrada inopinada do pedestre,Noite,26,18,7,12,29,0.692308
2022,RJ,Sudeste,Entrada inopinada do pedestre,Tarde,15,7,3,4,18,0.466667
2022,RJ,Sudeste,Estacionar ou parar em local proibido,Madrugada,3,1,0,1,6,0.333333
2022,RJ,Sudeste,Estacionar ou parar em local proibido,Manhã,1,0,0,0,1,0.0
2022,RJ,Sudeste,Estacionar ou parar em local proibido,Noite,4,1,0,2,4,0.25
2022,RJ,Sudeste,Faixas de trânsito com largura insuficiente,Manhã,1,1,2,0,2,1.0
2022,RJ,Sudeste,Falta de acostamento,Manhã,2,1,0,1,2,0.5
2022,RJ,Sudeste,Falta de acostamento,Noite,3,2,0,2,3,0.666667
2022,RJ,Sudeste,Falta de acostamento,Tarde,3,0,0,0,3,0.0
2022,RJ,Sudeste,Falta de elemento de contenção que evite a saída do leito carroçável,Manhã,1,1,0,1,1,1.0
2022,RJ,Sudeste,Frear bruscamente,Madrugada,5,1,0,1,7,0.2
2022,RJ,Sudeste,Frear bruscamente,Manhã,10,0,0,0,8,0.0
2022,RJ,Sudeste,Frear bruscamente,Noite,15,1,0,1,24,0.066667
2022,RJ,Sudeste,Frear bruscamente,Tarde,12,1,0,1,10,0.083333
2022,RJ,Sudeste,Fumaça,Madrugada,1,0,0,0,0,0.0
2022,RJ,Sudeste,Fumaça,Noite,1,0,0,0,0,0.0
2022,RJ,Sudeste,Fumaça,Tarde,1,0,0,0,0,0.0
2022,RJ,Sudeste,Iluminação deficiente,Madrugada,4,1,1,0,5,0.25
2022,RJ,Sudeste,Iluminação deficiente,Noite,10,3,1,2,11,0.3
2022,RJ,Sudeste,Iluminação deficiente,Tarde,2,1,0,1,3,0.5
2022,RJ,Sudeste,Ingestão de substâncias psicoativas pelo condutor,Madrugada,1,0,0,0,2,0.0
2022,RJ,Sudeste,Ingestão de substâncias psicoativas pelo condutor,Manhã,1,0,0,0,1,0.0
2022,RJ,Sudeste,Ingestão de substâncias psicoativas pelo condutor,Tarde,3,1,0,2,2,0.333333
2022,RJ,Sudeste,Ingestão de álcool e/ou substâncias psicoativas pelo pedestre,Madrugada,3,1,1,0,2,0.333333
2022,RJ,Sudeste,Ingestão de álcool e/ou substâncias psicoativas pelo pedestre,Manhã,1,0,0,0,0,0.0
2022,RJ,Sudeste,Ingestão de álcool e/ou substâncias psicoativas pelo pedestre,Noite,4,1,0,1,4,0.25
2022,RJ,Sudeste,Ingestão de álcool e/ou substâncias psicoativas pelo pedestre,Tarde,3,1,0,1,1,0.333333
2022,RJ,Sudeste,Ingestão de álcool ou de substâncias psicoativas pelo pedestre,Madrugada,1,0,0,0,0,0.0
2022,RJ,Sudeste,Ingestão de álcool ou de substâncias psicoativas pelo pedestre,Noite,5,5,2,3,5,1.0
2022,RJ,Sudeste,Ingestão de álcool ou de substâncias psicoativas pelo pedestre,Tarde,1,0,0,0,1,0.0
2022,RJ,Sudeste,Ingestão de álcool pelo condutor,Madrugada,62,12,2,10,47,0.193548
2022,RJ,Sudeste,Ingestão de álcool pelo condutor,Manhã,19,2,0,5,17,0.105263
2022,RJ,Sudeste,Ingestão de álcool pelo condutor,Noite,83,15,4,13,71,0.180723
2022,RJ,Sudeste,Ingestão de álcool pelo condutor,Tarde,37,6,1,7,34,0.162162
2022,RJ,Sudeste,Mal súbito do condutor,Madrugada,5,0,0,0,5,0.0
2022,RJ,Sudeste,Mal súbito do condutor,Manhã,15,3,2,1,22,0.2
2022,RJ,Sudeste,Mal súbito do condutor,Noite,7,3,1,3,11,0.428571
2022,RJ,Sudeste,Mal súbito do condutor,Tarde,27,4,3,2,36,0.148148
2022,RJ,Sudeste,Manobra de mudança de faixa,Madrugada,7,1,0,2,11,0.142857
2022,RJ,Sudeste,Manobra de mudança de faixa,Manhã,102,8,2,11,121,0.078431
2022,RJ,Sudeste,Manobra de mudança de faixa,Noite,63,6,3,5,75,0.095238
2022,RJ,Sudeste,Manobra de mudança de faixa,Tarde,83,10,0,12,96,0.120482
2022,RJ,Sudeste,Modificação proibida,Manhã,1,0,0,0,0,0.0
2022,RJ,Sudeste,Modificação proibida,Tarde,1,0,0,0,0,0.0
2022,RJ,Sudeste,Neblina,Madrugada,3,0,0,0,1,0.0
2022,RJ,Sudeste,Neblina,Noite,1,0,0,0,1,0.0
2022,RJ,Sudeste,Objeto estático sobre o leito carroçável,Madrugada,4,1,0,2,5,0.25
2022,RJ,Sudeste,Objeto estático sobre o leito carroçável,Manhã,4,1,0,2,6,0.25
2022,RJ,Sudeste,Objeto estático sobre o leito carroçável,Noite,5,0,0,0,5,0.0
2022,RJ,Sudeste,Objeto estático sobre o leito carroçável,Tarde,10,1,0,1,13,0.1
2022,RJ,Sudeste,Obras na pista,Tarde,1,0,0,0,1,0.0
2022,RJ,Sudeste,Obstrução na via,Madrugada,2,0,0,0,2,0.0
2022,RJ,Sudeste,Obstrução na via,Manhã,2,0,0,0,2,0.0
2022,RJ,Sudeste,Obstrução na via,Noite,1,0,0,0,2,0.0
2022,RJ,Sudeste,Pedestre andava na pista,Madrugada,10,10,5,7,15,1.0
2022,RJ,Sudeste,Pedestre andava na pista,Manhã,5,3,2,1,4,0.6
2022,RJ,Sudeste,Pedestre andava na pista,Noite,28,20,14,7,31,0.714286
2022,RJ,Sudeste,Pedestre andava na pista,Tarde,8,6,1,5,9,0.75
2022,RJ,Sudeste,Pedestre cruzava a pista fora da faixa,Madrugada,9,8,1,9,12,0.888889
2022,RJ,Sudeste,Pedestre cruzava a pista fora da faixa,Manhã,12,6,0,6,13,0.5
2022,RJ,Sudeste,Pedestre cruzava a pista fora da faixa,Noite,38,26,13,15,48,0.684211
2022,RJ,Sudeste,Pedestre cruzava a pista fora da faixa,Tarde,15,9,3,6,18,0.6
2022,RJ,Sudeste,Pista Escorregadia,Madrugada,5,1,0,1,6,0.2
2022,RJ,Sudeste,Pista Escorregadia,Manhã,21,4,1,7,30,0.190476
2022,RJ,Sudeste,Pista Escorregadia,Noite,24,2,1,1,31,0.083333
2022,RJ,Sudeste,Pista Escorregadia,Tarde,40,5,0,12,62,0.125
2022,RJ,Sudeste,Pista em desnível,Manhã,1,0,0,0,2,0.0
2022,RJ,Sudeste,Pista em desnível,Tarde,1,0,0,0,1,0.0
2022,RJ,Sudeste,Pista esburacada,Madrugada,1,1,1,0,1,1.0
2022,RJ,Sudeste,Pista esburacada,Manhã,1,0,0,0,1,0.0
2022,RJ,Sudeste,Pista esburacada,Noite,3,1,0,1,3,0.333333
2022,RJ,Sudeste,Pista esburacada,Tarde,2,0,0,0,3,0.0
2022,RJ,Sudeste,Problema com o freio,Madrugada,1,0,0,0,0,0.0
2022,RJ,Sudeste,Problema com o freio,Manhã,10,0,0,0,8,0.0
2022,RJ,Sudeste,Problema com o freio,Noite,4,0,0,0,3,0.0
2022,RJ,Sudeste,Problema com o freio,Tarde,10,1,0,1,14,0.1
2022,RJ,Sudeste,Problema na suspensão,Madrugada,1,1,1,0,2,1.0
2022,RJ,Sudeste,Problema na suspensão,Manhã,2,0,0,0,3,0.0
2022,RJ,Sudeste,Problema na suspensão,Noite,1,0,0,0,2,0.0
2022,RJ,Sudeste,Reação tardia ou ineficiente do condutor,Madrugada,83,19,3,20,123,0.228916
2022,RJ,Sudeste,Reação tardia ou ineficiente do condutor,Manhã,207,38,6,44,265,0.183575
2022,RJ,Sudeste,Reação tardia ou ineficiente do condutor,Noite,170,41,10,34,182,0.241176
2022,RJ,Sudeste,Reação tardia ou ineficiente do condutor,Tarde,188,38,8,37,213,0.202128
2022,RJ,Sudeste,Redutor de velocidade em desacordo,Manhã,1,0,0,0,3,0.0
2022,RJ,Sudeste,Restrição de visibilidade em curvas horizontais,Madrugada,1,0,0,0,2,0.0
2022,RJ,Sudeste,Retorno proibido,Madrugada,3,0,0,0,2,0.0
2022,RJ,Sudeste,Retorno proibido,Manhã,6,0,0,0,8,0.0
2022,RJ,Sudeste,Retorno proibido,Noite,13,3,0,5,18,0.230769
2022,RJ,Sudeste,Retorno proibido,Tarde,8,3,0,3,10,0.375
2022,RJ,Sudeste,Semáforo com defeito,Manhã,1,0,0,0,0,0.0
2022,RJ,Sudeste,Sinalização encoberta,Noite,1,0,0,0,0,0.0
2022,RJ,Sudeste,Trafegar com motocicleta (ou similar) entre as faixas,Madrugada,3,0,0,0,3,0.0
2022,RJ,Sudeste,Trafegar com motocicleta (ou similar) entre as faixas,Manhã,34,5,1,4,39,0.147059
2022,RJ,Sudeste,Trafegar com motocicleta (ou similar) entre as faixas,Noite,15,5,1,4,21,0.333333
2022,RJ,Sudeste,Trafegar com motocicleta (ou similar) entre as faixas,Tarde,22,6,0,6,25,0.272727
2022,RJ,Sudeste,Transitar na contramão,Madrugada,20,5,0,7,26,0.25
2022,RJ,Sudeste,Transitar na contramão,Manhã,24,8,4,9,53,0.333333
2022,RJ,Sudeste,Transitar na contramão,Noite,48,17,4,19,62,0.354167
2022,RJ,Sudeste,Transitar na contramão,Tarde,26,11,9,21,68,0.423077
2022,RJ,Sudeste,Transitar no acostamento,Madrugada,1,0,0,0,1,0.0
2022,RJ,Sudeste,Transitar no acostamento,Manhã,13,4,1,3,14,0.307692
2022,RJ,Sudeste,Transitar no acostamento,Noite,16,6,0,8,20,0.375
2022,RJ,Sudeste,Transitar no acostamento,Tarde,12,2,0,2,12,0.166667
2022,RJ,Sudeste,Ultrapassagem Indevida,Madrugada,6,3,1,2,6,0.5
2022,RJ,Sudeste,Ultrapassagem Indevida,Manhã,30,10,2,9,53,0.333333
2022,RJ,Sudeste,Ultrapassagem Indevida,Noite,20,5,2,5,25,0.25
2022,RJ,Sudeste,Ultrapassagem Indevida,Tarde,46,11,3,12,58,0.23913
2022,RJ,Sudeste,Velocidade Incompatível,Madrugada,51,19,6,18,54,0.372549
2022,RJ,Sudeste,Velocidade Incompatível,Manhã,108,30,8,28,143,0.277778
2022,RJ,Sudeste,Velocidade Incompatível,Noite,76,24,9,28,88,0.315789
2022,RJ,Sudeste,Velocidade Incompatível,Tarde,94,15,3,14,115,0.159574
2022,RJ,Sudeste,Área urbana sem a presença de local apropriado para a travessia de pedestres,Manhã,3,1,0,2,4,0.333333
2022,RJ,Sudeste,Área urbana sem a presença de local apropriado para a travessia de pedestres,Noite,6,4,1,4,8,0.666667
2022,RJ,Sudeste,Área urbana sem a presença de local apropriado para a travessia de pedestres,Tarde,1,0,0,0,1,0.0
2022,RN,Nordeste,Acessar a via sem observar a presença dos outros veículos,Madrugada,7,3,2,3,9,0.428571
2022,RN,Nordeste,Acessar a via sem observar a presença dos outros veículos,Manhã,54,16,1,16,69,0.296296
2022,RN,Nordeste,Acessar a via sem observar a presença dos outros veículos,Noite,46,18,3,18,60,0.391304
2022,RN,Nordeste,Acessar a via sem observar a presença dos outros veículos,Tarde,51,17,1,20,64,0.333333
2022,RN,Nordeste,Acesso irregular,Manhã,9,3,0,3,11,0.333333
2022,RN,Nordeste,Acesso irregular,Noite,3,1,0,1,3,0.333333
2022,RN,Nordeste,Acesso irregular,Tarde,7,2,0,3,11,0.285714
2022,RN,Nordeste,Acostamento em desnível,Manhã,1,0,0,0,2,0.0
2022,RN,Nordeste,Acostamento em desnível,Tarde,2,1,0,1,3,0.5
2022,RN,Nordeste,Acumulo de areia ou detritos sobre o pavimento,Noite,2,0,0,0,3,0.0
2022,RN,Nordeste,Acumulo de areia ou detritos sobre o pavimento,Tarde,3,0,0,0,3,0.0
2022,RN,Nordeste,Acumulo de água sobre o pavimento,Madrugada,4,0,0,0,4,0.0
2022,RN,Nordeste,Acumulo de água sobre o pavimento,Manhã,3,0,0,0,1,0.0
2022,RN,Nordeste,Acumulo de água sobre o pavimento,Tarde,3,0,0,0,5,0.0
2022,RN,Nordeste,Acumulo de óleo sobre o pavimento,Tarde,3,0,0,0,3,0.0
2022,RN,Nordeste,Afundamento ou ondulação no pavimento,Manhã,1,1,0,1,1,1.0
2022,RN,Nordeste,Afundamento ou ondulação no pavimento,Noite,1,0,0,0,1,0.0
2022,RN,Nordeste,Animais na Pista,Madrugada,16,4,2,5,16,0.25
2022,RN,Nordeste,Animais na Pista,Manhã,8,3,0,3,9,0.375
2022,RN,Nordeste,Animais na Pista,Noite,38,12,2,11,44,0.315789
2022,RN,Nordeste,Animais na Pista,Tarde,5,2,0,2,6,0.4
2022,RN,Nordeste,Ausência de reação do condutor,Madrugada,9,4,3,2,15,0.444444
2022,RN,Nordeste,Ausência de reação do condutor,Manhã,36,7,1,7,42,0.194444
2022,RN,Nordeste,Ausência de reação do condutor,Noite,25,10,2,10,27,0.4
2022,RN,Nordeste,Ausência de reação do condutor,Tarde,39,7,3,6,39,0.179487
2022,RN,Nordeste,Ausência de sinalização,Manhã,2,0,0,0,2,0.0
2022,RN,Nordeste,Ausência de sinalização,Noite,1,1,0,1,1,1.0
2022,RN,Nordeste,Ausência de sinalização,Tarde,1,0,0,0,1,0.0
2022,RN,Nordeste,Avarias e/ou desgaste excessivo no pneu,Madrugada,1,0,0,0,2,0.0
2022,RN,Nordeste,Avarias e/ou desgaste excessivo no pneu,Manhã,7,3,0,5,15,0.428571
2022,RN,Nordeste,Avarias e/ou desgaste excessivo no pneu,Noite,4,0,0,0,6,0.0
2022,RN,Nordeste,Avarias e/ou desgaste excessivo no pneu,Tarde,10,2,0,2,14,0.2
2022,RN,Nordeste,Carga excessiva e/ou mal acondicionada,Manhã,3,1,0,1,3,0.333333
2022,RN,Nordeste,Carga excessiva e/ou mal acondicionada,Tarde,2,0,0,0,1,0.0
2022,RN,Nordeste,Chuva,Madrugada,1,0,0,0,1,0.0
2022,RN,Nordeste,Chuva,Manhã,5,1,0,4,9,0.2
2022,RN,Nordeste,Chuva,Noite,5,1,0,1,9,0.2
2022,RN,Nordeste,Chuva,Tarde,3,0,0,0,4,0.0
2022,RN,Nordeste,Condutor Dormindo,Madrugada,9,4,2,4,12,0.444444
2022,RN,Nordeste,Condutor Dormindo,Manhã,8,1,0,1,9,0.125
2022,RN,Nordeste,Condutor Dormindo,Noite,7,0,0,0,3,0.0
2022,RN,Nordeste,Condutor Dormindo,Tarde,6,1,0,1,7,0.166667
2022,RN,Nordeste,Condutor deixou de manter distância do veículo da frente,Madrugada,4,1,0,1,4,0.25
2022,RN,Nordeste,Condutor deixou de manter distância do veículo da frente,Manhã,82,14,2,15,86,0.170732
2022,RN,Nordeste,Condutor deixou de manter distância do veículo da frente,Noite,24,4,0,5,30,0.166667
2022,RN,Nordeste,Condutor deixou de manter distância do veículo da frente,Tarde,49,7,0,9,52,0.142857
2022,RN,Nordeste,Condutor desrespeitou a iluminação vermelha do semáforo,Manhã,1,1,1,0,1,1.0
2022,RN,Nordeste,Condutor desrespeitou a iluminação vermelha do semáforo,Noite,3,1,0,1,2,0.333333
2022,RN,Nordeste,Condutor usando celular,Tarde,1,0,0,0,1,0.0
2022,RN,Nordeste,Conversão proibida,Madrugada,1,0,0,0,2,0.0
2022,RN,Nordeste,Conversão proibida,Manhã,8,4,1,3,15,0.5
2022,RN,Nordeste,Conversão proibida,Noite,5,0,0,0,5,0.0
2022,RN,Nordeste,Conversão proibida,Tarde,5,3,0,3,10,0.6
2022,RN,Nordeste,Curva acentuada,Manhã,2,2,0,2,2,1.0
2022,RN,Nordeste,Curva acentuada,Tarde,2,0,0,0,2,0.0
2022,RN,Nordeste,Deficiência do Sistema de Iluminação/Sinalização,Madrugada,1,0,0,0,0,0.0
2022,RN,Nordeste,Deficiência do Sistema de Iluminação/Sinalização,Noite,7,3,2,2,13,0.428571
2022,RN,Nordeste,Deixar de acionar o farol da motocicleta (ou similar),Noite,1,1,0,1,2,1.0
2022,RN,Nordeste,Demais Fenômenos da natureza,Manhã,1,0,0,0,1,0.0
2022,RN,Nordeste,Demais Fenômenos da natureza,Noite,1,0,0,0,0,0.0
2022,RN,Nordeste,Demais falhas mecânicas ou elétricas,Madrugada,3,0,0,0,2,0.0
2022,RN,Nordeste,Demais falhas mecânicas ou elétricas,Manhã,13,1,0,1,11,0.076923
2022,RN,Nordeste,Demais falhas mecânicas ou elétricas,Noite,9,2,0,3,8,0.222222
2022,RN,Nordeste,Demais falhas mecânicas ou elétricas,Tarde,20,5,2,3,29,0.25
2022,RN,Nordeste,Demais falhas na via,Madrugada,1,1,1,0,1,1.0
2022,RN,Nordeste,Demais falhas na via,Manhã,1,0,0,0,2,0.0
2022,RN,Nordeste,Demais falhas na via,Noite,1,1,0,2,2,1.0
2022,RN,Nordeste,Demais falhas na via,Tarde,3,1,0,1,4,0.333333
2022,RN,Nordeste,Desrespeitar a preferência no cruzamento,Madrugada,3,0,0,0,3,0.0
2022,RN,Nordeste,Desrespeitar a preferência no cruzamento,Manhã,11,2,0,2,13,0.181818
2022,RN,Nordeste,Desrespeitar a preferência no cruzamento,Noite,4,1,0,1,4,0.25
2022,RN,Nordeste,Desrespeitar a preferência no cruzamento,Tarde,12,4,0,5,19,0.333333
2022,RN,Nordeste,Desvio temporário,Madrugada,1,1,1,0,1,1.0
2022,RN,Nordeste,Desvio temporário,Manhã,1,0,0,0,1,0.0
2022,RN,Nordeste,Entrada inopinada do pedestre,Manhã,2,1,0,1,2,0.5
2022,RN,Nordeste,Entrada inopinada do pedestre,Noite,6,3,1,2,7,0.5
2022,RN,Nordeste,Entrada inopinada do pedestre,Tarde,3,3,2,1,3,1.0
2022,RN,Nordeste,Estacionar ou parar em local proibido,Noite,2,0,0,0,2,0.0
2022,RN,Nordeste,Falta de acostamento,Madrugada,1,1,1,0,1,1.0
2022,RN,Nordeste,Frear bruscamente,Manhã,3,1,0,1,3,0.333333
2022,RN,Nordeste,Frear bruscamente,Noite,1,0,0,0,1,0.0
2022,RN,Nordeste,Frear bruscamente,Tarde,3,0,0,0,4,0.0
2022,RN,Nordeste,Fumaça,Noite,1,1,0,1,2,1.0
2022,RN,Nordeste,Fumaça,Tarde,3,0,0,0,2,0.0
2022,RN,Nordeste,Iluminação deficiente,Madrugada,1,1,0,1,1,1.0
2022,RN,Nordeste,Iluminação deficiente,Noite,1,1,0,1,1,1.0
2022,RN,Nordeste,Ingestão de álcool e/ou substâncias psicoativas pelo pedestre,Madrugada,1,0,0,0,0,0.0
2022,RN,Nordeste,Ingestão de álcool e/ou substâncias psicoativas pelo pedestre,Manhã,1,0,0,0,2,0.0
2022,RN,Nordeste,Ingestão de álcool e/ou substâncias psicoativas pelo pedestre,Noite,4,2,0,5,8,0.5
2022,RN,Nordeste,Ingestão de álcool e/ou substâncias psicoativas pelo pedestre,Tarde,2,1,0,1,2,0.5
2022,RN,Nordeste,Ingestão de álcool ou de substâncias psicoativas pelo pedestre,Noite,1,0,0,0,1,0.0
2022,RN,Nordeste,Ingestão de álcool pelo condutor,Madrugada,21,8,1,10,19,0.380952
2022,RN,Nordeste,Ingestão de álcool pelo condutor,Manhã,16,6,1,7,20,0.375
2022,RN,Nordeste,Ingestão de álcool pelo condutor,Noite,44,16,4,23,63,0.363636
2022,RN,Nordeste,Ingestão de álcool pelo condutor,Tarde,18,4,1,4,16,0.222222
2022,RN,Nordeste,Mal súbito do condutor,Manhã,5,4,3,1,7,0.8
2022,RN,Nordeste,Mal súbito do condutor,Noite,3,0,0,0,4,0.0
2022,RN,Nordeste,Mal súbito do condutor,Tarde,4,2,0,2,4,0.5
2022,RN,Nordeste,Manobra de mudança de faixa,Madrugada,4,1,1,0,4,0.25
2022,RN,Nordeste,Manobra de mudança de faixa,Manhã,45,10,2,8,52,0.222222
2022,RN,Nordeste,Manobra de mudança de faixa,Noite,24,11,4,11,32,0.458333
2022,RN,Nordeste,Manobra de mudança de faixa,Tarde,39,11,3,14,52,0.282051
2022,RN,Nordeste,Objeto estático sobre o leito carroçável,Madrugada,1,0,0,0,0,0.0
2022,RN,Nordeste,Objeto estático sobre o leito carroçável,Manhã,2,0,0,0,3,0.0
2022,RN,Nordeste,Objeto estático sobre o leito carroçável,Noite,3,0,0,0,6,0.0
2022,RN,Nordeste,Obras na pista,Manhã,2,1,0,1,1,0.5
2022,RN,Nordeste,Obstrução na via,Madrugada,2,1,0,1,1,0.5
2022,RN,Nordeste,Participar de racha,Tarde,1,0,0,0,0,0.0
2022,RN,Nordeste,Pedestre andava na pista,Madrugada,1,1,1,0,1,1.0
2022,RN,Nordeste,Pedestre andava na pista,Manhã,3,1,0,1,4,0.333333
2022,RN,Nordeste,Pedestre andava na pista,Noite,3,2,2,0,3,0.666667
2022,RN,Nordeste,Pedestre andava na pista,Tarde,1,1,0,1,1,1.0
2022,RN,Nordeste,Pedestre cruzava a pista fora da faixa,Manhã,2,1,1,0,2,0.5
2022,RN,Nordeste,Pedestre cruzava a pista fora da faixa,Noite,4,4,1,3,5,1.0
2022,RN,Nordeste,Pedestre cruzava a pista fora da faixa,Tarde,5,3,1,2,8,0.6
2022,RN,Nordeste,Pista Escorregadia,Manhã,2,0,0,0,2,0.0
2022,RN,Nordeste,Pista Escorregadia,Noite,1,0,0,0,1,0.0
2022,RN,Nordeste,Pista Escorregadia,Tarde,1,1,1,0,1,1.0
2022,RN,Nordeste,Pista em desnível,Noite,2,0,0,0,3,0.0
2022,RN,Nordeste,Pista esburacada,Manhã,1,0,0,0,0,0.0
2022,RN,Nordeste,Pista esburacada,Noite,2,0,0,0,2,0.0
2022,RN,Nordeste,Pista esburacada,Tarde,4,0,0,0,5,0.0
2022,RN,Nordeste,Problema com o freio,Manhã,3,0,0,0,4,0.0
2022,RN,Nordeste,Problema com o freio,Noite,2,0,0,0,1,0.0
2022,RN,Nordeste,Problema com o freio,Tarde,1,0,0,0,0,0.0
2022,RN,Nordeste,Reação tardia ou ineficiente do condutor,Madrugada,15,7,0,8,17,0.466667
2022,RN,Nordeste,Reação tardia ou ineficiente do condutor,Manhã,33,7,0,7,36,0.212121
2022,RN,Nordeste,Reação tardia ou ineficiente do condutor,Noite,22,11,4,9,34,0.5
2022,RN,Nordeste,Reação tardia ou ineficiente do condutor,Tarde,39,10,2,14,48,0.25641
2022,RN,Nordeste,Restrição de visibilidade em curvas horizontais,Manhã,1,1,0,1,1,1.0
2022,RN,Nordeste,Retorno proibido,Madrugada,1,0,0,0,1,0.0
2022,RN,Nordeste,Retorno proibido,Manhã,2,0,0,0,2,0.0
2022,RN,Nordeste,Retorno proibido,Noite,1,1,0,1,1,1.0
2022,RN,Nordeste,Retorno proibido,Tarde,4,4,0,7,7,1.0
2022,RN,Nordeste,Sinalização mal posicionada,Tarde,1,0,0,0,2,0.0
2022,RN,Nordeste,Trafegar com motocicleta (ou similar) entre as faixas,Manhã,5,2,0,2,8,0.4
2022,RN,Nordeste,Trafegar com motocicleta (ou similar) entre as faixas,Noite,2,0,0,0,3,0.0
2022,RN,Nordeste,Trafegar com motocicleta (ou similar) entre as faixas,Tarde,1,0,0,0,1,0.0
2022,RN,Nordeste,Transitar na contramão,Madrugada,9,6,2,6,11,0.666667
2022,RN,Nordeste,Transitar na contramão,Manhã,9,5,2,4,17,0.555556
2022,RN,Nordeste,Transitar na contramão,Noite,13,8,2,9,23,0.615385
2022,RN,Nordeste,Transitar na contramão,Tarde,15,9,4,8,24,0.6
2022,RN,Nordeste,Transitar no acostamento,Manhã,2,0,0,0,2,0.0
2022,RN,Nordeste,Transitar no acostamento,Noite,2,2,0,4,4,1.0
2022,RN,Nordeste,Transitar no acostamento,Tarde,2,0,0,0,3,0.0
2022,RN,Nordeste,Ultrapassagem Indevida,Madrugada,2,1,1,0,2,0.5
2022,RN,Nordeste,Ultrapassagem Indevida,Manhã,4,2,1,1,5,0.5
2022,RN,Nordeste,Ultrapassagem Indevida,Noite,7,4,2,3,7,0.571429
2022,RN,Nordeste,Ultrapassagem Indevida,Tarde,8,2,1,3,13,0.25
2022,RN,Nordeste,Velocidade Incompatível,Madrugada,10,5,3,3,8,0.5
2022,RN,Nordeste,Velocidade Incompatível,Manhã,12,2,0,2,17,0.166667
2022,RN,Nordeste,Velocidade Incompatível,Noite,15,8,6,5,19,0.533333
2022,RN,Nordeste,Velocidade Incompatível,Tarde,7,2,1,1,8,0.285714
2022,RN,Nordeste,Área urbana sem a presença de local apropriado para a travessia de pedestres,Madrugada,1,1,0,2,2,1.0
2022,RN,Nordeste,Área urbana sem a presença de local apropriado para a travessia de pedestres,Noite,1,0,0,0,1,0.0
2022,RN,Nordeste,Área urbana sem a presença de local apropriado para a travessia de pedestres,Tarde,2,2,0,2,3,1.0
2022,RO,Norte,Acessar a via sem observar a presença dos outros veículos,Madrugada,7,3,0,3,9,0.428571
2022,RO,Norte,Acessar a via sem observar a presença dos outros veículos,Manhã,53,8,1,8,60,0.150943
2022,RO,Norte,Acessar a via sem observar a presença dos outros veículos,Noite,46,11,5,12,60,0.23913
2022,RO,Norte,Acessar a via sem observar a presença dos outros veículos,Tarde,66,24,3,22,79,0.363636
2022,RO,Norte,Acesso irregular,Madrugada,1,1,0,1,1,1.0
2022,RO,Norte,Acesso irregular,Manhã,11,2,0,3,12,0.181818
2022,RO,Norte,Acesso irregular,Noite,4,2,0,2,7,0.5
2022,RO,Norte,Acesso irregular,Tarde,5,1,0,1,6,0.2
2022,RO,Norte,Acostamento em desnível,Madrugada,1,0,0,0,1,0.0
2022,RO,Norte,Acostamento em desnível,Manhã,2,2,0,2,3,1.0
2022,RO,Norte,Acostamento em desnível,Noite,3,0,0,0,3,0.0
2022,RO,Norte,Acostamento em desnível,Tarde,1,0,0,0,0,0.0
2022,RO,Norte,Acumulo de areia ou detritos sobre o pavimento,Manhã,1,0,0,0,1,0.0
2022,RO,Norte,Acumulo de areia ou detritos sobre o pavimento,Noite,1,0,0,0,0,0.0
2022,RO,Norte,Acumulo de areia ou detritos sobre o pavimento,Tarde,2,0,0,0,3,0.0
2022,RO,Norte,Acumulo de água sobre o pavimento,Manhã,2,1,0,1,3,0.5
2022,RO,Norte,Acumulo de água sobre o pavimento,Tarde,7,0,0,0,6,0.0
2022,RO,Norte,Afundamento ou ondulação no pavimento,Madrugada,1,0,0,0,2,0.0
2022,RO,Norte,Afundamento ou ondulação no pavimento,Manhã,1,0,0,0,1,0.0
2022,RO,Norte,Afundamento ou ondulação no pavimento,Noite,3,1,0,1,3,0.333333
2022,RO,Norte,Afundamento ou ondulação no pavimento,Tarde,1,1,0,1,1,1.0
2022,RO,Norte,Animais na Pista,Madrugada,7,2,1,2,8,0.285714
2022,RO,Norte,Animais na Pista,Manhã,4,0,0,0,4,0.0
2022,RO,Norte,Animais na Pista,Noite,15,5,0,6,15,0.333333
2022,RO,Norte,Animais na Pista,Tarde,3,0,0,0,2,0.0
2022,RO,Norte,Ausência de reação do condutor,Madrugada,25,7,0,7,20,0.28
2022,RO,Norte,Ausência de reação do condutor,Manhã,49,7,3,5,43,0.142857
2022,RO,Norte,Ausência de reação do condutor,Noite,40,11,3,12,35,0.275
2022,RO,Norte,Ausência de reação do condutor,Tarde,40,13,0,17,52,0.325
2022,RO,Norte,Ausência de sinalização,Manhã,2,0,0,0,3,0.0
2022,RO,Norte,Ausência de sinalização,Noite,2,0,0,0,1,0.0
2022,RO,Norte,Ausência de sinalização,Tarde,1,0,0,0,2,0.0
2022,RO,Norte,Avarias e/ou desgaste excessivo no pneu,Madrugada,1,0,0,0,1,0.0
2022,RO,Norte,Avarias e/ou desgaste excessivo no pneu,Manhã,1,0,0,0,2,0.0
2022,RO,Norte,Avarias e/ou desgaste excessivo no pneu,Noite,2,1,1,0,3,0.5
2022,RO,Norte,Avarias e/ou desgaste excessivo no pneu,Tarde,7,0,0,0,7,0.0
2022,RO,Norte,Carga excessiva e/ou mal acondicionada,Manhã,1,0,0,0,2,0.0
2022,RO,Norte,Carga excessiva e/ou mal acondicionada,Tarde,1,0,0,0,1,0.0
2022,RO,Norte,Chuva,Madrugada,2,1,0,1,4,0.5
2022,RO,Norte,Chuva,Noite,2,1,0,1,3,0.5
2022,RO,Norte,Chuva,Tarde,6,2,2,3,9,0.333333
2022,RO,Norte,Condutor Dormindo,Madrugada,9,2,0,2,9,0.222222
2022,RO,Norte,Condutor Dormindo,Manhã,4,0,0,0,1,0.0
2022,RO,Norte,Condutor Dormindo,Noite,4,1,0,1,5,0.25
2022,RO,Norte,Condutor Dormindo,Tarde,4,1,0,1,5,0.25
2022,RO,Norte,Condutor deixou de manter distância do veículo da frente,Madrugada,3,0,0,0,2,0.0
2022,RO,Norte,Condutor deixou de manter distância do veículo da frente,Manhã,45,6,0,6,46,0.133333
2022,RO,Norte,Condutor deixou de manter distância do veículo da frente,Noite,12,2,1,1,11,0.166667
2022,RO,Norte,Condutor deixou de manter distância do veículo da frente,Tarde,38,6,0,6,31,0.157895
2022,RO,Norte,Condutor desrespeitou a iluminação vermelha do semáforo,Madrugada,7,2,0,2,8,0.285714
2022,RO,Norte,Condutor desrespeitou a iluminação vermelha do semáforo,Manhã,19,3,0,3,17,0.157895
2022,RO,Norte,Condutor desrespeitou a iluminação vermelha do semáforo,Noite,14,5,0,7,12,0.357143
2022,RO,Norte,Condutor desrespeitou a iluminação vermelha do semáforo,Tarde,14,4,0,4,16,0.285714
2022,RO,Norte,Condutor usando celular,Tarde,2,0,0,0,1,0.0
2022,RO,Norte,Conversão proibida,Manhã,4,1,0,1,4,0.25
2022,RO,Norte,Conversão proibida,Noite,4,2,0,2,4,0.5
2022,RO,Norte,Conversão proibida,Tarde,7,2,0,2,10,0.285714
2022,RO,Norte,Curva acentuada,Noite,1,1,1,0,1,1.0
2022,RO,Norte,Curva acentuada,Tarde,2,2,1,1,2,1.0
2022,RO,Norte,Declive acentuado,Madrugada,1,0,0,0,0,0.0
2022,RO,Norte,Deficiência do Sistema de Iluminação/Sinalização,Madrugada,1,0,0,0,2,0.0
2022,RO,Norte,Deficiência do Sistema de Iluminação/Sinalização,Manhã,1,0,0,0,1,0.0
2022,RO,Norte,Deficiência do Sistema de Iluminação/Sinalização,Noite,3,0,0,0,4,0.0
2022,RO,Norte,Demais falhas mecânicas ou elétricas,Madrugada,6,0,0,0,3,0.0
2022,RO,Norte,Demais falhas mecânicas ou elétricas,Manhã,12,2,0,2,11,0.166667
2022,RO,Norte,Demais falhas mecânicas ou elétricas,Noite,5,1,0,2,3,0.2
2022,RO,Norte,Demais falhas mecânicas ou elétricas,Tarde,16,3,0,3,17,0.1875
2022,RO,Norte,Demais falhas na via,Madrugada,1,0,0,0,1,0.0
2022,RO,Norte,Demais falhas na via,Manhã,3,1,0,1,4,0.333333
2022,RO,Norte,Demais falhas na via,Noite,4,3,0,4,8,0.75
2022,RO,Norte,Demais falhas na via,Tarde,3,0,0,0,2,0.0
2022,RO,Norte,Desrespeitar a preferência no cruzamento,Madrugada,2,1,0,1,6,0.5
2022,RO,Norte,Desrespeitar a preferência no cruzamento,Manhã,25,9,1,9,32,0.36
2022,RO,Norte,Desrespeitar a preferência no cruzamento,Noite,18,5,0,6,26,0.277778
2022,RO,Norte,Desrespeitar a preferência no cruzamento,Tarde,25,8,0,9,31,0.32
2022,RO,Norte,Desvio temporário,Manhã,1,0,0,0,0,0.0
2022,RO,Norte,Entrada inopinada do pedestre,Madrugada,2,1,1,0,2,0.5
2022,RO,Norte,Entrada inopinada do pedestre,Manhã,2,2,0,2,2,1.0
2022,RO,Norte,Entrada inopinada do pedestre,Noite,2,2,0,2,4,1.0
2022,RO,Norte,Entrada inopinada do pedestre,Tarde,4,1,0,1,4,0.25
2022,RO,Norte,Estacionar ou parar em local proibido,Manhã,2,0,0,0,2,0.0
2022,RO,Norte,Estacionar ou parar em local proibido,Noite,1,0,0,0,0,0.0
2022,RO,Norte,Estacionar ou parar em local proibido,Tarde,2,2,0,2,2,1.0
2022,RO,Norte,Falta de acostamento,Manhã,1,0,0,0,1,0.0
2022,RO,Norte,Falta de acostamento,Tarde,1,0,0,0,1,0.0
2022,RO,Norte,Falta de elemento de contenção que evite a saída do leito carroçável,Madrugada,1,1,0,1,1,1.0
2022,RO,Norte,Falta de elemento de contenção que evite a saída do leito carroçável,Manhã,1,0,0,0,0,0.0
2022,RO,Norte,Frear bruscamente,Madrugada,1,0,0,0,1,0.0
2022,RO,Norte,Frear bruscamente,Manhã,7,1,0,1,5,0.142857
2022,RO,Norte,Frear bruscamente,Noite,2,0,0,0,2,0.0
2022,RO,Norte,Frear bruscamente,Tarde,1,0,0,0,1,0.0
2022,RO,Norte,Iluminação deficiente,Madrugada,1,1,0,2,2,1.0
2022,RO,Norte,Iluminação deficiente,Noite,4,1,0,1,3,0.25
2022,RO,Norte,Ingestão de substâncias psicoativas pelo condutor,Madrugada,1,0,0,0,1,0.0
2022,RO,Norte,Ingestão de álcool e/ou substâncias psicoativas pelo pedestre,Madrugada,1,1,0,1,2,1.0
2022,RO,Norte,Ingestão de álcool e/ou substâncias psicoativas pelo pedestre,Manhã,1,0,0,0,1,0.0
2022,RO,Norte,Ingestão de álcool ou de substâncias psicoativas pelo pedestre,Noite,1,1,0,1,1,1.0
2022,RO,Norte,Ingestão de álcool pelo condutor,Madrugada,20,4,1,4,16,0.2
2022,RO,Norte,Ingestão de álcool pelo condutor,Manhã,10,1,0,1,4,0.1
2022,RO,Norte,Ingestão de álcool pelo condutor,Noite,32,2,0,2,20,0.0625
2022,RO,Norte,Ingestão de álcool pelo condutor,Tarde,18,2,0,2,13,0.111111
2022,RO,Norte,Mal súbito do condutor,Madrugada,1,0,0,0,1,0.0
2022,RO,Norte,Mal súbito do condutor,Manhã,2,1,0,1,3,0.5
2022,RO,Norte,Mal súbito do condutor,Noite,1,1,0,1,1,1.0
2022,RO,Norte,Mal súbito do condutor,Tarde,2,0,0,0,2,0.0
2022,RO,Norte,Manobra de mudança de faixa,Madrugada,3,2,2,1,4,0.666667
2022,RO,Norte,Manobra de mudança de faixa,Manhã,28,7,2,6,33,0.25
2022,RO,Norte,Manobra de mudança de faixa,Noite,14,4,1,3,17,0.285714
2022,RO,Norte,Manobra de mudança de faixa,Tarde,24,4,2,4,27,0.166667
2022,RO,Norte,Modificação proibida,Noite,1,0,0,0,1,0.0
2022,RO,Norte,Objeto estático sobre o leito carroçável,Manhã,2,0,0,0,1,0.0
2022,RO,Norte,Obras na pista,Manhã,1,0,0,0,1,0.0
2022,RO,Norte,Obstrução na via,Tarde,1,0,0,0,1,0.0
2022,RO,Norte,Pedestre andava na pista,Madrugada,1,0,0,0,2,0.0
2022,RO,Norte,Pedestre andava na pista,Manhã,2,2,1,1,2,1.0
2022,RO,Norte,Pedestre andava na pista,Noite,9,7,3,5,9,0.777778
2022,RO,Norte,Pedestre andava na pista,Tarde,1,1,1,0,1,1.0
2022,RO,Norte,Pedestre cruzava a pista fora da faixa,Manhã,2,2,0,2,3,1.0
2022,RO,Norte,Pedestre cruzava a pista fora da faixa,Noite,11,8,3,7,14,0.727273
2022,RO,Norte,Pista Escorregadia,Manhã,3,0,0,0,3,0.0
2022,RO,Norte,Pista Escorregadia,Noite,1,0,0,0,1,0.0
2022,RO,Norte,Pista Escorregadia,Tarde,1,0,0,0,1,0.0
2022,RO,Norte,Pista em desnível,Tarde,3,0,0,0,4,0.0
2022,RO,Norte,Pista esburacada,Madrugada,3,0,0,0,4,0.0
2022,RO,Norte,Pista esburacada,Manhã,5,1,0,1,6,0.2
2022,RO,Norte,Pista esburacada,Noite,8,4,0,4,12,0.5
2022,RO,Norte,Pista esburacada,Tarde,5,0,0,0,7,0.0
2022,RO,Norte,Problema com o freio,Manhã,1,0,0,0,1,0.0
2022,RO,Norte,Problema com o freio,Tarde,4,0,0,0,2,0.0
2022,RO,Norte,Reação tardia ou ineficiente do condutor,Madrugada,20,7,1,7,22,0.35
2022,RO,Norte,Reação tardia ou ineficiente do condutor,Manhã,60,17,3,16,63,0.283333
2022,RO,Norte,Reação tardia ou ineficiente do condutor,Noite,78,21,8,17,84,0.269231
2022,RO,Norte,Reação tardia ou ineficiente do condutor,Tarde,60,17,3,16,72,0.283333
2022,RO,Norte,Redutor de velocidade em desacordo,Noite,1,1,0,1,1,1.0
2022,RO,Norte,Redutor de velocidade em desacordo,Tarde,1,0,0,0,1,0.0
2022,RO,Norte,Restrição de visibilidade em curvas horizontais,Manhã,1,0,0,0,0,0.0
2022,RO,Norte,Retorno proibido,Madrugada,1,0,0,0,0,0.0
2022,RO,Norte,Retorno proibido,Manhã,4,0,0,0,5,0.0
2022,RO,Norte,Retorno proibido,Noite,1,0,0,0,0,0.0
2022,RO,Norte,Retorno proibido,Tarde,1,0,0,0,2,0.0
2022,RO,Norte,Trafegar com motocicleta (ou similar) entre as faixas,Manhã,2,0,0,0,3,0.0
2022,RO,Norte,Trafegar com motocicleta (ou similar) entre as faixas,Tarde,1,1,0,1,1,1.0
2022,RO,Norte,Transitar na calçada,Manhã,1,0,0,0,1,0.0
2022,RO,Norte,Transitar na contramão,Madrugada,11,8,7,7,22,0.727273
2022,RO,Norte,Transitar na contramão,Manhã,13,4,4,4,21,0.307692
2022,RO,Norte,Transitar na contramão,Noite,14,9,5,7,16,0.642857
2022,RO,Norte,Transitar na contramão,Tarde,10,5,3,3,24,0.5
2022,RO,Norte,Transitar no acostamento,Manhã,4,3,2,1,4,0.75
2022,RO,Norte,Transitar no acostamento,Noite,4,2,1,1,4,0.5
2022,RO,Norte,Transitar no acostamento,Tarde,1,0,0,0,2,0.0
2022,RO,Norte,Ultrapassagem Indevida,Madrugada,1,1,0,2,2,1.0
2022,RO,Norte,Ultrapassagem Indevida,Manhã,9,1,0,1,6,0.111111
2022,RO,Norte,Ultrapassagem Indevida,Noite,11,7,6,9,21,0.636364
2022,RO,Norte,Ultrapassagem Indevida,Tarde,13,4,2,5,17,0.307692
2022,RO,Norte,Velocidade Incompatível,Madrugada,9,1,0,1,9,0.111111
2022,RO,Norte,Velocidade Incompatível,Manhã,11,1,0,1,12,0.090909
2022,RO,Norte,Velocidade Incompatível,Noite,16,6,1,6,26,0.375
2022,RO,Norte,Velocidade Incompatível,Tarde,10,2,0,2,10,0.2
2022,RO,Norte,Área urbana sem a presença de local apropriado para a travessia de pedestres,Manhã,2,0,0,0,2,0.0
2022,RR,Norte,Acessar a via sem observar a presença dos outros veículos,Manhã,7,2,0,2,5,0.285714
2022,RR,Norte,Acessar a via sem observar a presença dos outros veículos,Noite,5,2,1,1,8,0.4
2022,RR,Norte,Acessar a via sem observar a presença dos outros veículos,Tarde,7,3,1,2,8,0.428571
2022,RR,Norte,Acesso irregular,Manhã,1,1,0,1,1,1.0
2022,RR,Norte,Acesso irregular,Tarde,1,0,0,0,1,0.0
2022,RR,Norte,Animais na Pista,Madrugada,2,1,0,2,6,0.5
2022,RR,Norte,Animais na Pista,Noite,9,3,0,3,9,0.333333
2022,RR,Norte,Animais na Pista,Tarde,1,0,0,0,0,0.0
2022,RR,Norte,Ausência de reação do condutor,Madrugada,6,3,1,2,7,0.5
2022,RR,Norte,Ausência de reação do condutor,Manhã,8,2,2,1,11,0.25
2022,RR,Norte,Ausência de reação do condutor,Noite,11,7,4,5,11,0.636364
2022,RR,Norte,Ausência de reação do condutor,Tarde,4,2,0,2,6,0.5
2022,RR,Norte,Avarias e/ou desgaste excessivo no pneu,Manhã,2,1,0,2,6,0.5
2022,RR,Norte,Avarias e/ou desgaste excessivo no pneu,Tarde,1,1,0,1,2,1.0
2022,RR,Norte,Carga excessiva e/ou mal acondicionada,Tarde,1,1,0,1,1,1.0
2022,RR,Norte,Chuva,Madrugada,1,0,0,0,2,0.0
2022,RR,Norte,Chuva,Tarde,1,0,0,0,3,0.0
2022,RR,Norte,Condutor Dormindo,Madrugada,3,0,0,0,1,0.0
2022,RR,Norte,Condutor Dormindo,Tarde,1,1,0,1,1,1.0
2022,RR,Norte,Condutor deixou de manter distância do veículo da frente,Madrugada,1,1,0,1,1,1.0
2022,RR,Norte,Condutor deixou de manter distância do veículo da frente,Manhã,4,0,0,0,1,0.0
2022,RR,Norte,Condutor deixou de manter distância do veículo da frente,Noite,5,0,0,0,3,0.0
2022,RR,Norte,Condutor deixou de manter distância do veículo da frente,Tarde,3,1,1,2,7,0.333333
2022,RR,Norte,Condutor desrespeitou a iluminação vermelha do semáforo,Noite,1,0,0,0,1,0.0
2022,RR,Norte,Conversão proibida,Manhã,2,1,0,2,2,0.5
2022,RR,Norte,Conversão proibida,Noite,2,1,0,1,5,0.5
2022,RR,Norte,Conversão proibida,Tarde,1,0,0,0,2,0.0
2022,RR,Norte,Deficiência do Sistema de Iluminação/Sinalização,Madrugada,3,2,0,2,10,0.666667
2022,RR,Norte,Deficiência do Sistema de Iluminação/Sinalização,Manhã,1,1,0,1,2,1.0
2022,RR,Norte,Deficiência do Sistema de Iluminação/Sinalização,Noite,1,1,0,1,3,1.0
2022,RR,Norte,Demais falhas mecânicas ou elétricas,Madrugada,1,0,0,0,0,0.0
2022,RR,Norte,Demais falhas mecânicas ou elétricas,Manhã,1,0,0,0,0,0.0
2022,RR,Norte,Demais falhas mecânicas ou elétricas,Noite,3,0,0,0,0,0.0
2022,RR,Norte,Demais falhas mecânicas ou elétricas,Tarde,1,0,0,0,0,0.0
2022,RR,Norte,Demais falhas na via,Manhã,1,0,0,0,3,0.0
2022,RR,Norte,Demais falhas na via,Tarde,1,1,0,2,2,1.0
2022,RR,Norte,Desrespeitar a preferência no cruzamento,Madrugada,1,0,0,0,1,0.0
2022,RR,Norte,Desrespeitar a preferência no cruzamento,Manhã,1,0,0,0,0,0.0
2022,RR,Norte,Desrespeitar a preferência no cruzamento,Noite,1,0,0,0,1,0.0
2022,RR,Norte,Entrada inopinada do pedestre,Manhã,4,2,1,2,5,0.5
2022,RR,Norte,Entrada inopinada do pedestre,Noite,3,1,0,1,4,0.333333
2022,RR,Norte,Frear bruscamente,Manhã,1,0,0,0,1,0.0
2022,RR,Norte,Ingestão de álcool e/ou substâncias psicoativas pelo pedestre,Noite,2,0,0,0,2,0.0
2022,RR,Norte,Ingestão de álcool ou de substâncias psicoativas pelo pedestre,Tarde,1,0,0,0,1,0.0
2022,RR,Norte,Ingestão de álcool pelo condutor,Madrugada,5,0,0,0,9,0.0
2022,RR,Norte,Ingestão de álcool pelo condutor,Manhã,8,3,1,2,10,0.375
2022,RR,Norte,Ingestão de álcool pelo condutor,Noite,14,3,0,4,17,0.214286
2022,RR,Norte,Ingestão de álcool pelo condutor,Tarde,6,1,0,1,7,0.166667
2022,RR,Norte,Mal súbito do condutor,Manhã,1,1,0,2,2,1.0
2022,RR,Norte,Mal súbito do condutor,Tarde,1,0,0,0,1,0.0
2022,RR,Norte,Manobra de mudança de faixa,Madrugada,1,0,0,0,2,0.0
2022,RR,Norte,Manobra de mudança de faixa,Manhã,5,2,0,2,8,0.4
2022,RR,Norte,Manobra de mudança de faixa,Tarde,1,0,0,0,1,0.0
2022,RR,Norte,Objeto estático sobre o leito carroçável,Noite,2,1,1,1,4,0.5
2022,RR,Norte,Participar de racha,Tarde,1,0,0,0,1,0.0
2022,RR,Norte,Pedestre andava na pista,Noite,1,1,1,0,2,1.0
2022,RR,Norte,Pedestre cruzava a pista fora da faixa,Manhã,2,1,0,1,2,0.5
2022,RR,Norte,Pedestre cruzava a pista fora da faixa,Noite,4,3,1,2,5,0.75
2022,RR,Norte,Pista Escorregadia,Manhã,1,0,0,0,0,0.0
2022,RR,Norte,Pista Escorregadia,Noite,1,0,0,0,0,0.0
2022,RR,Norte,Pista esburacada,Madrugada,3,2,0,2,4,0.666667
2022,RR,Norte,Pista esburacada,Manhã,3,1,1,1,6,0.333333
2022,RR,Norte,Pista esburacada,Noite,4,0,0,0,3,0.0
2022,RR,Norte,Pista esburacada,Tarde,1,1,0,1,1,1.0
2022,RR,Norte,Reação tardia ou ineficiente do condutor,Madrugada,4,1,0,1,2,0.25
2022,RR,Norte,Reação tardia ou ineficiente do condutor,Manhã,7,1,0,1,10,0.142857
2022,RR,Norte,Reação tardia ou ineficiente do condutor,Noite,9,5,2,4,20,0.555556
2022,RR,Norte,Reação tardia ou ineficiente do condutor,Tarde,4,0,0,0,3,0.0
2022,RR,Norte,Retorno proibido,Manhã,1,1,0,2,3,1.0
2022,RR,Norte,Retorno proibido,Tarde,1,1,0,1,1,1.0
2022,RR,Norte,Transitar na contramão,Madrugada,1,1,1,0,1,1.0
2022,RR,Norte,Transitar na contramão,Noite,5,3,3,2,9,0.6
2022,RR,Norte,Transitar na contramão,Tarde,3,2,1,1,3,0.666667
2022,RR,Norte,Transitar no acostamento,Madrugada,1,0,0,0,1,0.0
2022,RR,Norte,Transitar no acostamento,Noite,1,0,0,0,1,0.0
2022,RR,Norte,Ultrapassagem Indevida,Madrugada,1,0,0,0,0,0.0
2022,RR,Norte,Ultrapassagem Indevida,Noite,1,0,0,0,0,0.0
2022,RR,Norte,Ultrapassagem Indevida,Tarde,2,0,0,0,2,0.0
2022,RR,Norte,Velocidade Incompatível,Manhã,1,0,0,0,0,0.0
2022,RR,Norte,Velocidade Incompatível,Tarde,4,1,1,0,5,0.25
2022,RS,Sul,Acessar a via sem observar a presença dos outros veículos,Madrugada,19,6,2,8,27,0.315789
2022,RS,Sul,Acessar a via sem observar a presença dos outros veículos,Manhã,159,32,2,32,185,0.201258
2022,RS,Sul,Acessar a via sem observar a presença dos outros veículos,Noite,151,38,9,43,201,0.251656
2022,RS,Sul,Acessar a via sem observar a presença dos outros veículos,Tarde,205,48,7,51,268,0.234146
2022,RS,Sul,Acesso irregular,Madrugada,5,0,0,0,5,0.0
2022,RS,Sul,Acesso irregular,Manhã,8,2,0,2,11,0.25
2022,RS,Sul,Acesso irregular,Noite,14,2,2,0,19,0.142857
2022,RS,Sul,Acesso irregular,Tarde,9,5,1,5,23,0.555556
2022,RS,Sul,Acostamento em desnível,Madrugada,1,0,0,0,3,0.0
2022,RS,Sul,Acostamento em desnível,Manhã,4,1,0,1,3,0.25
2022,RS,Sul,Acostamento em desnível,Noite,3,0,0,0,2,0.0
2022,RS,Sul,Acostamento em desnível,Tarde,2,1,1,1,6,0.5
2022,RS,Sul,Acumulo de areia ou detritos sobre o pavimento,Madrugada,4,2,0,2,6,0.5
2022,RS,Sul,Acumulo de areia ou detritos sobre o pavimento,Manhã,3,0,0,0,3,0.0
2022,RS,Sul,Acumulo de areia ou detritos sobre o pavimento,Noite,6,0,0,0,5,0.0
2022,RS,Sul,Acumulo de areia ou detritos sobre o pavimento,Tarde,6,1,0,1,5,0.166667
2022,RS,Sul,Acumulo de água sobre o pavimento,Madrugada,8,2,0,2,13,0.25
2022,RS,Sul,Acumulo de água sobre o pavimento,Manhã,16,3,0,3,18,0.1875
2022,RS,Sul,Acumulo de água sobre o pavimento,Noite,13,3,1,3,15,0.230769
2022,RS,Sul,Acumulo de água sobre o pavimento,Tarde,29,2,1,1,38,0.068966
2022,RS,Sul,Acumulo de óleo sobre o pavimento,Manhã,3,1,0,1,2,0.333333
2022,RS,Sul,Acumulo de óleo sobre o pavimento,Noite,3,1,2,1,7,0.333333
2022,RS,Sul,Afundamento ou ondulação no pavimento,Manhã,3,1,0,1,5,0.333333
2022,RS,Sul,Afundamento ou ondulação no pavimento,Noite,2,1,0,1,2,0.5
2022,RS,Sul,Afundamento ou ondulação no pavimento,Tarde,4,2,0,2,5,0.5
2022,RS,Sul,Animais na Pista,Madrugada,23,7,1,7,21,0.304348
2022,RS,Sul,Animais na Pista,Manhã,22,4,0,4,16,0.181818
2022,RS,Sul,Animais na Pista,Noite,42,7,2,6,45,0.166667
2022,RS,Sul,Animais na Pista,Tarde,14,1,2,1,14,0.071429
2022,RS,Sul,Ausência de reação do condutor,Madrugada,113,23,5,23,89,0.20354
2022,RS,Sul,Ausência de reação do condutor,Manhã,168,26,10,23,161,0.154762
2022,RS,Sul,Ausência de reação do condutor,Noite,173,29,11,27,187,0.16763
2022,RS,Sul,Ausência de reação do condutor,Tarde,144,31,6,31,164,0.215278
2022,RS,Sul,Ausência de sinalização,Manhã,5,1,0,1,3,0.2
2022,RS,Sul,Ausência de sinalização,Noite,7,0,0,0,6,0.0
2022,RS,Sul,Ausência de sinalização,Tarde,3,1,0,1,4,0.333333
2022,RS,Sul,Avarias e/ou desgaste excessivo no pneu,Madrugada,8,1,0,1,11,0.125
2022,RS,Sul,Avarias e/ou desgaste excessivo no pneu,Manhã,11,2,0,2,12,0.181818
2022,RS,Sul,Avarias e/ou desgaste excessivo no pneu,Noite,17,5,1,5,29,0.294118
2022,RS,Sul,Avarias e/ou desgaste excessivo no pneu,Tarde,32,5,1,4,42,0.15625
2022,RS,Sul,Carga excessiva e/ou mal acondicionada,Madrugada,2,1,1,0,2,0.5
2022,RS,Sul,Carga excessiva e/ou mal acondicionada,Manhã,8,2,1,1,5,0.25
2022,RS,Sul,Carga excessiva e/ou mal acondicionada,Noite,5,0,0,0,2,0.0
2022,RS,Sul,Carga excessiva e/ou mal acondicionada,Tarde,6,1,0,1,5,0.166667
2022,RS,Sul,Chuva,Madrugada,9,4,0,4,9,0.444444
2022,RS,Sul,Chuva,Manhã,17,3,1,2,23,0.176471
2022,RS,Sul,Chuva,Noite,19,2,2,2,19,0.105263
2022,RS,Sul,Chuva,Tarde,11,1,0,1,20,0.090909
2022,RS,Sul,Condutor Dormindo,Madrugada,70,15,4,17,99,0.214286
2022,RS,Sul,Condutor Dormindo,Manhã,48,6,3,4,46,0.125
2022,RS,Sul,Condutor Dormindo,Noite,24,5,2,7,49,0.208333
2022,RS,Sul,Condutor Dormindo,Tarde,34,9,4,11,50,0.264706
2022,RS,Sul,Condutor deixou de manter distância do veículo da frente,Madrugada,15,3,1,2,16,0.2
2022,RS,Sul,Condutor deixou de manter distância do veículo da frente,Manhã,81,10,0,11,88,0.123457
2022,RS,Sul,Condutor deixou de manter distância do veículo da frente,Noite,62,8,2,6,59,0.129032
2022,RS,Sul,Condutor deixou de manter distância do veículo da frente,Tarde,108,16,0,16,135,0.148148
2022,RS,Sul,Condutor desrespeitou a iluminação vermelha do semáforo,Madrugada,1,0,0,0,1,0.0
2022,RS,Sul,Condutor desrespeitou a iluminação vermelha do semáforo,Manhã,5,0,0,0,4,0.0
2022,RS,Sul,Condutor desrespeitou a iluminação vermelha do semáforo,Noite,2,0,0,0,4,0.0
2022,RS,Sul,Condutor desrespeitou a iluminação vermelha do semáforo,Tarde,4,0,0,0,6,0.0
2022,RS,Sul,Condutor usando celular,Madrugada,1,0,0,0,2,0.0
2022,RS,Sul,Condutor usando celular,Manhã,4,0,0,0,4,0.0
2022,RS,Sul,Condutor usando celular,Noite,2,0,0,0,0,0.0
2022,RS,Sul,Condutor usando celular,Tarde,3,0,0,0,5,0.0
2022,RS,Sul,Conversão proibida,Madrugada,5,0,0,0,5,0.0
2022,RS,Sul,Conversão proibida,Manhã,21,3,0,3,28,0.142857
2022,RS,Sul,Conversão proibida,Noite,20,6,1,5,27,0.3
2022,RS,Sul,Conversão proibida,Tarde,26,5,0,8,35,0.192308
2022,RS,Sul,Curva acentuada,Madrugada,2,0,0,0,2,0.0
2022,RS,Sul,Curva acentuada,Manhã,1,0,0,0,1,0.0
2022,RS,Sul,Curva acentuada,Noite,1,0,0,0,0,0.0
2022,RS,Sul,Declive acentuado,Noite,1,0,0,0,0,0.0
2022,RS,Sul,Deficiência do Sistema de Iluminação/Sinalização,Madrugada,1,1,0,1,1,1.0
2022,RS,Sul,Deficiência do Sistema de Iluminação/Sinalização,Manhã,1,0,0,0,2,0.0
2022,RS,Sul,Deficiência do Sistema de Iluminação/Sinalização,Noite,11,5,1,6,22,0.454545
2022,RS,Sul,Demais Fenômenos da natureza,Madrugada,1,0,0,0,1,0.0
2022,RS,Sul,Demais Fenômenos da natureza,Manhã,3,1,0,1,2,0.333333
2022,RS,Sul,Demais Fenômenos da natureza,Noite,2,0,0,0,3,0.0
2022,RS,Sul,Demais Fenômenos da natureza,Tarde,3,0,0,0,1,0.0
2022,RS,Sul,Demais falhas mecânicas ou elétricas,Madrugada,16,1,0,1,4,0.0625
2022,RS,Sul,Demais falhas mecânicas ou elétricas,Manhã,54,2,0,2,40,0.037037
2022,RS,Sul,Demais falhas mecânicas ou elétricas,Noite,41,5,1,6,26,0.121951
2022,RS,Sul,Demais falhas mecânicas ou elétricas,Tarde,54,8,1,12,43,0.148148
2022,RS,Sul,Demais falhas na via,Manhã,2,0,0,0,3,0.0
2022,RS,Sul,Demais falhas na via,Noite,2,0,0,0,2,0.0
2022,RS,Sul,Demais falhas na via,Tarde,3,0,0,0,2,0.0
2022,RS,Sul,Desrespeitar a preferência no cruzamento,Madrugada,5,0,0,0,2,0.0
2022,RS,Sul,Desrespeitar a preferência no cruzamento,Manhã,64,8,0,10,74,0.125
2022,RS,Sul,Desrespeitar a preferência no cruzamento,Noite,66,13,2,17,78,0.19697
2022,RS,Sul,Desrespeitar a preferência no cruzamento,Tarde,88,26,2,30,120,0.295455
2022,RS,Sul,Desvio temporário,Noite,1,0,0,0,0,0.0
2022,RS,Sul,Desvio temporário,Tarde,1,0,0,0,1,0.0
2022,RS,Sul,Entrada inopinada do pedestre,Madrugada,5,4,2,2,6,0.8
2022,RS,Sul,Entrada inopinada do pedestre,Manhã,5,2,0,2,6,0.4
2022,RS,Sul,Entrada inopinada do pedestre,Noite,17,13,6,9,22,0.764706
2022,RS,Sul,Entrada inopinada do pedestre,Tarde,10,4,0,4,11,0.4
2022,RS,Sul,Estacionar ou parar em local proibido,Noite,3,1,0,1,6,0.333333
2022,RS,Sul,Estacionar ou parar em local proibido,Tarde,3,0,0,0,3,0.0
2022,RS,Sul,Faixas de trânsito com largura insuficiente,Manhã,1,0,0,0,1,0.0
2022,RS,Sul,Falta de acostamento,Noite,2,1,0,1,2,0.5
2022,RS,Sul,Falta de acostamento,Tarde,3,2,0,2,2,0.666667
2022,RS,Sul,Falta de elemento de contenção que evite a saída do leito carroçável,Manhã,5,1,1,0,5,0.2
2022,RS,Sul,Falta de elemento de contenção que evite a saída do leito carroçável,Noite,2,0,0,0,2,0.0
2022,RS,Sul,Falta de elemento de contenção que evite a saída do leito carroçável,Tarde,1,0,0,0,1,0.0
2022,RS,Sul,Faróis desregulados,Noite,1,0,0,0,1,0.0
2022,RS,Sul,Frear bruscamente,Madrugada,3,0,0,0,2,0.0
2022,RS,Sul,Frear bruscamente,Manhã,10,2,0,2,10,0.2
2022,RS,Sul,Frear bruscamente,Noite,8,1,0,1,5,0.125
2022,RS,Sul,Frear bruscamente,Tarde,11,0,0,0,9,0.0
2022,RS,Sul,Fumaça,Tarde,2,1,0,1,1,0.5
2022,RS,Sul,Iluminação deficiente,Madrugada,3,1,1,0,2,0.333333
2022,RS,Sul,Iluminação deficiente,Noite,8,2,1,1,10,0.25
2022,RS,Sul,Iluminação deficiente,Tarde,1,0,0,0,1,0.0
2022,RS,Sul,Ingestão de substâncias psicoativas pelo condutor,Madrugada,3,0,0,0,2,0.0
2022,RS,Sul,Ingestão de substâncias psicoativas pelo condutor,Manhã,1,0,0,0,1,0.0
2022,RS,Sul,Ingestão de substâncias psicoativas pelo condutor,Noite,3,0,0,0,4,0.0
2022,RS,Sul,Ingestão de substâncias psicoativas pelo condutor,Tarde,2,0,0,0,3,0.0
2022,RS,Sul,Ingestão de álcool e/ou substâncias psicoativas pelo pedestre,Madrugada,4,1,0,2,6,0.25
2022,RS,Sul,Ingestão de álcool e/ou substâncias psicoativas pelo pedestre,Manhã,3,1,0,1,1,0.333333
2022,RS,Sul,Ingestão de álcool e/ou substâncias psicoativas pelo pedestre,Noite,8,2,1,1,8,0.25
2022,RS,Sul,Ingestão de álcool e/ou substâncias psicoativas pelo pedestre,Tarde,4,0,0,0,0,0.0
2022,RS,Sul,Ingestão de álcool ou de substâncias psicoativas pelo pedestre,Manhã,1,0,0,0,1,0.0
2022,RS,Sul,Ingestão de álcool ou de substâncias psicoativas pelo pedestre,Noite,3,2,1,1,2,0.666667
2022,RS,Sul,Ingestão de álcool pelo condutor,Madrugada,150,24,3,29,127,0.16
2022,RS,Sul,Ingestão de álcool pelo condutor,Manhã,77,7,1,6,55,0.090909
2022,RS,Sul,Ingestão de álcool pelo condutor,Noite,190,28,5,34,152,0.147368
2022,RS,Sul,Ingestão de álcool pelo condutor,Tarde,53,4,1,5,31,0.075472
2022,RS,Sul,Mal súbito do condutor,Madrugada,1,0,0,0,1,0.0
2022,RS,Sul,Mal súbito do condutor,Manhã,17,3,1,2,18,0.176471
2022,RS,Sul,Mal súbito do condutor,Noite,6,3,2,1,6,0.5
2022,RS,Sul,Mal súbito do condutor,Tarde,11,3,1,3,11,0.272727
2022,RS,Sul,Manobra de mudança de faixa,Madrugada,8,0,0,0,8,0.0
2022,RS,Sul,Manobra de mudança de faixa,Manhã,85,13,0,17,84,0.152941
2022,RS,Sul,Manobra de mudança de faixa,Noite,61,12,2,15,69,0.196721
2022,RS,Sul,Manobra de mudança de faixa,Tarde,93,21,4,25,117,0.225806
2022,RS,Sul,Modificação proibida,Noite,1,0,0,0,1,0.0
2022,RS,Sul,Neblina,Madrugada,4,1,0,2,8,0.25
2022,RS,Sul,Neblina,Manhã,7,4,1,3,7,0.571429
2022,RS,Sul,Neblina,Noite,3,1,0,1,4,0.333333
2022,RS,Sul,Objeto estático sobre o leito carroçável,Madrugada,7,0,0,0,4,0.0
2022,RS,Sul,Objeto estático sobre o leito carroçável,Manhã,8,1,0,1,13,0.125
2022,RS,Sul,Objeto estático sobre o leito carroçável,Noite,10,3,0,3,10,0.3
2022,RS,Sul,Objeto estático sobre o leito carroçável,Tarde,2,0,0,0,0,0.0
2022,RS,Sul,Obras na pista,Madrugada,1,0,0,0,0,0.0
2022,RS,Sul,Obras na pista,Noite,2,1,1,0,3,0.5
2022,RS,Sul,Obras na pista,Tarde,4,0,0,0,3,0.0
2022,RS,Sul,Obstrução na via,Noite,1,1,0,1,1,1.0
2022,RS,Sul,Obstrução na via,Tarde,1,0,0,0,1,0.0
2022,RS,Sul,Pedestre andava na pista,Madrugada,8,7,3,4,8,0.875
2022,RS,Sul,Pedestre andava na pista,Manhã,5,3,1,2,5,0.6
2022,RS,Sul,Pedestre andava na pista,Noite,28,21,12,10,32,0.75
2022,RS,Sul,Pedestre andava na pista,Tarde,4,0,0,0,5,0.0
2022,RS,Sul,Pedestre cruzava a pista fora da faixa,Madrugada,1,1,0,1,1,1.0
2022,RS,Sul,Pedestre cruzava a pista fora da faixa,Manhã,7,1,1,0,9,0.142857
2022,RS,Sul,Pedestre cruzava a pista fora da faixa,Noite,20,12,3,9,22,0.6
2022,RS,Sul,Pedestre cruzava a pista fora da faixa,Tarde,8,4,2,2,10,0.5
2022,RS,Sul,Pista Escorregadia,Madrugada,2,0,0,0,2,0.0
2022,RS,Sul,Pista Escorregadia,Manhã,9,1,0,1,9,0.111111
2022,RS,Sul,Pista Escorregadia,Noite,5,0,0,0,4,0.0
2022,RS,Sul,Pista Escorregadia,Tarde,9,1,0,1,10,0.111111
2022,RS,Sul,Pista em desnível,Manhã,1,0,0,0,1,0.0
2022,RS,Sul,Pista em desnível,Noite,3,2,1,3,5,0.666667
2022,RS,Sul,Pista esburacada,Manhã,3,1,0,1,2,0.333333
2022,RS,Sul,Pista esburacada,Noite,3,1,0,1,3,0.333333
2022,RS,Sul,Pista esburacada,Tarde,1,0,0,0,1,0.0
2022,RS,Sul,Problema com o freio,Madrugada,1,0,0,0,1,0.0
2022,RS,Sul,Problema com o freio,Manhã,7,1,1,0,9,0.142857
2022,RS,Sul,Problema com o freio,Noite,4,1,1,0,2,0.25
2022,RS,Sul,Problema com o freio,Tarde,4,0,0,0,3,0.0
2022,RS,Sul,Problema na suspensão,Manhã,2,0,0,0,2,0.0
2022,RS,Sul,Problema na suspensão,Noite,1,1,0,4,4,1.0
2022,RS,Sul,Problema na suspensão,Tarde,2,0,0,0,0,0.0
2022,RS,Sul,Reação tardia ou ineficiente do condutor,Madrugada,90,19,10,24,92,0.211111
2022,RS,Sul,Reação tardia ou ineficiente do condutor,Manhã,199,35,13,27,227,0.175879
2022,RS,Sul,Reação tardia ou ineficiente do condutor,Noite,182,33,5,52,215,0.181319
2022,RS,Sul,Reação tardia ou ineficiente do condutor,Tarde,200,31,11,32,221,0.155
2022,RS,Sul,Restrição de visibilidade em curvas horizontais,Manhã,2,1,0,1,2,0.5
2022,RS,Sul,Restrição de visibilidade em curvas horizontais,Tarde,1,0,0,0,0,0.0
2022,RS,Sul,Retorno proibido,Madrugada,1,0,0,0,6,0.0
2022,RS,Sul,Retorno proibido,Manhã,9,3,0,3,10,0.333333
2022,RS,Sul,Retorno proibido,Noite,2,0,0,0,2,0.0
2022,RS,Sul,Retorno proibido,Tarde,4,2,3,1,9,0.5
2022,RS,Sul,Semáforo com defeito,Manhã,2,0,0,0,2,0.0
2022,RS,Sul,Semáforo com defeito,Tarde,1,1,0,1,1,1.0
2022,RS,Sul,Sinalização mal posicionada,Manhã,1,0,0,0,2,0.0
2022,RS,Sul,Trafegar com motocicleta (ou similar) entre as faixas,Manhã,20,0,0,0,20,0.0
2022,RS,Sul,Trafegar com motocicleta (ou similar) entre as faixas,Noite,10,1,0,1,15,0.1
2022,RS,Sul,Trafegar com motocicleta (ou similar) entre as faixas,Tarde,8,0,0,0,8,0.0
2022,RS,Sul,Transitar na contramão,Madrugada,29,14,12,8,50,0.482759
2022,RS,Sul,Transitar na contramão,Manhã,44,24,17,30,88,0.545455
2022,RS,Sul,Transitar na contramão,Noite,63,36,23,40,127,0.571429
2022,RS,Sul,Transitar na contramão,Tarde,47,25,18,29,97,0.531915
2022,RS,Sul,Transitar no acostamento,Madrugada,2,2,1,1,2,1.0
2022,RS,Sul,Transitar no acostamento,Manhã,1,0,0,0,1,0.0
2022,RS,Sul,Transitar no acostamento,Noite,6,3,1,3,10,0.5
2022,RS,Sul,Transitar no acostamento,Tarde,6,2,0,2,5,0.333333
2022,RS,Sul,Ultrapassagem Indevida,Madrugada,3,2,0,2,4,0.666667
2022,RS,Sul,Ultrapassagem Indevida,Manhã,30,17,16,21,61,0.566667
2022,RS,Sul,Ultrapassagem Indevida,Noite,37,14,9,15,66,0.378378
2022,RS,Sul,Ultrapassagem Indevida,Tarde,39,17,11,17,71,0.435897
2022,RS,Sul,Velocidade Incompatível,Madrugada,49,17,7,18,49,0.346939
2022,RS,Sul,Velocidade Incompatível,Manhã,86,19,3,17,96,0.22093
2022,RS,Sul,Velocidade Incompatível,Noite,80,25,7,29,105,0.3125
2022,RS,Sul,Velocidade Incompatível,Tarde,92,33,9,44,128,0.358696
2022,RS,Sul,Área urbana sem a presença de local apropriado para a travessia de pedestres,Manhã,2,1,0,1,2,0.5
2022,RS,Sul,Área urbana sem a presença de local apropriado para a travessia de pedestres,Noite,6,3,2,1,7,0.5
2022,RS,Sul,Área urbana sem a presença de local apropriado para a travessia de pedestres,Tarde,1,1,0,1,1,1.0
2022,SC,Sul,Acessar a via sem observar a presença dos outros veículos,Madrugada,37,15,3,15,42,0.405405
2022,SC,Sul,Acessar a via sem observar a presença dos outros veículos,Manhã,227,52,6,57,296,0.229075
2022,SC,Sul,Acessar a via sem observar a presença dos outros veículos,Noite,215,66,7,76,267,0.306977
2022,SC,Sul,Acessar a via sem observar a presença dos outros veículos,Tarde,257,68,3,79,324,0.264591
2022,SC,Sul,Acesso irregular,Madrugada,5,2,0,4,7,0.4
2022,SC,Sul,Acesso irregular,Manhã,15,7,2,5,15,0.466667
2022,SC,Sul,Acesso irregular,Noite,23,7,1,6,24,0.304348
2022,SC,Sul,Acesso irregular,Tarde,46,17,1,18,62,0.369565
2022,SC,Sul,Acostamento em desnível,Noite,1,1,0,1,1,1.0
2022,SC,Sul,Acostamento em desnível,Tarde,1,0,0,0,0,0.0
2022,SC,Sul,Acumulo de areia ou detritos sobre o pavimento,Madrugada,5,0,0,0,5,0.0
2022,SC,Sul,Acumulo de areia ou detritos sobre o pavimento,Manhã,5,2,0,3,8,0.4
2022,SC,Sul,Acumulo de areia ou detritos sobre o pavimento,Noite,7,1,0,1,8,0.142857
2022,SC,Sul,Acumulo de areia ou detritos sobre o pavimento,Tarde,5,1,0,1,6,0.2
2022,SC,Sul,Acumulo de água sobre o pavimento,Madrugada,5,1,0,1,5,0.2
2022,SC,Sul,Acumulo de água sobre o pavimento,Manhã,19,7,2,9,31,0.368421
2022,SC,Sul,Acumulo de água sobre o pavimento,Noite,12,1,0,2,17,0.083333
2022,SC,Sul,Acumulo de água sobre o pavimento,Tarde,30,7,3,7,36,0.233333
2022,SC,Sul,Acumulo de óleo sobre o pavimento,Manhã,8,0,0,0,13,0.0
2022,SC,Sul,Acumulo de óleo sobre o pavimento,Noite,3,2,0,4,6,0.666667
2022,SC,Sul,Acumulo de óleo sobre o pavimento,Tarde,5,3,0,6,9,0.6
2022,SC,Sul,Afundamento ou ondulação no pavimento,Madrugada,1,1,1,0,3,1.0
2022,SC,Sul,Afundamento ou ondulação no pavimento,Manhã,3,1,0,1,3,0.333333
2022,SC,Sul,Afundamento ou ondulação no pavimento,Noite,2,0,0,0,2,0.0
2022,SC,Sul,Afundamento ou ondulação no pavimento,Tarde,5,2,1,1,5,0.4
2022,SC,Sul,Animais na Pista,Madrugada,16,1,0,1,18,0.0625
2022,SC,Sul,Animais na Pista,Manhã,10,2,0,3,15,0.2
2022,SC,Sul,Animais na Pista,Noite,22,5,2,4,24,0.227273
2022,SC,Sul,Animais na Pista,Tarde,6,0,0,0,6,0.0
2022,SC,Sul,Ausência de reação do condutor,Madrugada,152,43,4,43,149,0.282895
2022,SC,Sul,Ausência de reação do condutor,Manhã,226,45,9,40,244,0.199115
2022,SC,Sul,Ausência de reação do condutor,Noite,216,55,8,54,226,0.25463
2022,SC,Sul,Ausência de reação do condutor,Tarde,236,63,4,64,282,0.266949
2022,SC,Sul,Ausência de sinalização,Madrugada,6,3,0,3,7,0.5
2022,SC,Sul,Ausência de sinalização,Manhã,2,0,0,0,2,0.0
2022,SC,Sul,Ausência de sinalização,Noite,12,4,1,3,18,0.333333
2022,SC,Sul,Ausência de sinalização,Tarde,1,0,0,0,0,0.0
2022,SC,Sul,Avarias e/ou desgaste excessivo no pneu,Madrugada,6,2,1,1,9,0.333333
2022,SC,Sul,Avarias e/ou desgaste excessivo no pneu,Manhã,43,6,1,5,53,0.139535
2022,SC,Sul,Avarias e/ou desgaste excessivo no pneu,Noite,32,6,2,4,47,0.1875
2022,SC,Sul,Avarias e/ou desgaste excessivo no pneu,Tarde,53,9,0,10,72,0.169811
2022,SC,Sul,Carga excessiva e/ou mal acondicionada,Manhã,6,0,0,0,4,0.0
2022,SC,Sul,Carga excessiva e/ou mal acondicionada,Noite,9,0,0,0,7,0.0
2022,SC,Sul,Carga excessiva e/ou mal acondicionada,Tarde,11,2,0,2,8,0.181818
2022,SC,Sul,Chuva,Madrugada,15,7,0,8,20,0.466667
2022,SC,Sul,Chuva,Manhã,28,4,1,4,29,0.142857
2022,SC,Sul,Chuva,Noite,30,5,1,5,29,0.166667
2022,SC,Sul,Chuva,Tarde,28,2,1,1,37,0.071429
2022,SC,Sul,Condutor Dormindo,Madrugada,93,25,7,21,101,0.268817
2022,SC,Sul,Condutor Dormindo,Manhã,40,12,1,12,60,0.3
2022,SC,Sul,Condutor Dormindo,Noite,29,7,2,6,36,0.241379
2022,SC,Sul,Condutor Dormindo,Tarde,26,8,1,11,40,0.307692
2022,SC,Sul,Condutor deixou de manter distância do veículo da frente,Madrugada,34,10,1,10,32,0.294118
2022,SC,Sul,Condutor deixou de manter distância do veículo da frente,Manhã,208,37,2,40,228,0.177885
2022,SC,Sul,Condutor deixou de manter distância do veículo da frente,Noite,123,23,1,26,128,0.186992
2022,SC,Sul,Condutor deixou de manter distância do veículo da frente,Tarde,232,35,1,37,262,0.150862
2022,SC,Sul,Condutor desrespeitou a iluminação vermelha do semáforo,Manhã,1,0,0,0,0,0.0
2022,SC,Sul,Condutor usando celular,Madrugada,2,0,0,0,1,0.0
2022,SC,Sul,Condutor usando celular,Manhã,6,1,1,0,6,0.166667
2022,SC,Sul,Condutor usando celular,Noite,5,2,1,1,4,0.4
2022,SC,Sul,Condutor usando celular,Tarde,5,0,0,0,2,0.0
2022,SC,Sul,Conversão proibida,Madrugada,9,6,1,6,10,0.666667
2022,SC,Sul,Conversão proibida,Manhã,23,7,2,5,31,0.304348
2022,SC,Sul,Conversão proibida,Noite,29,12,0,13,39,0.413793
2022,SC,Sul,Conversão proibida,Tarde,42,13,0,16,51,0.309524
2022,SC,Sul,Curva acentuada,Madrugada,3,0,0,0,2,0.0
2022,SC,Sul,Curva acentuada,Manhã,4,2,1,1,5,0.5
2022,SC,Sul,Curva acentuada,Noite,3,1,0,3,5,0.333333
2022,SC,Sul,Curva acentuada,Tarde,6,2,0,3,15,0.333333
2022,SC,Sul,Deficiência do Sistema de Iluminação/Sinalização,Madrugada,2,2,0,2,4,1.0
2022,SC,Sul,Deficiência do Sistema de Iluminação/Sinalização,Manhã,2,1,0,1,2,0.5
2022,SC,Sul,Deficiência do Sistema de Iluminação/Sinalização,Noite,6,3,1,2,5,0.5
2022,SC,Sul,Deficiência do Sistema de Iluminação/Sinalização,Tarde,2,1,0,1,2,0.5
2022,SC,Sul,Deixar de acionar o farol da motocicleta (ou similar),Noite,1,0,0,0,1,0.0
2022,SC,Sul,Demais Fenômenos da natureza,Madrugada,1,1,0,1,1,1.0
2022,SC,Sul,Demais Fenômenos da natureza,Manhã,3,0,0,0,3,0.0
2022,SC,Sul,Demais Fenômenos da natureza,Noite,1,0,0,0,0,0.0
2022,SC,Sul,Demais Fenômenos da natureza,Tarde,1,0,0,0,1,0.0
2022,SC,Sul,Demais falhas mecânicas ou elétricas,Madrugada,20,0,0,0,12,0.0
2022,SC,Sul,Demais falhas mecânicas ou elétricas,Manhã,88,15,2,15,97,0.170455
2022,SC,Sul,Demais falhas mecânicas ou elétricas,Noite,57,7,0,9,56,0.122807
2022,SC,Sul,Demais falhas mecânicas ou elétricas,Tarde,78,11,0,15,81,0.141026
2022,SC,Sul,Demais falhas na via,Madrugada,1,1,0,1,2,1.0
2022,SC,Sul,Demais falhas na via,Manhã,1,0,0,0,1,0.0
2022,SC,Sul,Demais falhas na via,Noite,7,1,0,1,7,0.142857
2022,SC,Sul,Desrespeitar a preferência no cruzamento,Madrugada,20,9,2,9,22,0.45
2022,SC,Sul,Desrespeitar a preferência no cruzamento,Manhã,100,21,1,23,116,0.21
2022,SC,Sul,Desrespeitar a preferência no cruzamento,Noite,103,42,2,53,130,0.407767
2022,SC,Sul,Desrespeitar a preferência no cruzamento,Tarde,127,38,0,43,164,0.299213
2022,SC,Sul,Desvio temporário,Noite,1,1,0,1,2,1.0
2022,SC,Sul,Entrada inopinada do pedestre,Madrugada,11,10,6,4,12,0.909091
2022,SC,Sul,Entrada inopinada do pedestre,Manhã,5,5,2,3,5,1.0
2022,SC,Sul,Entrada inopinada do pedestre,Noite,27,17,9,8,29,0.62963
2022,SC,Sul,Entrada inopinada do pedestre,Tarde,13,5,1,4,14,0.384615
2022,SC,Sul,Estacionar ou parar em local proibido,Madrugada,5,2,1,1,7,0.4
2022,SC,Sul,Estacionar ou parar em local proibido,Manhã,3,1,0,1,4,0.333333
2022,SC,Sul,Estacionar ou parar em local proibido,Noite,5,0,0,0,5,0.0
2022,SC,Sul,Estacionar ou parar em local proibido,Tarde,3,1,0,1,2,0.333333
2022,SC,Sul,Faixas de trânsito com largura insuficiente,Manhã,2,0,0,0,2,0.0
2022,SC,Sul,Faixas de trânsito com largura insuficiente,Noite,1,0,0,0,0,0.0
2022,SC,Sul,Faixas de trânsito com largura insuficiente,Tarde,1,0,0,0,1,0.0
2022,SC,Sul,Falta de acostamento,Manhã,2,2,0,2,3,1.0
2022,SC,Sul,Falta de acostamento,Noite,4,2,0,2,4,0.5
2022,SC,Sul,Falta de acostamento,Tarde,1,0,0,0,1,0.0
2022,SC,Sul,Falta de elemento de contenção que evite a saída do leito carroçável,Noite,5,3,0,3,6,0.6
2022,SC,Sul,Falta de elemento de contenção que evite a saída do leito carroçável,Tarde,1,0,0,0,1,0.0
2022,SC,Sul,Faróis desregulados,Noite,1,0,0,0,1,0.0
2022,SC,Sul,Frear bruscamente,Madrugada,1,0,0,0,1,0.0
2022,SC,Sul,Frear bruscamente,Manhã,8,2,0,2,9,0.25
2022,SC,Sul,Frear bruscamente,Noite,7,1,0,1,7,0.142857
2022,SC,Sul,Frear bruscamente,Tarde,16,3,1,2,24,0.1875
2022,SC,Sul,Iluminação deficiente,Madrugada,2,1,0,1,1,0.5
2022,SC,Sul,Iluminação deficiente,Noite,10,4,3,1,14,0.4
2022,SC,Sul,Ingestão de substâncias psicoativas pelo condutor,Madrugada,6,2,0,2,6,0.333333
2022,SC,Sul,Ingestão de substâncias psicoativas pelo condutor,Noite,3,1,0,1,3,0.333333
2022,SC,Sul,Ingestão de substâncias psicoativas pelo condutor,Tarde,4,2,0,2,2,0.5
2022,SC,Sul,Ingestão de álcool e/ou substâncias psicoativas pelo pedestre,Madrugada,20,4,1,3,21,0.2
2022,SC,Sul,Ingestão de álcool e/ou substâncias psicoativas pelo pedestre,Manhã,6,1,0,1,6,0.166667
2022,SC,Sul,Ingestão de álcool e/ou substâncias psicoativas pelo pedestre,Noite,29,7,0,9,26,0.241379
2022,SC,Sul,Ingestão de álcool e/ou substâncias psicoativas pelo pedestre,Tarde,4,2,0,2,3,0.5
2022,SC,Sul,Ingestão de álcool ou de substâncias psicoativas pelo pedestre,Madrugada,3,0,0,0,2,0.0
2022,SC,Sul,Ingestão de álcool ou de substâncias psicoativas pelo pedestre,Noite,4,0,0,0,2,0.0
2022,SC,Sul,Ingestão de álcool pelo condutor,Madrugada,258,41,5,51,224,0.158915
2022,SC,Sul,Ingestão de álcool pelo condutor,Manhã,75,13,2,18,64,0.173333
2022,SC,Sul,Ingestão de álcool pelo condutor,Noite,227,41,2,54,205,0.180617
2022,SC,Sul,Ingestão de álcool pelo condutor,Tarde,88,15,1,17,72,0.170455
2022,SC,Sul,Mal súbito do condutor,Madrugada,5,0,0,0,6,0.0
2022,SC,Sul,Mal súbito do condutor,Manhã,22,7,1,11,31,0.318182
2022,SC,Sul,Mal súbito do condutor,Noite,14,3,2,1,14,0.214286
2022,SC,Sul,Mal súbito do condutor,Tarde,21,9,1,9,27,0.428571
2022,SC,Sul,Manobra de mudança de faixa,Madrugada,17,5,1,4,19,0.294118
2022,SC,Sul,Manobra de mudança de faixa,Manhã,145,33,3,37,175,0.227586
2022,SC,Sul,Manobra de mudança de faixa,Noite,138,32,5,34,162,0.231884
2022,SC,Sul,Manobra de mudança de faixa,Tarde,173,46,3,58,224,0.265896
2022,SC,Sul,Modificação proibida,Madrugada,1,0,0,0,0,0.0
2022,SC,Sul,Modificação proibida,Manhã,1,0,0,0,0,0.0
2022,SC,Sul,Neblina,Madrugada,2,0,0,0,2,0.0
2022,SC,Sul,Neblina,Manhã,3,0,0,0,2,0.0
2022,SC,Sul,Neblina,Noite,3,1,0,1,2,0.333333
2022,SC,Sul,Objeto estático sobre o leito carroçável,Madrugada,9,1,0,1,10,0.111111
2022,SC,Sul,Objeto estático sobre o leito carroçável,Manhã,8,0,0,0,7,0.0
2022,SC,Sul,Objeto estático sobre o leito carroçável,Noite,11,5,0,5,13,0.454545
2022,SC,Sul,Objeto estático sobre o leito carroçável,Tarde,8,1,0,1,7,0.125
2022,SC,Sul,Obras na pista,Madrugada,1,0,0,0,1,0.0
2022,SC,Sul,Obras na pista,Manhã,1,0,0,0,1,0.0
2022,SC,Sul,Obras na pista,Tarde,5,2,0,2,5,0.4
2022,SC,Sul,Obstrução na via,Madrugada,4,0,0,0,4,0.0
2022,SC,Sul,Obstrução na via,Manhã,2,2,0,2,2,1.0
2022,SC,Sul,Obstrução na via,Noite,4,1,0,1,5,0.25
2022,SC,Sul,Obstrução na via,Tarde,3,1,0,1,5,0.333333
2022,SC,Sul,Participar de racha,Madrugada,1,1,0,1,4,1.0
2022,SC,Sul,Pedestre andava na pista,Madrugada,16,11,6,5,18,0.6875
2022,SC,Sul,Pedestre andava na pista,Manhã,5,3,2,1,5,0.6
2022,SC,Sul,Pedestre andava na pista,Noite,31,25,18,8,30,0.806452
2022,SC,Sul,Pedestre andava na pista,Tarde,11,6,0,6,11,0.545455
2022,SC,Sul,Pedestre cruzava a pista fora da faixa,Madrugada,2,2,0,2,2,1.0
2022,SC,Sul,Pedestre cruzava a pista fora da faixa,Manhã,8,2,1,1,8,0.25
2022,SC,Sul,Pedestre cruzava a pista fora da faixa,Noite,18,15,9,8,23,0.833333
2022,SC,Sul,Pedestre cruzava a pista fora da faixa,Tarde,10,7,2,5,10,0.7
2022,SC,Sul,Pista Escorregadia,Madrugada,7,2,0,2,9,0.285714
2022,SC,Sul,Pista Escorregadia,Manhã,20,4,1,3,25,0.2
2022,SC,Sul,Pista Escorregadia,Noite,11,2,0,2,13,0.181818
2022,SC,Sul,Pista Escorregadia,Tarde,27,4,2,2,26,0.148148
2022,SC,Sul,Pista em desnível,Manhã,1,0,0,0,1,0.0
2022,SC,Sul,Pista em desnível,Noite,1,0,0,0,1,0.0
2022,SC,Sul,Pista em desnível,Tarde,2,0,0,0,2,0.0
2022,SC,Sul,Pista esburacada,Madrugada,1,0,0,0,2,0.0
2022,SC,Sul,Pista esburacada,Manhã,7,1,0,1,9,0.142857
2022,SC,Sul,Pista esburacada,Noite,7,3,1,3,7,0.428571
2022,SC,Sul,Pista esburacada,Tarde,5,1,0,1,6,0.2
2022,SC,Sul,Problema com o freio,Madrugada,2,0,0,0,0,0.0
2022,SC,Sul,Problema com o freio,Manhã,5,2,0,2,7,0.4
2022,SC,Sul,Problema com o freio,Noite,3,1,0,1,1,0.333333
2022,SC,Sul,Problema com o freio,Tarde,10,6,4,6,30,0.6
2022,SC,Sul,Problema na suspensão,Manhã,3,0,0,0,3,0.0
2022,SC,Sul,Problema na suspensão,Tarde,4,0,0,0,2,0.0
2022,SC,Sul,Reação tardia ou ineficiente do condutor,Madrugada,120,26,14,23,129,0.216667
2022,SC,Sul,Reação tardia ou ineficiente do condutor,Manhã,266,56,1,64,291,0.210526
2022,SC,Sul,Reação tardia ou ineficiente do condutor,Noite,250,52,6,50,255,0.208
2022,SC,Sul,Reação tardia ou ineficiente do condutor,Tarde,276,69,8,75,335,0.25
2022,SC,Sul,Restrição de visibilidade em curvas horizontais,Manhã,1,0,0,0,1,0.0
2022,SC,Sul,Restrição de visibilidade em curvas horizontais,Noite,1,1,0,1,1,1.0
2022,SC,Sul,Restrição de visibilidade em curvas horizontais,Tarde,2,1,0,1,2,0.5
2022,SC,Sul,Restrição de visibilidade em curvas verticais,Noite,1,0,0,0,1,0.0
2022,SC,Sul,Retorno proibido,Madrugada,2,0,0,0,2,0.0
2022,SC,Sul,Retorno proibido,Manhã,10,3,1,7,16,0.3
2022,SC,Sul,Retorno proibido,Noite,11,7,0,10,18,0.636364
2022,SC,Sul,Retorno proibido,Tarde,14,5,0,5,15,0.357143
2022,SC,Sul,Sinalização mal posicionada,Manhã,1,1,0,1,2,1.0
2022,SC,Sul,Sinalização mal posicionada,Noite,2,0,0,0,2,0.0
2022,SC,Sul,Sinalização mal posicionada,Tarde,3,0,0,0,2,0.0
2022,SC,Sul,Trafegar com motocicleta (ou similar) entre as faixas,Manhã,75,20,1,20,83,0.266667
2022,SC,Sul,Trafegar com motocicleta (ou similar) entre as faixas,Noite,53,19,3,18,61,0.358491
2022,SC,Sul,Trafegar com motocicleta (ou similar) entre as faixas,Tarde,55,19,2,18,63,0.345455
2022,SC,Sul,Transitar na calçada,Tarde,1,0,0,0,1,0.0
2022,SC,Sul,Transitar na contramão,Madrugada,46,24,17,17,81,0.521739
2022,SC,Sul,Transitar na contramão,Manhã,40,22,12,21,67,0.55
2022,SC,Sul,Transitar na contramão,Noite,98,49,26,47,159,0.5
2022,SC,Sul,Transitar na contramão,Tarde,55,24,7,26,89,0.436364
2022,SC,Sul,Transitar no acostamento,Madrugada,2,1,0,1,2,0.5
2022,SC,Sul,Transitar no acostamento,Manhã,9,4,0,4,8,0.444444
2022,SC,Sul,Transitar no acostamento,Noite,12,5,1,4,13,0.416667
2022,SC,Sul,Transitar no acostamento,Tarde,9,4,1,3,11,0.444444
2022,SC,Sul,Ultrapassagem Indevida,Madrugada,7,3,0,4,9,0.428571
2022,SC,Sul,Ultrapassagem Indevida,Manhã,58,16,6,14,82,0.275862
2022,SC,Sul,Ultrapassagem Indevida,Noite,63,26,6,37,95,0.412698
2022,SC,Sul,Ultrapassagem Indevida,Tarde,74,33,7,36,102,0.445946
2022,SC,Sul,Velocidade Incompatível,Madrugada,113,29,8,32,102,0.256637
2022,SC,Sul,Velocidade Incompatível,Manhã,164,38,5,40,204,0.231707
2022,SC,Sul,Velocidade Incompatível,Noite,149,48,12,47,171,0.322148
2022,SC,Sul,Velocidade Incompatível,Tarde,210,55,14,59,274,0.261905
2022,SC,Sul,Área urbana sem a presença de local apropriado para a travessia de pedestres,Madrugada,2,1,0,1,2,0.5
2022,SC,Sul,Área urbana sem a presença de local apropriado para a travessia de pedestres,Noite,1,1,1,0,1,1.0
2022,SC,Sul,Área urbana sem a presença de local apropriado para a travessia de pedestres,Tarde,4,1,0,2,4,0.25
2022,SE,Nordeste,Acessar a via sem observar a presença dos outros veículos,Madrugada,3,2,1,2,4,0.666667
2022,SE,Nordeste,Acessar a via sem observar a presença dos outros veículos,Manhã,16,4,0,5,17,0.25
2022,SE,Nordeste,Acessar a via sem observar a presença dos outros veículos,Noite,14,10,1,11,17,0.714286
2022,SE,Nordeste,Acessar a via sem observar a presença dos outros veículos,Tarde,13,6,1,7,16,0.461538
2022,SE,Nordeste,Acesso irregular,Manhã,4,2,1,3,6,0.5
2022,SE,Nordeste,Acesso irregular,Noite,1,1,0,2,2,1.0
2022,SE,Nordeste,Acesso irregular,Tarde,3,2,0,2,3,0.666667
2022,SE,Nordeste,Acostamento em desnível,Noite,3,2,0,2,3,0.666667
2022,SE,Nordeste,Acumulo de areia ou detritos sobre o pavimento,Manhã,3,0,0,0,4,0.0
2022,SE,Nordeste,Acumulo de areia ou detritos sobre o pavimento,Noite,1,0,0,0,2,0.0
2022,SE,Nordeste,Acumulo de areia ou detritos sobre o pavimento,Tarde,1,0,0,0,1,0.0
2022,SE,Nordeste,Acumulo de água sobre o pavimento,Madrugada,1,1,0,1,1,1.0
2022,SE,Nordeste,Acumulo de água sobre o pavimento,Manhã,5,0,0,0,4,0.0
2022,SE,Nordeste,Acumulo de água sobre o pavimento,Noite,3,0,0,0,2,0.0
2022,SE,Nordeste,Acumulo de água sobre o pavimento,Tarde,1,1,0,1,2,1.0
2022,SE,Nordeste,Acumulo de óleo sobre o pavimento,Madrugada,1,1,1,0,1,1.0
2022,SE,Nordeste,Afundamento ou ondulação no pavimento,Madrugada,1,0,0,0,1,0.0
2022,SE,Nordeste,Afundamento ou ondulação no pavimento,Manhã,1,0,0,0,2,0.0
2022,SE,Nordeste,Afundamento ou ondulação no pavimento,Noite,1,0,0,0,1,0.0
2022,SE,Nordeste,Animais na Pista,Madrugada,5,1,0,1,5,0.2
2022,SE,Nordeste,Animais na Pista,Manhã,1,1,0,1,1,1.0
2022,SE,Nordeste,Animais na Pista,Noite,13,5,3,2,14,0.384615
2022,SE,Nordeste,Animais na Pista,Tarde,2,1,0,1,2,0.5
2022,SE,Nordeste,Ausência de reação do condutor,Madrugada,2,2,1,2,3,1.0
2022,SE,Nordeste,Ausência de reação do condutor,Manhã,9,3,0,4,8,0.333333
2022,SE,Nordeste,Ausência de reação do condutor,Noite,8,3,1,2,11,0.375
2022,SE,Nordeste,Ausência de reação do condutor,Tarde,10,4,0,4,13,0.4
2022,SE,Nordeste,Ausência de sinalização,Manhã,1,1,0,3,3,1.0
2022,SE,Nordeste,Avarias e/ou desgaste excessivo no pneu,Madrugada,1,0,0,0,0,0.0
2022,SE,Nordeste,Avarias e/ou desgaste excessivo no pneu,Noite,4,0,0,0,6,0.0
2022,SE,Nordeste,Avarias e/ou desgaste excessivo no pneu,Tarde,1,1,0,1,2,1.0
2022,SE,Nordeste,Carga excessiva e/ou mal acondicionada,Manhã,2,0,0,0,0,0.0
2022,SE,Nordeste,Chuva,Manhã,3,0,0,0,3,0.0
2022,SE,Nordeste,Chuva,Noite,6,2,1,1,6,0.333333
2022,SE,Nordeste,Chuva,Tarde,3,0,0,0,4,0.0
2022,SE,Nordeste,Condutor Dormindo,Madrugada,7,4,2,2,11,0.571429
2022,SE,Nordeste,Condutor Dormindo,Manhã,4,0,0,0,3,0.0
2022,SE,Nordeste,Condutor Dormindo,Noite,1,0,0,0,1,0.0
2022,SE,Nordeste,Condutor Dormindo,Tarde,4,0,0,0,4,0.0
2022,SE,Nordeste,Condutor deixou de manter distância do veículo da frente,Madrugada,3,1,0,1,1,0.333333
2022,SE,Nordeste,Condutor deixou de manter distância do veículo da frente,Manhã,29,6,0,7,27,0.206897
2022,SE,Nordeste,Condutor deixou de manter distância do veículo da frente,Noite,7,3,1,3,8,0.428571
2022,SE,Nordeste,Condutor deixou de manter distância do veículo da frente,Tarde,14,2,0,3,11,0.142857
2022,SE,Nordeste,Condutor usando celular,Manhã,1,0,0,0,0,0.0
2022,SE,Nordeste,Conversão proibida,Manhã,5,4,0,4,5,0.8
2022,SE,Nordeste,Conversão proibida,Noite,2,0,0,0,5,0.0
2022,SE,Nordeste,Conversão proibida,Tarde,4,1,0,2,9,0.25
2022,SE,Nordeste,Curva acentuada,Manhã,1,0,0,0,1,0.0
2022,SE,Nordeste,Deficiência do Sistema de Iluminação/Sinalização,Noite,2,1,0,2,3,0.5
2022,SE,Nordeste,Demais falhas mecânicas ou elétricas,Madrugada,2,0,0,0,1,0.0
2022,SE,Nordeste,Demais falhas mecânicas ou elétricas,Manhã,8,1,0,1,6,0.125
2022,SE,Nordeste,Demais falhas mecânicas ou elétricas,Noite,3,0,0,0,0,0.0
2022,SE,Nordeste,Demais falhas mecânicas ou elétricas,Tarde,8,2,0,3,4,0.25
2022,SE,Nordeste,Demais falhas na via,Noite,1,0,0,0,1,0.0
2022,SE,Nordeste,Demais falhas na via,Tarde,1,1,0,1,1,1.0
2022,SE,Nordeste,Desrespeitar a preferência no cruzamento,Manhã,2,2,0,3,4,1.0
2022,SE,Nordeste,Desrespeitar a preferência no cruzamento,Tarde,4,2,1,1,4,0.5
2022,SE,Nordeste,Desvio temporário,Noite,1,1,0,1,1,1.0
2022,SE,Nordeste,Entrada inopinada do pedestre,Madrugada,1,1,1,0,1,1.0
2022,SE,Nordeste,Entrada inopinada do pedestre,Noite,3,3,2,1,5,1.0
2022,SE,Nordeste,Entrada inopinada do pedestre,Tarde,2,2,1,1,2,1.0
2022,SE,Nordeste,Estacionar ou parar em local proibido,Manhã,3,0,0,0,5,0.0
2022,SE,Nordeste,Falta de acostamento,Tarde,1,0,0,0,1,0.0
2022,SE,Nordeste,Frear bruscamente,Manhã,1,0,0,0,2,0.0
2022,SE,Nordeste,Frear bruscamente,Tarde,1,0,0,0,1,0.0
2022,SE,Nordeste,Iluminação deficiente,Tarde,1,1,0,1,1,1.0
2022,SE,Nordeste,Ingestão de álcool ou de substâncias psicoativas pelo pedestre,Noite,3,1,0,1,3,0.333333
2022,SE,Nordeste,Ingestão de álcool pelo condutor,Madrugada,4,1,0,1,3,0.25
2022,SE,Nordeste,Ingestão de álcool pelo condutor,Manhã,5,2,0,2,5,0.4
2022,SE,Nordeste,Ingestão de álcool pelo condutor,Noite,21,6,2,5,23,0.285714
2022,SE,Nordeste,Ingestão de álcool pelo condutor,Tarde,10,0,0,0,11,0.0
2022,SE,Nordeste,Mal súbito do condutor,Noite,1,1,0,1,1,1.0
2022,SE,Nordeste,Mal súbito do condutor,Tarde,2,2,1,1,2,1.0
2022,SE,Nordeste,Manobra de mudança de faixa,Madrugada,1,0,0,0,0,0.0
2022,SE,Nordeste,Manobra de mudança de faixa,Manhã,9,7,3,5,17,0.777778
2022,SE,Nordeste,Manobra de mudança de faixa,Noite,5,1,0,1,2,0.2
2022,SE,Nordeste,Manobra de mudança de faixa,Tarde,11,3,0,5,16,0.272727
2022,SE,Nordeste,Objeto estático sobre o leito carroçável,Manhã,2,0,0,0,2,0.0
2022,SE,Nordeste,Objeto estático sobre o leito carroçável,Tarde,2,0,0,0,3,0.0
2022,SE,Nordeste,Obras na pista,Madrugada,1,1,0,1,1,1.0
2022,SE,Nordeste,Obras na pista,Manhã,1,0,0,0,1,0.0
2022,SE,Nordeste,Obras na pista,Tarde,1,0,0,0,1,0.0
2022,SE,Nordeste,Obstrução na via,Manhã,1,0,0,0,1,0.0
2022,SE,Nordeste,Pedestre andava na pista,Manhã,1,0,0,0,1,0.0
2022,SE,Nordeste,Pedestre andava na pista,Noite,1,1,1,0,1,1.0
2022,SE,Nordeste,Pedestre andava na pista,Tarde,2,2,0,2,3,1.0
2022,SE,Nordeste,Pedestre cruzava a pista fora da faixa,Madrugada,1,1,1,0,1,1.0
2022,SE,Nordeste,Pedestre cruzava a pista fora da faixa,Manhã,1,0,0,0,1,0.0
2022,SE,Nordeste,Pedestre cruzava a pista fora da faixa,Noite,2,2,0,5,5,1.0
2022,SE,Nordeste,Pedestre cruzava a pista fora da faixa,Tarde,2,2,1,2,3,1.0
2022,SE,Nordeste,Pista Escorregadia,Manhã,1,0,0,0,2,0.0
2022,SE,Nordeste,Pista Escorregadia,Noite,1,1,0,1,1,1.0
2022,SE,Nordeste,Pista Escorregadia,Tarde,1,0,0,0,0,0.0
2022,SE,Nordeste,Pista esburacada,Noite,3,0,0,0,5,0.0
2022,SE,Nordeste,Pista esburacada,Tarde,1,0,0,0,1,0.0
2022,SE,Nordeste,Problema com o freio,Manhã,1,0,0,0,1,0.0
2022,SE,Nordeste,Reação tardia ou ineficiente do condutor,Madrugada,3,2,0,2,2,0.666667
2022,SE,Nordeste,Reação tardia ou ineficiente do condutor,Manhã,7,0,0,0,7,0.0
2022,SE,Nordeste,Reação tardia ou ineficiente do condutor,Noite,18,11,3,11,23,0.611111
2022,SE,Nordeste,Reação tardia ou ineficiente do condutor,Tarde,13,4,0,4,20,0.307692
2022,SE,Nordeste,Redutor de velocidade em desacordo,Tarde,1,0,0,0,1,0.0
2022,SE,Nordeste,Restrição de visibilidade em curvas verticais,Noite,1,1,0,1,1,1.0
2022,SE,Nordeste,Retorno proibido,Manhã,1,0,0,0,1,0.0
2022,SE,Nordeste,Retorno proibido,Noite,2,1,1,0,2,0.5
2022,SE,Nordeste,Retorno proibido,Tarde,1,1,1,0,1,1.0
2022,SE,Nordeste,Semáforo com defeito,Manhã,1,0,0,0,1,0.0
2022,SE,Nordeste,Sinalização mal posicionada,Manhã,1,0,0,0,1,0.0
2022,SE,Nordeste,Trafegar com motocicleta (ou similar) entre as faixas,Manhã,1,0,0,0,3,0.0
2022,SE,Nordeste,Transitar na contramão,Madrugada,4,3,3,3,15,0.75
2022,SE,Nordeste,Transitar na contramão,Manhã,1,1,1,0,1,1.0
2022,SE,Nordeste,Transitar na contramão,Noite,11,7,2,6,19,0.636364
2022,SE,Nordeste,Transitar na contramão,Tarde,6,5,2,8,11,0.833333
2022,SE,Nordeste,Transitar no acostamento,Noite,3,3,1,5,8,1.0
2022,SE,Nordeste,Ultrapassagem Indevida,Manhã,4,3,0,4,6,0.75
2022,SE,Nordeste,Ultrapassagem Indevida,Noite,4,2,0,6,13,0.5
2022,SE,Nordeste,Ultrapassagem Indevida,Tarde,8,5,1,15,23,0.625
2022,SE,Nordeste,Velocidade Incompatível,Madrugada,6,4,0,6,8,0.666667
2022,SE,Nordeste,Velocidade Incompatível,Manhã,16,7,2,11,27,0.4375
2022,SE,Nordeste,Velocidade Incompatível,Noite,10,4,1,3,11,0.4
2022,SE,Nordeste,Velocidade Incompatível,Tarde,16,5,1,6,18,0.3125
2022,SP,Sudeste,Acessar a via sem observar a presença dos outros veículos,Madrugada,12,3,2,1,11,0.25
2022,SP,Sudeste,Acessar a via sem observar a presença dos outros veículos,Manhã,66,16,0,18,76,0.242424
2022,SP,Sudeste,Acessar a via sem observar a presença dos outros veículos,Noite,66,21,8,15,81,0.318182
2022,SP,Sudeste,Acessar a via sem observar a presença dos outros veículos,Tarde,53,8,2,7,67,0.150943
2022,SP,Sudeste,Acesso irregular,Madrugada,1,0,0,0,1,0.0
2022,SP,Sudeste,Acesso irregular,Manhã,1,0,0,0,0,0.0
2022,SP,Sudeste,Acesso irregular,Noite,8,3,1,2,8,0.375
2022,SP,Sudeste,Acesso irregular,Tarde,8,3,1,2,9,0.375
2022,SP,Sudeste,Acostamento em desnível,Manhã,1,0,0,0,1,0.0
2022,SP,Sudeste,Acumulo de areia ou detritos sobre o pavimento,Madrugada,1,0,0,0,0,0.0
2022,SP,Sudeste,Acumulo de areia ou detritos sobre o pavimento,Manhã,7,1,0,1,11,0.142857
2022,SP,Sudeste,Acumulo de areia ou detritos sobre o pavimento,Noite,5,0,0,0,6,0.0
2022,SP,Sudeste,Acumulo de areia ou detritos sobre o pavimento,Tarde,3,1,0,1,3,0.333333
2022,SP,Sudeste,Acumulo de água sobre o pavimento,Madrugada,5,1,0,1,3,0.2
2022,SP,Sudeste,Acumulo de água sobre o pavimento,Manhã,7,0,0,0,6,0.0
2022,SP,Sudeste,Acumulo de água sobre o pavimento,Noite,2,0,0,0,3,0.0
2022,SP,Sudeste,Acumulo de água sobre o pavimento,Tarde,10,1,1,0,11,0.1
2022,SP,Sudeste,Acumulo de óleo sobre o pavimento,Madrugada,1,1,0,1,1,1.0
2022,SP,Sudeste,Acumulo de óleo sobre o pavimento,Manhã,4,0,0,0,4,0.0
2022,SP,Sudeste,Acumulo de óleo sobre o pavimento,Noite,2,0,0,0,2,0.0
2022,SP,Sudeste,Acumulo de óleo sobre o pavimento,Tarde,9,0,0,0,8,0.0
2022,SP,Sudeste,Afundamento ou ondulação no pavimento,Madrugada,1,0,0,0,1,0.0
2022,SP,Sudeste,Afundamento ou ondulação no pavimento,Manhã,5,1,0,1,5,0.2
2022,SP,Sudeste,Afundamento ou ondulação no pavimento,Noite,1,0,0,0,1,0.0
2022,SP,Sudeste,Afundamento ou ondulação no pavimento,Tarde,2,0,0,0,2,0.0
2022,SP,Sudeste,Animais na Pista,Madrugada,9,1,0,1,9,0.111111
2022,SP,Sudeste,Animais na Pista,Manhã,9,2,0,2,9,0.222222
2022,SP,Sudeste,Animais na Pista,Noite,19,2,0,2,20,0.105263
2022,SP,Sudeste,Animais na Pista,Tarde,5,1,0,2,9,0.2
2022,SP,Sudeste,Ausência de reação do condutor,Madrugada,158,42,16,30,145,0.265823
2022,SP,Sudeste,Ausência de reação do condutor,Manhã,200,32,7,28,227,0.16
2022,SP,Sudeste,Ausência de reação do condutor,Noite,218,47,6,47,237,0.215596
2022,SP,Sudeste,Ausência de reação do condutor,Tarde,191,37,4,36,218,0.193717
2022,SP,Sudeste,Ausência de sinalização,Manhã,3,0,0,0,3,0.0
2022,SP,Sudeste,Ausência de sinalização,Noite,2,0,0,0,2,0.0
2022,SP,Sudeste,Ausência de sinalização,Tarde,1,1,1,1,2,1.0
2022,SP,Sudeste,Avarias e/ou desgaste excessivo no pneu,Madrugada,4,0,0,0,4,0.0
2022,SP,Sudeste,Avarias e/ou desgaste excessivo no pneu,Manhã,37,7,0,8,48,0.189189
2022,SP,Sudeste,Avarias e/ou desgaste excessivo no pneu,Noite,23,5,0,5,33,0.217391
2022,SP,Sudeste,Avarias e/ou desgaste excessivo no pneu,Tarde,41,4,0,5,62,0.097561
2022,SP,Sudeste,Carga excessiva e/ou mal acondicionada,Madrugada,5,2,0,2,8,0.4
2022,SP,Sudeste,Carga excessiva e/ou mal acondicionada,Manhã,8,1,0,1,6,0.125
2022,SP,Sudeste,Carga excessiva e/ou mal acondicionada,Noite,1,0,0,0,0,0.0
2022,SP,Sudeste,Carga excessiva e/ou mal acondicionada,Tarde,1,0,0,0,0,0.0
2022,SP,Sudeste,Chuva,Madrugada,9,1,0,1,7,0.111111
2022,SP,Sudeste,Chuva,Manhã,24,2,1,1,26,0.083333
2022,SP,Sudeste,Chuva,Noite,24,3,0,3,27,0.125
2022,SP,Sudeste,Chuva,Tarde,37,6,0,6,51,0.162162
2022,SP,Sudeste,Condutor Dormindo,Madrugada,39,8,1,8,40,0.205128
2022,SP,Sudeste,Condutor Dormindo,Manhã,24,6,1,5,26,0.25
2022,SP,Sudeste,Condutor Dormindo,Noite,15,2,0,2,8,0.133333
2022,SP,Sudeste,Condutor Dormindo,Tarde,14,5,1,4,13,0.357143
2022,SP,Sudeste,Condutor deixou de manter distância do veículo da frente,Madrugada,19,5,1,4,27,0.263158
2022,SP,Sudeste,Condutor deixou de manter distância do veículo da frente,Manhã,105,10,0,13,121,0.095238
2022,SP,Sudeste,Condutor deixou de manter distância do veículo da frente,Noite,86,13,0,14,93,0.151163
2022,SP,Sudeste,Condutor deixou de manter distância do veículo da frente,Tarde,93,9,0,9,98,0.096774
2022,SP,Sudeste,Condutor desrespeitou a iluminação vermelha do semáforo,Madrugada,7,2,0,2,9,0.285714
2022,SP,Sudeste,Condutor desrespeitou a iluminação vermelha do semáforo,Manhã,1,1,0,1,2,1.0
2022,SP,Sudeste,Condutor desrespeitou a iluminação vermelha do semáforo,Noite,1,1,0,1,1,1.0
2022,SP,Sudeste,Condutor desrespeitou a iluminação vermelha do semáforo,Tarde,1,0,0,0,1,0.0
2022,SP,Sudeste,Condutor usando celular,Madrugada,1,0,0,0,1,0.0
2022,SP,Sudeste,Condutor usando celular,Manhã,2,0,0,0,0,0.0
2022,SP,Sudeste,Condutor usando celular,Tarde,1,0,0,0,3,0.0
2022,SP,Sudeste,Conversão proibida,Manhã,4,1,0,1,4,0.25
2022,SP,Sudeste,Conversão proibida,Noite,3,2,0,2,3,0.666667
2022,SP,Sudeste,Conversão proibida,Tarde,6,1,0,1,10,0.166667
2022,SP,Sudeste,Curva acentuada,Manhã,4,1,0,1,7,0.25
2022,SP,Sudeste,Curva acentuada,Noite,4,0,0,0,3,0.0
2022,SP,Sudeste,Curva acentuada,Tarde,5,1,0,1,4,0.2
2022,SP,Sudeste,Declive acentuado,Manhã,1,1,1,0,1,1.0
2022,SP,Sudeste,Declive acentuado,Noite,1,0,0,0,1,0.0
2022,SP,Sudeste,Deficiência do Sistema de Iluminação/Sinalização,Madrugada,1,0,0,0,0,0.0
2022,SP,Sudeste,Deficiência do Sistema de Iluminação/Sinalização,Manhã,1,0,0,0,1,0.0
2022,SP,Sudeste,Deficiência do Sistema de Iluminação/Sinalização,Noite,7,1,0,1,4,0.142857
2022,SP,Sudeste,Demais Fenômenos da natureza,Manhã,1,0,0,0,1,0.0
2022,SP,Sudeste,Demais Fenômenos da natureza,Noite,1,1,1,0,1,1.0
2022,SP,Sudeste,Demais Fenômenos da natureza,Tarde,4,1,2,0,5,0.25
2022,SP,Sudeste,Demais falhas mecânicas ou elétricas,Madrugada,27,5,1,4,22,0.185185
2022,SP,Sudeste,Demais falhas mecânicas ou elétricas,Manhã,43,6,0,6,37,0.139535
2022,SP,Sudeste,Demais falhas mecânicas ou elétricas,Noite,72,8,2,8,41,0.111111
2022,SP,Sudeste,Demais falhas mecânicas ou elétricas,Tarde,73,4,0,4,63,0.054795
2022,SP,Sudeste,Demais falhas na via,Manhã,3,0,0,0,2,0.0
2022,SP,Sudeste,Demais falhas na via,Noite,2,0,0,0,4,0.0
2022,SP,Sudeste,Demais falhas na via,Tarde,3,2,0,2,2,0.666667
2022,SP,Sudeste,Desrespeitar a preferência no cruzamento,Manhã,6,2,0,3,9,0.333333
2022,SP,Sudeste,Desrespeitar a preferência no cruzamento,Noite,5,1,0,2,8,0.2
2022,SP,Sudeste,Desrespeitar a preferência no cruzamento,Tarde,9,0,0,0,12,0.0
2022,SP,Sudeste,Desvio temporário,Manhã,1,0,0,0,4,0.0
2022,SP,Sudeste,Entrada inopinada do pedestre,Madrugada,16,14,12,3,18,0.875
2022,SP,Sudeste,Entrada inopinada do pedestre,Manhã,7,4,0,4,7,0.571429
2022,SP,Sudeste,Entrada inopinada do pedestre,Noite,36,28,17,12,40,0.777778
2022,SP,Sudeste,Entrada inopinada do pedestre,Tarde,14,5,2,3,13,0.357143
2022,SP,Sudeste,Estacionar ou parar em local proibido,Madrugada,6,1,0,1,7,0.166667
2022,SP,Sudeste,Estacionar ou parar em local proibido,Manhã,1,1,0,1,1,1.0
2022,SP,Sudeste,Estacionar ou parar em local proibido,Noite,7,0,0,0,8,0.0
2022,SP,Sudeste,Estacionar ou parar em local proibido,Tarde,2,0,0,0,2,0.0
2022,SP,Sudeste,Faixas de trânsito com largura insuficiente,Tarde,1,0,0,0,1,0.0
2022,SP,Sudeste,Falta de acostamento,Madrugada,2,1,0,1,3,0.5
2022,SP,Sudeste,Falta de acostamento,Manhã,1,0,0,0,1,0.0
2022,SP,Sudeste,Falta de acostamento,Noite,4,1,1,0,6,0.25
2022,SP,Sudeste,Falta de elemento de contenção que evite a saída do leito carroçável,Madrugada,1,0,0,0,1,0.0
2022,SP,Sudeste,Falta de elemento de contenção que evite a saída do leito carroçável,Manhã,3,1,0,1,3,0.333333
2022,SP,Sudeste,Falta de elemento de contenção que evite a saída do leito carroçável,Noite,1,1,0,2,3,1.0
2022,SP,Sudeste,Frear bruscamente,Madrugada,5,1,1,0,6,0.2
2022,SP,Sudeste,Frear bruscamente,Manhã,17,3,0,3,31,0.176471
2022,SP,Sudeste,Frear bruscamente,Noite,6,0,0,0,6,0.0
2022,SP,Sudeste,Frear bruscamente,Tarde,12,1,0,1,11,0.083333
2022,SP,Sudeste,Iluminação deficiente,Madrugada,3,0,0,0,2,0.0
2022,SP,Sudeste,Iluminação deficiente,Noite,3,1,0,1,3,0.333333
2022,SP,Sudeste,Iluminação deficiente,Tarde,1,0,0,0,1,0.0
2022,SP,Sudeste,Ingestão de substâncias psicoativas pelo condutor,Madrugada,1,0,0,0,0,0.0
2022,SP,Sudeste,Ingestão de substâncias psicoativas pelo condutor,Manhã,1,0,0,0,1,0.0
2022,SP,Sudeste,Ingestão de substâncias psicoativas pelo condutor,Tarde,1,0,0,0,0,0.0
2022,SP,Sudeste,Ingestão de álcool e/ou substâncias psicoativas pelo pedestre,Madrugada,2,0,0,0,2,0.0
2022,SP,Sudeste,Ingestão de álcool e/ou substâncias psicoativas pelo pedestre,Noite,2,2,0,2,4,1.0
2022,SP,Sudeste,Ingestão de álcool e/ou substâncias psicoativas pelo pedestre,Tarde,1,0,0,0,2,0.0
2022,SP,Sudeste,Ingestão de álcool ou de substâncias psicoativas pelo pedestre,Madrugada,1,1,0,1,1,1.0
2022,SP,Sudeste,Ingestão de álcool ou de substâncias psicoativas pelo pedestre,Tarde,2,1,0,1,2,0.5
2022,SP,Sudeste,Ingestão de álcool pelo condutor,Madrugada,63,5,1,5,50,0.079365
2022,SP,Sudeste,Ingestão de álcool pelo condutor,Manhã,21,3,3,0,17,0.142857
2022,SP,Sudeste,Ingestão de álcool pelo condutor,Noite,74,8,2,7,62,0.108108
2022,SP,Sudeste,Ingestão de álcool pelo condutor,Tarde,26,3,0,4,23,0.115385
2022,SP,Sudeste,Mal súbito do condutor,Madrugada,3,0,0,0,3,0.0
2022,SP,Sudeste,Mal súbito do condutor,Manhã,15,3,0,3,17,0.2
2022,SP,Sudeste,Mal súbito do condutor,Noite,8,0,0,0,9,0.0
2022,SP,Sudeste,Mal súbito do condutor,Tarde,15,4,0,5,17,0.266667
2022,SP,Sudeste,Manobra de mudança de faixa,Madrugada,26,4,4,3,35,0.153846
2022,SP,Sudeste,Manobra de mudança de faixa,Manhã,138,14,0,15,154,0.101449
2022,SP,Sudeste,Manobra de mudança de faixa,Noite,83,15,1,15,86,0.180723
2022,SP,Sudeste,Manobra de mudança de faixa,Tarde,99,13,1,20,113,0.131313
2022,SP,Sudeste,Modificação proibida,Tarde,1,0,0,0,1,0.0
2022,SP,Sudeste,Neblina,Noite,1,0,0,0,1,0.0
2022,SP,Sudeste,Objeto estático sobre o leito carroçável,Madrugada,4,0,0,0,3,0.0
2022,SP,Sudeste,Objeto estático sobre o leito carroçável,Manhã,13,3,0,3,13,0.230769
2022,SP,Sudeste,Objeto estático sobre o leito carroçável,Noite,16,4,2,2,14,0.25
2022,SP,Sudeste,Objeto estático sobre o leito carroçável,Tarde,15,3,0,3,13,0.2
2022,SP,Sudeste,Obras na pista,Manhã,2,1,0,1,2,0.5
2022,SP,Sudeste,Obras na pista,Tarde,3,0,0,0,3,0.0
2022,SP,Sudeste,Obstrução na via,Madrugada,2,1,0,1,1,0.5
2022,SP,Sudeste,Obstrução na via,Noite,1,0,0,0,0,0.0
2022,SP,Sudeste,Obstrução na via,Tarde,4,0,0,0,4,0.0
2022,SP,Sudeste,Pedestre andava na pista,Madrugada,15,14,11,4,16,0.933333
2022,SP,Sudeste,Pedestre andava na pista,Manhã,1,1,0,1,1,1.0
2022,SP,Sudeste,Pedestre andava na pista,Noite,32,25,16,9,32,0.78125
2022,SP,Sudeste,Pedestre andava na pista,Tarde,9,5,0,5,10,0.555556
2022,SP,Sudeste,Pedestre cruzava a pista fora da faixa,Madrugada,8,8,5,3,9,1.0
2022,SP,Sudeste,Pedestre cruzava a pista fora da faixa,Manhã,6,5,0,5,6,0.833333
2022,SP,Sudeste,Pedestre cruzava a pista fora da faixa,Noite,25,20,10,10,27,0.8
2022,SP,Sudeste,Pedestre cruzava a pista fora da faixa,Tarde,9,6,1,6,12,0.666667
2022,SP,Sudeste,Pista Escorregadia,Madrugada,7,0,0,0,7,0.0
2022,SP,Sudeste,Pista Escorregadia,Manhã,26,5,0,5,33,0.192308
2022,SP,Sudeste,Pista Escorregadia,Noite,23,0,0,0,24,0.0
2022,SP,Sudeste,Pista Escorregadia,Tarde,30,3,1,3,42,0.1
2022,SP,Sudeste,Pista esburacada,Madrugada,2,0,0,0,2,0.0
2022,SP,Sudeste,Pista esburacada,Manhã,4,2,0,2,5,0.5
2022,SP,Sudeste,Pista esburacada,Noite,8,0,0,0,5,0.0
2022,SP,Sudeste,Pista esburacada,Tarde,5,2,0,3,5,0.4
2022,SP,Sudeste,Problema com o freio,Madrugada,3,0,0,0,0,0.0
2022,SP,Sudeste,Problema com o freio,Manhã,5,1,0,1,6,0.2
2022,SP,Sudeste,Problema com o freio,Noite,1,0,0,0,0,0.0
2022,SP,Sudeste,Problema com o freio,Tarde,10,0,0,0,6,0.0
2022,SP,Sudeste,Problema na suspensão,Manhã,1,0,0,0,2,0.0
2022,SP,Sudeste,Problema na suspensão,Tarde,3,0,0,0,3,0.0
2022,SP,Sudeste,Reação tardia ou ineficiente do condutor,Madrugada,141,28,6,26,141,0.198582
2022,SP,Sudeste,Reação tardia ou ineficiente do condutor,Manhã,263,31,5,32,305,0.117871
2022,SP,Sudeste,Reação tardia ou ineficiente do condutor,Noite,216,33,8,30,214,0.152778
2022,SP,Sudeste,Reação tardia ou ineficiente do condutor,Tarde,245,36,9,32,294,0.146939
2022,SP,Sudeste,Restrição de visibilidade em curvas horizontais,Tarde,1,0,0,0,1,0.0
2022,SP,Sudeste,Retorno proibido,Manhã,2,1,0,1,2,0.5
2022,SP,Sudeste,Retorno proibido,Noite,1,0,0,0,1,0.0
2022,SP,Sudeste,Retorno proibido,Tarde,2,0,0,0,2,0.0
2022,SP,Sudeste,Sinalização mal posicionada,Manhã,1,0,0,0,1,0.0
2022,SP,Sudeste,Sinalização mal posicionada,Noite,1,0,0,0,2,0.0
2022,SP,Sudeste,Trafegar com motocicleta (ou similar) entre as faixas,Manhã,70,8,0,8,84,0.114286
2022,SP,Sudeste,Trafegar com motocicleta (ou similar) entre as faixas,Noite,33,10,1,10,42,0.30303
2022,SP,Sudeste,Trafegar com motocicleta (ou similar) entre as faixas,Tarde,36,4,1,3,41,0.111111
2022,SP,Sudeste,Transitar na contramão,Madrugada,7,6,2,5,10,0.857143
2022,SP,Sudeste,Transitar na contramão,Manhã,8,2,0,3,9,0.25
2022,SP,Sudeste,Transitar na contramão,Noite,14,3,2,3,18,0.214286
2022,SP,Sudeste,Transitar na contramão,Tarde,8,3,3,1,11,0.375
2022,SP,Sudeste,Transitar no acostamento,Madrugada,3,1,0,1,4,0.333333
2022,SP,Sudeste,Transitar no acostamento,Manhã,5,2,0,2,5,0.4
2022,SP,Sudeste,Transitar no acostamento,Noite,7,6,2,4,11,0.857143
2022,SP,Sudeste,Transitar no acostamento,Tarde,8,2,0,3,9,0.25
2022,SP,Sudeste,Ultrapassagem Indevida,Madrugada,4,1,1,1,4,0.25
2022,SP,Sudeste,Ultrapassagem Indevida,Manhã,11,2,1,1,14,0.181818
2022,SP,Sudeste,Ultrapassagem Indevida,Noite,9,2,0,2,11,0.222222
2022,SP,Sudeste,Ultrapassagem Indevida,Tarde,10,4,4,2,16,0.4
2022,SP,Sudeste,Velocidade Incompatível,Madrugada,56,16,6,11,55,0.285714
2022,SP,Sudeste,Velocidade Incompatível,Manhã,65,15,10,16,87,0.230769
2022,SP,Sudeste,Velocidade Incompatível,Noite,63,13,4,13,83,0.206349
2022,SP,Sudeste,Velocidade Incompatível,Tarde,59,14,6,19,88,0.237288
2022,SP,Sudeste,Área urbana sem a presença de local apropriado para a travessia de pedestres,Noite,2,0,0,0,2,0.0
2022,SP,Sudeste,Área urbana sem a presença de local apropriado para a travessia de pedestres,Tarde,2,1,0,1,4,0.5
2022,TO,Norte,Acessar a via sem observar a presença dos outros veículos,Madrugada,1,1,0,1,1,1.0
2022,TO,Norte,Acessar a via sem observar a presença dos outros veículos,Manhã,19,4,2,2,23,0.210526
2022,TO,Norte,Acessar a via sem observar a presença dos outros veículos,Noite,16,4,1,3,17,0.25
2022,TO,Norte,Acessar a via sem observar a presença dos outros veículos,Tarde,24,8,3,6,31,0.333333
2022,TO,Norte,Acesso irregular,Tarde,2,1,0,1,2,0.5
2022,TO,Norte,Acostamento em desnível,Madrugada,1,1,0,1,1,1.0
2022,TO,Norte,Acostamento em desnível,Manhã,2,0,0,0,1,0.0
2022,TO,Norte,Acostamento em desnível,Noite,1,1,0,1,1,1.0
2022,TO,Norte,Acostamento em desnível,Tarde,2,0,0,0,3,0.0
2022,TO,Norte,Acumulo de água sobre o pavimento,Madrugada,1,1,1,0,1,1.0
2022,TO,Norte,Acumulo de óleo sobre o pavimento,Manhã,1,0,0,0,1,0.0
2022,TO,Norte,Afundamento ou ondulação no pavimento,Madrugada,2,1,1,0,2,0.5
2022,TO,Norte,Afundamento ou ondulação no pavimento,Manhã,1,1,0,1,2,1.0
2022,TO,Norte,Animais na Pista,Madrugada,2,1,1,0,3,0.5
2022,TO,Norte,Animais na Pista,Manhã,1,0,0,0,1,0.0
2022,TO,Norte,Animais na Pista,Noite,4,0,0,0,4,0.0
2022,TO,Norte,Animais na Pista,Tarde,2,1,0,1,2,0.5
2022,TO,Norte,Ausência de reação do condutor,Madrugada,15,4,0,7,19,0.266667
2022,TO,Norte,Ausência de reação do condutor,Manhã,13,3,3,1,16,0.230769
2022,TO,Norte,Ausência de reação do condutor,Noite,18,6,1,7,15,0.333333
2022,TO,Norte,Ausência de reação do condutor,Tarde,14,6,3,3,13,0.428571
2022,TO,Norte,Ausência de sinalização,Manhã,1,0,0,0,1,0.0
2022,TO,Norte,Avarias e/ou desgaste excessivo no pneu,Madrugada,3,0,0,0,1,0.0
2022,TO,Norte,Avarias e/ou desgaste excessivo no pneu,Manhã,5,1,0,4,11,0.2
2022,TO,Norte,Avarias e/ou desgaste excessivo no pneu,Noite,2,1,0,1,4,0.5
2022,TO,Norte,Avarias e/ou desgaste excessivo no pneu,Tarde,4,0,0,0,6,0.0
2022,TO,Norte,Carga excessiva e/ou mal acondicionada,Tarde,2,1,0,1,3,0.5
2022,TO,Norte,Chuva,Manhã,3,2,2,0,4,0.666667
2022,TO,Norte,Chuva,Tarde,4,1,1,1,6,0.25
2022,TO,Norte,Condutor Dormindo,Madrugada,7,3,1,3,14,0.428571
2022,TO,Norte,Condutor Dormindo,Manhã,6,3,0,3,5,0.5
2022,TO,Norte,Condutor Dormindo,Noite,1,0,0,0,2,0.0
2022,TO,Norte,Condutor Dormindo,Tarde,2,0,0,0,2,0.0
2022,TO,Norte,Condutor deixou de manter distância do veículo da frente,Madrugada,3,0,0,0,4,0.0
2022,TO,Norte,Condutor deixou de manter distância do veículo da frente,Manhã,9,3,0,4,10,0.333333
2022,TO,Norte,Condutor deixou de manter distância do veículo da frente,Noite,5,2,0,3,8,0.4
2022,TO,Norte,Condutor deixou de manter distância do veículo da frente,Tarde,6,1,0,1,4,0.166667
2022,TO,Norte,Condutor usando celular,Manhã,1,0,0,0,2,0.0
2022,TO,Norte,Condutor usando celular,Tarde,2,0,0,0,1,0.0
2022,TO,Norte,Conversão proibida,Manhã,1,0,0,0,1,0.0
2022,TO,Norte,Conversão proibida,Noite,1,0,0,0,1,0.0
2022,TO,Norte,Conversão proibida,Tarde,1,0,0,0,1,0.0
2022,TO,Norte,Curva acentuada,Noite,1,1,0,2,8,1.0
2022,TO,Norte,Declive acentuado,Tarde,1,1,0,1,2,1.0
2022,TO,Norte,Deficiência do Sistema de Iluminação/Sinalização,Madrugada,1,0,0,0,0,0.0
2022,TO,Norte,Deficiência do Sistema de Iluminação/Sinalização,Noite,5,4,1,3,27,0.8
2022,TO,Norte,Demais Fenômenos da natureza,Madrugada,1,0,0,0,1,0.0
2022,TO,Norte,Demais Fenômenos da natureza,Noite,1,0,0,0,1,0.0
2022,TO,Norte,Demais falhas mecânicas ou elétricas,Madrugada,4,0,0,0,0,0.0
2022,TO,Norte,Demais falhas mecânicas ou elétricas,Manhã,10,2,0,3,13,0.2
2022,TO,Norte,Demais falhas mecânicas ou elétricas,Noite,8,1,1,0,7,0.125
2022,TO,Norte,Demais falhas mecânicas ou elétricas,Tarde,9,0,0,0,1,0.0
2022,TO,Norte,Demais falhas na via,Madrugada,1,0,0,0,1,0.0
2022,TO,Norte,Demais falhas na via,Noite,1,1,0,1,1,1.0
2022,TO,Norte,Desrespeitar a preferência no cruzamento,Manhã,5,3,0,3,5,0.6
2022,TO,Norte,Desrespeitar a preferência no cruzamento,Noite,3,0,0,0,6,0.0
2022,TO,Norte,Desrespeitar a preferência no cruzamento,Tarde,5,3,0,3,6,0.6
2022,TO,Norte,Entrada inopinada do pedestre,Madrugada,1,1,1,0,1,1.0
2022,TO,Norte,Entrada inopinada do pedestre,Noite,1,1,1,0,1,1.0
2022,TO,Norte,Entrada inopinada do pedestre,Tarde,2,1,1,0,2,0.5
2022,TO,Norte,Estacionar ou parar em local proibido,Tarde,1,1,1,0,1,1.0
2022,TO,Norte,Falta de elemento de contenção que evite a saída do leito carroçável,Madrugada,2,1,0,1,4,0.5
2022,TO,Norte,Falta de elemento de contenção que evite a saída do leito carroçável,Tarde,2,1,1,0,2,0.5
2022,TO,Norte,Faróis desregulados,Noite,1,1,0,1,1,1.0
2022,TO,Norte,Frear bruscamente,Madrugada,1,0,0,0,1,0.0
2022,TO,Norte,Frear bruscamente,Manhã,1,0,0,0,1,0.0
2022,TO,Norte,Frear bruscamente,Noite,1,0,0,0,1,0.0
2022,TO,Norte,Frear bruscamente,Tarde,1,0,0,0,0,0.0
2022,TO,Norte,Iluminação deficiente,Madrugada,1,1,0,1,2,1.0
2022,TO,Norte,Iluminação deficiente,Noite,1,0,0,0,1,0.0
2022,TO,Norte,Ingestão de substâncias psicoativas pelo condutor,Manhã,1,0,0,0,0,0.0
2022,TO,Norte,Ingestão de substâncias psicoativas pelo condutor,Noite,1,1,0,1,6,1.0
2022,TO,Norte,Ingestão de álcool e/ou substâncias psicoativas pelo pedestre,Noite,2,0,0,0,1,0.0
2022,TO,Norte,Ingestão de álcool pelo condutor,Madrugada,11,4,0,5,10,0.363636
2022,TO,Norte,Ingestão de álcool pelo condutor,Manhã,6,1,0,1,3,0.166667
2022,TO,Norte,Ingestão de álcool pelo condutor,Noite,17,4,2,4,11,0.235294
2022,TO,Norte,Ingestão de álcool pelo condutor,Tarde,5,1,0,2,3,0.2
2022,TO,Norte,Manobra de mudança de faixa,Madrugada,2,1,0,1,3,0.5
2022,TO,Norte,Manobra de mudança de faixa,Manhã,7,2,1,1,8,0.285714
2022,TO,Norte,Manobra de mudança de faixa,Noite,3,1,0,1,4,0.333333
2022,TO,Norte,Manobra de mudança de faixa,Tarde,11,5,1,6,23,0.454545
2022,TO,Norte,Objeto estático sobre o leito carroçável,Madrugada,1,1,1,0,1,1.0
2022,TO,Norte,Objeto estático sobre o leito carroçável,Manhã,2,0,0,0,3,0.0
2022,TO,Norte,Objeto estático sobre o leito carroçável,Noite,2,1,2,1,4,0.5
2022,TO,Norte,Objeto estático sobre o leito carroçável,Tarde,1,1,0,1,1,1.0
2022,TO,Norte,Obstrução na via,Madrugada,1,0,0,0,1,0.0
2022,TO,Norte,Pedestre andava na pista,Madrugada,1,1,1,0,1,1.0
2022,TO,Norte,Pedestre andava na pista,Noite,3,1,1,0,3,0.333333
2022,TO,Norte,Pedestre cruzava a pista fora da faixa,Manhã,1,1,0,1,1,1.0
2022,TO,Norte,Pedestre cruzava a pista fora da faixa,Noite,1,1,1,0,1,1.0
2022,TO,Norte,Pedestre cruzava a pista fora da faixa,Tarde,1,1,1,0,1,1.0
2022,TO,Norte,Pista Escorregadia,Madrugada,1,0,0,0,1,0.0
2022,TO,Norte,Pista Escorregadia,Manhã,1,1,0,1,1,1.0
2022,TO,Norte,Pista Escorregadia,Tarde,1,0,0,0,1,0.0
2022,TO,Norte,Pista esburacada,Manhã,1,0,0,0,0,0.0
2022,TO,Norte,Pista esburacada,Noite,1,0,0,0,1,0.0
2022,TO,Norte,Pista esburacada,Tarde,3,0,0,0,5,0.0
2022,TO,Norte,Problema com o freio,Madrugada,1,0,0,0,0,0.0
2022,TO,Norte,Problema na suspensão,Tarde,1,0,0,0,0,0.0
2022,TO,Norte,Reação tardia ou ineficiente do condutor,Madrugada,13,6,1,9,18,0.461538
2022,TO,Norte,Reação tardia ou ineficiente do condutor,Manhã,23,8,3,8,32,0.347826
2022,TO,Norte,Reação tardia ou ineficiente do condutor,Noite,24,11,3,13,57,0.458333
2022,TO,Norte,Reação tardia ou ineficiente do condutor,Tarde,37,11,4,7,41,0.297297
2022,TO,Norte,Restrição de visibilidade em curvas verticais,Noite,1,1,0,1,1,1.0
2022,TO,Norte,Trafegar com motocicleta (ou similar) entre as faixas,Noite,1,1,1,0,1,1.0
2022,TO,Norte,Transitar na calçada,Manhã,1,0,0,0,1,0.0
2022,TO,Norte,Transitar na contramão,Madrugada,10,6,5,4,23,0.6
2022,TO,Norte,Transitar na contramão,Manhã,17,12,11,10,42,0.705882
2022,TO,Norte,Transitar na contramão,Noite,10,7,4,4,11,0.7
2022,TO,Norte,Transitar na contramão,Tarde,13,11,5,10,20,0.846154
2022,TO,Norte,Transitar no acostamento,Noite,2,1,0,1,1,0.5
2022,TO,Norte,Transitar no acostamento,Tarde,1,1,0,1,1,1.0
2022,TO,Norte,Ultrapassagem Indevida,Madrugada,1,0,0,0,1,0.0
2022,TO,Norte,Ultrapassagem Indevida,Manhã,9,4,1,4,13,0.444444
2022,TO,Norte,Ultrapassagem Indevida,Noite,3,2,2,1,4,0.666667
2022,TO,Norte,Ultrapassagem Indevida,Tarde,11,4,2,4,17,0.363636
2022,TO,Norte,Velocidade Incompatível,Madrugada,5,2,0,4,19,0.4
2022,TO,Norte,Velocidade Incompatível,Noite,8,5,1,6,17,0.625
2022,TO,Norte,Velocidade Incompatível,Tarde,5,3,0,3,4,0.6
2023,AC,Norte,Acessar a via sem observar a presença dos outros veículos,Madrugada,3,2,5,4,11,0.666667
2023,AC,Norte,Acessar a via sem observar a presença dos outros veículos,Manhã,8,2,1,1,9,0.25
2023,AC,Norte,Acessar a via sem observar a presença dos outros veículos,Noite,5,2,0,4,6,0.4
2023,AC,Norte,Acessar a via sem observar a presença dos outros veículos,Tarde,10,2,1,1,11,0.2
2023,AC,Norte,Acesso irregular,Manhã,1,0,0,0,2,0.0
2023,AC,Norte,Acesso irregular,Noite,1,0,0,0,2,0.0
2023,AC,Norte,Acesso irregular,Tarde,3,2,2,5,9,0.666667
2023,AC,Norte,Acumulo de areia ou detritos sobre o pavimento,Noite,1,1,0,3,3,1.0
2023,AC,Norte,Acumulo de água sobre o pavimento,Noite,1,0,0,0,0,0.0
2023,AC,Norte,Acumulo de água sobre o pavimento,Tarde,3,0,0,0,6,0.0
2023,AC,Norte,Acumulo de óleo sobre o pavimento,Tarde,1,1,0,1,2,1.0
2023,AC,Norte,Afundamento ou ondulação no pavimento,Tarde,1,0,0,0,2,0.0
2023,AC,Norte,Animais na Pista,Noite,6,3,0,4,10,0.5
2023,AC,Norte,Ausência de reação do condutor,Madrugada,4,1,0,1,1,0.25
2023,AC,Norte,Ausência de reação do condutor,Manhã,12,5,3,2,14,0.416667
2023,AC,Norte,Ausência de reação do condutor,Noite,13,8,2,7,16,0.615385
2023,AC,Norte,Ausência de reação do condutor,Tarde,6,2,0,2,8,0.333333
2023,AC,Norte,Avarias e/ou desgaste excessivo no pneu,Manhã,1,0,0,0,2,0.0
2023,AC,Norte,Carga excessiva e/ou mal acondicionada,Manhã,1,0,0,0,1,0.0
2023,AC,Norte,Carga excessiva e/ou mal acondicionada,Tarde,1,0,0,0,0,0.0
2023,AC,Norte,Chuva,Madrugada,1,0,0,0,1,0.0
2023,AC,Norte,Chuva,Noite,1,0,0,0,1,0.0
2023,AC,Norte,Condutor Dormindo,Manhã,1,0,0,0,1,0.0
2023,AC,Norte,Condutor deixou de manter distância do veículo da frente,Manhã,7,0,0,0,8,0.0
2023,AC,Norte,Condutor deixou de manter distância do veículo da frente,Noite,4,0,0,0,3,0.0
2023,AC,Norte,Condutor deixou de manter distância do veículo da frente,Tarde,10,2,0,2,8,0.2
2023,AC,Norte,Conversão proibida,Manhã,2,1,0,1,2,0.5
2023,AC,Norte,Conversão proibida,Noite,2,1,0,1,3,0.5
2023,AC,Norte,Conversão proibida,Tarde,6,2,0,3,9,0.333333
2023,AC,Norte,Declive acentuado,Noite,1,0,0,0,0,0.0
2023,AC,Norte,Deficiência do Sistema de Iluminação/Sinalização,Noite,1,1,0,1,1,1.0
2023,AC,Norte,Demais Fenômenos da natureza,Tarde,1,0,0,0,1,0.0
2023,AC,Norte,Demais falhas mecânicas ou elétricas,Manhã,2,2,1,1,4,1.0
2023,AC,Norte,Demais falhas mecânicas ou elétricas,Tarde,3,3,1,3,4,1.0
2023,AC,Norte,Demais falhas na via,Manhã,1,0,0,0,0,0.0
2023,AC,Norte,Desrespeitar a preferência no cruzamento,Manhã,8,1,0,1,12,0.125
2023,AC,Norte,Desrespeitar a preferência no cruzamento,Noite,3,1,1,0,3,0.333333
2023,AC,Norte,Desrespeitar a preferência no cruzamento,Tarde,3,0,0,0,5,0.0
2023,AC,Norte,Entrada inopinada do pedestre,Manhã,1,1,0,1,1,1.0
2023,AC,Norte,Entrada inopinada do pedestre,Noite,1,1,0,1,2,1.0
2023,AC,Norte,Estacionar ou parar em local proibido,Noite,1,0,0,0,1,0.0
2023,AC,Norte,Estacionar ou parar em local proibido,Tarde,1,0,0,0,1,0.0
2023,AC,Norte,Frear bruscamente,Tarde,1,1,0,1,1,1.0
2023,AC,Norte,Ingestão de álcool pelo condutor,Manhã,1,0,0,0,8,0.0
2023,AC,Norte,Ingestão de álcool pelo condutor,Noite,1,1,0,1,1,1.0
2023,AC,Norte,Ingestão de álcool pelo condutor,Tarde,2,1,0,1,4,0.5
2023,AC,Norte,Mal súbito do condutor,Manhã,1,0,0,0,1,0.0
2023,AC,Norte,Manobra de mudança de faixa,Manhã,6,1,0,1,7,0.166667
2023,AC,Norte,Manobra de mudança de faixa,Noite,3,1,0,1,3,0.333333
2023,AC,Norte,Manobra de mudança de faixa,Tarde,8,0,0,0,6,0.0
2023,AC,Norte,Objeto estático sobre o leito carroçável,Noite,1,0,0,0,0,0.0
2023,AC,Norte,Pedestre andava na pista,Manhã,1,0,0,0,1,0.0
2023,AC,Norte,Pedestre andava na pista,Noite,1,0,0,0,1,0.0
2023,AC,Norte,Pista Escorregadia,Manhã,2,0,0,0,4,0.0
2023,AC,Norte,Pista Escorregadia,Noite,1,0,0,0,1,0.0
2023,AC,Norte,Pista Escorregadia,Tarde,1,1,0,1,1,1.0
2023,AC,Norte,Pista esburacada,Manhã,4,0,0,0,4,0.0
2023,AC,Norte,Pista esburacada,Noite,3,1,0,1,5,0.333333
2023,AC,Norte,Pista esburacada,Tarde,5,0,0,0,6,0.0
2023,AC,Norte,Reação tardia ou ineficiente do condutor,Madrugada,4,1,0,1,6,0.25
2023,AC,Norte,Reação tardia ou ineficiente do condutor,Manhã,7,1,0,1,9,0.142857
2023,AC,Norte,Reação tardia ou ineficiente do condutor,Noite,4,1,1,0,2,0.25
2023,AC,Norte,Reação tardia ou ineficiente do condutor,Tarde,6,0,0,0,7,0.0
2023,AC,Norte,Retorno proibido,Noite,1,1,0,1,2,1.0
2023,AC,Norte,Retorno proibido,Tarde,1,1,0,1,1,1.0
2023,AC,Norte,Transitar na contramão,Manhã,1,1,0,2,5,1.0
2023,AC,Norte,Transitar na contramão,Noite,4,3,3,0,7,0.75
2023,AC,Norte,Transitar na contramão,Tarde,3,3,2,1,6,1.0
2023,AC,Norte,Transitar no acostamento,Manhã,1,0,0,0,1,0.0
2023,AC,Norte,Transitar no acostamento,Tarde,1,1,0,1,1,1.0
2023,AC,Norte,Ultrapassagem Indevida,Manhã,1,0,0,0,1,0.0
2023,AC,Norte,Ultrapassagem Indevida,Tarde,2,0,0,0,3,0.0
2023,AC,Norte,Velocidade Incompatível,Manhã,3,1,1,0,5,0.333333
2023,AC,Norte,Velocidade Incompatível,Noite,1,0,0,0,1,0.0
2023,AL,Nordeste,Acessar a via sem observar a presença dos outros veículos,Madrugada,2,1,1,0,1,0.5
2023,AL,Nordeste,Acessar a via sem observar a presença dos outros veículos,Manhã,23,9,2,9,28,0.391304
2023,AL,Nordeste,Acessar a via sem observar a presença dos outros veículos,Noite,13,6,1,5,16,0.461538
2023,AL,Nordeste,Acessar a via sem observar a presença dos outros veículos,Tarde,22,11,0,13,33,0.5
2023,AL,Nordeste,Acesso irregular,Madrugada,2,0,0,0,2,0.0
2023,AL,Nordeste,Acesso irregular,Manhã,2,1,0,1,1,0.5
2023,AL,Nordeste,Acesso irregular,Noite,5,3,0,3,8,0.6
2023,AL,Nordeste,Acesso irregular,Tarde,4,3,0,3,12,0.75
2023,AL,Nordeste,Acostamento em desnível,Manhã,1,0,0,0,0,0.0
2023,AL,Nordeste,Acostamento em desnível,Tarde,1,0,0,0,1,0.0
2023,AL,Nordeste,Acumulo de areia ou detritos sobre o pavimento,Manhã,1,0,0,0,1,0.0
2023,AL,Nordeste,Acumulo de areia ou detritos sobre o pavimento,Tarde,2,2,0,3,4,1.0
2023,AL,Nordeste,Acumulo de água sobre o pavimento,Manhã,9,1,0,1,14,0.111111
2023,AL,Nordeste,Acumulo de água sobre o pavimento,Noite,2,1,0,1,1,0.5
2023,AL,Nordeste,Acumulo de água sobre o pavimento,Tarde,9,1,0,1,6,0.111111
2023,AL,Nordeste,Acumulo de óleo sobre o pavimento,Manhã,1,0,0,0,1,0.0
2023,AL,Nordeste,Acumulo de óleo sobre o pavimento,Noite,2,0,0,0,1,0.0
2023,AL,Nordeste,Acumulo de óleo sobre o pavimento,Tarde,1,0,0,0,1,0.0
2023,AL,Nordeste,Afundamento ou ondulação no pavimento,Tarde,2,2,1,3,7,1.0
2023,AL,Nordeste,Animais na Pista,Madrugada,7,2,1,4,13,0.285714
2023,AL,Nordeste,Animais na Pista,Manhã,3,0,0,0,3,0.0
2023,AL,Nordeste,Animais na Pista,Noite,11,5,1,5,11,0.454545
2023,AL,Nordeste,Animais na Pista,Tarde,2,0,0,0,3,0.0
2023,AL,Nordeste,Ausência de reação do condutor,Madrugada,6,5,2,4,8,0.833333
2023,AL,Nordeste,Ausência de reação do condutor,Manhã,13,6,2,5,16,0.461538
2023,AL,Nordeste,Ausência de reação do condutor,Noite,8,3,0,3,7,0.375
2023,AL,Nordeste,Ausência de reação do condutor,Tarde,15,6,0,8,18,0.4
2023,AL,Nordeste,Ausência de sinalização,Noite,2,1,0,2,3,0.5
2023,AL,Nordeste,Ausência de sinalização,Tarde,1,1,0,2,3,1.0
2023,AL,Nordeste,Avarias e/ou desgaste excessivo no pneu,Madrugada,1,1,0,2,2,1.0
2023,AL,Nordeste,Avarias e/ou desgaste excessivo no pneu,Manhã,1,1,0,1,4,1.0
2023,AL,Nordeste,Avarias e/ou desgaste excessivo no pneu,Noite,2,2,1,2,4,1.0
2023,AL,Nordeste,Avarias e/ou desgaste excessivo no pneu,Tarde,4,0,0,0,5,0.0
2023,AL,Nordeste,Carga excessiva e/ou mal acondicionada,Tarde,2,0,0,0,2,0.0
2023,AL,Nordeste,Chuva,Madrugada,3,2,0,2,2,0.666667
2023,AL,Nordeste,Chuva,Manhã,3,1,0,2,4,0.333333
2023,AL,Nordeste,Chuva,Noite,2,1,0,3,4,0.5
2023,AL,Nordeste,Chuva,Tarde,2,0,0,0,3,0.0
2023,AL,Nordeste,Condutor Dormindo,Madrugada,11,6,2,5,10,0.545455
2023,AL,Nordeste,Condutor Dormindo,Manhã,9,3,0,3,10,0.333333
2023,AL,Nordeste,Condutor Dormindo,Noite,4,1,0,3,6,0.25
2023,AL,Nordeste,Condutor Dormindo,Tarde,4,0,0,0,2,0.0
2023,AL,Nordeste,Condutor deixou de manter distância do veículo da frente,Madrugada,1,1,0,1,1,1.0
2023,AL,Nordeste,Condutor deixou de manter distância do veículo da frente,Manhã,13,3,1,3,14,0.230769
2023,AL,Nordeste,Condutor deixou de manter distância do veículo da frente,Noite,10,2,0,2,11,0.2
2023,AL,Nordeste,Condutor deixou de manter distância do veículo da frente,Tarde,13,2,0,2,16,0.153846
2023,AL,Nordeste,Condutor usando celular,Manhã,1,0,0,0,1,0.0
2023,AL,Nordeste,Conversão proibida,Madrugada,1,1,0,1,2,1.0
2023,AL,Nordeste,Conversão proibida,Manhã,4,2,0,2,7,0.5
2023,AL,Nordeste,Conversão proibida,Noite,4,3,0,3,3,0.75
2023,AL,Nordeste,Conversão proibida,Tarde,6,2,0,3,13,0.333333
2023,AL,Nordeste,Curva acentuada,Madrugada,1,0,0,0,0,0.0
2023,AL,Nordeste,Curva acentuada,Manhã,1,0,0,0,1,0.0
2023,AL,Nordeste,Declive acentuado,Manhã,1,1,1,1,2,1.0
2023,AL,Nordeste,Deficiência do Sistema de Iluminação/Sinalização,Madrugada,2,1,0,2,7,0.5
2023,AL,Nordeste,Deficiência do Sistema de Iluminação/Sinalização,Noite,7,4,0,5,13,0.571429
2023,AL,Nordeste,Deficiência do Sistema de Iluminação/Sinalização,Tarde,1,1,0,2,2,1.0
2023,AL,Nordeste,Demais Fenômenos da natureza,Madrugada,1,1,0,1,1,1.0
2023,AL,Nordeste,Demais Fenômenos da natureza,Tarde,2,1,0,1,1,0.5
2023,AL,Nordeste,Demais falhas mecânicas ou elétricas,Madrugada,3,0,0,0,1,0.0
2023,AL,Nordeste,Demais falhas mecânicas ou elétricas,Manhã,11,2,1,1,8,0.181818
2023,AL,Nordeste,Demais falhas mecânicas ou elétricas,Noite,9,0,0,0,1,0.0
2023,AL,Nordeste,Demais falhas mecânicas ou elétricas,Tarde,14,2,1,2,9,0.142857
2023,AL,Nordeste,Demais falhas na via,Manhã,1,1,0,1,1,1.0
2023,AL,Nordeste,Demais falhas na via,Noite,3,0,0,0,6,0.0
2023,AL,Nordeste,Demais falhas na via,Tarde,2,0,0,0,3,0.0
2023,AL,Nordeste,Desrespeitar a preferência no cruzamento,Manhã,1,0,0,0,1,0.0
2023,AL,Nordeste,Desrespeitar a preferência no cruzamento,Noite,1,1,0,1,1,1.0
2023,AL,Nordeste,Desrespeitar a preferência no cruzamento,Tarde,3,1,0,1,5,0.333333
2023,AL,Nordeste,Entrada inopinada do pedestre,Madrugada,1,1,0,1,1,1.0
2023,AL,Nordeste,Entrada inopinada do pedestre,Noite,3,3,2,1,3,1.0
2023,AL,Nordeste,Entrada inopinada do pedestre,Tarde,1,1,0,1,1,1.0
2023,AL,Nordeste,Estacionar ou parar em local proibido,Manhã,2,0,0,0,2,0.0
2023,AL,Nordeste,Falta de acostamento,Manhã,1,0,0,0,1,0.0
2023,AL,Nordeste,Falta de acostamento,Noite,1,0,0,0,1,0.0
2023,AL,Nordeste,Frear bruscamente,Manhã,2,1,0,1,4,0.5
2023,AL,Nordeste,Fumaça,Noite,1,0,0,0,0,0.0
2023,AL,Nordeste,Fumaça,Tarde,1,0,0,0,0,0.0
2023,AL,Nordeste,Iluminação deficiente,Madrugada,1,1,1,0,1,1.0
2023,AL,Nordeste,Iluminação deficiente,Noite,2,1,0,1,2,0.5
2023,AL,Nordeste,Ingestão de álcool e/ou substâncias psicoativas pelo pedestre,Manhã,1,0,0,0,0,0.0
2023,AL,Nordeste,Ingestão de álcool e/ou substâncias psicoativas pelo pedestre,Noite,2,1,1,0,1,0.5
2023,AL,Nordeste,Ingestão de álcool e/ou substâncias psicoativas pelo pedestre,Tarde,1,0,0,0,0,0.0
2023,AL,Nordeste,Ingestão de álcool ou de substâncias psicoativas pelo pedestre,Madrugada,1,1,1,0,1,1.0
2023,AL,Nordeste,Ingestão de álcool ou de substâncias psicoativas pelo pedestre,Noite,1,1,1,0,1,1.0
2023,AL,Nordeste,Ingestão de álcool ou de substâncias psicoativas pelo pedestre,Tarde,2,2,0,2,2,1.0
2023,AL,Nordeste,Ingestão de álcool pelo condutor,Madrugada,9,5,1,6,11,0.555556
2023,AL,Nordeste,Ingestão de álcool pelo condutor,Manhã,5,0,0,0,2,0.0
2023,AL,Nordeste,Ingestão de álcool pelo condutor,Noite,15,5,2,4,20,0.333333
2023,AL,Nordeste,Ingestão de álcool pelo condutor,Tarde,13,5,0,6,15,0.384615
2023,AL,Nordeste,Mal súbito do condutor,Manhã,2,0,0,0,1,0.0
2023,AL,Nordeste,Mal súbito do condutor,Tarde,2,1,1,0,3,0.5
2023,AL,Nordeste,Manobra de mudança de faixa,Madrugada,1,1,0,1,1,1.0
2023,AL,Nordeste,Manobra de mudança de faixa,Manhã,6,2,0,4,7,0.333333
2023,AL,Nordeste,Manobra de mudança de faixa,Noite,4,1,0,2,3,0.25
2023,AL,Nordeste,Manobra de mudança de faixa,Tarde,6,1,0,1,11,0.166667
2023,AL,Nordeste,Neblina,Madrugada,1,1,1,1,2,1.0
2023,AL,Nordeste,Objeto estático sobre o leito carroçável,Manhã,1,1,1,1,2,1.0
2023,AL,Nordeste,Obras na pista,Madrugada,1,0,0,0,1,0.0
2023,AL,Nordeste,Obstrução na via,Manhã,1,0,0,0,0,0.0
2023,AL,Nordeste,Pedestre andava na pista,Madrugada,1,1,0,1,1,1.0
2023,AL,Nordeste,Pedestre andava na pista,Noite,4,4,2,2,4,1.0
2023,AL,Nordeste,Pedestre andava na pista,Tarde,2,2,1,1,2,1.0
2023,AL,Nordeste,Pedestre cruzava a pista fora da faixa,Manhã,1,1,0,1,1,1.0
2023,AL,Nordeste,Pedestre cruzava a pista fora da faixa,Noite,1,1,1,0,1,1.0
2023,AL,Nordeste,Pedestre cruzava a pista fora da faixa,Tarde,1,0,0,0,1,0.0
2023,AL,Nordeste,Pista Escorregadia,Manhã,1,0,0,0,0,0.0
2023,AL,Nordeste,Pista Escorregadia,Noite,1,0,0,0,2,0.0
2023,AL,Nordeste,Pista Escorregadia,Tarde,2,0,0,0,3,0.0
2023,AL,Nordeste,Pista em desnível,Noite,1,0,0,0,0,0.0
2023,AL,Nordeste,Pista esburacada,Noite,1,1,0,1,1,1.0
2023,AL,Nordeste,Pista esburacada,Tarde,1,0,0,0,1,0.0
2023,AL,Nordeste,Problema com o freio,Madrugada,1,0,0,0,0,0.0
2023,AL,Nordeste,Problema com o freio,Manhã,2,1,0,1,2,0.5
2023,AL,Nordeste,Problema com o freio,Tarde,3,1,0,1,2,0.333333
2023,AL,Nordeste,Problema na suspensão,Tarde,2,1,0,2,4,0.5
2023,AL,Nordeste,Reação tardia ou ineficiente do condutor,Madrugada,5,3,1,3,6,0.6
2023,AL,Nordeste,Reação tardia ou ineficiente do condutor,Manhã,15,6,2,6,15,0.4
2023,AL,Nordeste,Reação tardia ou ineficiente do condutor,Noite,15,5,0,5,11,0.333333
2023,AL,Nordeste,Reação tardia ou ineficiente do condutor,Tarde,14,5,1,4,15,0.357143
2023,AL,Nordeste,Retorno proibido,Madrugada,1,0,0,0,1,0.0
2023,AL,Nordeste,Retorno proibido,Manhã,1,0,0,0,1,0.0
2023,AL,Nordeste,Retorno proibido,Tarde,2,1,0,1,3,0.5
2023,AL,Nordeste,Sinalização encoberta,Noite,1,0,0,0,1,0.0
2023,AL,Nordeste,Suicídio (presumido),Madrugada,1,1,1,0,1,1.0
2023,AL,Nordeste,Suicídio (presumido),Tarde,1,1,1,0,1,1.0
2023,AL,Nordeste,Transitar na contramão,Madrugada,1,1,1,3,5,1.0
2023,AL,Nordeste,Transitar na contramão,Manhã,11,4,3,5,18,0.363636
2023,AL,Nordeste,Transitar na contramão,Noite,11,7,4,4,21,0.636364
2023,AL,Nordeste,Transitar na contramão,Tarde,10,7,4,6,24,0.7
2023,AL,Nordeste,Transitar no acostamento,Madrugada,1,1,1,0,1,1.0
2023,AL,Nordeste,Transitar no acostamento,Noite,2,2,1,1,3,1.0
2023,AL,Nordeste,Ultrapassagem Indevida,Madrugada,1,1,0,1,1,1.0
2023,AL,Nordeste,Ultrapassagem Indevida,Manhã,3,0,0,0,3,0.0
2023,AL,Nordeste,Ultrapassagem Indevida,Noite,3,2,1,1,5,0.666667
2023,AL,Nordeste,Ultrapassagem Indevida,Tarde,3,1,0,5,7,0.333333
2023,AL,Nordeste,Velocidade Incompatível,Madrugada,10,4,3,1,16,0.4
2023,AL,Nordeste,Velocidade Incompatível,Manhã,17,5,3,3,15,0.294118
2023,AL,Nordeste,Velocidade Incompatível,Noite,14,4,1,3,15,0.285714
2023,AL,Nordeste,Velocidade Incompatível,Tarde,20,4,2,7,27,0.2
2023,AL,Nordeste,Área urbana sem a presença de local apropriado para a travessia de pedestres,Manhã,1,0,0,0,1,0.0
2023,AL,Nordeste,Área urbana sem a presença de local apropriado para a travessia de pedestres,Noite,3,2,0,3,4,0.666667
2023,AM,Norte,Acessar a via sem observar a presença dos outros veículos,Manhã,9,5,0,7,13,0.555556
2023,AM,Norte,Acessar a via sem observar a presença dos outros veículos,Tarde,2,0,0,0,2,0.0
2023,AM,Norte,Acumulo de água sobre o pavimento,Manhã,1,0,0,0,1,0.0
2023,AM,Norte,Afundamento ou ondulação no pavimento,Manhã,1,0,0,0,1,0.0
2023,AM,Norte,Animais na Pista,Madrugada,2,1,1,0,2,0.5
2023,AM,Norte,Animais na Pista,Noite,1,0,0,0,1,0.0
2023,AM,Norte,Animais na Pista,Tarde,1,0,0,0,1,0.0
2023,AM,Norte,Ausência de reação do condutor,Madrugada,1,0,0,0,3,0.0
2023,AM,Norte,Ausência de reação do condutor,Noite,2,1,1,0,1,0.5
2023,AM,Norte,Ausência de reação do condutor,Tarde,9,4,1,8,16,0.444444
2023,AM,Norte,Avarias e/ou desgaste excessivo no pneu,Noite,1,1,0,1,2,1.0
2023,AM,Norte,Carga excessiva e/ou mal acondicionada,Madrugada,1,0,0,0,1,0.0
2023,AM,Norte,Chuva,Manhã,1,0,0,0,0,0.0
2023,AM,Norte,Condutor Dormindo,Manhã,3,0,0,0,1,0.0
2023,AM,Norte,Condutor Dormindo,Noite,2,1,0,1,1,0.5
2023,AM,Norte,Condutor Dormindo,Tarde,3,1,0,1,4,0.333333
2023,AM,Norte,Condutor deixou de manter distância do veículo da frente,Manhã,1,0,0,0,0,0.0
2023,AM,Norte,Conversão proibida,Noite,1,0,0,0,1,0.0
2023,AM,Norte,Curva acentuada,Tarde,1,1,0,1,5,1.0
2023,AM,Norte,Deficiência do Sistema de Iluminação/Sinalização,Noite,1,1,0,1,4,1.0
2023,AM,Norte,Demais Fenômenos da natureza,Tarde,1,0,0,0,2,0.0
2023,AM,Norte,Demais falhas mecânicas ou elétricas,Madrugada,2,0,0,0,0,0.0
2023,AM,Norte,Demais falhas mecânicas ou elétricas,Noite,1,0,0,0,0,0.0
2023,AM,Norte,Demais falhas mecânicas ou elétricas,Tarde,4,0,0,0,1,0.0
2023,AM,Norte,Estacionar ou parar em local proibido,Tarde,1,0,0,0,2,0.0
2023,AM,Norte,Falta de acostamento,Manhã,1,1,1,0,1,1.0
2023,AM,Norte,Ingestão de álcool e/ou substâncias psicoativas pelo pedestre,Noite,1,0,0,0,1,0.0
2023,AM,Norte,Ingestão de álcool pelo condutor,Madrugada,1,1,1,0,2,1.0
2023,AM,Norte,Ingestão de álcool pelo condutor,Manhã,1,0,0,0,0,0.0
2023,AM,Norte,Ingestão de álcool pelo condutor,Noite,1,0,0,0,0,0.0
2023,AM,Norte,Mal súbito do condutor,Manhã,1,0,0,0,0,0.0
2023,AM,Norte,Manobra de mudança de faixa,Manhã,1,0,0,0,0,0.0
2023,AM,Norte,Manobra de mudança de faixa,Noite,3,1,0,1,5,0.333333
2023,AM,Norte,Manobra de mudança de faixa,Tarde,1,0,0,0,0,0.0
2023,AM,Norte,Pedestre andava na pista,Madrugada,1,1,1,0,1,1.0
2023,AM,Norte,Pedestre andava na pista,Noite,2,2,1,1,2,1.0
2023,AM,Norte,Pista Escorregadia,Manhã,1,0,0,0,1,0.0
2023,AM,Norte,Pista em desnível,Tarde,1,0,0,0,0,0.0
2023,AM,Norte,Pista esburacada,Manhã,2,1,0,1,3,0.5
2023,AM,Norte,Pista esburacada,Noite,1,1,0,1,1,1.0
2023,AM,Norte,Pista esburacada,Tarde,1,1,0,1,1,1.0
2023,AM,Norte,Problema com o freio,Noite,1,0,0,0,0,0.0
2023,AM,Norte,Problema com o freio,Tarde,1,0,0,0,0,0.0
2023,AM,Norte,Reação tardia ou ineficiente do condutor,Madrugada,1,1,0,1,2,1.0
2023,AM,Norte,Reação tardia ou ineficiente do condutor,Manhã,5,3,0,3,6,0.6
2023,AM,Norte,Reação tardia ou ineficiente do condutor,Noite,3,1,1,3,7,0.333333
2023,AM,Norte,Reação tardia ou ineficiente do condutor,Tarde,7,1,0,1,6,0.142857
2023,AM,Norte,Transitar na contramão,Madrugada,1,1,1,0,2,1.0
2023,AM,Norte,Transitar na contramão,Manhã,5,2,1,1,3,0.4
2023,AM,Norte,Transitar na contramão,Noite,1,1,0,1,2,1.0
2023,AM,Norte,Transitar na contramão,Tarde,1,1,1,0,1,1.0
2023,AM,Norte,Ultrapassagem Indevida,Manhã,2,1,0,3,22,0.5
2023,AM,Norte,Ultrapassagem Indevida,Noite,1,1,0,1,1,1.0
2023,AM,Norte,Velocidade Incompatível,Madrugada,1,0,0,0,0,0.0
2023,AM,Norte,Velocidade Incompatível,Manhã,2,0,0,0,4,0.0
2023,AP,Norte,Acessar a via sem observar a presença dos outros veículos,Manhã,7,1,0,2,11,0.142857
2023,AP,Norte,Acessar a via sem observar a presença dos outros veículos,Noite,7,3,0,3,8,0.428571
2023,AP,Norte,Acessar a via sem observar a presença dos outros veículos,Tarde,5,2,0,2,8,0.4
2023,AP,Norte,Acesso irregular,Manhã,1,0,0,0,1,0.0
2023,AP,Norte,Acumulo de areia ou detritos sobre o pavimento,Noite,1,0,0,0,0,0.0
2023,AP,Norte,Animais na Pista,Manhã,1,1,0,1,1,1.0
2023,AP,Norte,Animais na Pista,Noite,3,1,0,1,6,0.333333
2023,AP,Norte,Ausência de reação do condutor,Madrugada,4,1,0,1,3,0.25
2023,AP,Norte,Ausência de reação do condutor,Manhã,5,4,2,3,8,0.8
2023,AP,Norte,Ausência de reação do condutor,Noite,1,0,0,0,1,0.0
2023,AP,Norte,Ausência de reação do condutor,Tarde,3,1,0,1,5,0.333333
2023,AP,Norte,Ausência de sinalização,Noite,1,0,0,0,0,0.0
2023,AP,Norte,Avarias e/ou desgaste excessivo no pneu,Madrugada,1,1,1,0,3,1.0
2023,AP,Norte,Avarias e/ou desgaste excessivo no pneu,Manhã,1,0,0,0,4,0.0
2023,AP,Norte,Avarias e/ou desgaste excessivo no pneu,Tarde,1,1,0,1,26,1.0
2023,AP,Norte,Chuva,Manhã,1,1,0,1,1,1.0
2023,AP,Norte,Chuva,Tarde,3,1,0,1,7,0.333333
2023,AP,Norte,Condutor Dormindo,Tarde,2,2,1,1,2,1.0
2023,AP,Norte,Condutor deixou de manter distância do veículo da frente,Madrugada,2,0,0,0,1,0.0
2023,AP,Norte,Condutor deixou de manter distância do veículo da frente,Manhã,7,0,0,0,9,0.0
2023,AP,Norte,Condutor deixou de manter distância do veículo da frente,Noite,4,2,0,2,4,0.5
2023,AP,Norte,Condutor deixou de manter distância do veículo da frente,Tarde,3,0,0,0,0,0.0
2023,AP,Norte,Conversão proibida,Manhã,3,0,0,0,5,0.0
2023,AP,Norte,Conversão proibida,Noite,1,1,0,1,3,1.0
2023,AP,Norte,Conversão proibida,Tarde,1,0,0,0,1,0.0
2023,AP,Norte,Curva acentuada,Noite,1,0,0,0,0,0.0
2023,AP,Norte,Declive acentuado,Manhã,1,1,0,1,1,1.0
2023,AP,Norte,Demais falhas mecânicas ou elétricas,Tarde,1,0,0,0,0,0.0
2023,AP,Norte,Desrespeitar a preferência no cruzamento,Noite,1,0,0,0,1,0.0
2023,AP,Norte,Desrespeitar a preferência no cruzamento,Tarde,1,0,0,0,1,0.0
2023,AP,Norte,Entrada inopinada do pedestre,Manhã,1,0,0,0,1,0.0
2023,AP,Norte,Falta de elemento de contenção que evite a saída do leito carroçável,Noite,1,1,0,1,2,1.0
2023,AP,Norte,Frear bruscamente,Noite,3,0,0,0,2,0.0
2023,AP,Norte,Iluminação deficiente,Madrugada,1,0,0,0,1,0.0
2023,AP,Norte,Iluminação deficiente,Noite,2,0,0,0,2,0.0
2023,AP,Norte,Ingestão de álcool e/ou substâncias psicoativas pelo pedestre,Noite,1,1,1,0,1,1.0
2023,AP,Norte,Ingestão de álcool pelo condutor,Madrugada,2,0,0,0,1,0.0
2023,AP,Norte,Ingestão de álcool pelo condutor,Manhã,3,0,0,0,3,0.0
2023,AP,Norte,Ingestão de álcool pelo condutor,Noite,7,2,1,1,4,0.285714
2023,AP,Norte,Ingestão de álcool pelo condutor,Tarde,2,0,0,0,2,0.0
2023,AP,Norte,Manobra de mudança de faixa,Madrugada,1,0,0,0,1,0.0
2023,AP,Norte,Manobra de mudança de faixa,Manhã,4,1,0,1,6,0.25
2023,AP,Norte,Manobra de mudança de faixa,Noite,3,2,0,2,5,0.666667
2023,AP,Norte,Manobra de mudança de faixa,Tarde,2,0,0,0,1,0.0
2023,AP,Norte,Obras na pista,Tarde,1,0,0,0,0,0.0
2023,AP,Norte,Pista Escorregadia,Tarde,2,0,0,0,2,0.0
2023,AP,Norte,Pista esburacada,Tarde,1,0,0,0,1,0.0
2023,AP,Norte,Problema na suspensão,Tarde,1,0,0,0,1,0.0
2023,AP,Norte,Reação tardia ou ineficiente do condutor,Madrugada,3,2,2,0,4,0.666667
2023,AP,Norte,Reação tardia ou ineficiente do condutor,Manhã,3,1,0,1,1,0.333333
2023,AP,Norte,Reação tardia ou ineficiente do condutor,Noite,1,1,0,1,1,1.0
2023,AP,Norte,Reação tardia ou ineficiente do condutor,Tarde,4,0,0,0,4,0.0
2023,AP,Norte,Retorno proibido,Madrugada,1,0,0,0,3,0.0
2023,AP,Norte,Retorno proibido,Manhã,1,1,0,1,3,1.0
2023,AP,Norte,Transitar na contramão,Madrugada,1,1,0,1,1,1.0
2023,AP,Norte,Transitar na contramão,Manhã,1,0,0,0,1,0.0
2023,AP,Norte,Transitar na contramão,Noite,4,1,1,1,8,0.25
2023,AP,Norte,Transitar na contramão,Tarde,3,3,1,4,7,1.0
2023,AP,Norte,Ultrapassagem Indevida,Tarde,2,1,0,1,3,0.5
2023,AP,Norte,Velocidade Incompatível,Madrugada,2,1,0,1,2,0.5
2023,AP,Norte,Velocidade Incompatível,Manhã,1,0,0,0,0,0.0
2023,AP,Norte,Velocidade Incompatível,Noite,2,2,1,2,5,1.0
2023,AP,Norte,Velocidade Incompatível,Tarde,3,1,1,1,4,0.333333
2023,BA,Nordeste,Acessar a via sem observar a presença dos outros veículos,Madrugada,16,10,3,7,26,0.625
2023,BA,Nordeste,Acessar a via sem observar a presença dos outros veículos,Manhã,115,38,3,41,158,0.330435
2023,BA,Nordeste,Acessar a via sem observar a presença dos outros veículos,Noite,115,45,15,50,156,0.391304
2023,BA,Nordeste,Acessar a via sem observar a presença dos outros veículos,Tarde,127,49,9,49,160,0.385827
2023,BA,Nordeste,Acesso irregular,Madrugada,2,0,0,0,2,0.0
2023,BA,Nordeste,Acesso irregular,Manhã,19,6,2,10,24,0.315789
2023,BA,Nordeste,Acesso irregular,Noite,9,5,2,4,13,0.555556
2023,BA,Nordeste,Acesso irregular,Tarde,20,10,1,13,34,0.5
2023,BA,Nordeste,Acostamento em desnível,Madrugada,1,0,0,0,3,0.0
2023,BA,Nordeste,Acostamento em desnível,Manhã,6,0,0,0,3,0.0
2023,BA,Nordeste,Acostamento em desnível,Noite,4,2,5,2,9,0.5
2023,BA,Nordeste,Acostamento em desnível,Tarde,4,0,0,0,7,0.0
2023,BA,Nordeste,Acumulo de areia ou detritos sobre o pavimento,Manhã,7,0,0,0,10,0.0
2023,BA,Nordeste,Acumulo de areia ou detritos sobre o pavimento,Noite,4,0,0,0,5,0.0
2023,BA,Nordeste,Acumulo de areia ou detritos sobre o pavimento,Tarde,4,1,0,1,7,0.25
2023,BA,Nordeste,Acumulo de água sobre o pavimento,Madrugada,1,0,0,0,1,0.0
2023,BA,Nordeste,Acumulo de água sobre o pavimento,Manhã,11,2,0,4,20,0.181818
2023,BA,Nordeste,Acumulo de água sobre o pavimento,Noite,2,0,0,0,7,0.0
2023,BA,Nordeste,Acumulo de água sobre o pavimento,Tarde,5,1,0,7,41,0.2
2023,BA,Nordeste,Acumulo de óleo sobre o pavimento,Manhã,6,1,0,1,3,0.166667
2023,BA,Nordeste,Acumulo de óleo sobre o pavimento,Tarde,3,0,0,0,3,0.0
2023,BA,Nordeste,Afundamento ou ondulação no pavimento,Madrugada,3,1,0,1,3,0.333333
2023,BA,Nordeste,Afundamento ou ondulação no pavimento,Manhã,5,1,0,1,4,0.2
2023,BA,Nordeste,Afundamento ou ondulação no pavimento,Noite,1,0,0,0,1,0.0
2023,BA,Nordeste,Afundamento ou ondulação no pavimento,Tarde,5,1,0,1,7,0.2
2023,BA,Nordeste,Animais na Pista,Madrugada,31,9,5,6,34,0.290323
2023,BA,Nordeste,Animais na Pista,Manhã,11,2,1,1,10,0.181818
2023,BA,Nordeste,Animais na Pista,Noite,43,14,4,17,59,0.325581
2023,BA,Nordeste,Animais na Pista,Tarde,13,1,0,1,11,0.076923
2023,BA,Nordeste,Ausência de reação do condutor,Madrugada,53,24,13,13,64,0.45283
2023,BA,Nordeste,Ausência de reação do condutor,Manhã,88,24,2,31,121,0.272727
2023,BA,Nordeste,Ausência de reação do condutor,Noite,103,32,9,25,127,0.31068
2023,BA,Nordeste,Ausência de reação do condutor,Tarde,78,23,4,20,86,0.294872
2023,BA,Nordeste,Ausência de sinalização,Manhã,4,2,1,2,15,0.5
2023,BA,Nordeste,Ausência de sinalização,Noite,5,2,1,2,12,0.4
2023,BA,Nordeste,Ausência de sinalização,Tarde,3,3,0,3,3,1.0
2023,BA,Nordeste,Avarias e/ou desgaste excessivo no pneu,Madrugada,1,0,0,0,0,0.0
2023,BA,Nordeste,Avarias e/ou desgaste excessivo no pneu,Manhã,19,6,5,8,46,0.315789
2023,BA,Nordeste,Avarias e/ou desgaste excessivo no pneu,Noite,7,1,0,1,6,0.142857
2023,BA,Nordeste,Avarias e/ou desgaste excessivo no pneu,Tarde,31,3,2,3,48,0.096774
2023,BA,Nordeste,Carga excessiva e/ou mal acondicionada,Madrugada,1,0,0,0,1,0.0
2023,BA,Nordeste,Carga excessiva e/ou mal acondicionada,Manhã,12,3,3,2,10,0.25
2023,BA,Nordeste,Carga excessiva e/ou mal acondicionada,Noite,1,0,0,0,1,0.0
2023,BA,Nordeste,Carga excessiva e/ou mal acondicionada,Tarde,7,1,1,0,4,0.142857
2023,BA,Nordeste,Chuva,Madrugada,4,0,0,0,5,0.0
2023,BA,Nordeste,Chuva,Manhã,12,2,3,0,15,0.166667
2023,BA,Nordeste,Chuva,Noite,4,1,1,0,5,0.25
2023,BA,Nordeste,Chuva,Tarde,19,4,4,3,25,0.210526
2023,BA,Nordeste,Condutor Dormindo,Madrugada,52,18,8,18,73,0.346154
2023,BA,Nordeste,Condutor Dormindo,Manhã,35,8,2,7,56,0.228571
2023,BA,Nordeste,Condutor Dormindo,Noite,22,5,0,8,36,0.227273
2023,BA,Nordeste,Condutor Dormindo,Tarde,31,5,1,4,57,0.16129
2023,BA,Nordeste,Condutor deixou de manter distância do veículo da frente,Madrugada,19,7,1,6,36,0.368421
2023,BA,Nordeste,Condutor deixou de manter distância do veículo da frente,Manhã,109,14,3,16,131,0.12844
2023,BA,Nordeste,Condutor deixou de manter distância do veículo da frente,Noite,50,11,3,11,55,0.22
2023,BA,Nordeste,Condutor deixou de manter distância do veículo da frente,Tarde,70,12,0,14,75,0.171429
2023,BA,Nordeste,Condutor desrespeitou a iluminação vermelha do semáforo,Manhã,1,0,0,0,1,0.0
2023,BA,Nordeste,Condutor desrespeitou a iluminação vermelha do semáforo,Tarde,3,3,0,3,4,1.0
2023,BA,Nordeste,Condutor usando celular,Manhã,2,2,1,1,2,1.0
2023,BA,Nordeste,Condutor usando celular,Tarde,1,1,0,1,2,1.0
2023,BA,Nordeste,Conversão proibida,Madrugada,4,2,0,3,10,0.5
2023,BA,Nordeste,Conversão proibida,Manhã,24,11,3,13,38,0.458333
2023,BA,Nordeste,Conversão proibida,Noite,21,8,0,11,33,0.380952
2023,BA,Nordeste,Conversão proibida,Tarde,23,8,2,9,30,0.347826
2023,BA,Nordeste,Curva acentuada,Madrugada,1,1,0,1,2,1.0
2023,BA,Nordeste,Curva acentuada,Manhã,5,3,4,2,11,0.6
2023,BA,Nordeste,Curva acentuada,Noite,9,4,3,5,11,0.444444
2023,BA,Nordeste,Curva acentuada,Tarde,10,6,4,10,20,0.6
2023,BA,Nordeste,Declive acentuado,Manhã,2,0,0,0,2,0.0
2023,BA,Nordeste,Declive acentuado,Tarde,1,0,0,0,1,0.0
2023,BA,Nordeste,Deficiência do Sistema de Iluminação/Sinalização,Madrugada,4,3,0,3,6,0.75
2023,BA,Nordeste,Deficiência do Sistema de Iluminação/Sinalização,Noite,10,8,7,5,15,0.8
2023,BA,Nordeste,Deficiência do Sistema de Iluminação/Sinalização,Tarde,2,0,0,0,1,0.0
2023,BA,Nordeste,Deixar de acionar o farol da motocicleta (ou similar),Noite,3,2,1,2,5,0.666667
2023,BA,Nordeste,Demais Fenômenos da natureza,Manhã,2,0,0,0,1,0.0
2023,BA,Nordeste,Demais Fenômenos da natureza,Noite,1,1,0,1,1,1.0
2023,BA,Nordeste,Demais Fenômenos da natureza,Tarde,1,0,0,0,0,0.0
2023,BA,Nordeste,Demais falhas mecânicas ou elétricas,Madrugada,28,2,0,3,13,0.071429
2023,BA,Nordeste,Demais falhas mecânicas ou elétricas,Manhã,62,10,4,7,60,0.16129
2023,BA,Nordeste,Demais falhas mecânicas ou elétricas,Noite,39,3,0,3,21,0.076923
2023,BA,Nordeste,Demais falhas mecânicas ou elétricas,Tarde,60,4,2,4,57,0.066667
2023,BA,Nordeste,Demais falhas na via,Madrugada,1,0,0,0,1,0.0
2023,BA,Nordeste,Demais falhas na via,Manhã,4,1,1,0,2,0.25
2023,BA,Nordeste,Demais falhas na via,Noite,5,1,0,1,6,0.2
2023,BA,Nordeste,Demais falhas na via,Tarde,5,0,0,0,6,0.0
2023,BA,Nordeste,Desrespeitar a preferência no cruzamento,Madrugada,1,0,0,0,1,0.0
2023,BA,Nordeste,Desrespeitar a preferência no cruzamento,Manhã,22,2,1,1,35,0.090909
2023,BA,Nordeste,Desrespeitar a preferência no cruzamento,Noite,16,5,1,4,23,0.3125
2023,BA,Nordeste,Desrespeitar a preferência no cruzamento,Tarde,26,9,3,6,34,0.346154
2023,BA,Nordeste,Desvio temporário,Tarde,2,1,0,1,3,0.5
2023,BA,Nordeste,Entrada inopinada do pedestre,Madrugada,1,0,0,0,1,0.0
2023,BA,Nordeste,Entrada inopinada do pedestre,Manhã,6,4,1,3,7,0.666667
2023,BA,Nordeste,Entrada inopinada do pedestre,Noite,17,12,5,7,21,0.705882
2023,BA,Nordeste,Entrada inopinada do pedestre,Tarde,9,6,4,2,11,0.666667
2023,BA,Nordeste,Estacionar ou parar em local proibido,Madrugada,1,0,0,0,0,0.0
2023,BA,Nordeste,Estacionar ou parar em local proibido,Manhã,1,1,0,1,1,1.0
2023,BA,Nordeste,Estacionar ou parar em local proibido,Noite,1,1,0,1,1,1.0
2023,BA,Nordeste,Estacionar ou parar em local proibido,Tarde,2,2,0,5,5,1.0
2023,BA,Nordeste,Faixas de trânsito com largura insuficiente,Madrugada,1,0,0,0,1,0.0
2023,BA,Nordeste,Faixas de trânsito com largura insuficiente,Noite,1,0,0,0,3,0.0
2023,BA,Nordeste,Falta de acostamento,Madrugada,1,0,0,0,1,0.0
2023,BA,Nordeste,Falta de acostamento,Manhã,2,1,0,1,3,0.5
2023,BA,Nordeste,Falta de acostamento,Noite,1,1,0,1,2,1.0
2023,BA,Nordeste,Falta de acostamento,Tarde,2,0,0,0,1,0.0
2023,BA,Nordeste,Falta de elemento de contenção que evite a saída do leito carroçável,Madrugada,1,0,0,0,2,0.0
2023,BA,Nordeste,Falta de elemento de contenção que evite a saída do leito carroçável,Manhã,4,1,0,1,6,0.25
2023,BA,Nordeste,Falta de elemento de contenção que evite a saída do leito carroçável,Noite,1,1,0,2,4,1.0
2023,BA,Nordeste,Falta de elemento de contenção que evite a saída do leito carroçável,Tarde,3,1,1,0,4,0.333333
2023,BA,Nordeste,Faróis desregulados,Noite,3,0,0,0,3,0.0
2023,BA,Nordeste,Frear bruscamente,Manhã,15,5,0,5,18,0.333333
2023,BA,Nordeste,Frear bruscamente,Noite,3,0,0,0,4,0.0
2023,BA,Nordeste,Frear bruscamente,Tarde,7,1,0,1,10,0.142857
2023,BA,Nordeste,Fumaça,Manhã,1,0,0,0,1,0.0
2023,BA,Nordeste,Fumaça,Noite,1,0,0,0,1,0.0
2023,BA,Nordeste,Fumaça,Tarde,2,0,0,0,2,0.0
2023,BA,Nordeste,Iluminação deficiente,Madrugada,3,2,1,1,3,0.666667
2023,BA,Nordeste,Iluminação deficiente,Noite,9,3,1,2,13,0.333333
2023,BA,Nordeste,Iluminação deficiente,Tarde,1,0,0,0,0,0.0
2023,BA,Nordeste,Ingestão de álcool e/ou substâncias psicoativas pelo pedestre,Madrugada,4,2,1,1,6,0.5
2023,BA,Nordeste,Ingestão de álcool e/ou substâncias psicoativas pelo pedestre,Manhã,3,1,0,1,2,0.333333
2023,BA,Nordeste,Ingestão de álcool e/ou substâncias psicoativas pelo pedestre,Noite,7,6,2,4,7,0.857143
2023,BA,Nordeste,Ingestão de álcool e/ou substâncias psicoativas pelo pedestre,Tarde,1,0,0,0,0,0.0
2023,BA,Nordeste,Ingestão de álcool ou de substâncias psicoativas pelo pedestre,Manhã,1,0,0,0,1,0.0
2023,BA,Nordeste,Ingestão de álcool ou de substâncias psicoativas pelo pedestre,Noite,4,3,1,2,6,0.75
2023,BA,Nordeste,Ingestão de álcool ou de substâncias psicoativas pelo pedestre,Tarde,2,2,1,1,2,1.0
2023,BA,Nordeste,Ingestão de álcool pelo condutor,Madrugada,35,12,6,7,35,0.342857
2023,BA,Nordeste,Ingestão de álcool pelo condutor,Manhã,17,5,0,6,22,0.294118
2023,BA,Nordeste,Ingestão de álcool pelo condutor,Noite,85,22,9,25,107,0.258824
2023,BA,Nordeste,Ingestão de álcool pelo condutor,Tarde,41,13,3,13,49,0.317073
2023,BA,Nordeste,Mal súbito do condutor,Manhã,9,4,2,3,12,0.444444
2023,BA,Nordeste,Mal súbito do condutor,Noite,9,7,5,3,11,0.777778
2023,BA,Nordeste,Mal súbito do condutor,Tarde,10,1,1,0,12,0.1
2023,BA,Nordeste,Manobra de mudança de faixa,Madrugada,14,7,6,9,25,0.5
2023,BA,Nordeste,Manobra de mudança de faixa,Manhã,61,20,10,14,118,0.327869
2023,BA,Nordeste,Manobra de mudança de faixa,Noite,50,21,17,18,79,0.42
2023,BA,Nordeste,Manobra de mudança de faixa,Tarde,65,21,8,17,88,0.323077
2023,BA,Nordeste,Neblina,Madrugada,3,1,0,1,5,0.333333
2023,BA,Nordeste,Objeto estático sobre o leito carroçável,Manhã,4,2,1,2,8,0.5
2023,BA,Nordeste,Objeto estático sobre o leito carroçável,Noite,4,2,0,3,8,0.5
2023,BA,Nordeste,Objeto estático sobre o leito carroçável,Tarde,7,2,1,1,9,0.285714
2023,BA,Nordeste,Obras na pista,Manhã,1,0,0,0,1,0.0
2023,BA,Nordeste,Obras na pista,Noite,1,0,0,0,1,0.0
2023,BA,Nordeste,Obras na pista,Tarde,3,0,0,0,4,0.0
2023,BA,Nordeste,Obstrução Via tentativa Assalto,Noite,1,0,0,0,1,0.0
2023,BA,Nordeste,Participar de racha,Noite,1,1,1,0,1,1.0
2023,BA,Nordeste,Pedestre - Ingestão de álcool/ substâncias psicoativas,Noite,1,0,0,0,1,0.0
2023,BA,Nordeste,Pedestre andava na pista,Madrugada,4,2,2,0,4,0.5
2023,BA,Nordeste,Pedestre andava na pista,Noite,32,29,18,15,37,0.90625
2023,BA,Nordeste,Pedestre andava na pista,Tarde,6,3,1,2,6,0.5
2023,BA,Nordeste,Pedestre cruzava a pista fora da faixa,Manhã,6,2,0,3,6,0.333333
2023,BA,Nordeste,Pedestre cruzava a pista fora da faixa,Noite,9,7,2,5,11,0.777778
2023,BA,Nordeste,Pedestre cruzava a pista fora da faixa,Tarde,5,2,2,0,5,0.4
2023,BA,Nordeste,Pista Escorregadia,Madrugada,7,3,0,6,14,0.428571
2023,BA,Nordeste,Pista Escorregadia,Manhã,12,2,0,3,19,0.166667
2023,BA,Nordeste,Pista Escorregadia,Noite,2,0,0,0,2,0.0
2023,BA,Nordeste,Pista Escorregadia,Tarde,16,3,1,3,21,0.1875
2023,BA,Nordeste,Pista em desnível,Tarde,1,0,0,0,1,0.0
2023,BA,Nordeste,Pista esburacada,Madrugada,1,0,0,0,0,0.0
2023,BA,Nordeste,Pista esburacada,Manhã,7,3,0,3,17,0.428571
2023,BA,Nordeste,Pista esburacada,Noite,5,1,0,1,8,0.2
2023,BA,Nordeste,Pista esburacada,Tarde,10,4,1,4,14,0.4
2023,BA,Nordeste,Problema com o freio,Madrugada,2,0,0,0,1,0.0
2023,BA,Nordeste,Problema com o freio,Manhã,10,2,0,3,11,0.2
2023,BA,Nordeste,Problema com o freio,Noite,6,1,1,0,3,0.166667
2023,BA,Nordeste,Problema com o freio,Tarde,8,2,2,1,11,0.25
2023,BA,Nordeste,Problema na suspensão,Tarde,2,1,1,0,3,0.5
2023,BA,Nordeste,Reação tardia ou ineficiente do condutor,Madrugada,51,19,11,12,77,0.372549
2023,BA,Nordeste,Reação tardia ou ineficiente do condutor,Manhã,160,41,7,45,220,0.25625
2023,BA,Nordeste,Reação tardia ou ineficiente do condutor,Noite,130,57,21,61,165,0.438462
2023,BA,Nordeste,Reação tardia ou ineficiente do condutor,Tarde,153,52,15,56,210,0.339869
2023,BA,Nordeste,Redutor de velocidade em desacordo,Manhã,1,0,0,0,1,0.0
2023,BA,Nordeste,Redutor de velocidade em desacordo,Tarde,1,0,0,0,0,0.0
2023,BA,Nordeste,Retorno proibido,Madrugada,1,0,0,0,1,0.0
2023,BA,Nordeste,Retorno proibido,Manhã,4,1,0,2,8,0.25
2023,BA,Nordeste,Retorno proibido,Noite,4,2,0,2,4,0.5
2023,BA,Nordeste,Retorno proibido,Tarde,7,1,0,1,9,0.142857
2023,BA,Nordeste,Semáforo com defeito,Manhã,1,0,0,0,1,0.0
2023,BA,Nordeste,Sinalização mal posicionada,Noite,2,1,3,0,5,0.5
2023,BA,Nordeste,Sinalização mal posicionada,Tarde,1,0,0,0,1,0.0
2023,BA,Nordeste,Suicídio (presumido),Noite,1,1,1,0,1,1.0
2023,BA,Nordeste,Suicídio (presumido),Tarde,2,2,0,2,2,1.0
2023,BA,Nordeste,Trafegar com motocicleta (ou similar) entre as faixas,Manhã,17,4,3,1,22,0.235294
2023,BA,Nordeste,Trafegar com motocicleta (ou similar) entre as faixas,Noite,3,2,2,1,4,0.666667
2023,BA,Nordeste,Trafegar com motocicleta (ou similar) entre as faixas,Tarde,9,1,0,1,11,0.111111
2023,BA,Nordeste,Transitar na contramão,Madrugada,28,20,23,24,61,0.714286
2023,BA,Nordeste,Transitar na contramão,Manhã,35,23,13,18,65,0.657143
2023,BA,Nordeste,Transitar na contramão,Noite,68,42,34,29,116,0.617647
2023,BA,Nordeste,Transitar na contramão,Tarde,41,21,14,13,71,0.512195
2023,BA,Nordeste,Transitar no acostamento,Madrugada,3,2,0,2,5,0.666667
2023,BA,Nordeste,Transitar no acostamento,Manhã,9,1,1,0,9,0.111111
2023,BA,Nordeste,Transitar no acostamento,Noite,5,4,3,1,5,0.8
2023,BA,Nordeste,Transitar no acostamento,Tarde,4,2,1,2,4,0.5
2023,BA,Nordeste,Transtornos Mentais (exceto suicidio),Tarde,1,1,1,0,1,1.0
2023,BA,Nordeste,Ultrapassagem Indevida,Madrugada,14,11,8,8,32,0.785714
2023,BA,Nordeste,Ultrapassagem Indevida,Manhã,55,22,13,36,108,0.4
2023,BA,Nordeste,Ultrapassagem Indevida,Noite,48,28,19,31,107,0.583333
2023,BA,Nordeste,Ultrapassagem Indevida,Tarde,66,30,17,34,130,0.454545
2023,BA,Nordeste,Velocidade Incompatível,Madrugada,35,18,12,17,51,0.514286
2023,BA,Nordeste,Velocidade Incompatível,Manhã,96,39,14,33,144,0.40625
2023,BA,Nordeste,Velocidade Incompatível,Noite,59,28,18,27,86,0.474576
2023,BA,Nordeste,Velocidade Incompatível,Tarde,106,49,36,51,176,0.462264
2023,BA,Nordeste,Área urbana sem a presença de local apropriado para a travessia de pedestres,Manhã,3,3,1,2,3,1.0
2023,BA,Nordeste,Área urbana sem a presença de local apropriado para a travessia de pedestres,Noite,2,2,0,2,2,1.0
2023,CE,Nordeste,Acessar a via sem observar a presença dos outros veículos,Madrugada,4,1,1,0,7,0.25
2023,CE,Nordeste,Acessar a via sem observar a presença dos outros veículos,Manhã,60,23,5,25,80,0.383333
2023,CE,Nordeste,Acessar a via sem observar a presença dos outros veículos,Noite,44,24,9,23,66,0.545455
2023,CE,Nordeste,Acessar a via sem observar a presença dos outros veículos,Tarde,53,19,2,19,75,0.358491
2023,CE,Nordeste,Acesso irregular,Madrugada,2,1,1,0,4,0.5
2023,CE,Nordeste,Acesso irregular,Manhã,3,1,0,1,3,0.333333
2023,CE,Nordeste,Acesso irregular,Noite,4,1,0,1,3,0.25
2023,CE,Nordeste,Acesso irregular,Tarde,1,1,0,1,1,1.0
2023,CE,Nordeste,Acostamento em desnível,Manhã,2,2,0,2,2,1.0
2023,CE,Nordeste,Acostamento em desnível,Noite,4,0,0,0,4,0.0
2023,CE,Nordeste,Acostamento em desnível,Tarde,2,1,0,1,2,0.5
2023,CE,Nordeste,Acumulo de areia ou detritos sobre o pavimento,Noite,1,0,0,0,1,0.0
2023,CE,Nordeste,Acumulo de areia ou detritos sobre o pavimento,Tarde,1,0,0,0,1,0.0
2023,CE,Nordeste,Acumulo de água sobre o pavimento,Madrugada,2,0,0,0,1,0.0
2023,CE,Nordeste,Acumulo de água sobre o pavimento,Manhã,1,0,0,0,0,0.0
2023,CE,Nordeste,Acumulo de água sobre o pavimento,Tarde,3,0,0,0,6,0.0
2023,CE,Nordeste,Afundamento ou ondulação no pavimento,Madrugada,2,2,1,2,3,1.0
2023,CE,Nordeste,Afundamento ou ondulação no pavimento,Noite,1,0,0,0,1,0.0
2023,CE,Nordeste,Afundamento ou ondulação no pavimento,Tarde,3,0,0,0,5,0.0
2023,CE,Nordeste,Animais na Pista,Madrugada,5,1,1,1,6,0.2
2023,CE,Nordeste,Animais na Pista,Manhã,3,1,0,1,4,0.333333
2023,CE,Nordeste,Animais na Pista,Noite,24,10,1,9,27,0.416667
2023,CE,Nordeste,Animais na Pista,Tarde,3,1,0,1,4,0.333333
2023,CE,Nordeste,Ausência de reação do condutor,Madrugada,17,9,4,9,18,0.529412
2023,CE,Nordeste,Ausência de reação do condutor,Manhã,51,12,3,11,55,0.235294
2023,CE,Nordeste,Ausência de reação do condutor,Noite,33,11,3,14,61,0.333333
2023,CE,Nordeste,Ausência de reação do condutor,Tarde,32,7,0,8,31,0.21875
2023,CE,Nordeste,Ausência de sinalização,Madrugada,1,0,0,0,0,0.0
2023,CE,Nordeste,Ausência de sinalização,Manhã,1,0,0,0,2,0.0
2023,CE,Nordeste,Ausência de sinalização,Noite,2,0,0,0,3,0.0
2023,CE,Nordeste,Avarias e/ou desgaste excessivo no pneu,Manhã,6,2,0,2,8,0.333333
2023,CE,Nordeste,Avarias e/ou desgaste excessivo no pneu,Noite,3,1,0,1,7,0.333333
2023,CE,Nordeste,Avarias e/ou desgaste excessivo no pneu,Tarde,5,1,0,1,7,0.2
2023,CE,Nordeste,Carga excessiva e/ou mal acondicionada,Madrugada,1,0,0,0,1,0.0
2023,CE,Nordeste,Carga excessiva e/ou mal acondicionada,Manhã,2,1,0,1,1,0.5
2023,CE,Nordeste,Carga excessiva e/ou mal acondicionada,Noite,2,0,0,0,3,0.0
2023,CE,Nordeste,Carga excessiva e/ou mal acondicionada,Tarde,1,1,2,0,2,1.0
2023,CE,Nordeste,Chuva,Noite,1,1,0,1,1,1.0
2023,CE,Nordeste,Chuva,Tarde,9,2,2,0,15,0.222222
2023,CE,Nordeste,Condutor Dormindo,Madrugada,16,8,3,6,22,0.5
2023,CE,Nordeste,Condutor Dormindo,Manhã,13,3,0,3,17,0.230769
2023,CE,Nordeste,Condutor Dormindo,Noite,8,3,1,2,11,0.375
2023,CE,Nordeste,Condutor Dormindo,Tarde,5,2,0,3,7,0.4
2023,CE,Nordeste,Condutor deixou de manter distância do veículo da frente,Madrugada,8,2,2,2,19,0.25
2023,CE,Nordeste,Condutor deixou de manter distância do veículo da frente,Manhã,79,18,1,21,93,0.227848
2023,CE,Nordeste,Condutor deixou de manter distância do veículo da frente,Noite,33,8,0,14,40,0.242424
2023,CE,Nordeste,Condutor deixou de manter distância do veículo da frente,Tarde,49,10,0,12,62,0.204082
2023,CE,Nordeste,Condutor desrespeitou a iluminação vermelha do semáforo,Madrugada,2,1,0,1,2,0.5
2023,CE,Nordeste,Condutor desrespeitou a iluminação vermelha do semáforo,Manhã,1,1,0,2,2,1.0
2023,CE,Nordeste,Condutor desrespeitou a iluminação vermelha do semáforo,Noite,1,0,0,0,1,0.0
2023,CE,Nordeste,Condutor desrespeitou a iluminação vermelha do semáforo,Tarde,2,0,0,0,1,0.0
2023,CE,Nordeste,Condutor usando celular,Manhã,1,1,0,1,1,1.0
2023,CE,Nordeste,Conversão proibida,Madrugada,1,1,0,1,1,1.0
2023,CE,Nordeste,Conversão proibida,Manhã,7,1,0,1,6,0.142857
2023,CE,Nordeste,Conversão proibida,Noite,3,0,0,0,2,0.0
2023,CE,Nordeste,Conversão proibida,Tarde,3,2,0,2,5,0.666667
2023,CE,Nordeste,Curva acentuada,Manhã,1,1,1,0,1,1.0
2023,CE,Nordeste,Curva acentuada,Noite,3,2,2,0,4,0.666667
2023,CE,Nordeste,Curva acentuada,Tarde,1,0,0,0,2,0.0
2023,CE,Nordeste,Declive acentuado,Tarde,1,1,0,1,2,1.0
2023,CE,Nordeste,Deficiência do Sistema de Iluminação/Sinalização,Noite,6,2,1,1,7,0.333333
2023,CE,Nordeste,Deficiência do Sistema de Iluminação/Sinalização,Tarde,2,2,0,2,7,1.0
2023,CE,Nordeste,Deixar de acionar o farol da motocicleta (ou similar),Noite,1,1,0,1,1,1.0
2023,CE,Nordeste,Demais Fenômenos da natureza,Manhã,1,0,0,0,0,0.0
2023,CE,Nordeste,Demais falhas mecânicas ou elétricas,Madrugada,5,1,1,0,1,0.2
2023,CE,Nordeste,Demais falhas mecânicas ou elétricas,Manhã,14,2,0,6,19,0.142857
2023,CE,Nordeste,Demais falhas mecânicas ou elétricas,Noite,10,1,1,0,7,0.1
2023,CE,Nordeste,Demais falhas mecânicas ou elétricas,Tarde,23,2,0,2,17,0.086957
2023,CE,Nordeste,Demais falhas na via,Madrugada,1,0,0,0,0,0.0
2023,CE,Nordeste,Demais falhas na via,Manhã,3,1,0,1,7,0.333333
2023,CE,Nordeste,Demais falhas na via,Noite,5,1,0,1,5,0.2
2023,CE,Nordeste,Demais falhas na via,Tarde,2,0,0,0,3,0.0
2023,CE,Nordeste,Desrespeitar a preferência no cruzamento,Madrugada,1,1,1,0,1,1.0
2023,CE,Nordeste,Desrespeitar a preferência no cruzamento,Manhã,12,4,1,4,15,0.333333
2023,CE,Nordeste,Desrespeitar a preferência no cruzamento,Noite,6,4,1,3,9,0.666667
2023,CE,Nordeste,Desrespeitar a preferência no cruzamento,Tarde,12,3,1,2,15,0.25
2023,CE,Nordeste,Desvio temporário,Manhã,1,1,0,1,1,1.0
2023,CE,Nordeste,Entrada inopinada do pedestre,Madrugada,1,1,0,1,1,1.0
2023,CE,Nordeste,Entrada inopinada do pedestre,Manhã,4,3,0,3,3,0.75
2023,CE,Nordeste,Entrada inopinada do pedestre,Noite,11,7,3,4,14,0.636364
2023,CE,Nordeste,Entrada inopinada do pedestre,Tarde,4,4,2,2,4,1.0
2023,CE,Nordeste,Estacionar ou parar em local proibido,Noite,1,1,1,0,1,1.0
2023,CE,Nordeste,Falta de acostamento,Tarde,1,1,0,1,1,1.0
2023,CE,Nordeste,Falta de elemento de contenção que evite a saída do leito carroçável,Tarde,1,0,0,0,1,0.0
2023,CE,Nordeste,Frear bruscamente,Manhã,3,0,0,0,3,0.0
2023,CE,Nordeste,Frear bruscamente,Noite,5,1,0,1,7,0.2
2023,CE,Nordeste,Frear bruscamente,Tarde,3,2,1,2,6,0.666667
2023,CE,Nordeste,Iluminação deficiente,Madrugada,2,1,1,1,2,0.5
2023,CE,Nordeste,Iluminação deficiente,Noite,7,4,1,4,8,0.571429
2023,CE,Nordeste,Ingestão de álcool e/ou substâncias psicoativas pelo pedestre,Manhã,1,0,0,0,1,0.0
2023,CE,Nordeste,Ingestão de álcool e/ou substâncias psicoativas pelo pedestre,Noite,4,2,0,2,4,0.5
2023,CE,Nordeste,Ingestão de álcool e/ou substâncias psicoativas pelo pedestre,Tarde,4,1,0,1,5,0.25
2023,CE,Nordeste,Ingestão de álcool ou de substâncias psicoativas pelo pedestre,Noite,6,3,1,3,6,0.5
2023,CE,Nordeste,Ingestão de álcool ou de substâncias psicoativas pelo pedestre,Tarde,1,0,0,0,2,0.0
2023,CE,Nordeste,Ingestão de álcool pelo condutor,Madrugada,20,8,2,11,24,0.4
2023,CE,Nordeste,Ingestão de álcool pelo condutor,Manhã,11,4,1,5,11,0.363636
2023,CE,Nordeste,Ingestão de álcool pelo condutor,Noite,18,5,1,5,20,0.277778
2023,CE,Nordeste,Ingestão de álcool pelo condutor,Tarde,21,2,1,1,19,0.095238
2023,CE,Nordeste,Mal súbito do condutor,Madrugada,2,0,0,0,2,0.0
2023,CE,Nordeste,Mal súbito do condutor,Manhã,4,1,0,1,5,0.25
2023,CE,Nordeste,Mal súbito do condutor,Noite,6,3,1,2,5,0.5
2023,CE,Nordeste,Mal súbito do condutor,Tarde,5,2,0,2,7,0.4
2023,CE,Nordeste,Manobra de mudança de faixa,Madrugada,11,3,0,3,17,0.272727
2023,CE,Nordeste,Manobra de mudança de faixa,Manhã,37,10,0,10,44,0.27027
2023,CE,Nordeste,Manobra de mudança de faixa,Noite,26,8,2,9,33,0.307692
2023,CE,Nordeste,Manobra de mudança de faixa,Tarde,36,11,6,7,46,0.305556
2023,CE,Nordeste,Objeto estático sobre o leito carroçável,Madrugada,1,1,2,3,8,1.0
2023,CE,Nordeste,Objeto estático sobre o leito carroçável,Manhã,1,0,0,0,1,0.0
2023,CE,Nordeste,Objeto estático sobre o leito carroçável,Noite,1,0,0,0,1,0.0
2023,CE,Nordeste,Objeto estático sobre o leito carroçável,Tarde,2,1,0,1,2,0.5
2023,CE,Nordeste,Obras na pista,Manhã,2,0,0,0,1,0.0
2023,CE,Nordeste,Obras na pista,Noite,1,0,0,0,2,0.0
2023,CE,Nordeste,Obras na pista,Tarde,1,0,0,0,1,0.0
2023,CE,Nordeste,Pedestre andava na pista,Madrugada,1,1,1,0,1,1.0
2023,CE,Nordeste,Pedestre andava na pista,Manhã,2,0,0,0,2,0.0
2023,CE,Nordeste,Pedestre andava na pista,Noite,10,10,9,1,10,1.0
2023,CE,Nordeste,Pedestre andava na pista,Tarde,1,1,1,0,1,1.0
2023,CE,Nordeste,Pedestre cruzava a pista fora da faixa,Manhã,7,4,1,4,10,0.571429
2023,CE,Nordeste,Pedestre cruzava a pista fora da faixa,Noite,9,6,1,7,14,0.666667
2023,CE,Nordeste,Pedestre cruzava a pista fora da faixa,Tarde,5,3,1,4,8,0.6
2023,CE,Nordeste,Pista Escorregadia,Manhã,2,0,0,0,1,0.0
2023,CE,Nordeste,Pista Escorregadia,Noite,4,2,1,1,4,0.5
2023,CE,Nordeste,Pista Escorregadia,Tarde,2,0,0,0,0,0.0
2023,CE,Nordeste,Pista em desnível,Noite,1,1,0,1,2,1.0
2023,CE,Nordeste,Pista esburacada,Madrugada,3,1,0,1,2,0.333333
2023,CE,Nordeste,Pista esburacada,Manhã,9,3,1,2,14,0.333333
2023,CE,Nordeste,Pista esburacada,Noite,12,5,1,8,16,0.416667
2023,CE,Nordeste,Pista esburacada,Tarde,7,1,0,1,8,0.142857
2023,CE,Nordeste,Problema com o freio,Manhã,1,0,0,0,0,0.0
2023,CE,Nordeste,Problema com o freio,Noite,2,0,0,0,0,0.0
2023,CE,Nordeste,Problema com o freio,Tarde,6,2,2,4,10,0.333333
2023,CE,Nordeste,Problema na suspensão,Tarde,1,0,0,0,0,0.0
2023,CE,Nordeste,Reação tardia ou ineficiente do condutor,Madrugada,9,5,3,4,12,0.555556
2023,CE,Nordeste,Reação tardia ou ineficiente do condutor,Manhã,42,16,2,15,52,0.380952
2023,CE,Nordeste,Reação tardia ou ineficiente do condutor,Noite,28,11,4,17,68,0.392857
2023,CE,Nordeste,Reação tardia ou ineficiente do condutor,Tarde,30,7,0,7,29,0.233333
2023,CE,Nordeste,Restrição de visibilidade em curvas horizontais,Manhã,1,0,0,0,1,0.0
2023,CE,Nordeste,Retorno proibido,Manhã,1,0,0,0,1,0.0
2023,CE,Nordeste,Retorno proibido,Noite,2,2,0,3,3,1.0
2023,CE,Nordeste,Sinalização mal posicionada,Tarde,1,1,0,1,1,1.0
2023,CE,Nordeste,Suicídio (presumido),Noite,1,1,1,0,1,1.0
2023,CE,Nordeste,Trafegar com motocicleta (ou similar) entre as faixas,Manhã,5,2,1,2,7,0.4
2023,CE,Nordeste,Trafegar com motocicleta (ou similar) entre as faixas,Noite,1,0,0,0,1,0.0
2023,CE,Nordeste,Trafegar com motocicleta (ou similar) entre as faixas,Tarde,2,0,0,0,2,0.0
2023,CE,Nordeste,Transitar na calçada,Tarde,1,0,0,0,0,0.0
2023,CE,Nordeste,Transitar na contramão,Madrugada,13,5,5,2,14,0.384615
2023,CE,Nordeste,Transitar na contramão,Manhã,10,10,2,13,18,1.0
2023,CE,Nordeste,Transitar na contramão,Noite,20,12,9,9,26,0.6
2023,CE,Nordeste,Transitar na contramão,Tarde,16,14,4,12,24,0.875
2023,CE,Nordeste,Transitar no acostamento,Manhã,2,2,0,2,2,1.0
2023,CE,Nordeste,Transitar no acostamento,Noite,3,1,0,1,4,0.333333
2023,CE,Nordeste,Transitar no acostamento,Tarde,1,0,0,0,1,0.0
2023,CE,Nordeste,Transtornos Mentais (exceto suicidio),Noite,2,0,0,0,2,0.0
2023,CE,Nordeste,Transtornos Mentais (exceto suicidio),Tarde,1,0,0,0,1,0.0
2023,CE,Nordeste,Ultrapassagem Indevida,Madrugada,2,2,1,1,3,1.0
2023,CE,Nordeste,Ultrapassagem Indevida,Manhã,9,5,3,3,15,0.555556
2023,CE,Nordeste,Ultrapassagem Indevida,Noite,3,3,0,3,5,1.0
2023,CE,Nordeste,Ultrapassagem Indevida,Tarde,5,2,0,3,9,0.4
2023,CE,Nordeste,Velocidade Incompatível,Madrugada,10,2,0,2,15,0.2
2023,CE,Nordeste,Velocidade Incompatível,Manhã,13,3,0,3,16,0.230769
2023,CE,Nordeste,Velocidade Incompatível,Noite,13,7,1,6,16,0.538462
2023,CE,Nordeste,Velocidade Incompatível,Tarde,22,10,2,8,27,0.454545
2023,CE,Nordeste,Área urbana sem a presença de local apropriado para a travessia de pedestres,Noite,4,3,1,3,6,0.75
2023,CE,Nordeste,Área urbana sem a presença de local apropriado para a travessia de pedestres,Tarde,2,2,1,1,2,1.0
2023,DF,Centro-Oeste,Acessar a via sem observar a presença dos outros veículos,Madrugada,1,0,0,0,2,0.0
2023,DF,Centro-Oeste,Acessar a via sem observar a presença dos outros veículos,Manhã,28,9,2,10,37,0.321429
2023,DF,Centro-Oeste,Acessar a via sem observar a presença dos outros veículos,Noite,26,13,4,15,33,0.5
2023,DF,Centro-Oeste,Acessar a via sem observar a presença dos outros veículos,Tarde,27,8,2,6,40,0.296296
2023,DF,Centro-Oeste,Acesso irregular,Madrugada,1,0,0,0,1,0.0
2023,DF,Centro-Oeste,Acesso irregular,Manhã,3,1,0,1,3,0.333333
2023,DF,Centro-Oeste,Acesso irregular,Noite,2,2,0,2,2,1.0
2023,DF,Centro-Oeste,Acesso irregular,Tarde,1,0,0,0,1,0.0
2023,DF,Centro-Oeste,Acostamento em desnível,Noite,1,1,0,1,1,1.0
2023,DF,Centro-Oeste,Acumulo de areia ou detritos sobre o pavimento,Noite,2,1,0,1,2,0.5
2023,DF,Centro-Oeste,Acumulo de água sobre o pavimento,Manhã,1,0,0,0,1,0.0
2023,DF,Centro-Oeste,Acumulo de água sobre o pavimento,Noite,1,0,0,0,0,0.0
2023,DF,Centro-Oeste,Acumulo de água sobre o pavimento,Tarde,5,1,0,1,17,0.2
2023,DF,Centro-Oeste,Acumulo de óleo sobre o pavimento,Madrugada,2,0,0,0,1,0.0
2023,DF,Centro-Oeste,Acumulo de óleo sobre o pavimento,Manhã,4,0,0,0,4,0.0
2023,DF,Centro-Oeste,Acumulo de óleo sobre o pavimento,Noite,1,0,0,0,1,0.0
2023,DF,Centro-Oeste,Acumulo de óleo sobre o pavimento,Tarde,3,1,0,1,4,0.333333
2023,DF,Centro-Oeste,Animais na Pista,Madrugada,3,1,0,1,5,0.333333
2023,DF,Centro-Oeste,Animais na Pista,Noite,5,4,1,4,6,0.8
2023,DF,Centro-Oeste,Ausência de reação do condutor,Madrugada,14,3,2,1,21,0.214286
2023,DF,Centro-Oeste,Ausência de reação do condutor,Manhã,45,6,0,9,48,0.133333
2023,DF,Centro-Oeste,Ausência de reação do condutor,Noite,33,9,2,8,42,0.272727
2023,DF,Centro-Oeste,Ausência de reação do condutor,Tarde,39,4,1,5,47,0.102564
2023,DF,Centro-Oeste,Ausência de sinalização,Manhã,1,0,0,0,1,0.0
2023,DF,Centro-Oeste,Avarias e/ou desgaste excessivo no pneu,Manhã,6,1,0,1,11,0.166667
2023,DF,Centro-Oeste,Avarias e/ou desgaste excessivo no pneu,Noite,3,0,0,0,7,0.0
2023,DF,Centro-Oeste,Avarias e/ou desgaste excessivo no pneu,Tarde,7,0,0,0,10,0.0
2023,DF,Centro-Oeste,Carga excessiva e/ou mal acondicionada,Tarde,2,0,0,0,2,0.0
2023,DF,Centro-Oeste,Chuva,Manhã,2,0,0,0,2,0.0
2023,DF,Centro-Oeste,Chuva,Noite,4,2,2,0,4,0.5
2023,DF,Centro-Oeste,Chuva,Tarde,17,0,0,0,15,0.0
2023,DF,Centro-Oeste,Condutor Dormindo,Madrugada,13,2,0,2,18,0.153846
2023,DF,Centro-Oeste,Condutor Dormindo,Manhã,8,2,0,2,9,0.25
2023,DF,Centro-Oeste,Condutor Dormindo,Noite,5,1,0,1,4,0.2
2023,DF,Centro-Oeste,Condutor Dormindo,Tarde,1,0,0,0,1,0.0
2023,DF,Centro-Oeste,Condutor deixou de manter distância do veículo da frente,Madrugada,4,1,1,0,3,0.25
2023,DF,Centro-Oeste,Condutor deixou de manter distância do veículo da frente,Manhã,30,4,1,5,36,0.133333
2023,DF,Centro-Oeste,Condutor deixou de manter distância do veículo da frente,Noite,16,3,4,9,42,0.1875
2023,DF,Centro-Oeste,Condutor deixou de manter distância do veículo da frente,Tarde,21,3,1,3,26,0.142857
2023,DF,Centro-Oeste,Condutor usando celular,Manhã,1,1,0,1,1,1.0
2023,DF,Centro-Oeste,Conversão proibida,Manhã,2,0,0,0,3,0.0
2023,DF,Centro-Oeste,Conversão proibida,Noite,3,2,3,2,5,0.666667
2023,DF,Centro-Oeste,Conversão proibida,Tarde,4,2,0,2,9,0.5
2023,DF,Centro-Oeste,Curva acentuada,Madrugada,1,0,0,0,0,0.0
2023,DF,Centro-Oeste,Curva acentuada,Manhã,2,0,0,0,1,0.0
2023,DF,Centro-Oeste,Curva acentuada,Noite,1,0,0,0,0,0.0
2023,DF,Centro-Oeste,Deficiência do Sistema de Iluminação/Sinalização,Manhã,1,0,0,0,0,0.0
2023,DF,Centro-Oeste,Demais Fenômenos da natureza,Manhã,1,1,0,1,1,1.0
2023,DF,Centro-Oeste,Demais falhas mecânicas ou elétricas,Madrugada,3,1,0,1,1,0.333333
2023,DF,Centro-Oeste,Demais falhas mecânicas ou elétricas,Manhã,6,1,0,1,6,0.166667
2023,DF,Centro-Oeste,Demais falhas mecânicas ou elétricas,Noite,3,1,0,1,1,0.333333
2023,DF,Centro-Oeste,Demais falhas mecânicas ou elétricas,Tarde,14,2,0,2,10,0.142857
2023,DF,Centro-Oeste,Desrespeitar a preferência no cruzamento,Manhã,3,0,0,0,2,0.0
2023,DF,Centro-Oeste,Desrespeitar a preferência no cruzamento,Noite,2,1,1,0,2,0.5
2023,DF,Centro-Oeste,Desrespeitar a preferência no cruzamento,Tarde,2,0,0,0,2,0.0
2023,DF,Centro-Oeste,Entrada inopinada do pedestre,Manhã,2,0,0,0,3,0.0
2023,DF,Centro-Oeste,Entrada inopinada do pedestre,Noite,9,5,3,2,12,0.555556
2023,DF,Centro-Oeste,Entrada inopinada do pedestre,Tarde,5,5,3,3,6,1.0
2023,DF,Centro-Oeste,Estacionar ou parar em local proibido,Madrugada,1,1,0,1,1,1.0
2023,DF,Centro-Oeste,Estacionar ou parar em local proibido,Manhã,3,0,0,0,1,0.0
2023,DF,Centro-Oeste,Estacionar ou parar em local proibido,Noite,2,1,0,1,2,0.5
2023,DF,Centro-Oeste,Falta de acostamento,Noite,1,0,0,0,1,0.0
2023,DF,Centro-Oeste,Falta de elemento de contenção que evite a saída do leito carroçável,Madrugada,1,0,0,0,1,0.0
2023,DF,Centro-Oeste,Frear bruscamente,Manhã,3,0,0,0,3,0.0
2023,DF,Centro-Oeste,Frear bruscamente,Noite,1,1,0,1,1,1.0
2023,DF,Centro-Oeste,Frear bruscamente,Tarde,2,0,0,0,1,0.0
2023,DF,Centro-Oeste,Ingestão de substâncias psicoativas pelo condutor,Tarde,3,0,0,0,1,0.0
2023,DF,Centro-Oeste,Ingestão de álcool e/ou substâncias psicoativas pelo pedestre,Madrugada,1,1,0,1,1,1.0
2023,DF,Centro-Oeste,Ingestão de álcool e/ou substâncias psicoativas pelo pedestre,Manhã,1,0,0,0,0,0.0
2023,DF,Centro-Oeste,Ingestão de álcool ou de substâncias psicoativas pelo pedestre,Noite,3,1,0,1,3,0.333333
2023,DF,Centro-Oeste,Ingestão de álcool pelo condutor,Madrugada,20,2,0,3,10,0.1
2023,DF,Centro-Oeste,Ingestão de álcool pelo condutor,Manhã,11,3,0,3,11,0.272727
2023,DF,Centro-Oeste,Ingestão de álcool pelo condutor,Noite,30,4,0,4,25,0.133333
2023,DF,Centro-Oeste,Ingestão de álcool pelo condutor,Tarde,10,2,0,2,5,0.2
2023,DF,Centro-Oeste,Mal súbito do condutor,Madrugada,1,0,0,0,1,0.0
2023,DF,Centro-Oeste,Mal súbito do condutor,Manhã,4,2,0,2,4,0.5
2023,DF,Centro-Oeste,Mal súbito do condutor,Noite,2,1,0,1,2,0.5
2023,DF,Centro-Oeste,Mal súbito do condutor,Tarde,2,1,1,1,3,0.5
2023,DF,Centro-Oeste,Manobra de mudança de faixa,Madrugada,3,1,0,1,5,0.333333
2023,DF,Centro-Oeste,Manobra de mudança de faixa,Manhã,58,8,2,6,64,0.137931
2023,DF,Centro-Oeste,Manobra de mudança de faixa,Noite,31,5,0,5,29,0.16129
2023,DF,Centro-Oeste,Manobra de mudança de faixa,Tarde,28,4,0,5,31,0.142857
2023,DF,Centro-Oeste,Objeto estático sobre o leito carroçável,Madrugada,1,0,0,0,1,0.0
2023,DF,Centro-Oeste,Objeto estático sobre o leito carroçável,Noite,2,0,0,0,1,0.0
2023,DF,Centro-Oeste,Obstrução na via,Manhã,1,0,0,0,0,0.0
2023,DF,Centro-Oeste,Pedestre andava na pista,Madrugada,1,1,1,0,1,1.0
2023,DF,Centro-Oeste,Pedestre andava na pista,Noite,1,1,0,1,1,1.0
2023,DF,Centro-Oeste,Pedestre andava na pista,Tarde,1,1,0,1,1,1.0
2023,DF,Centro-Oeste,Pedestre cruzava a pista fora da faixa,Madrugada,1,1,1,0,1,1.0
2023,DF,Centro-Oeste,Pedestre cruzava a pista fora da faixa,Manhã,5,3,0,3,6,0.6
2023,DF,Centro-Oeste,Pedestre cruzava a pista fora da faixa,Noite,9,5,3,2,9,0.555556
2023,DF,Centro-Oeste,Pedestre cruzava a pista fora da faixa,Tarde,1,1,0,1,2,1.0
2023,DF,Centro-Oeste,Pista Escorregadia,Madrugada,2,0,0,0,1,0.0
2023,DF,Centro-Oeste,Pista Escorregadia,Manhã,3,0,0,0,4,0.0
2023,DF,Centro-Oeste,Pista Escorregadia,Noite,3,1,0,1,2,0.333333
2023,DF,Centro-Oeste,Pista Escorregadia,Tarde,5,1,0,1,5,0.2
2023,DF,Centro-Oeste,Problema com o freio,Noite,4,1,1,1,5,0.25
2023,DF,Centro-Oeste,Problema com o freio,Tarde,1,0,0,0,3,0.0
2023,DF,Centro-Oeste,Problema na suspensão,Madrugada,1,0,0,0,2,0.0
2023,DF,Centro-Oeste,Reação tardia ou ineficiente do condutor,Madrugada,12,2,1,2,12,0.166667
2023,DF,Centro-Oeste,Reação tardia ou ineficiente do condutor,Manhã,41,4,1,5,44,0.097561
2023,DF,Centro-Oeste,Reação tardia ou ineficiente do condutor,Noite,34,6,1,5,35,0.176471
2023,DF,Centro-Oeste,Reação tardia ou ineficiente do condutor,Tarde,36,6,1,5,38,0.166667
2023,DF,Centro-Oeste,Redutor de velocidade em desacordo,Manhã,1,0,0,0,0,0.0
2023,DF,Centro-Oeste,Restrição de visibilidade em curvas horizontais,Tarde,2,0,0,0,2,0.0
2023,DF,Centro-Oeste,Suicídio (presumido),Manhã,1,1,0,3,3,1.0
2023,DF,Centro-Oeste,Trafegar com motocicleta (ou similar) entre as faixas,Madrugada,1,0,0,0,2,0.0
2023,DF,Centro-Oeste,Trafegar com motocicleta (ou similar) entre as faixas,Manhã,33,6,1,5,42,0.181818
2023,DF,Centro-Oeste,Trafegar com motocicleta (ou similar) entre as faixas,Noite,16,2,0,2,17,0.125
2023,DF,Centro-Oeste,Trafegar com motocicleta (ou similar) entre as faixas,Tarde,10,2,1,2,13,0.2
2023,DF,Centro-Oeste,Transitar na calçada,Noite,1,0,0,0,1,0.0
2023,DF,Centro-Oeste,Transitar na contramão,Madrugada,1,1,1,0,1,1.0
2023,DF,Centro-Oeste,Transitar na contramão,Manhã,5,3,2,4,12,0.6
2023,DF,Centro-Oeste,Transitar na contramão,Noite,1,1,1,0,1,1.0
2023,DF,Centro-Oeste,Transitar na contramão,Tarde,1,0,0,0,0,0.0
2023,DF,Centro-Oeste,Transitar no acostamento,Madrugada,1,0,0,0,0,0.0
2023,DF,Centro-Oeste,Transitar no acostamento,Manhã,3,0,0,0,3,0.0
2023,DF,Centro-Oeste,Transitar no acostamento,Noite,1,0,0,0,4,0.0
2023,DF,Centro-Oeste,Transitar no acostamento,Tarde,2,0,0,0,1,0.0
2023,DF,Centro-Oeste,Ultrapassagem Indevida,Manhã,1,0,0,0,0,0.0
2023,DF,Centro-Oeste,Ultrapassagem Indevida,Noite,5,1,0,1,3,0.2
2023,DF,Centro-Oeste,Ultrapassagem Indevida,Tarde,1,1,0,1,2,1.0
2023,DF,Centro-Oeste,Velocidade Incompatível,Madrugada,7,5,2,4,11,0.714286
2023,DF,Centro-Oeste,Velocidade Incompatível,Manhã,10,3,1,2,10,0.3
2023,DF,Centro-Oeste,Velocidade Incompatível,Noite,12,1,0,2,15,0.083333
2023,DF,Centro-Oeste,Velocidade Incompatível,Tarde,18,4,1,4,23,0.222222
2023,DF,Centro-Oeste,Área urbana sem a presença de local apropriado para a travessia de pedestres,Manhã,1,0,0,0,2,0.0
2023,DF,Centro-Oeste,Área urbana sem a presença de local apropriado para a travessia de pedestres,Noite,2,2,1,1,2,1.0
2023,ES,Sudeste,Acessar a via sem observar a presença dos outros veículos,Madrugada,11,3,1,2,11,0.272727
2023,ES,Sudeste,Acessar a via sem observar a presença dos outros veículos,Manhã,68,30,5,33,91,0.441176
2023,ES,Sudeste,Acessar a via sem observar a presença dos outros veículos,Noite,78,36,8,36,108,0.461538
2023,ES,Sudeste,Acessar a via sem observar a presença dos outros veículos,Tarde,83,30,4,30,100,0.361446
2023,ES,Sudeste,Acesso irregular,Manhã,4,1,0,1,6,0.25
2023,ES,Sudeste,Acesso irregular,Noite,3,2,0,3,5,0.666667
2023,ES,Sudeste,Acesso irregular,Tarde,12,3,1,2,16,0.25
2023,ES,Sudeste,Acumulo de areia ou detritos sobre o pavimento,Manhã,7,3,0,3,7,0.428571
2023,ES,Sudeste,Acumulo de areia ou detritos sobre o pavimento,Noite,3,1,1,0,4,0.333333
2023,ES,Sudeste,Acumulo de areia ou detritos sobre o pavimento,Tarde,4,1,0,1,5,0.25
2023,ES,Sudeste,Acumulo de água sobre o pavimento,Madrugada,3,1,0,1,3,0.333333
2023,ES,Sudeste,Acumulo de água sobre o pavimento,Manhã,3,0,0,0,5,0.0
2023,ES,Sudeste,Acumulo de água sobre o pavimento,Noite,1,1,1,0,1,1.0
2023,ES,Sudeste,Acumulo de água sobre o pavimento,Tarde,4,2,0,2,6,0.5
2023,ES,Sudeste,Acumulo de óleo sobre o pavimento,Manhã,2,1,0,1,2,0.5
2023,ES,Sudeste,Acumulo de óleo sobre o pavimento,Noite,1,0,0,0,1,0.0
2023,ES,Sudeste,Acumulo de óleo sobre o pavimento,Tarde,3,0,0,0,4,0.0
2023,ES,Sudeste,Afundamento ou ondulação no pavimento,Noite,2,0,0,0,2,0.0
2023,ES,Sudeste,Afundamento ou ondulação no pavimento,Tarde,2,1,0,1,2,0.5
2023,ES,Sudeste,Animais na Pista,Madrugada,8,2,1,2,10,0.25
2023,ES,Sudeste,Animais na Pista,Manhã,6,1,0,1,6,0.166667
2023,ES,Sudeste,Animais na Pista,Noite,15,4,0,5,17,0.266667
2023,ES,Sudeste,Animais na Pista,Tarde,2,1,0,1,2,0.5
2023,ES,Sudeste,Ausência de reação do condutor,Madrugada,28,13,2,13,33,0.464286
2023,ES,Sudeste,Ausência de reação do condutor,Manhã,73,20,2,22,93,0.273973
2023,ES,Sudeste,Ausência de reação do condutor,Noite,84,25,7,27,108,0.297619
2023,ES,Sudeste,Ausência de reação do condutor,Tarde,74,12,1,12,90,0.162162
2023,ES,Sudeste,Ausência de sinalização,Madrugada,1,0,0,0,1,0.0
2023,ES,Sudeste,Ausência de sinalização,Manhã,1,0,0,0,1,0.0
2023,ES,Sudeste,Ausência de sinalização,Noite,1,1,0,1,1,1.0
2023,ES,Sudeste,Ausência de sinalização,Tarde,1,0,0,0,2,0.0
2023,ES,Sudeste,Avarias e/ou desgaste excessivo no pneu,Madrugada,3,0,0,0,2,0.0
2023,ES,Sudeste,Avarias e/ou desgaste excessivo no pneu,Manhã,23,6,2,9,38,0.26087
2023,ES,Sudeste,Avarias e/ou desgaste excessivo no pneu,Noite,6,1,0,1,11,0.166667
2023,ES,Sudeste,Avarias e/ou desgaste excessivo no pneu,Tarde,21,4,0,4,34,0.190476
2023,ES,Sudeste,Carga excessiva e/ou mal acondicionada,Madrugada,1,0,0,0,1,0.0
2023,ES,Sudeste,Carga excessiva e/ou mal acondicionada,Manhã,5,0,0,0,3,0.0
2023,ES,Sudeste,Carga excessiva e/ou mal acondicionada,Noite,3,0,0,0,4,0.0
2023,ES,Sudeste,Carga excessiva e/ou mal acondicionada,Tarde,4,1,0,1,4,0.25
2023,ES,Sudeste,Chuva,Madrugada,2,0,0,0,1,0.0
2023,ES,Sudeste,Chuva,Manhã,8,2,1,4,15,0.25
2023,ES,Sudeste,Chuva,Noite,7,2,0,2,7,0.285714
2023,ES,Sudeste,Chuva,Tarde,6,3,0,3,8,0.5
2023,ES,Sudeste,Condutor Dormindo,Madrugada,26,10,2,15,44,0.384615
2023,ES,Sudeste,Condutor Dormindo,Manhã,17,8,5,9,25,0.470588
2023,ES,Sudeste,Condutor Dormindo,Noite,4,0,0,0,3,0.0
2023,ES,Sudeste,Condutor Dormindo,Tarde,16,7,0,9,24,0.4375
2023,ES,Sudeste,Condutor deixou de manter distância do veículo da frente,Madrugada,6,4,0,6,8,0.666667
2023,ES,Sudeste,Condutor deixou de manter distância do veículo da frente,Manhã,61,11,0,11,64,0.180328
2023,ES,Sudeste,Condutor deixou de manter distância do veículo da frente,Noite,41,6,0,7,44,0.146341
2023,ES,Sudeste,Condutor deixou de manter distância do veículo da frente,Tarde,81,17,0,19,99,0.209877
2023,ES,Sudeste,Condutor desrespeitou a iluminação vermelha do semáforo,Madrugada,4,2,1,1,5,0.5
2023,ES,Sudeste,Condutor desrespeitou a iluminação vermelha do semáforo,Manhã,13,3,0,3,17,0.230769
2023,ES,Sudeste,Condutor desrespeitou a iluminação vermelha do semáforo,Noite,10,4,0,4,12,0.4
2023,ES,Sudeste,Condutor desrespeitou a iluminação vermelha do semáforo,Tarde,13,4,0,4,18,0.307692
2023,ES,Sudeste,Condutor usando celular,Manhã,1,0,0,0,1,0.0
2023,ES,Sudeste,Condutor usando celular,Noite,1,0,0,0,1,0.0
2023,ES,Sudeste,Condutor usando celular,Tarde,1,0,0,0,1,0.0
2023,ES,Sudeste,Conversão proibida,Manhã,14,8,0,9,21,0.571429
2023,ES,Sudeste,Conversão proibida,Noite,9,2,1,1,10,0.222222
2023,ES,Sudeste,Conversão proibida,Tarde,10,2,0,2,21,0.2
2023,ES,Sudeste,Curva acentuada,Manhã,3,0,0,0,2,0.0
2023,ES,Sudeste,Curva acentuada,Noite,2,0,0,0,3,0.0
2023,ES,Sudeste,Curva acentuada,Tarde,3,2,1,1,2,0.666667
2023,ES,Sudeste,Declive acentuado,Madrugada,1,0,0,0,0,0.0
2023,ES,Sudeste,Declive acentuado,Tarde,1,1,0,1,1,1.0
2023,ES,Sudeste,Deficiência do Sistema de Iluminação/Sinalização,Noite,1,1,0,1,1,1.0
2023,ES,Sudeste,Demais Fenômenos da natureza,Manhã,1,0,0,0,1,0.0
2023,ES,Sudeste,Demais Fenômenos da natureza,Noite,1,0,0,0,1,0.0
2023,ES,Sudeste,Demais falhas mecânicas ou elétricas,Madrugada,10,1,0,1,9,0.1
2023,ES,Sudeste,Demais falhas mecânicas ou elétricas,Manhã,15,2,0,2,14,0.133333
2023,ES,Sudeste,Demais falhas mecânicas ou elétricas,Noite,23,3,0,3,17,0.130435
2023,ES,Sudeste,Demais falhas mecânicas ou elétricas,Tarde,29,3,0,5,23,0.103448
2023,ES,Sudeste,Demais falhas na via,Noite,1,0,0,0,1,0.0
2023,ES,Sudeste,Demais falhas na via,Tarde,5,1,0,1,10,0.2
2023,ES,Sudeste,Desrespeitar a preferência no cruzamento,Madrugada,1,0,0,0,1,0.0
2023,ES,Sudeste,Desrespeitar a preferência no cruzamento,Manhã,20,6,1,5,24,0.3
2023,ES,Sudeste,Desrespeitar a preferência no cruzamento,Noite,10,4,0,4,12,0.4
2023,ES,Sudeste,Desrespeitar a preferência no cruzamento,Tarde,18,6,0,8,23,0.333333
2023,ES,Sudeste,Entrada inopinada do pedestre,Madrugada,2,2,0,2,2,1.0
2023,ES,Sudeste,Entrada inopinada do pedestre,Manhã,9,6,2,5,16,0.666667
2023,ES,Sudeste,Entrada inopinada do pedestre,Noite,14,7,4,3,21,0.5
2023,ES,Sudeste,Entrada inopinada do pedestre,Tarde,8,5,1,4,8,0.625
2023,ES,Sudeste,Estacionar ou parar em local proibido,Manhã,1,1,0,1,1,1.0
2023,ES,Sudeste,Estacionar ou parar em local proibido,Noite,1,1,0,1,1,1.0
2023,ES,Sudeste,Falta de acostamento,Manhã,1,0,0,0,1,0.0
2023,ES,Sudeste,Falta de elemento de contenção que evite a saída do leito carroçável,Manhã,1,1,1,0,1,1.0
2023,ES,Sudeste,Frear bruscamente,Manhã,2,0,0,0,2,0.0
2023,ES,Sudeste,Frear bruscamente,Noite,3,1,0,1,3,0.333333
2023,ES,Sudeste,Frear bruscamente,Tarde,6,0,0,0,4,0.0
2023,ES,Sudeste,Fumaça,Madrugada,1,0,0,0,0,0.0
2023,ES,Sudeste,Iluminação deficiente,Noite,1,0,0,0,2,0.0
2023,ES,Sudeste,Iluminação deficiente,Tarde,2,1,1,0,1,0.5
2023,ES,Sudeste,Ingestão de substâncias psicoativas pelo condutor,Manhã,1,0,0,0,0,0.0
2023,ES,Sudeste,Ingestão de substâncias psicoativas pelo condutor,Noite,1,1,0,1,1,1.0
2023,ES,Sudeste,Ingestão de substâncias psicoativas pelo condutor,Tarde,1,0,0,0,1,0.0
2023,ES,Sudeste,Ingestão de álcool e/ou substâncias psicoativas pelo pedestre,Manhã,3,1,0,1,3,0.333333
2023,ES,Sudeste,Ingestão de álcool e/ou substâncias psicoativas pelo pedestre,Noite,6,2,0,2,5,0.333333
2023,ES,Sudeste,Ingestão de álcool e/ou substâncias psicoativas pelo pedestre,Tarde,1,0,0,0,0,0.0
2023,ES,Sudeste,Ingestão de álcool ou de substâncias psicoativas pelo pedestre,Noite,1,1,0,2,2,1.0
2023,ES,Sudeste,Ingestão de álcool pelo condutor,Madrugada,17,4,0,4,21,0.235294
2023,ES,Sudeste,Ingestão de álcool pelo condutor,Manhã,5,0,0,0,3,0.0
2023,ES,Sudeste,Ingestão de álcool pelo condutor,Noite,36,11,4,7,36,0.305556
2023,ES,Sudeste,Ingestão de álcool pelo condutor,Tarde,17,5,2,5,19,0.294118
2023,ES,Sudeste,Mal súbito do condutor,Manhã,10,3,1,2,11,0.3
2023,ES,Sudeste,Mal súbito do condutor,Noite,2,1,1,1,3,0.5
2023,ES,Sudeste,Mal súbito do condutor,Tarde,12,4,1,3,15,0.333333
2023,ES,Sudeste,Manobra de mudança de faixa,Madrugada,4,2,0,4,10,0.5
2023,ES,Sudeste,Manobra de mudança de faixa,Manhã,66,13,0,17,76,0.19697
2023,ES,Sudeste,Manobra de mudança de faixa,Noite,36,13,2,14,52,0.361111
2023,ES,Sudeste,Manobra de mudança de faixa,Tarde,44,12,0,14,58,0.272727
2023,ES,Sudeste,Neblina,Madrugada,1,0,0,0,1,0.0
2023,ES,Sudeste,Neblina,Manhã,1,0,0,0,1,0.0
2023,ES,Sudeste,Objeto estático sobre o leito carroçável,Manhã,3,1,0,1,2,0.333333
2023,ES,Sudeste,Objeto estático sobre o leito carroçável,Noite,3,2,0,3,4,0.666667
2023,ES,Sudeste,Objeto estático sobre o leito carroçável,Tarde,3,0,0,0,3,0.0
2023,ES,Sudeste,Obras na pista,Noite,1,0,0,0,2,0.0
2023,ES,Sudeste,Obstrução na via,Tarde,2,1,0,1,3,0.5
2023,ES,Sudeste,Participar de racha,Tarde,2,0,0,0,2,0.0
2023,ES,Sudeste,Pedestre - Ingestão de álcool/ substâncias psicoativas,Manhã,1,1,0,1,1,1.0
2023,ES,Sudeste,Pedestre andava na pista,Madrugada,5,5,4,2,7,1.0
2023,ES,Sudeste,Pedestre andava na pista,Manhã,2,1,0,1,2,0.5
2023,ES,Sudeste,Pedestre andava na pista,Noite,13,10,3,7,17,0.769231
2023,ES,Sudeste,Pedestre andava na pista,Tarde,3,2,0,3,5,0.666667
2023,ES,Sudeste,Pedestre cruzava a pista fora da faixa,Manhã,8,4,0,4,11,0.5
2023,ES,Sudeste,Pedestre cruzava a pista fora da faixa,Noite,12,5,2,3,16,0.416667
2023,ES,Sudeste,Pedestre cruzava a pista fora da faixa,Tarde,6,5,0,8,10,0.833333
2023,ES,Sudeste,Pista Escorregadia,Madrugada,3,1,0,1,3,0.333333
2023,ES,Sudeste,Pista Escorregadia,Manhã,5,0,0,0,4,0.0
2023,ES,Sudeste,Pista Escorregadia,Noite,7,4,1,4,9,0.571429
2023,ES,Sudeste,Pista Escorregadia,Tarde,4,0,0,0,5,0.0
2023,ES,Sudeste,Pista esburacada,Manhã,1,0,0,0,1,0.0
2023,ES,Sudeste,Pista esburacada,Noite,1,0,0,0,1,0.0
2023,ES,Sudeste,Pista esburacada,Tarde,1,0,0,0,1,0.0
2023,ES,Sudeste,Problema com o freio,Manhã,3,1,1,0,3,0.333333
2023,ES,Sudeste,Problema com o freio,Noite,1,1,0,1,3,1.0
2023,ES,Sudeste,Problema com o freio,Tarde,3,1,1,0,3,0.333333
2023,ES,Sudeste,Problema na suspensão,Manhã,1,0,0,0,2,0.0
2023,ES,Sudeste,Reação tardia ou ineficiente do condutor,Madrugada,35,12,1,12,40,0.342857
2023,ES,Sudeste,Reação tardia ou ineficiente do condutor,Manhã,103,35,7,30,122,0.339806
2023,ES,Sudeste,Reação tardia ou ineficiente do condutor,Noite,93,34,8,32,108,0.365591
2023,ES,Sudeste,Reação tardia ou ineficiente do condutor,Tarde,103,22,3,31,133,0.213592
2023,ES,Sudeste,Restrição de visibilidade em curvas horizontais,Tarde,1,1,0,1,1,1.0
2023,ES,Sudeste,Retorno proibido,Madrugada,1,0,0,0,1,0.0
2023,ES,Sudeste,Retorno proibido,Manhã,2,1,0,1,2,0.5
2023,ES,Sudeste,Retorno proibido,Noite,2,1,0,1,2,0.5
2023,ES,Sudeste,Retorno proibido,Tarde,5,3,0,3,5,0.6
2023,ES,Sudeste,Semáforo com defeito,Noite,2,1,0,3,7,0.5
2023,ES,Sudeste,Sinalização encoberta,Madrugada,1,0,0,0,2,0.0
2023,ES,Sudeste,Sinalização mal posicionada,Madrugada,2,1,0,2,4,0.5
2023,ES,Sudeste,Suicídio (presumido),Noite,1,0,0,0,1,0.0
2023,ES,Sudeste,Suicídio (presumido),Tarde,2,1,1,0,2,0.5
2023,ES,Sudeste,Trafegar com motocicleta (ou similar) entre as faixas,Madrugada,1,1,2,0,2,1.0
2023,ES,Sudeste,Trafegar com motocicleta (ou similar) entre as faixas,Manhã,17,6,2,7,22,0.352941
2023,ES,Sudeste,Trafegar com motocicleta (ou similar) entre as faixas,Noite,10,3,1,4,16,0.3
2023,ES,Sudeste,Trafegar com motocicleta (ou similar) entre as faixas,Tarde,10,3,0,4,10,0.3
2023,ES,Sudeste,Transitar na contramão,Madrugada,10,6,4,6,22,0.6
2023,ES,Sudeste,Transitar na contramão,Manhã,17,11,3,15,33,0.647059
2023,ES,Sudeste,Transitar na contramão,Noite,36,26,14,24,60,0.722222
2023,ES,Sudeste,Transitar na contramão,Tarde,21,11,2,15,36,0.52381
2023,ES,Sudeste,Transitar no acostamento,Madrugada,1,1,1,2,3,1.0
2023,ES,Sudeste,Transitar no acostamento,Manhã,1,0,0,0,0,0.0
2023,ES,Sudeste,Transitar no acostamento,Noite,4,2,1,1,5,0.5
2023,ES,Sudeste,Transitar no acostamento,Tarde,4,3,0,3,6,0.75
2023,ES,Sudeste,Ultrapassagem Indevida,Madrugada,5,1,2,1,8,0.2
2023,ES,Sudeste,Ultrapassagem Indevida,Manhã,20,9,4,10,30,0.45
2023,ES,Sudeste,Ultrapassagem Indevida,Noite,7,4,5,3,19,0.571429
2023,ES,Sudeste,Ultrapassagem Indevida,Tarde,13,8,2,9,26,0.615385
2023,ES,Sudeste,Velocidade Incompatível,Madrugada,20,9,7,12,34,0.45
2023,ES,Sudeste,Velocidade Incompatível,Manhã,42,17,4,18,56,0.404762
2023,ES,Sudeste,Velocidade Incompatível,Noite,40,17,5,17,50,0.425
2023,ES,Sudeste,Velocidade Incompatível,Tarde,47,17,3,19,64,0.361702
2023,ES,Sudeste,Área urbana sem a presença de local apropriado para a travessia de pedestres,Manhã,1,1,1,0,1,1.0
2023,GO,Centro-Oeste,Acessar a via sem observar a presença dos outros veículos,Madrugada,10,3,0,3,16,0.3
2023,GO,Centro-Oeste,Acessar a via sem observar a presença dos outros veículos,Manhã,69,15,4,15,84,0.217391
2023,GO,Centro-Oeste,Acessar a via sem observar a presença dos outros veículos,Noite,87,37,11,38,116,0.425287
2023,GO,Centro-Oeste,Acessar a via sem observar a presença dos outros veículos,Tarde,103,31,4,32,134,0.300971
2023,GO,Centro-Oeste,Acesso irregular,Madrugada,4,1,1,0,1,0.25
2023,GO,Centro-Oeste,Acesso irregular,Manhã,8,2,1,4,27,0.25
2023,GO,Centro-Oeste,Acesso irregular,Noite,9,5,1,4,12,0.555556
2023,GO,Centro-Oeste,Acesso irregular,Tarde,18,6,0,7,22,0.333333
2023,GO,Centro-Oeste,Acostamento em desnível,Manhã,1,0,0,0,2,0.0
2023,GO,Centro-Oeste,Acostamento em desnível,Noite,2,1,0,4,5,0.5
2023,GO,Centro-Oeste,Acostamento em desnível,Tarde,1,1,0,1,1,1.0
2023,GO,Centro-Oeste,Acumulo de areia ou detritos sobre o pavimento,Madrugada,1,0,0,0,4,0.0
2023,GO,Centro-Oeste,Acumulo de areia ou detritos sobre o pavimento,Manhã,4,0,0,0,4,0.0
2023,GO,Centro-Oeste,Acumulo de areia ou detritos sobre o pavimento,Noite,3,1,0,1,4,0.333333
2023,GO,Centro-Oeste,Acumulo de areia ou detritos sobre o pavimento,Tarde,2,2,0,3,5,1.0
2023,GO,Centro-Oeste,Acumulo de água sobre o pavimento,Madrugada,2,1,0,1,1,0.5
2023,GO,Centro-Oeste,Acumulo de água sobre o pavimento,Manhã,6,0,0,0,9,0.0
2023,GO,Centro-Oeste,Acumulo de água sobre o pavimento,Noite,6,0,0,0,8,0.0
2023,GO,Centro-Oeste,Acumulo de água sobre o pavimento,Tarde,38,4,0,8,56,0.105263
2023,GO,Centro-Oeste,Acumulo de óleo sobre o pavimento,Manhã,2,0,0,0,2,0.0
2023,GO,Centro-Oeste,Acumulo de óleo sobre o pavimento,Noite,2,0,0,0,3,0.0
2023,GO,Centro-Oeste,Acumulo de óleo sobre o pavimento,Tarde,1,0,0,0,1,0.0
2023,GO,Centro-Oeste,Afundamento ou ondulação no pavimento,Manhã,3,1,0,1,2,0.333333
2023,GO,Centro-Oeste,Afundamento ou ondulação no pavimento,Noite,1,0,0,0,0,0.0
2023,GO,Centro-Oeste,Afundamento ou ondulação no pavimento,Tarde,4,1,0,1,2,0.25
2023,GO,Centro-Oeste,Animais na Pista,Madrugada,27,4,1,5,29,0.148148
2023,GO,Centro-Oeste,Animais na Pista,Manhã,14,3,0,4,15,0.214286
2023,GO,Centro-Oeste,Animais na Pista,Noite,32,11,0,13,46,0.34375
2023,GO,Centro-Oeste,Animais na Pista,Tarde,3,0,0,0,5,0.0
2023,GO,Centro-Oeste,Ausência de reação do condutor,Madrugada,63,19,7,19,56,0.301587
2023,GO,Centro-Oeste,Ausência de reação do condutor,Manhã,103,20,7,16,118,0.194175
2023,GO,Centro-Oeste,Ausência de reação do condutor,Noite,109,38,10,40,130,0.348624
2023,GO,Centro-Oeste,Ausência de reação do condutor,Tarde,110,27,7,29,130,0.245455
2023,GO,Centro-Oeste,Ausência de sinalização,Madrugada,1,0,0,0,2,0.0
2023,GO,Centro-Oeste,Ausência de sinalização,Manhã,6,2,0,2,6,0.333333
2023,GO,Centro-Oeste,Ausência de sinalização,Noite,8,4,0,4,8,0.5
2023,GO,Centro-Oeste,Ausência de sinalização,Tarde,4,2,0,3,8,0.5
2023,GO,Centro-Oeste,Avarias e/ou desgaste excessivo no pneu,Madrugada,3,1,0,1,2,0.333333
2023,GO,Centro-Oeste,Avarias e/ou desgaste excessivo no pneu,Manhã,19,5,1,5,25,0.263158
2023,GO,Centro-Oeste,Avarias e/ou desgaste excessivo no pneu,Noite,7,0,0,0,11,0.0
2023,GO,Centro-Oeste,Avarias e/ou desgaste excessivo no pneu,Tarde,36,11,3,12,55,0.305556
2023,GO,Centro-Oeste,Carga excessiva e/ou mal acondicionada,Manhã,3,0,0,0,2,0.0
2023,GO,Centro-Oeste,Carga excessiva e/ou mal acondicionada,Noite,2,0,0,0,2,0.0
2023,GO,Centro-Oeste,Carga excessiva e/ou mal acondicionada,Tarde,3,0,0,0,4,0.0
2023,GO,Centro-Oeste,Chuva,Madrugada,2,0,0,0,2,0.0
2023,GO,Centro-Oeste,Chuva,Manhã,7,4,1,5,12,0.571429
2023,GO,Centro-Oeste,Chuva,Noite,10,2,2,1,13,0.2
2023,GO,Centro-Oeste,Chuva,Tarde,19,1,0,2,21,0.052632
2023,GO,Centro-Oeste,Condutor Dormindo,Madrugada,60,18,7,21,98,0.3
2023,GO,Centro-Oeste,Condutor Dormindo,Manhã,47,12,7,10,70,0.255319
2023,GO,Centro-Oeste,Condutor Dormindo,Noite,38,16,8,15,54,0.421053
2023,GO,Centro-Oeste,Condutor Dormindo,Tarde,49,13,3,10,63,0.265306
2023,GO,Centro-Oeste,Condutor deixou de manter distância do veículo da frente,Madrugada,14,4,3,1,13,0.285714
2023,GO,Centro-Oeste,Condutor deixou de manter distância do veículo da frente,Manhã,73,17,2,15,86,0.232877
2023,GO,Centro-Oeste,Condutor deixou de manter distância do veículo da frente,Noite,48,16,1,20,56,0.333333
2023,GO,Centro-Oeste,Condutor deixou de manter distância do veículo da frente,Tarde,60,8,0,8,60,0.133333
2023,GO,Centro-Oeste,Condutor usando celular,Madrugada,1,0,0,0,0,0.0
2023,GO,Centro-Oeste,Condutor usando celular,Manhã,5,4,0,4,7,0.8
2023,GO,Centro-Oeste,Condutor usando celular,Noite,1,1,0,1,2,1.0
2023,GO,Centro-Oeste,Condutor usando celular,Tarde,3,1,2,0,4,0.333333
2023,GO,Centro-Oeste,Conversão proibida,Madrugada,1,0,0,0,2,0.0
2023,GO,Centro-Oeste,Conversão proibida,Manhã,3,0,0,0,5,0.0
2023,GO,Centro-Oeste,Conversão proibida,Noite,10,2,0,2,17,0.2
2023,GO,Centro-Oeste,Conversão proibida,Tarde,4,2,1,3,11,0.5
2023,GO,Centro-Oeste,Curva acentuada,Madrugada,1,0,0,0,0,0.0
2023,GO,Centro-Oeste,Curva acentuada,Manhã,3,0,0,0,2,0.0
2023,GO,Centro-Oeste,Curva acentuada,Noite,2,1,0,1,4,0.5
2023,GO,Centro-Oeste,Curva acentuada,Tarde,1,1,0,1,2,1.0
2023,GO,Centro-Oeste,Declive acentuado,Tarde,1,0,0,0,2,0.0
2023,GO,Centro-Oeste,Deficiência do Sistema de Iluminação/Sinalização,Madrugada,5,1,1,0,6,0.2
2023,GO,Centro-Oeste,Deficiência do Sistema de Iluminação/Sinalização,Manhã,1,0,0,0,1,0.0
2023,GO,Centro-Oeste,Deficiência do Sistema de Iluminação/Sinalização,Noite,5,3,3,2,9,0.6
2023,GO,Centro-Oeste,Demais Fenômenos da natureza,Manhã,2,1,0,1,2,0.5
2023,GO,Centro-Oeste,Demais falhas mecânicas ou elétricas,Madrugada,11,0,0,0,0,0.0
2023,GO,Centro-Oeste,Demais falhas mecânicas ou elétricas,Manhã,30,7,0,7,26,0.233333
2023,GO,Centro-Oeste,Demais falhas mecânicas ou elétricas,Noite,41,1,0,2,16,0.02439
2023,GO,Centro-Oeste,Demais falhas mecânicas ou elétricas,Tarde,50,5,0,7,43,0.1
2023,GO,Centro-Oeste,Demais falhas na via,Madrugada,1,1,0,1,1,1.0
2023,GO,Centro-Oeste,Demais falhas na via,Manhã,3,1,0,1,2,0.333333
2023,GO,Centro-Oeste,Demais falhas na via,Noite,7,0,0,0,12,0.0
2023,GO,Centro-Oeste,Demais falhas na via,Tarde,4,0,0,0,4,0.0
2023,GO,Centro-Oeste,Desrespeitar a preferência no cruzamento,Madrugada,4,2,0,2,6,0.5
2023,GO,Centro-Oeste,Desrespeitar a preferência no cruzamento,Manhã,15,2,0,2,14,0.133333
2023,GO,Centro-Oeste,Desrespeitar a preferência no cruzamento,Noite,11,2,0,2,12,0.181818
2023,GO,Centro-Oeste,Desrespeitar a preferência no cruzamento,Tarde,16,3,0,6,24,0.1875
2023,GO,Centro-Oeste,Desvio temporário,Noite,3,2,0,2,3,0.666667
2023,GO,Centro-Oeste,Entrada inopinada do pedestre,Madrugada,2,2,2,0,2,1.0
2023,GO,Centro-Oeste,Entrada inopinada do pedestre,Manhã,5,2,0,2,7,0.4
2023,GO,Centro-Oeste,Entrada inopinada do pedestre,Noite,19,15,4,13,25,0.789474
2023,GO,Centro-Oeste,Entrada inopinada do pedestre,Tarde,11,8,2,6,13,0.727273
2023,GO,Centro-Oeste,Estacionar ou parar em local proibido,Madrugada,2,0,0,0,0,0.0
2023,GO,Centro-Oeste,Estacionar ou parar em local proibido,Manhã,2,1,1,0,3,0.5
2023,GO,Centro-Oeste,Estacionar ou parar em local proibido,Noite,3,1,0,1,3,0.333333
2023,GO,Centro-Oeste,Estacionar ou parar em local proibido,Tarde,1,0,0,0,1,0.0
2023,GO,Centro-Oeste,Faixas de trânsito com largura insuficiente,Tarde,1,0,0,0,0,0.0
2023,GO,Centro-Oeste,Falta de acostamento,Madrugada,1,0,0,0,0,0.0
2023,GO,Centro-Oeste,Falta de acostamento,Manhã,1,0,0,0,1,0.0
2023,GO,Centro-Oeste,Falta de acostamento,Noite,1,0,0,0,0,0.0
2023,GO,Centro-Oeste,Falta de elemento de contenção que evite a saída do leito carroçável,Manhã,1,1,1,1,3,1.0
2023,GO,Centro-Oeste,Falta de elemento de contenção que evite a saída do leito carroçável,Noite,3,2,2,0,6,0.666667
2023,GO,Centro-Oeste,Falta de elemento de contenção que evite a saída do leito carroçável,Tarde,3,0,0,0,2,0.0
2023,GO,Centro-Oeste,Frear bruscamente,Manhã,6,0,0,0,6,0.0
2023,GO,Centro-Oeste,Frear bruscamente,Noite,4,1,0,1,6,0.25
2023,GO,Centro-Oeste,Frear bruscamente,Tarde,8,1,1,2,40,0.125
2023,GO,Centro-Oeste,Iluminação deficiente,Madrugada,3,1,1,0,4,0.333333
2023,GO,Centro-Oeste,Iluminação deficiente,Noite,3,2,1,1,2,0.666667
2023,GO,Centro-Oeste,Iluminação deficiente,Tarde,1,0,0,0,1,0.0
2023,GO,Centro-Oeste,Ingestão de substâncias psicoativas pelo condutor,Madrugada,1,0,0,0,1,0.0
2023,GO,Centro-Oeste,Ingestão de substâncias psicoativas pelo condutor,Noite,3,1,0,1,3,0.333333
2023,GO,Centro-Oeste,Ingestão de substâncias psicoativas pelo condutor,Tarde,2,0,0,0,2,0.0
2023,GO,Centro-Oeste,Ingestão de álcool e/ou substâncias psicoativas pelo pedestre,Madrugada,5,1,0,1,3,0.2
2023,GO,Centro-Oeste,Ingestão de álcool e/ou substâncias psicoativas pelo pedestre,Manhã,2,0,0,0,1,0.0
2023,GO,Centro-Oeste,Ingestão de álcool e/ou substâncias psicoativas pelo pedestre,Noite,12,6,2,5,11,0.5
2023,GO,Centro-Oeste,Ingestão de álcool e/ou substâncias psicoativas pelo pedestre,Tarde,3,3,0,3,3,1.0
2023,GO,Centro-Oeste,Ingestão de álcool ou de substâncias psicoativas pelo pedestre,Manhã,2,1,0,5,9,0.5
2023,GO,Centro-Oeste,Ingestão de álcool ou de substâncias psicoativas pelo pedestre,Noite,6,2,0,2,6,0.333333
2023,GO,Centro-Oeste,Ingestão de álcool ou de substâncias psicoativas pelo pedestre,Tarde,2,1,0,1,1,0.5
2023,GO,Centro-Oeste,Ingestão de álcool pelo condutor,Madrugada,67,16,4,16,66,0.238806
2023,GO,Centro-Oeste,Ingestão de álcool pelo condutor,Manhã,34,10,2,11,44,0.294118
2023,GO,Centro-Oeste,Ingestão de álcool pelo condutor,Noite,95,23,8,23,88,0.242105
2023,GO,Centro-Oeste,Ingestão de álcool pelo condutor,Tarde,52,8,0,9,34,0.153846
2023,GO,Centro-Oeste,Mal súbito do condutor,Madrugada,1,0,0,0,1,0.0
2023,GO,Centro-Oeste,Mal súbito do condutor,Manhã,12,4,0,6,22,0.333333
2023,GO,Centro-Oeste,Mal súbito do condutor,Noite,3,1,0,1,2,0.333333
2023,GO,Centro-Oeste,Mal súbito do condutor,Tarde,13,4,3,2,17,0.307692
2023,GO,Centro-Oeste,Manobra de mudança de faixa,Madrugada,7,2,1,1,4,0.285714
2023,GO,Centro-Oeste,Manobra de mudança de faixa,Manhã,55,11,2,11,68,0.2
2023,GO,Centro-Oeste,Manobra de mudança de faixa,Noite,35,10,1,12,39,0.285714
2023,GO,Centro-Oeste,Manobra de mudança de faixa,Tarde,55,12,3,9,62,0.218182
2023,GO,Centro-Oeste,Modificação proibida,Tarde,1,0,0,0,1,0.0
2023,GO,Centro-Oeste,Neblina,Madrugada,1,0,0,0,1,0.0
2023,GO,Centro-Oeste,Neblina,Manhã,4,1,0,1,5,0.25
2023,GO,Centro-Oeste,Neblina,Noite,1,0,0,0,1,0.0
2023,GO,Centro-Oeste,Objeto estático sobre o leito carroçável,Madrugada,1,0,0,0,1,0.0
2023,GO,Centro-Oeste,Objeto estático sobre o leito carroçável,Manhã,3,0,0,0,3,0.0
2023,GO,Centro-Oeste,Objeto estático sobre o leito carroçável,Noite,7,1,0,1,7,0.142857
2023,GO,Centro-Oeste,Objeto estático sobre o leito carroçável,Tarde,4,0,0,0,5,0.0
2023,GO,Centro-Oeste,Pedestre andava na pista,Madrugada,4,4,4,0,5,1.0
2023,GO,Centro-Oeste,Pedestre andava na pista,Manhã,3,2,2,0,3,0.666667
2023,GO,Centro-Oeste,Pedestre andava na pista,Noite,13,10,6,4,13,0.769231
2023,GO,Centro-Oeste,Pedestre andava na pista,Tarde,4,2,1,2,5,0.5
2023,GO,Centro-Oeste,Pedestre cruzava a pista fora da faixa,Madrugada,2,2,1,1,2,1.0
2023,GO,Centro-Oeste,Pedestre cruzava a pista fora da faixa,Manhã,6,5,1,5,8,0.833333
2023,GO,Centro-Oeste,Pedestre cruzava a pista fora da faixa,Noite,19,14,4,12,26,0.736842
2023,GO,Centro-Oeste,Pedestre cruzava a pista fora da faixa,Tarde,7,5,2,4,10,0.714286
2023,GO,Centro-Oeste,Pista Escorregadia,Madrugada,2,1,0,2,3,0.5
2023,GO,Centro-Oeste,Pista Escorregadia,Manhã,2,1,0,1,2,0.5
2023,GO,Centro-Oeste,Pista Escorregadia,Noite,5,0,0,0,6,0.0
2023,GO,Centro-Oeste,Pista Escorregadia,Tarde,6,0,0,0,8,0.0
2023,GO,Centro-Oeste,Pista esburacada,Manhã,1,0,0,0,0,0.0
2023,GO,Centro-Oeste,Pista esburacada,Noite,6,4,5,3,12,0.666667
2023,GO,Centro-Oeste,Pista esburacada,Tarde,6,0,0,0,6,0.0
2023,GO,Centro-Oeste,Problema com o freio,Madrugada,2,0,0,0,0,0.0
2023,GO,Centro-Oeste,Problema com o freio,Manhã,7,0,0,0,2,0.0
2023,GO,Centro-Oeste,Problema com o freio,Noite,3,1,0,2,3,0.333333
2023,GO,Centro-Oeste,Problema com o freio,Tarde,5,1,1,0,2,0.2
2023,GO,Centro-Oeste,Problema na suspensão,Madrugada,2,0,0,0,2,0.0
2023,GO,Centro-Oeste,Problema na suspensão,Manhã,1,0,0,0,1,0.0
2023,GO,Centro-Oeste,Problema na suspensão,Tarde,3,0,0,0,4,0.0
2023,GO,Centro-Oeste,Reação tardia ou ineficiente do condutor,Madrugada,49,15,4,14,56,0.306122
2023,GO,Centro-Oeste,Reação tardia ou ineficiente do condutor,Manhã,114,22,9,18,145,0.192982
2023,GO,Centro-Oeste,Reação tardia ou ineficiente do condutor,Noite,107,25,3,22,122,0.233645
2023,GO,Centro-Oeste,Reação tardia ou ineficiente do condutor,Tarde,139,37,11,35,181,0.266187
2023,GO,Centro-Oeste,Restrição de visibilidade em curvas horizontais,Manhã,1,0,0,0,1,0.0
2023,GO,Centro-Oeste,Restrição de visibilidade em curvas horizontais,Tarde,1,0,0,0,0,0.0
2023,GO,Centro-Oeste,Retorno proibido,Madrugada,1,1,0,1,1,1.0
2023,GO,Centro-Oeste,Retorno proibido,Manhã,3,0,0,0,4,0.0
2023,GO,Centro-Oeste,Retorno proibido,Noite,1,0,0,0,1,0.0
2023,GO,Centro-Oeste,Retorno proibido,Tarde,5,0,0,0,10,0.0
2023,GO,Centro-Oeste,Sinalização mal posicionada,Tarde,1,0,0,0,0,0.0
2023,GO,Centro-Oeste,Suicídio (presumido),Manhã,1,1,1,0,1,1.0
2023,GO,Centro-Oeste,Suicídio (presumido),Noite,2,1,1,0,2,0.5
2023,GO,Centro-Oeste,Suicídio (presumido),Tarde,1,0,0,0,1,0.0
2023,GO,Centro-Oeste,Trafegar com motocicleta (ou similar) entre as faixas,Manhã,15,5,0,6,18,0.333333
2023,GO,Centro-Oeste,Trafegar com motocicleta (ou similar) entre as faixas,Noite,8,3,0,3,8,0.375
2023,GO,Centro-Oeste,Trafegar com motocicleta (ou similar) entre as faixas,Tarde,9,0,0,0,11,0.0
2023,GO,Centro-Oeste,Transitar na contramão,Madrugada,22,14,15,18,55,0.636364
2023,GO,Centro-Oeste,Transitar na contramão,Manhã,11,7,3,7,17,0.636364
2023,GO,Centro-Oeste,Transitar na contramão,Noite,30,18,10,17,64,0.6
2023,GO,Centro-Oeste,Transitar na contramão,Tarde,18,8,5,7,33,0.444444
2023,GO,Centro-Oeste,Transitar no acostamento,Manhã,2,1,0,1,2,0.5
2023,GO,Centro-Oeste,Transitar no acostamento,Noite,3,1,0,1,2,0.333333
2023,GO,Centro-Oeste,Transitar no acostamento,Tarde,5,2,0,2,5,0.4
2023,GO,Centro-Oeste,Transtornos Mentais (exceto suicidio),Manhã,3,1,1,0,3,0.333333
2023,GO,Centro-Oeste,Transtornos Mentais (exceto suicidio),Noite,1,1,1,0,1,1.0
2023,GO,Centro-Oeste,Ultrapassagem Indevida,Madrugada,6,3,6,2,15,0.5
2023,GO,Centro-Oeste,Ultrapassagem Indevida,Manhã,22,8,5,6,46,0.363636
2023,GO,Centro-Oeste,Ultrapassagem Indevida,Noite,16,12,9,11,38,0.75
2023,GO,Centro-Oeste,Ultrapassagem Indevida,Tarde,23,14,7,11,33,0.608696
2023,GO,Centro-Oeste,Velocidade Incompatível,Madrugada,24,10,1,9,19,0.416667
2023,GO,Centro-Oeste,Velocidade Incompatível,Manhã,55,15,12,17,87,0.272727
2023,GO,Centro-Oeste,Velocidade Incompatível,Noite,67,17,7,16,85,0.253731
2023,GO,Centro-Oeste,Velocidade Incompatível,Tarde,70,29,11,28,90,0.414286
2023,GO,Centro-Oeste,Área urbana sem a presença de local apropriado para a travessia de pedestres,Noite,4,3,1,2,5,0.75
2023,GO,Centro-Oeste,Área urbana sem a presença de local apropriado para a travessia de pedestres,Tarde,5,1,0,1,6,0.2
2023,MA,Nordeste,Acessar a via sem observar a presença dos outros veículos,Madrugada,9,7,4,6,12,0.777778
2023,MA,Nordeste,Acessar a via sem observar a presença dos outros veículos,Manhã,44,21,3,23,58,0.477273
2023,MA,Nordeste,Acessar a via sem observar a presença dos outros veículos,Noite,43,22,7,23,59,0.511628
2023,MA,Nordeste,Acessar a via sem observar a presença dos outros veículos,Tarde,49,23,4,20,61,0.469388
2023,MA,Nordeste,Acesso irregular,Madrugada,1,1,0,1,1,1.0
2023,MA,Nordeste,Acesso irregular,Manhã,8,3,0,4,7,0.375
2023,MA,Nordeste,Acesso irregular,Noite,4,1,0,1,6,0.25
2023,MA,Nordeste,Acesso irregular,Tarde,8,3,1,3,11,0.375
2023,MA,Nordeste,Acostamento em desnível,Madrugada,1,0,0,0,1,0.0
2023,MA,Nordeste,Acostamento em desnível,Manhã,4,1,1,0,3,0.25
2023,MA,Nordeste,Acostamento em desnível,Noite,3,1,1,0,3,0.333333
2023,MA,Nordeste,Acostamento em desnível,Tarde,4,1,0,1,5,0.25
2023,MA,Nordeste,Acumulo de areia ou detritos sobre o pavimento,Manhã,4,0,0,0,3,0.0
2023,MA,Nordeste,Acumulo de areia ou detritos sobre o pavimento,Noite,1,1,1,0,1,1.0
2023,MA,Nordeste,Acumulo de areia ou detritos sobre o pavimento,Tarde,3,0,0,0,3,0.0
2023,MA,Nordeste,Acumulo de água sobre o pavimento,Madrugada,4,1,0,1,4,0.25
2023,MA,Nordeste,Acumulo de água sobre o pavimento,Manhã,2,0,0,0,2,0.0
2023,MA,Nordeste,Acumulo de água sobre o pavimento,Tarde,5,1,1,1,6,0.2
2023,MA,Nordeste,Acumulo de óleo sobre o pavimento,Tarde,3,0,0,0,4,0.0
2023,MA,Nordeste,Afundamento ou ondulação no pavimento,Manhã,1,0,0,0,1,0.0
2023,MA,Nordeste,Animais na Pista,Madrugada,6,2,1,3,5,0.333333
2023,MA,Nordeste,Animais na Pista,Manhã,1,0,0,0,0,0.0
2023,MA,Nordeste,Animais na Pista,Noite,14,7,3,4,15,0.5
2023,MA,Nordeste,Animais na Pista,Tarde,3,1,0,1,4,0.333333
2023,MA,Nordeste,Ausência de reação do condutor,Madrugada,12,5,2,4,9,0.416667
2023,MA,Nordeste,Ausência de reação do condutor,Manhã,31,10,2,10,27,0.322581
2023,MA,Nordeste,Ausência de reação do condutor,Noite,41,27,12,24,66,0.658537
2023,MA,Nordeste,Ausência de reação do condutor,Tarde,36,13,1,13,31,0.361111
2023,MA,Nordeste,Ausência de sinalização,Manhã,1,0,0,0,1,0.0
2023,MA,Nordeste,Ausência de sinalização,Noite,3,1,1,0,6,0.333333
2023,MA,Nordeste,Ausência de sinalização,Tarde,1,0,0,0,1,0.0
2023,MA,Nordeste,Avarias e/ou desgaste excessivo no pneu,Manhã,5,3,2,3,9,0.6
2023,MA,Nordeste,Avarias e/ou desgaste excessivo no pneu,Noite,1,0,0,0,2,0.0
2023,MA,Nordeste,Avarias e/ou desgaste excessivo no pneu,Tarde,5,2,0,2,11,0.4
2023,MA,Nordeste,Carga excessiva e/ou mal acondicionada,Noite,1,0,0,0,0,0.0
2023,MA,Nordeste,Carga excessiva e/ou mal acondicionada,Tarde,2,0,0,0,0,0.0
2023,MA,Nordeste,Chuva,Noite,1,1,1,0,1,1.0
2023,MA,Nordeste,Chuva,Tarde,4,1,0,2,9,0.25
2023,MA,Nordeste,Condutor Dormindo,Madrugada,14,7,4,5,19,0.5
2023,MA,Nordeste,Condutor Dormindo,Manhã,15,7,3,4,25,0.466667
2023,MA,Nordeste,Condutor Dormindo,Noite,5,4,1,3,5,0.8
2023,MA,Nordeste,Condutor Dormindo,Tarde,5,4,1,3,7,0.8
2023,MA,Nordeste,Condutor deixou de manter distância do veículo da frente,Madrugada,3,1,0,1,3,0.333333
2023,MA,Nordeste,Condutor deixou de manter distância do veículo da frente,Manhã,19,10,4,8,34,0.526316
2023,MA,Nordeste,Condutor deixou de manter distância do veículo da frente,Noite,17,3,1,2,15,0.176471
2023,MA,Nordeste,Condutor deixou de manter distância do veículo da frente,Tarde,21,6,3,3,14,0.285714
2023,MA,Nordeste,Condutor desrespeitou a iluminação vermelha do semáforo,Manhã,2,1,0,1,2,0.5
2023,MA,Nordeste,Condutor desrespeitou a iluminação vermelha do semáforo,Noite,4,2,0,2,5,0.5
2023,MA,Nordeste,Condutor desrespeitou a iluminação vermelha do semáforo,Tarde,1,0,0,0,1,0.0
2023,MA,Nordeste,Condutor usando celular,Tarde,1,1,0,2,2,1.0
2023,MA,Nordeste,Conversão proibida,Manhã,7,4,1,3,13,0.571429
2023,MA,Nordeste,Conversão proibida,Noite,4,1,0,1,6,0.25
2023,MA,Nordeste,Conversão proibida,Tarde,7,4,0,4,7,0.571429
2023,MA,Nordeste,Curva acentuada,Tarde,2,1,0,1,1,0.5
2023,MA,Nordeste,Declive acentuado,Manhã,1,1,0,1,2,1.0
2023,MA,Nordeste,Declive acentuado,Tarde,1,1,1,0,1,1.0
2023,MA,Nordeste,Deficiência do Sistema de Iluminação/Sinalização,Madrugada,1,1,0,2,4,1.0
2023,MA,Nordeste,Deficiência do Sistema de Iluminação/Sinalização,Noite,7,5,4,4,13,0.714286
2023,MA,Nordeste,Demais falhas mecânicas ou elétricas,Madrugada,3,0,0,0,0,0.0
2023,MA,Nordeste,Demais falhas mecânicas ou elétricas,Manhã,16,0,0,0,9,0.0
2023,MA,Nordeste,Demais falhas mecânicas ou elétricas,Noite,8,1,1,0,4,0.125
2023,MA,Nordeste,Demais falhas mecânicas ou elétricas,Tarde,18,3,1,2,10,0.166667
2023,MA,Nordeste,Demais falhas na via,Manhã,2,1,1,0,2,0.5
2023,MA,Nordeste,Demais falhas na via,Noite,4,3,1,2,4,0.75
2023,MA,Nordeste,Demais falhas na via,Tarde,1,1,0,1,1,1.0
2023,MA,Nordeste,Desrespeitar a preferência no cruzamento,Manhã,7,2,0,2,10,0.285714
2023,MA,Nordeste,Desrespeitar a preferência no cruzamento,Noite,5,2,1,2,5,0.4
2023,MA,Nordeste,Desrespeitar a preferência no cruzamento,Tarde,6,2,1,2,7,0.333333
2023,MA,Nordeste,Desvio temporário,Noite,1,1,0,1,1,1.0
2023,MA,Nordeste,Entrada inopinada do pedestre,Madrugada,3,2,2,0,3,0.666667
2023,MA,Nordeste,Entrada inopinada do pedestre,Manhã,2,0,0,0,4,0.0
2023,MA,Nordeste,Entrada inopinada do pedestre,Noite,7,6,3,5,11,0.857143
2023,MA,Nordeste,Entrada inopinada do pedestre,Tarde,2,2,1,1,2,1.0
2023,MA,Nordeste,Estacionar ou parar em local proibido,Manhã,2,2,2,1,5,1.0
2023,MA,Nordeste,Estacionar ou parar em local proibido,Noite,4,1,1,0,3,0.25
2023,MA,Nordeste,Estacionar ou parar em local proibido,Tarde,2,0,0,0,3,0.0
2023,MA,Nordeste,Falta de acostamento,Manhã,1,0,0,0,4,0.0
2023,MA,Nordeste,Falta de elemento de contenção que evite a saída do leito carroçável,Manhã,1,1,1,0,1,1.0
2023,MA,Nordeste,Frear bruscamente,Manhã,1,0,0,0,3,0.0
2023,MA,Nordeste,Frear bruscamente,Noite,1,0,0,0,1,0.0
2023,MA,Nordeste,Frear bruscamente,Tarde,1,1,0,1,1,1.0
2023,MA,Nordeste,Fumaça,Tarde,1,0,0,0,1,0.0
2023,MA,Nordeste,Iluminação deficiente,Noite,1,0,0,0,2,0.0
2023,MA,Nordeste,Ingestão de substâncias psicoativas pelo condutor,Noite,2,1,2,0,3,0.5
2023,MA,Nordeste,Ingestão de álcool e/ou substâncias psicoativas pelo pedestre,Madrugada,1,1,1,0,1,1.0
2023,MA,Nordeste,Ingestão de álcool e/ou substâncias psicoativas pelo pedestre,Noite,3,2,1,1,2,0.666667
2023,MA,Nordeste,Ingestão de álcool ou de substâncias psicoativas pelo pedestre,Madrugada,1,0,0,0,0,0.0
2023,MA,Nordeste,Ingestão de álcool ou de substâncias psicoativas pelo pedestre,Noite,1,1,0,1,1,1.0
2023,MA,Nordeste,Ingestão de álcool pelo condutor,Madrugada,15,5,1,7,16,0.333333
2023,MA,Nordeste,Ingestão de álcool pelo condutor,Manhã,5,3,2,8,14,0.6
2023,MA,Nordeste,Ingestão de álcool pelo condutor,Noite,35,13,6,11,38,0.371429
2023,MA,Nordeste,Ingestão de álcool pelo condutor,Tarde,12,4,2,5,16,0.333333
2023,MA,Nordeste,Mal súbito do condutor,Manhã,2,1,1,0,3,0.5
2023,MA,Nordeste,Mal súbito do condutor,Noite,3,3,1,2,4,1.0
2023,MA,Nordeste,Mal súbito do condutor,Tarde,3,2,2,1,5,0.666667
2023,MA,Nordeste,Manobra de mudança de faixa,Madrugada,8,5,5,0,9,0.625
2023,MA,Nordeste,Manobra de mudança de faixa,Manhã,18,11,4,9,21,0.611111
2023,MA,Nordeste,Manobra de mudança de faixa,Noite,28,21,12,20,49,0.75
2023,MA,Nordeste,Manobra de mudança de faixa,Tarde,28,14,10,14,42,0.5
2023,MA,Nordeste,Objeto estático sobre o leito carroçável,Madrugada,2,1,1,0,3,0.5
2023,MA,Nordeste,Objeto estático sobre o leito carroçável,Manhã,1,0,0,0,1,0.0
2023,MA,Nordeste,Objeto estático sobre o leito carroçável,Noite,1,0,0,0,1,0.0
2023,MA,Nordeste,Objeto estático sobre o leito carroçável,Tarde,1,1,1,1,3,1.0
2023,MA,Nordeste,Pedestre andava na pista,Madrugada,2,2,2,0,2,1.0
2023,MA,Nordeste,Pedestre andava na pista,Manhã,2,2,2,0,4,1.0
2023,MA,Nordeste,Pedestre andava na pista,Noite,12,12,6,8,15,1.0
2023,MA,Nordeste,Pedestre andava na pista,Tarde,2,2,1,3,4,1.0
2023,MA,Nordeste,Pedestre cruzava a pista fora da faixa,Madrugada,1,1,1,0,1,1.0
2023,MA,Nordeste,Pedestre cruzava a pista fora da faixa,Manhã,4,3,0,4,8,0.75
2023,MA,Nordeste,Pedestre cruzava a pista fora da faixa,Tarde,3,2,0,2,2,0.666667
2023,MA,Nordeste,Pista Escorregadia,Manhã,3,0,0,0,3,0.0
2023,MA,Nordeste,Pista Escorregadia,Noite,2,0,0,0,0,0.0
2023,MA,Nordeste,Pista Escorregadia,Tarde,2,0,0,0,2,0.0
2023,MA,Nordeste,Pista esburacada,Madrugada,4,2,3,2,6,0.5
2023,MA,Nordeste,Pista esburacada,Manhã,5,1,0,1,3,0.2
2023,MA,Nordeste,Pista esburacada,Noite,8,3,0,4,8,0.375
2023,MA,Nordeste,Pista esburacada,Tarde,5,2,1,2,6,0.4
2023,MA,Nordeste,Problema com o freio,Madrugada,1,0,0,0,0,0.0
2023,MA,Nordeste,Problema com o freio,Tarde,2,1,0,1,2,0.5
2023,MA,Nordeste,Reação tardia ou ineficiente do condutor,Madrugada,15,6,2,10,31,0.4
2023,MA,Nordeste,Reação tardia ou ineficiente do condutor,Manhã,53,17,5,21,66,0.320755
2023,MA,Nordeste,Reação tardia ou ineficiente do condutor,Noite,29,10,3,10,38,0.344828
2023,MA,Nordeste,Reação tardia ou ineficiente do condutor,Tarde,41,18,7,17,57,0.439024
2023,MA,Nordeste,Retorno proibido,Manhã,1,0,0,0,1,0.0
2023,MA,Nordeste,Retorno proibido,Tarde,4,3,2,1,4,0.75
2023,MA,Nordeste,Sinalização encoberta,Noite,1,0,0,0,1,0.0
2023,MA,Nordeste,Sinalização mal posicionada,Manhã,1,0,0,0,0,0.0
2023,MA,Nordeste,Trafegar com motocicleta (ou similar) entre as faixas,Madrugada,1,1,0,3,3,1.0
2023,MA,Nordeste,Trafegar com motocicleta (ou similar) entre as faixas,Manhã,5,0,0,0,5,0.0
2023,MA,Nordeste,Trafegar com motocicleta (ou similar) entre as faixas,Noite,1,1,0,1,1,1.0
2023,MA,Nordeste,Transitar na contramão,Madrugada,16,11,8,5,17,0.6875
2023,MA,Nordeste,Transitar na contramão,Manhã,16,12,9,13,39,0.75
2023,MA,Nordeste,Transitar na contramão,Noite,42,29,21,18,68,0.690476
2023,MA,Nordeste,Transitar na contramão,Tarde,16,13,9,9,23,0.8125
2023,MA,Nordeste,Transitar no acostamento,Manhã,2,0,0,0,3,0.0
2023,MA,Nordeste,Transitar no acostamento,Tarde,2,2,2,0,2,1.0
2023,MA,Nordeste,Ultrapassagem Indevida,Madrugada,2,2,2,2,4,1.0
2023,MA,Nordeste,Ultrapassagem Indevida,Manhã,15,7,4,11,29,0.466667
2023,MA,Nordeste,Ultrapassagem Indevida,Noite,17,11,6,12,30,0.647059
2023,MA,Nordeste,Ultrapassagem Indevida,Tarde,22,16,6,15,25,0.727273
2023,MA,Nordeste,Velocidade Incompatível,Madrugada,1,1,1,0,1,1.0
2023,MA,Nordeste,Velocidade Incompatível,Manhã,5,3,1,3,10,0.6
2023,MA,Nordeste,Velocidade Incompatível,Noite,11,4,2,7,21,0.363636
2023,MA,Nordeste,Velocidade Incompatível,Tarde,9,8,5,10,29,0.888889
2023,MA,Nordeste,Área urbana sem a presença de local apropriado para a travessia de pedestres,Noite,1,1,1,0,1,1.0
2023,MG,Sudeste,Acessar a via sem observar a presença dos outros veículos,Madrugada,19,8,4,10,43,0.421053
2023,MG,Sudeste,Acessar a via sem observar a presença dos outros veículos,Manhã,203,60,8,67,277,0.295567
2023,MG,Sudeste,Acessar a via sem observar a presença dos outros veículos,Noite,169,64,24,57,250,0.378698
2023,MG,Sudeste,Acessar a via sem observar a presença dos outros veículos,Tarde,254,91,12,106,377,0.358268
2023,MG,Sudeste,Acesso irregular,Madrugada,6,1,1,1,9,0.166667
2023,MG,Sudeste,Acesso irregular,Manhã,24,8,2,8,31,0.333333
2023,MG,Sudeste,Acesso irregular,Noite,23,12,0,17,32,0.521739
2023,MG,Sudeste,Acesso irregular,Tarde,31,14,2,14,41,0.451613
2023,MG,Sudeste,Acostamento em desnível,Madrugada,1,0,0,0,0,0.0
2023,MG,Sudeste,Acostamento em desnível,Manhã,8,3,0,6,13,0.375
2023,MG,Sudeste,Acostamento em desnível,Noite,4,0,0,0,0,0.0
2023,MG,Sudeste,Acostamento em desnível,Tarde,4,1,0,1,5,0.25
2023,MG,Sudeste,Acumulo de areia ou detritos sobre o pavimento,Madrugada,1,1,0,1,1,1.0
2023,MG,Sudeste,Acumulo de areia ou detritos sobre o pavimento,Manhã,9,2,1,1,10,0.222222
2023,MG,Sudeste,Acumulo de areia ou detritos sobre o pavimento,Noite,8,5,1,4,10,0.625
2023,MG,Sudeste,Acumulo de areia ou detritos sobre o pavimento,Tarde,8,1,0,1,14,0.125
2023,MG,Sudeste,Acumulo de água sobre o pavimento,Madrugada,5,0,0,0,8,0.0
2023,MG,Sudeste,Acumulo de água sobre o pavimento,Manhã,11,4,0,10,23,0.363636
2023,MG,Sudeste,Acumulo de água sobre o pavimento,Noite,14,0,0,0,19,0.0
2023,MG,Sudeste,Acumulo de água sobre o pavimento,Tarde,45,7,1,8,79,0.155556
2023,MG,Sudeste,Acumulo de óleo sobre o pavimento,Manhã,15,3,0,4,23,0.2
2023,MG,Sudeste,Acumulo de óleo sobre o pavimento,Noite,4,1,0,1,4,0.25
2023,MG,Sudeste,Acumulo de óleo sobre o pavimento,Tarde,12,2,0,2,12,0.166667
2023,MG,Sudeste,Afundamento ou ondulação no pavimento,Madrugada,2,0,0,0,2,0.0
2023,MG,Sudeste,Afundamento ou ondulação no pavimento,Manhã,11,3,1,2,13,0.272727
2023,MG,Sudeste,Afundamento ou ondulação no pavimento,Noite,14,4,1,4,16,0.285714
2023,MG,Sudeste,Afundamento ou ondulação no pavimento,Tarde,11,3,1,2,16,0.272727
2023,MG,Sudeste,Animais na Pista,Madrugada,40,9,2,11,60,0.225
2023,MG,Sudeste,Animais na Pista,Manhã,19,4,0,5,22,0.210526
2023,MG,Sudeste,Animais na Pista,Noite,84,28,4,28,102,0.333333
2023,MG,Sudeste,Animais na Pista,Tarde,23,5,0,5,25,0.217391
2023,MG,Sudeste,Ausência de reação do condutor,Madrugada,191,71,23,88,335,0.371728
2023,MG,Sudeste,Ausência de reação do condutor,Manhã,397,114,17,124,508,0.287154
2023,MG,Sudeste,Ausência de reação do condutor,Noite,355,106,21,101,415,0.298592
2023,MG,Sudeste,Ausência de reação do condutor,Tarde,415,104,22,108,525,0.250602
2023,MG,Sudeste,Ausência de sinalização,Madrugada,4,3,1,2,5,0.75
2023,MG,Sudeste,Ausência de sinalização,Manhã,6,2,0,3,6,0.333333
2023,MG,Sudeste,Ausência de sinalização,Noite,13,5,0,6,17,0.384615
2023,MG,Sudeste,Ausência de sinalização,Tarde,7,2,1,1,8,0.285714
2023,MG,Sudeste,Avarias e/ou desgaste excessivo no pneu,Madrugada,12,1,0,1,14,0.083333
2023,MG,Sudeste,Avarias e/ou desgaste excessivo no pneu,Manhã,58,12,3,14,112,0.206897
2023,MG,Sudeste,Avarias e/ou desgaste excessivo no pneu,Noite,38,2,0,3,50,0.052632
2023,MG,Sudeste,Avarias e/ou desgaste excessivo no pneu,Tarde,68,15,5,23,124,0.220588
2023,MG,Sudeste,Carga excessiva e/ou mal acondicionada,Madrugada,5,1,0,1,5,0.2
2023,MG,Sudeste,Carga excessiva e/ou mal acondicionada,Manhã,12,1,0,1,8,0.083333
2023,MG,Sudeste,Carga excessiva e/ou mal acondicionada,Noite,11,3,0,5,18,0.272727
2023,MG,Sudeste,Carga excessiva e/ou mal acondicionada,Tarde,19,2,0,4,25,0.105263
2023,MG,Sudeste,Chuva,Madrugada,20,8,0,9,45,0.4
2023,MG,Sudeste,Chuva,Manhã,38,8,1,8,55,0.210526
2023,MG,Sudeste,Chuva,Noite,56,12,2,11,76,0.214286
2023,MG,Sudeste,Chuva,Tarde,101,19,3,21,150,0.188119
2023,MG,Sudeste,Condutor Dormindo,Madrugada,176,53,22,87,298,0.301136
2023,MG,Sudeste,Condutor Dormindo,Manhã,117,34,18,47,197,0.290598
2023,MG,Sudeste,Condutor Dormindo,Noite,59,22,4,21,68,0.372881
2023,MG,Sudeste,Condutor Dormindo,Tarde,67,16,3,16,96,0.238806
2023,MG,Sudeste,Condutor deixou de manter distância do veículo da frente,Madrugada,12,4,1,3,15,0.333333
2023,MG,Sudeste,Condutor deixou de manter distância do veículo da frente,Manhã,136,18,3,16,150,0.132353
2023,MG,Sudeste,Condutor deixou de manter distância do veículo da frente,Noite,91,18,1,17,98,0.197802
2023,MG,Sudeste,Condutor deixou de manter distância do veículo da frente,Tarde,165,15,2,14,225,0.090909
2023,MG,Sudeste,Condutor usando celular,Madrugada,2,1,1,0,3,0.5
2023,MG,Sudeste,Condutor usando celular,Manhã,9,4,0,4,13,0.444444
2023,MG,Sudeste,Condutor usando celular,Noite,4,1,0,1,4,0.25
2023,MG,Sudeste,Condutor usando celular,Tarde,10,2,2,1,14,0.2
2023,MG,Sudeste,Conversão proibida,Madrugada,4,1,0,3,9,0.25
2023,MG,Sudeste,Conversão proibida,Manhã,43,15,1,17,64,0.348837
2023,MG,Sudeste,Conversão proibida,Noite,32,17,4,15,45,0.53125
2023,MG,Sudeste,Conversão proibida,Tarde,47,18,7,17,85,0.382979
2023,MG,Sudeste,Curva acentuada,Madrugada,4,0,0,0,4,0.0
2023,MG,Sudeste,Curva acentuada,Manhã,20,5,3,3,24,0.25
2023,MG,Sudeste,Curva acentuada,Noite,7,3,1,2,7,0.428571
2023,MG,Sudeste,Curva acentuada,Tarde,17,6,0,6,19,0.352941
2023,MG,Sudeste,Declive acentuado,Manhã,1,0,0,0,1,0.0
2023,MG,Sudeste,Declive acentuado,Tarde,2,2,0,3,9,1.0
2023,MG,Sudeste,Deficiência do Sistema de Iluminação/Sinalização,Madrugada,2,1,0,1,2,0.5
2023,MG,Sudeste,Deficiência do Sistema de Iluminação/Sinalização,Manhã,2,1,0,1,6,0.5
2023,MG,Sudeste,Deficiência do Sistema de Iluminação/Sinalização,Noite,7,2,0,2,7,0.285714
2023,MG,Sudeste,Deficiência do Sistema de Iluminação/Sinalização,Tarde,2,0,0,0,1,0.0
2023,MG,Sudeste,Demais Fenômenos da natureza,Manhã,4,1,0,4,6,0.25
2023,MG,Sudeste,Demais Fenômenos da natureza,Noite,6,1,0,1,4,0.166667
2023,MG,Sudeste,Demais Fenômenos da natureza,Tarde,3,0,0,0,3,0.0
2023,MG,Sudeste,Demais falhas mecânicas ou elétricas,Madrugada,48,4,3,6,25,0.083333
2023,MG,Sudeste,Demais falhas mecânicas ou elétricas,Manhã,128,18,9,23,152,0.140625
2023,MG,Sudeste,Demais falhas mecânicas ou elétricas,Noite,131,13,1,13,120,0.099237
2023,MG,Sudeste,Demais falhas mecânicas ou elétricas,Tarde,203,26,9,23,164,0.128079
2023,MG,Sudeste,Demais falhas na via,Madrugada,3,0,0,0,2,0.0
2023,MG,Sudeste,Demais falhas na via,Manhã,14,1,0,1,11,0.071429
2023,MG,Sudeste,Demais falhas na via,Noite,18,6,1,5,24,0.333333
2023,MG,Sudeste,Demais falhas na via,Tarde,13,3,0,3,12,0.230769
2023,MG,Sudeste,Desrespeitar a preferência no cruzamento,Madrugada,2,1,0,1,5,0.5
2023,MG,Sudeste,Desrespeitar a preferência no cruzamento,Manhã,39,8,1,7,46,0.205128
2023,MG,Sudeste,Desrespeitar a preferência no cruzamento,Noite,39,10,0,13,67,0.25641
2023,MG,Sudeste,Desrespeitar a preferência no cruzamento,Tarde,53,13,0,14,81,0.245283
2023,MG,Sudeste,Desvio temporário,Manhã,1,1,0,1,3,1.0
2023,MG,Sudeste,Desvio temporário,Noite,3,0,0,0,4,0.0
2023,MG,Sudeste,Desvio temporário,Tarde,1,0,0,0,0,0.0
2023,MG,Sudeste,Entrada inopinada do pedestre,Madrugada,4,4,3,1,4,1.0
2023,MG,Sudeste,Entrada inopinada do pedestre,Manhã,10,6,0,7,13,0.6
2023,MG,Sudeste,Entrada inopinada do pedestre,Noite,32,24,11,17,42,0.75
2023,MG,Sudeste,Entrada inopinada do pedestre,Tarde,19,10,1,9,26,0.526316
2023,MG,Sudeste,Estacionar ou parar em local proibido,Madrugada,4,3,0,3,6,0.75
2023,MG,Sudeste,Estacionar ou parar em local proibido,Manhã,9,2,0,2,14,0.222222
2023,MG,Sudeste,Estacionar ou parar em local proibido,Noite,3,1,0,1,3,0.333333
2023,MG,Sudeste,Estacionar ou parar em local proibido,Tarde,6,2,0,2,6,0.333333
2023,MG,Sudeste,Faixas de trânsito com largura insuficiente,Noite,1,1,0,1,1,1.0
2023,MG,Sudeste,Falta de acostamento,Manhã,1,0,0,0,0,0.0
2023,MG,Sudeste,Falta de acostamento,Noite,6,2,1,1,10,0.333333
2023,MG,Sudeste,Falta de acostamento,Tarde,2,0,0,0,2,0.0
2023,MG,Sudeste,Falta de elemento de contenção que evite a saída do leito carroçável,Madrugada,2,0,0,0,1,0.0
2023,MG,Sudeste,Falta de elemento de contenção que evite a saída do leito carroçável,Manhã,7,1,0,2,16,0.142857
2023,MG,Sudeste,Falta de elemento de contenção que evite a saída do leito carroçável,Noite,1,0,0,0,0,0.0
2023,MG,Sudeste,Falta de elemento de contenção que evite a saída do leito carroçável,Tarde,2,1,1,0,2,0.5
2023,MG,Sudeste,Frear bruscamente,Madrugada,1,0,0,0,2,0.0
2023,MG,Sudeste,Frear bruscamente,Manhã,12,1,0,2,20,0.083333
2023,MG,Sudeste,Frear bruscamente,Noite,8,3,0,3,9,0.375
2023,MG,Sudeste,Frear bruscamente,Tarde,15,2,1,3,20,0.133333
2023,MG,Sudeste,Fumaça,Madrugada,1,1,1,0,4,1.0
2023,MG,Sudeste,Fumaça,Manhã,2,0,0,0,3,0.0
2023,MG,Sudeste,Iluminação deficiente,Madrugada,3,2,2,0,2,0.666667
2023,MG,Sudeste,Iluminação deficiente,Noite,7,6,2,7,11,0.857143
2023,MG,Sudeste,Ingestão de substâncias psicoativas pelo condutor,Madrugada,5,1,1,0,2,0.2
2023,MG,Sudeste,Ingestão de substâncias psicoativas pelo condutor,Noite,4,0,0,0,5,0.0
2023,MG,Sudeste,Ingestão de substâncias psicoativas pelo condutor,Tarde,4,2,2,1,9,0.5
2023,MG,Sudeste,Ingestão de álcool e/ou substâncias psicoativas pelo pedestre,Madrugada,9,2,0,3,5,0.222222
2023,MG,Sudeste,Ingestão de álcool e/ou substâncias psicoativas pelo pedestre,Manhã,1,1,0,1,1,1.0
2023,MG,Sudeste,Ingestão de álcool e/ou substâncias psicoativas pelo pedestre,Noite,14,4,2,3,15,0.285714
2023,MG,Sudeste,Ingestão de álcool e/ou substâncias psicoativas pelo pedestre,Tarde,2,0,0,0,2,0.0
2023,MG,Sudeste,Ingestão de álcool ou de substâncias psicoativas pelo pedestre,Madrugada,1,0,0,0,2,0.0
2023,MG,Sudeste,Ingestão de álcool ou de substâncias psicoativas pelo pedestre,Manhã,1,1,0,1,1,1.0
2023,MG,Sudeste,Ingestão de álcool ou de substâncias psicoativas pelo pedestre,Noite,5,3,2,2,10,0.6
2023,MG,Sudeste,Ingestão de álcool pelo condutor,Madrugada,101,20,5,19,95,0.19802
2023,MG,Sudeste,Ingestão de álcool pelo condutor,Manhã,32,6,2,4,22,0.1875
2023,MG,Sudeste,Ingestão de álcool pelo condutor,Noite,126,27,7,31,116,0.214286
2023,MG,Sudeste,Ingestão de álcool pelo condutor,Tarde,62,13,2,17,66,0.209677
2023,MG,Sudeste,Mal súbito do condutor,Madrugada,1,0,0,0,1,0.0
2023,MG,Sudeste,Mal súbito do condutor,Manhã,26,8,1,7,29,0.307692
2023,MG,Sudeste,Mal súbito do condutor,Noite,17,4,2,3,19,0.235294
2023,MG,Sudeste,Mal súbito do condutor,Tarde,24,8,6,5,39,0.333333
2023,MG,Sudeste,Manobra de mudança de faixa,Madrugada,16,4,2,3,15,0.25
2023,MG,Sudeste,Manobra de mudança de faixa,Manhã,133,23,6,22,195,0.172932
2023,MG,Sudeste,Manobra de mudança de faixa,Noite,92,28,7,28,121,0.304348
2023,MG,Sudeste,Manobra de mudança de faixa,Tarde,114,20,2,21,128,0.175439
2023,MG,Sudeste,Modificação proibida,Madrugada,1,0,0,0,1,0.0
2023,MG,Sudeste,Modificação proibida,Noite,1,0,0,0,1,0.0
2023,MG,Sudeste,Modificação proibida,Tarde,1,0,0,0,1,0.0
2023,MG,Sudeste,Neblina,Madrugada,2,0,0,0,0,0.0
2023,MG,Sudeste,Neblina,Manhã,2,1,0,1,5,0.5
2023,MG,Sudeste,Objeto estático sobre o leito carroçável,Madrugada,7,1,0,1,9,0.142857
2023,MG,Sudeste,Objeto estático sobre o leito carroçável,Manhã,9,1,0,1,9,0.111111
2023,MG,Sudeste,Objeto estático sobre o leito carroçável,Noite,20,1,0,1,24,0.05
2023,MG,Sudeste,Objeto estático sobre o leito carroçável,Tarde,11,2,2,2,18,0.181818
2023,MG,Sudeste,Obras na pista,Madrugada,3,1,0,1,3,0.333333
2023,MG,Sudeste,Obras na pista,Manhã,3,0,0,0,2,0.0
2023,MG,Sudeste,Obras na pista,Noite,5,1,0,1,8,0.2
2023,MG,Sudeste,Obras na pista,Tarde,9,3,0,3,12,0.333333
2023,MG,Sudeste,Obstrução na via,Manhã,3,0,0,0,1,0.0
2023,MG,Sudeste,Obstrução na via,Noite,4,3,0,3,3,0.75
2023,MG,Sudeste,Obstrução na via,Tarde,6,1,0,1,5,0.166667
2023,MG,Sudeste,Pedestre andava na pista,Madrugada,17,14,8,6,17,0.823529
2023,MG,Sudeste,Pedestre andava na pista,Manhã,8,6,2,4,10,0.75
2023,MG,Sudeste,Pedestre andava na pista,Noite,57,44,18,27,62,0.77193
2023,MG,Sudeste,Pedestre andava na pista,Tarde,13,8,2,6,15,0.615385
2023,MG,Sudeste,Pedestre cruzava a pista fora da faixa,Madrugada,5,4,2,2,5,0.8
2023,MG,Sudeste,Pedestre cruzava a pista fora da faixa,Manhã,19,13,2,11,23,0.684211
2023,MG,Sudeste,Pedestre cruzava a pista fora da faixa,Noite,41,30,14,17,52,0.731707
2023,MG,Sudeste,Pedestre cruzava a pista fora da faixa,Tarde,23,14,4,11,29,0.608696
2023,MG,Sudeste,Pista Escorregadia,Madrugada,3,1,0,1,4,0.333333
2023,MG,Sudeste,Pista Escorregadia,Manhã,30,8,2,7,47,0.266667
2023,MG,Sudeste,Pista Escorregadia,Noite,14,4,0,4,17,0.285714
2023,MG,Sudeste,Pista Escorregadia,Tarde,46,9,2,10,68,0.195652
2023,MG,Sudeste,Pista em desnível,Manhã,2,0,0,0,3,0.0
2023,MG,Sudeste,Pista em desnível,Noite,2,1,0,1,2,0.5
2023,MG,Sudeste,Pista em desnível,Tarde,1,0,0,0,1,0.0
2023,MG,Sudeste,Pista esburacada,Madrugada,6,2,0,2,6,0.333333
2023,MG,Sudeste,Pista esburacada,Manhã,18,6,0,8,23,0.333333
2023,MG,Sudeste,Pista esburacada,Noite,22,6,1,12,45,0.272727
2023,MG,Sudeste,Pista esburacada,Tarde,17,4,0,4,32,0.235294
2023,MG,Sudeste,Problema com o freio,Madrugada,4,1,7,23,46,0.25
2023,MG,Sudeste,Problema com o freio,Manhã,24,4,0,6,45,0.166667
2023,MG,Sudeste,Problema com o freio,Noite,10,3,1,3,13,0.3
2023,MG,Sudeste,Problema com o freio,Tarde,13,3,1,4,22,0.230769
2023,MG,Sudeste,Problema na suspensão,Madrugada,2,0,0,0,0,0.0
2023,MG,Sudeste,Problema na suspensão,Manhã,3,0,0,0,4,0.0
2023,MG,Sudeste,Problema na suspensão,Noite,2,0,0,0,1,0.0
2023,MG,Sudeste,Problema na suspensão,Tarde,3,1,0,2,5,0.333333
2023,MG,Sudeste,Reação tardia ou ineficiente do condutor,Madrugada,136,43,8,49,258,0.316176
2023,MG,Sudeste,Reação tardia ou ineficiente do condutor,Manhã,327,72,21,72,441,0.220183
2023,MG,Sudeste,Reação tardia ou ineficiente do condutor,Noite,266,83,21,86,360,0.31203
2023,MG,Sudeste,Reação tardia ou ineficiente do condutor,Tarde,424,95,22,99,551,0.224057
2023,MG,Sudeste,Redutor de velocidade em desacordo,Noite,2,0,0,0,2,0.0
2023,MG,Sudeste,Restrição de visibilidade em curvas horizontais,Noite,2,1,1,0,1,0.5
2023,MG,Sudeste,Restrição de visibilidade em curvas horizontais,Tarde,1,0,0,0,1,0.0
2023,MG,Sudeste,Restrição de visibilidade em curvas verticais,Manhã,2,1,0,1,2,0.5
2023,MG,Sudeste,Retorno proibido,Madrugada,2,1,1,1,4,0.5
2023,MG,Sudeste,Retorno proibido,Manhã,10,2,1,1,17,0.2
2023,MG,Sudeste,Retorno proibido,Noite,11,3,0,3,15,0.272727
2023,MG,Sudeste,Retorno proibido,Tarde,29,12,1,13,44,0.413793
2023,MG,Sudeste,Sinalização encoberta,Noite,1,0,0,0,2,0.0
2023,MG,Sudeste,Sinalização mal posicionada,Madrugada,2,0,0,0,3,0.0
2023,MG,Sudeste,Sinalização mal posicionada,Manhã,2,1,0,1,2,0.5
2023,MG,Sudeste,Sinalização mal posicionada,Noite,3,1,0,2,5,0.333333
2023,MG,Sudeste,Sinalização mal posicionada,Tarde,2,0,0,0,2,0.0
2023,MG,Sudeste,Sistema de drenagem ineficiente,Noite,1,1,0,2,2,1.0
2023,MG,Sudeste,Sistema de drenagem ineficiente,Tarde,1,0,0,0,0,0.0
2023,MG,Sudeste,Suicídio (presumido),Madrugada,1,1,0,1,1,1.0
2023,MG,Sudeste,Suicídio (presumido),Manhã,1,1,1,0,1,1.0
2023,MG,Sudeste,Suicídio (presumido),Noite,2,1,0,1,1,0.5
2023,MG,Sudeste,Suicídio (presumido),Tarde,1,1,0,1,1,1.0
2023,MG,Sudeste,Trafegar com motocicleta (ou similar) entre as faixas,Madrugada,3,1,1,0,3,0.333333
2023,MG,Sudeste,Trafegar com motocicleta (ou similar) entre as faixas,Manhã,38,12,3,12,47,0.315789
2023,MG,Sudeste,Trafegar com motocicleta (ou similar) entre as faixas,Noite,21,7,1,8,28,0.333333
2023,MG,Sudeste,Trafegar com motocicleta (ou similar) entre as faixas,Tarde,32,7,0,7,33,0.21875
2023,MG,Sudeste,Transitar na calçada,Manhã,1,0,0,0,0,0.0
2023,MG,Sudeste,Transitar na calçada,Tarde,1,1,0,1,1,1.0
2023,MG,Sudeste,Transitar na contramão,Madrugada,41,25,16,24,77,0.609756
2023,MG,Sudeste,Transitar na contramão,Manhã,66,43,20,57,155,0.651515
2023,MG,Sudeste,Transitar na contramão,Noite,97,61,28,58,179,0.628866
2023,MG,Sudeste,Transitar na contramão,Tarde,77,43,25,42,148,0.558442
2023,MG,Sudeste,Transitar no acostamento,Madrugada,2,2,1,1,2,1.0
2023,MG,Sudeste,Transitar no acostamento,Manhã,12,5,1,4,13,0.416667
2023,MG,Sudeste,Transitar no acostamento,Noite,15,10,4,9,25,0.666667
2023,MG,Sudeste,Transitar no acostamento,Tarde,14,7,1,8,22,0.5
2023,MG,Sudeste,Transtornos Mentais (exceto suicidio),Madrugada,1,0,0,0,1,0.0
2023,MG,Sudeste,Transtornos Mentais (exceto suicidio),Manhã,1,1,0,1,1,1.0
2023,MG,Sudeste,Ultrapassagem Indevida,Madrugada,12,8,4,10,34,0.666667
2023,MG,Sudeste,Ultrapassagem Indevida,Manhã,61,26,8,37,121,0.42623
2023,MG,Sudeste,Ultrapassagem Indevida,Noite,46,19,13,29,84,0.413043
2023,MG,Sudeste,Ultrapassagem Indevida,Tarde,50,29,9,35,101,0.58
2023,MG,Sudeste,Velocidade Incompatível,Madrugada,138,55,15,64,266,0.398551
2023,MG,Sudeste,Velocidade Incompatível,Manhã,352,97,43,107,501,0.275568
2023,MG,Sudeste,Velocidade Incompatível,Noite,240,72,23,67,306,0.3
2023,MG,Sudeste,Velocidade Incompatível,Tarde,354,101,30,128,593,0.285311
2023,MG,Sudeste,Área urbana sem a presença de local apropriado para a travessia de pedestres,Manhã,1,0,0,0,1,0.0
2023,MG,Sudeste,Área urbana sem a presença de local apropriado para a travessia de pedestres,Noite,6,5,2,4,7,0.833333
2023,MG,Sudeste,Área urbana sem a presença de local apropriado para a travessia de pedestres,Tarde,1,0,0,0,2,0.0
2023,MS,Centro-Oeste,Acessar a via sem observar a presença dos outros veículos,Madrugada,11,3,2,1,10,0.272727
2023,MS,Centro-Oeste,Acessar a via sem observar a presença dos outros veículos,Manhã,64,19,4,16,81,0.296875
2023,MS,Centro-Oeste,Acessar a via sem observar a presença dos outros veículos,Noite,49,19,3,22,71,0.387755
2023,MS,Centro-Oeste,Acessar a via sem observar a presença dos outros veículos,Tarde,70,19,4,19,75,0.271429
2023,MS,Centro-Oeste,Acesso irregular,Noite,5,4,1,4,9,0.8
2023,MS,Centro-Oeste,Acesso irregular,Tarde,6,0,0,0,8,0.0
2023,MS,Centro-Oeste,Acostamento em desnível,Manhã,1,0,0,0,1,0.0
2023,MS,Centro-Oeste,Acostamento em desnível,Noite,1,0,0,0,1,0.0
2023,MS,Centro-Oeste,Acostamento em desnível,Tarde,3,1,0,1,5,0.333333
2023,MS,Centro-Oeste,Acumulo de areia ou detritos sobre o pavimento,Manhã,4,1,0,1,2,0.25
2023,MS,Centro-Oeste,Acumulo de areia ou detritos sobre o pavimento,Noite,3,1,0,1,4,0.333333
2023,MS,Centro-Oeste,Acumulo de água sobre o pavimento,Madrugada,3,0,0,0,4,0.0
2023,MS,Centro-Oeste,Acumulo de água sobre o pavimento,Manhã,3,1,0,1,8,0.333333
2023,MS,Centro-Oeste,Acumulo de água sobre o pavimento,Noite,1,0,0,0,1,0.0
2023,MS,Centro-Oeste,Acumulo de água sobre o pavimento,Tarde,3,0,0,0,6,0.0
2023,MS,Centro-Oeste,Acumulo de óleo sobre o pavimento,Madrugada,2,0,0,0,2,0.0
2023,MS,Centro-Oeste,Acumulo de óleo sobre o pavimento,Tarde,1,0,0,0,1,0.0
2023,MS,Centro-Oeste,Afundamento ou ondulação no pavimento,Madrugada,1,0,0,0,1,0.0
2023,MS,Centro-Oeste,Afundamento ou ondulação no pavimento,Manhã,1,0,0,0,0,0.0
2023,MS,Centro-Oeste,Afundamento ou ondulação no pavimento,Noite,2,1,0,1,2,0.5
2023,MS,Centro-Oeste,Afundamento ou ondulação no pavimento,Tarde,2,0,0,0,2,0.0
2023,MS,Centro-Oeste,Animais na Pista,Madrugada,13,1,1,0,11,0.076923
2023,MS,Centro-Oeste,Animais na Pista,Manhã,5,1,0,1,2,0.2
2023,MS,Centro-Oeste,Animais na Pista,Noite,32,8,4,9,46,0.25
2023,MS,Centro-Oeste,Animais na Pista,Tarde,4,1,0,1,5,0.25
2023,MS,Centro-Oeste,Ausência de reação do condutor,Madrugada,58,17,4,24,88,0.293103
2023,MS,Centro-Oeste,Ausência de reação do condutor,Manhã,101,23,2,23,107,0.227723
2023,MS,Centro-Oeste,Ausência de reação do condutor,Noite,97,39,8,39,112,0.402062
2023,MS,Centro-Oeste,Ausência de reação do condutor,Tarde,101,29,12,23,111,0.287129
2023,MS,Centro-Oeste,Ausência de sinalização,Madrugada,2,2,2,1,4,1.0
2023,MS,Centro-Oeste,Ausência de sinalização,Noite,2,0,0,0,3,0.0
2023,MS,Centro-Oeste,Avarias e/ou desgaste excessivo no pneu,Madrugada,5,1,0,1,4,0.2
2023,MS,Centro-Oeste,Avarias e/ou desgaste excessivo no pneu,Manhã,12,4,0,4,14,0.333333
2023,MS,Centro-Oeste,Avarias e/ou desgaste excessivo no pneu,Noite,2,0,0,0,2,0.0
2023,MS,Centro-Oeste,Avarias e/ou desgaste excessivo no pneu,Tarde,13,4,0,4,20,0.307692
2023,MS,Centro-Oeste,Carga excessiva e/ou mal acondicionada,Madrugada,1,0,0,0,0,0.0
2023,MS,Centro-Oeste,Carga excessiva e/ou mal acondicionada,Manhã,2,0,0,0,1,0.0
2023,MS,Centro-Oeste,Carga excessiva e/ou mal acondicionada,Tarde,3,0,0,0,1,0.0
2023,MS,Centro-Oeste,Chuva,Madrugada,1,0,0,0,1,0.0
2023,MS,Centro-Oeste,Chuva,Manhã,1,1,0,1,1,1.0
2023,MS,Centro-Oeste,Chuva,Noite,3,1,0,1,5,0.333333
2023,MS,Centro-Oeste,Chuva,Tarde,7,0,0,0,6,0.0
2023,MS,Centro-Oeste,Condutor Dormindo,Madrugada,30,10,6,6,35,0.333333
2023,MS,Centro-Oeste,Condutor Dormindo,Manhã,23,8,4,5,27,0.347826
2023,MS,Centro-Oeste,Condutor Dormindo,Noite,11,2,1,3,12,0.181818
2023,MS,Centro-Oeste,Condutor Dormindo,Tarde,13,6,3,12,24,0.461538
2023,MS,Centro-Oeste,Condutor deixou de manter distância do veículo da frente,Madrugada,5,1,1,1,5,0.2
2023,MS,Centro-Oeste,Condutor deixou de manter distância do veículo da frente,Manhã,8,1,0,1,7,0.125
2023,MS,Centro-Oeste,Condutor deixou de manter distância do veículo da frente,Noite,9,2,0,2,8,0.222222
2023,MS,Centro-Oeste,Condutor deixou de manter distância do veículo da frente,Tarde,15,3,0,5,25,0.2
2023,MS,Centro-Oeste,Condutor desrespeitou a iluminação vermelha do semáforo,Tarde,1,0,0,0,1,0.0
2023,MS,Centro-Oeste,Condutor usando celular,Manhã,2,0,0,0,2,0.0
2023,MS,Centro-Oeste,Condutor usando celular,Noite,1,0,0,0,0,0.0
2023,MS,Centro-Oeste,Condutor usando celular,Tarde,2,1,0,1,1,0.5
2023,MS,Centro-Oeste,Conversão proibida,Madrugada,3,1,1,0,5,0.333333
2023,MS,Centro-Oeste,Conversão proibida,Manhã,2,0,0,0,2,0.0
2023,MS,Centro-Oeste,Conversão proibida,Noite,7,1,0,1,6,0.142857
2023,MS,Centro-Oeste,Conversão proibida,Tarde,8,4,1,4,12,0.5
2023,MS,Centro-Oeste,Curva acentuada,Manhã,1,0,0,0,0,0.0
2023,MS,Centro-Oeste,Curva acentuada,Tarde,1,1,0,1,3,1.0
2023,MS,Centro-Oeste,Deficiência do Sistema de Iluminação/Sinalização,Madrugada,1,0,0,0,1,0.0
2023,MS,Centro-Oeste,Deficiência do Sistema de Iluminação/Sinalização,Manhã,1,0,0,0,0,0.0
2023,MS,Centro-Oeste,Deficiência do Sistema de Iluminação/Sinalização,Noite,1,0,0,0,0,0.0
2023,MS,Centro-Oeste,Deixar de acionar o farol da motocicleta (ou similar),Noite,1,1,0,1,1,1.0
2023,MS,Centro-Oeste,Demais Fenômenos da natureza,Manhã,1,0,0,0,0,0.0
2023,MS,Centro-Oeste,Demais falhas mecânicas ou elétricas,Madrugada,18,1,0,1,6,0.055556
2023,MS,Centro-Oeste,Demais falhas mecânicas ou elétricas,Manhã,26,3,0,3,14,0.115385
2023,MS,Centro-Oeste,Demais falhas mecânicas ou elétricas,Noite,17,0,0,0,7,0.0
2023,MS,Centro-Oeste,Demais falhas mecânicas ou elétricas,Tarde,35,4,1,3,26,0.114286
2023,MS,Centro-Oeste,Demais falhas na via,Manhã,1,0,0,0,1,0.0
2023,MS,Centro-Oeste,Demais falhas na via,Tarde,5,0,0,0,6,0.0
2023,MS,Centro-Oeste,Desrespeitar a preferência no cruzamento,Manhã,10,8,2,13,19,0.8
2023,MS,Centro-Oeste,Desrespeitar a preferência no cruzamento,Noite,6,5,0,6,8,0.833333
2023,MS,Centro-Oeste,Desrespeitar a preferência no cruzamento,Tarde,9,3,0,3,15,0.333333
2023,MS,Centro-Oeste,Entrada inopinada do pedestre,Madrugada,3,1,1,0,3,0.333333
2023,MS,Centro-Oeste,Entrada inopinada do pedestre,Manhã,2,1,1,0,4,0.5
2023,MS,Centro-Oeste,Entrada inopinada do pedestre,Noite,6,3,0,3,7,0.5
2023,MS,Centro-Oeste,Entrada inopinada do pedestre,Tarde,2,1,0,1,2,0.5
2023,MS,Centro-Oeste,Estacionar ou parar em local proibido,Madrugada,2,1,0,1,2,0.5
2023,MS,Centro-Oeste,Estacionar ou parar em local proibido,Noite,1,0,0,0,0,0.0
2023,MS,Centro-Oeste,Falta de acostamento,Noite,1,1,0,1,1,1.0
2023,MS,Centro-Oeste,Falta de elemento de contenção que evite a saída do leito carroçável,Madrugada,1,0,0,0,0,0.0
2023,MS,Centro-Oeste,Falta de elemento de contenção que evite a saída do leito carroçável,Manhã,1,0,0,0,2,0.0
2023,MS,Centro-Oeste,Falta de elemento de contenção que evite a saída do leito carroçável,Noite,2,1,1,1,3,0.5
2023,MS,Centro-Oeste,Falta de elemento de contenção que evite a saída do leito carroçável,Tarde,1,0,0,0,1,0.0
2023,MS,Centro-Oeste,Frear bruscamente,Madrugada,1,0,0,0,3,0.0
2023,MS,Centro-Oeste,Frear bruscamente,Manhã,2,0,0,0,3,0.0
2023,MS,Centro-Oeste,Frear bruscamente,Tarde,4,0,0,0,1,0.0
2023,MS,Centro-Oeste,Iluminação deficiente,Noite,5,2,1,1,9,0.4
2023,MS,Centro-Oeste,Ingestão de substâncias psicoativas pelo condutor,Noite,1,0,0,0,1,0.0
2023,MS,Centro-Oeste,Ingestão de substâncias psicoativas pelo condutor,Tarde,1,1,0,2,2,1.0
2023,MS,Centro-Oeste,Ingestão de álcool e/ou substâncias psicoativas pelo pedestre,Noite,1,0,0,0,1,0.0
2023,MS,Centro-Oeste,Ingestão de álcool e/ou substâncias psicoativas pelo pedestre,Tarde,3,1,0,1,3,0.333333
2023,MS,Centro-Oeste,Ingestão de álcool pelo condutor,Madrugada,26,5,0,6,17,0.192308
2023,MS,Centro-Oeste,Ingestão de álcool pelo condutor,Manhã,10,1,1,0,7,0.1
2023,MS,Centro-Oeste,Ingestão de álcool pelo condutor,Noite,37,12,6,8,39,0.324324
2023,MS,Centro-Oeste,Ingestão de álcool pelo condutor,Tarde,28,5,0,7,26,0.178571
2023,MS,Centro-Oeste,Mal súbito do condutor,Madrugada,1,0,0,0,1,0.0
2023,MS,Centro-Oeste,Mal súbito do condutor,Manhã,4,2,2,1,6,0.5
2023,MS,Centro-Oeste,Mal súbito do condutor,Tarde,2,2,2,1,4,1.0
2023,MS,Centro-Oeste,Manobra de mudança de faixa,Madrugada,5,2,0,2,9,0.4
2023,MS,Centro-Oeste,Manobra de mudança de faixa,Manhã,15,2,1,1,19,0.133333
2023,MS,Centro-Oeste,Manobra de mudança de faixa,Noite,15,7,4,10,26,0.466667
2023,MS,Centro-Oeste,Manobra de mudança de faixa,Tarde,19,10,3,9,34,0.526316
2023,MS,Centro-Oeste,Modificação proibida,Manhã,1,0,0,0,0,0.0
2023,MS,Centro-Oeste,Neblina,Manhã,1,1,1,0,1,1.0
2023,MS,Centro-Oeste,Objeto estático sobre o leito carroçável,Madrugada,1,0,0,0,2,0.0
2023,MS,Centro-Oeste,Objeto estático sobre o leito carroçável,Manhã,3,1,0,1,3,0.333333
2023,MS,Centro-Oeste,Objeto estático sobre o leito carroçável,Noite,5,1,1,1,4,0.2
2023,MS,Centro-Oeste,Objeto estático sobre o leito carroçável,Tarde,2,1,0,1,1,0.5
2023,MS,Centro-Oeste,Obras na pista,Tarde,1,0,0,0,2,0.0
2023,MS,Centro-Oeste,Pedestre andava na pista,Madrugada,4,4,3,1,4,1.0
2023,MS,Centro-Oeste,Pedestre andava na pista,Manhã,1,1,0,1,1,1.0
2023,MS,Centro-Oeste,Pedestre andava na pista,Noite,12,10,3,7,14,0.833333
2023,MS,Centro-Oeste,Pedestre andava na pista,Tarde,1,1,1,0,1,1.0
2023,MS,Centro-Oeste,Pedestre cruzava a pista fora da faixa,Manhã,1,1,0,1,1,1.0
2023,MS,Centro-Oeste,Pedestre cruzava a pista fora da faixa,Noite,4,2,0,2,5,0.5
2023,MS,Centro-Oeste,Pedestre cruzava a pista fora da faixa,Tarde,4,3,1,2,5,0.75
2023,MS,Centro-Oeste,Pista Escorregadia,Madrugada,1,0,0,0,1,0.0
2023,MS,Centro-Oeste,Pista Escorregadia,Manhã,1,0,0,0,1,0.0
2023,MS,Centro-Oeste,Pista Escorregadia,Noite,1,0,0,0,0,0.0
2023,MS,Centro-Oeste,Pista Escorregadia,Tarde,4,1,0,2,5,0.25
2023,MS,Centro-Oeste,Pista em desnível,Manhã,1,1,0,1,1,1.0
2023,MS,Centro-Oeste,Pista em desnível,Tarde,1,0,0,0,0,0.0
2023,MS,Centro-Oeste,Pista esburacada,Manhã,3,0,0,0,3,0.0
2023,MS,Centro-Oeste,Pista esburacada,Noite,1,1,0,1,1,1.0
2023,MS,Centro-Oeste,Pista esburacada,Tarde,2,2,0,3,3,1.0
2023,MS,Centro-Oeste,Problema com o freio,Madrugada,1,0,0,0,0,0.0
2023,MS,Centro-Oeste,Problema com o freio,Manhã,2,0,0,0,0,0.0
2023,MS,Centro-Oeste,Problema com o freio,Noite,2,1,0,1,1,0.5
2023,MS,Centro-Oeste,Problema com o freio,Tarde,1,0,0,0,1,0.0
2023,MS,Centro-Oeste,Problema na suspensão,Manhã,1,0,0,0,2,0.0
2023,MS,Centro-Oeste,Reação tardia ou ineficiente do condutor,Madrugada,45,12,7,9,50,0.266667
2023,MS,Centro-Oeste,Reação tardia ou ineficiente do condutor,Manhã,79,23,5,22,96,0.291139
2023,MS,Centro-Oeste,Reação tardia ou ineficiente do condutor,Noite,70,21,5,27,88,0.3
2023,MS,Centro-Oeste,Reação tardia ou ineficiente do condutor,Tarde,92,29,6,32,134,0.315217
2023,MS,Centro-Oeste,Restrição de visibilidade em curvas horizontais,Manhã,2,0,0,0,3,0.0
2023,MS,Centro-Oeste,Retorno proibido,Madrugada,1,0,0,0,1,0.0
2023,MS,Centro-Oeste,Retorno proibido,Manhã,1,0,0,0,1,0.0
2023,MS,Centro-Oeste,Retorno proibido,Noite,1,0,0,0,1,0.0
2023,MS,Centro-Oeste,Retorno proibido,Tarde,3,0,0,0,8,0.0
2023,MS,Centro-Oeste,Sinalização mal posicionada,Manhã,1,0,0,0,1,0.0
2023,MS,Centro-Oeste,Suicídio (presumido),Madrugada,1,0,0,0,1,0.0
2023,MS,Centro-Oeste,Suicídio (presumido),Tarde,1,0,0,0,1,0.0
2023,MS,Centro-Oeste,Trafegar com motocicleta (ou similar) entre as faixas,Noite,1,1,0,1,2,1.0
2023,MS,Centro-Oeste,Trafegar com motocicleta (ou similar) entre as faixas,Tarde,1,1,0,1,1,1.0
2023,MS,Centro-Oeste,Transitar na contramão,Madrugada,8,6,3,10,18,0.75
2023,MS,Centro-Oeste,Transitar na contramão,Manhã,18,9,12,13,37,0.5
2023,MS,Centro-Oeste,Transitar na contramão,Noite,34,22,9,27,53,0.647059
2023,MS,Centro-Oeste,Transitar na contramão,Tarde,17,8,9,2,26,0.470588
2023,MS,Centro-Oeste,Transitar no acostamento,Madrugada,1,1,0,1,2,1.0
2023,MS,Centro-Oeste,Transitar no acostamento,Manhã,4,0,0,0,3,0.0
2023,MS,Centro-Oeste,Transitar no acostamento,Noite,3,2,0,3,5,0.666667
2023,MS,Centro-Oeste,Transitar no acostamento,Tarde,3,2,1,2,4,0.666667
2023,MS,Centro-Oeste,Transtornos Mentais (exceto suicidio),Manhã,1,1,0,1,1,1.0
2023,MS,Centro-Oeste,Transtornos Mentais (exceto suicidio),Tarde,2,1,0,1,2,0.5
2023,MS,Centro-Oeste,Ultrapassagem Indevida,Madrugada,4,3,1,4,7,0.75
2023,MS,Centro-Oeste,Ultrapassagem Indevida,Manhã,14,7,5,6,28,0.5
2023,MS,Centro-Oeste,Ultrapassagem Indevida,Noite,11,6,7,7,34,0.545455
2023,MS,Centro-Oeste,Ultrapassagem Indevida,Tarde,12,5,3,4,14,0.416667
2023,MS,Centro-Oeste,Velocidade Incompatível,Madrugada,12,4,1,4,17,0.333333
2023,MS,Centro-Oeste,Velocidade Incompatível,Manhã,13,3,3,2,15,0.230769
2023,MS,Centro-Oeste,Velocidade Incompatível,Noite,9,3,3,3,10,0.333333
2023,MS,Centro-Oeste,Velocidade Incompatível,Tarde,19,5,4,2,23,0.263158
2023,MS,Centro-Oeste,Área urbana sem a presença de local apropriado para a travessia de pedestres,Manhã,1,0,0,0,1,0.0
2023,MS,Centro-Oeste,Área urbana sem a presença de local apropriado para a travessia de pedestres,Tarde,1,1,0,1,1,1.0
2023,MT,Centro-Oeste,Acessar a via sem observar a presença dos outros veículos,Madrugada,8,4,2,2,6,0.5
2023,MT,Centro-Oeste,Acessar a via sem observar a presença dos outros veículos,Manhã,78,24,5,24,93,0.307692
2023,MT,Centro-Oeste,Acessar a via sem observar a presença dos outros veículos,Noite,56,18,3,17,75,0.321429
2023,MT,Centro-Oeste,Acessar a via sem observar a presença dos outros veículos,Tarde,82,28,2,27,86,0.341463
2023,MT,Centro-Oeste,Acesso irregular,Madrugada,4,3,1,3,4,0.75
2023,MT,Centro-Oeste,Acesso irregular,Manhã,12,3,1,2,15,0.25
2023,MT,Centro-Oeste,Acesso irregular,Noite,12,3,0,3,19,0.25
2023,MT,Centro-Oeste,Acesso irregular,Tarde,9,3,0,3,9,0.333333
2023,MT,Centro-Oeste,Acostamento em desnível,Madrugada,2,0,0,0,3,0.0
2023,MT,Centro-Oeste,Acostamento em desnível,Manhã,6,0,0,0,8,0.0
2023,MT,Centro-Oeste,Acostamento em desnível,Noite,8,2,1,1,8,0.25
2023,MT,Centro-Oeste,Acostamento em desnível,Tarde,17,4,2,5,25,0.235294
2023,MT,Centro-Oeste,Acumulo de areia ou detritos sobre o pavimento,Madrugada,1,0,0,0,1,0.0
2023,MT,Centro-Oeste,Acumulo de areia ou detritos sobre o pavimento,Manhã,1,0,0,0,1,0.0
2023,MT,Centro-Oeste,Acumulo de areia ou detritos sobre o pavimento,Noite,3,1,0,1,3,0.333333
2023,MT,Centro-Oeste,Acumulo de areia ou detritos sobre o pavimento,Tarde,1,0,0,0,0,0.0
2023,MT,Centro-Oeste,Acumulo de água sobre o pavimento,Manhã,5,1,0,1,7,0.2
2023,MT,Centro-Oeste,Acumulo de água sobre o pavimento,Noite,7,1,0,1,5,0.142857
2023,MT,Centro-Oeste,Acumulo de água sobre o pavimento,Tarde,19,5,1,4,28,0.263158
2023,MT,Centro-Oeste,Acumulo de óleo sobre o pavimento,Manhã,2,0,0,0,1,0.0
2023,MT,Centro-Oeste,Acumulo de óleo sobre o pavimento,Noite,2,0,0,0,3,0.0
2023,MT,Centro-Oeste,Afundamento ou ondulação no pavimento,Madrugada,2,1,1,0,2,0.5
2023,MT,Centro-Oeste,Afundamento ou ondulação no pavimento,Manhã,6,4,0,4,8,0.666667
2023,MT,Centro-Oeste,Afundamento ou ondulação no pavimento,Noite,4,0,0,0,4,0.0
2023,MT,Centro-Oeste,Afundamento ou ondulação no pavimento,Tarde,5,1,1,0,7,0.2
2023,MT,Centro-Oeste,Animais na Pista,Madrugada,16,5,0,5,12,0.3125
2023,MT,Centro-Oeste,Animais na Pista,Manhã,6,1,1,0,7,0.166667
2023,MT,Centro-Oeste,Animais na Pista,Noite,29,12,5,9,34,0.413793
2023,MT,Centro-Oeste,Animais na Pista,Tarde,4,0,0,0,1,0.0
2023,MT,Centro-Oeste,Ausência de reação do condutor,Madrugada,42,19,8,18,54,0.452381
2023,MT,Centro-Oeste,Ausência de reação do condutor,Manhã,71,10,1,11,66,0.140845
2023,MT,Centro-Oeste,Ausência de reação do condutor,Noite,104,38,11,33,114,0.365385
2023,MT,Centro-Oeste,Ausência de reação do condutor,Tarde,87,17,4,18,96,0.195402
2023,MT,Centro-Oeste,Ausência de sinalização,Madrugada,4,3,1,2,5,0.75
2023,MT,Centro-Oeste,Ausência de sinalização,Manhã,1,0,0,0,2,0.0
2023,MT,Centro-Oeste,Ausência de sinalização,Noite,5,4,3,3,8,0.8
2023,MT,Centro-Oeste,Ausência de sinalização,Tarde,1,0,0,0,1,0.0
2023,MT,Centro-Oeste,Avarias e/ou desgaste excessivo no pneu,Madrugada,2,0,0,0,3,0.0
2023,MT,Centro-Oeste,Avarias e/ou desgaste excessivo no pneu,Manhã,6,0,0,0,4,0.0
2023,MT,Centro-Oeste,Avarias e/ou desgaste excessivo no pneu,Noite,7,2,0,3,8,0.285714
2023,MT,Centro-Oeste,Avarias e/ou desgaste excessivo no pneu,Tarde,20,5,1,7,23,0.25
2023,MT,Centro-Oeste,Carga excessiva e/ou mal acondicionada,Madrugada,1,0,0,0,0,0.0
2023,MT,Centro-Oeste,Carga excessiva e/ou mal acondicionada,Manhã,4,1,1,4,7,0.25
2023,MT,Centro-Oeste,Carga excessiva e/ou mal acondicionada,Noite,1,1,0,2,3,1.0
2023,MT,Centro-Oeste,Carga excessiva e/ou mal acondicionada,Tarde,6,0,0,0,4,0.0
2023,MT,Centro-Oeste,Chuva,Madrugada,2,1,0,1,1,0.5
2023,MT,Centro-Oeste,Chuva,Manhã,5,2,2,2,7,0.4
2023,MT,Centro-Oeste,Chuva,Noite,19,8,3,6,30,0.421053
2023,MT,Centro-Oeste,Chuva,Tarde,29,8,8,11,44,0.275862
2023,MT,Centro-Oeste,Condutor Dormindo,Madrugada,31,8,1,9,29,0.258065
2023,MT,Centro-Oeste,Condutor Dormindo,Manhã,13,3,3,0,13,0.230769
2023,MT,Centro-Oeste,Condutor Dormindo,Noite,15,3,0,3,15,0.2
2023,MT,Centro-Oeste,Condutor Dormindo,Tarde,7,3,0,7,13,0.428571
2023,MT,Centro-Oeste,Condutor deixou de manter distância do veículo da frente,Madrugada,2,0,0,0,2,0.0
2023,MT,Centro-Oeste,Condutor deixou de manter distância do veículo da frente,Manhã,38,4,1,3,41,0.105263
2023,MT,Centro-Oeste,Condutor deixou de manter distância do veículo da frente,Noite,17,3,0,3,21,0.176471
2023,MT,Centro-Oeste,Condutor deixou de manter distância do veículo da frente,Tarde,48,10,2,9,50,0.208333
2023,MT,Centro-Oeste,Condutor desrespeitou a iluminação vermelha do semáforo,Madrugada,2,1,0,1,2,0.5
2023,MT,Centro-Oeste,Condutor desrespeitou a iluminação vermelha do semáforo,Manhã,2,0,0,0,3,0.0
2023,MT,Centro-Oeste,Condutor desrespeitou a iluminação vermelha do semáforo,Noite,7,2,1,1,12,0.285714
2023,MT,Centro-Oeste,Condutor desrespeitou a iluminação vermelha do semáforo,Tarde,2,0,0,0,3,0.0
2023,MT,Centro-Oeste,Condutor usando celular,Tarde,2,1,1,0,2,0.5
2023,MT,Centro-Oeste,Conversão proibida,Madrugada,2,1,0,3,4,0.5
2023,MT,Centro-Oeste,Conversão proibida,Manhã,9,1,0,1,14,0.111111
2023,MT,Centro-Oeste,Conversão proibida,Noite,7,1,0,1,9,0.142857
2023,MT,Centro-Oeste,Conversão proibida,Tarde,9,4,0,4,10,0.444444
2023,MT,Centro-Oeste,Curva acentuada,Madrugada,2,0,0,0,2,0.0
2023,MT,Centro-Oeste,Curva acentuada,Manhã,4,1,1,0,3,0.25
2023,MT,Centro-Oeste,Curva acentuada,Noite,4,0,0,0,5,0.0
2023,MT,Centro-Oeste,Curva acentuada,Tarde,6,1,0,1,6,0.166667
2023,MT,Centro-Oeste,Declive acentuado,Noite,1,1,0,1,1,1.0
2023,MT,Centro-Oeste,Declive acentuado,Tarde,1,0,0,0,1,0.0
2023,MT,Centro-Oeste,Deficiência do Sistema de Iluminação/Sinalização,Noite,5,1,1,0,3,0.2
2023,MT,Centro-Oeste,Demais Fenômenos da natureza,Manhã,3,0,0,0,0,0.0
2023,MT,Centro-Oeste,Demais Fenômenos da natureza,Noite,1,1,0,1,1,1.0
2023,MT,Centro-Oeste,Demais Fenômenos da natureza,Tarde,3,0,0,0,0,0.0
2023,MT,Centro-Oeste,Demais falhas mecânicas ou elétricas,Madrugada,12,2,0,2,5,0.166667
2023,MT,Centro-Oeste,Demais falhas mecânicas ou elétricas,Manhã,26,4,1,3,24,0.153846
2023,MT,Centro-Oeste,Demais falhas mecânicas ou elétricas,Noite,32,4,2,3,16,0.125
2023,MT,Centro-Oeste,Demais falhas mecânicas ou elétricas,Tarde,52,5,1,4,41,0.096154
2023,MT,Centro-Oeste,Demais falhas na via,Madrugada,1,0,0,0,0,0.0
2023,MT,Centro-Oeste,Demais falhas na via,Manhã,1,0,0,0,0,0.0
2023,MT,Centro-Oeste,Demais falhas na via,Noite,1,0,0,0,1,0.0
2023,MT,Centro-Oeste,Demais falhas na via,Tarde,5,2,0,2,8,0.4
2023,MT,Centro-Oeste,Desrespeitar a preferência no cruzamento,Madrugada,1,0,0,0,2,0.0
2023,MT,Centro-Oeste,Desrespeitar a preferência no cruzamento,Manhã,13,0,0,0,8,0.0
2023,MT,Centro-Oeste,Desrespeitar a preferência no cruzamento,Noite,5,3,0,3,5,0.6
2023,MT,Centro-Oeste,Desrespeitar a preferência no cruzamento,Tarde,8,1,0,1,12,0.125
2023,MT,Centro-Oeste,Desvio temporário,Manhã,2,0,0,0,2,0.0
2023,MT,Centro-Oeste,Entrada inopinada do pedestre,Madrugada,2,2,2,0,2,1.0
2023,MT,Centro-Oeste,Entrada inopinada do pedestre,Manhã,1,0,0,0,4,0.0
2023,MT,Centro-Oeste,Entrada inopinada do pedestre,Noite,5,3,1,2,7,0.6
2023,MT,Centro-Oeste,Entrada inopinada do pedestre,Tarde,4,3,2,1,4,0.75
2023,MT,Centro-Oeste,Estacionar ou parar em local proibido,Manhã,3,1,0,1,2,0.333333
2023,MT,Centro-Oeste,Estacionar ou parar em local proibido,Noite,1,1,0,1,2,1.0
2023,MT,Centro-Oeste,Estacionar ou parar em local proibido,Tarde,2,1,1,0,2,0.5
2023,MT,Centro-Oeste,Faixas de trânsito com largura insuficiente,Tarde,1,0,0,0,1,0.0
2023,MT,Centro-Oeste,Falta de acostamento,Madrugada,1,0,0,0,1,0.0
2023,MT,Centro-Oeste,Falta de acostamento,Manhã,1,0,0,0,0,0.0
2023,MT,Centro-Oeste,Falta de acostamento,Noite,1,1,0,7,39,1.0
2023,MT,Centro-Oeste,Falta de acostamento,Tarde,3,0,0,0,3,0.0
2023,MT,Centro-Oeste,Falta de elemento de contenção que evite a saída do leito carroçável,Manhã,3,1,0,1,2,0.333333
2023,MT,Centro-Oeste,Falta de elemento de contenção que evite a saída do leito carroçável,Tarde,7,1,1,0,5,0.142857
2023,MT,Centro-Oeste,Faróis desregulados,Noite,1,0,0,0,3,0.0
2023,MT,Centro-Oeste,Frear bruscamente,Madrugada,1,0,0,0,1,0.0
2023,MT,Centro-Oeste,Frear bruscamente,Manhã,3,0,0,0,1,0.0
2023,MT,Centro-Oeste,Frear bruscamente,Noite,2,1,0,1,3,0.5
2023,MT,Centro-Oeste,Frear bruscamente,Tarde,4,1,0,1,4,0.25
2023,MT,Centro-Oeste,Fumaça,Manhã,1,0,0,0,0,0.0
2023,MT,Centro-Oeste,Fumaça,Tarde,1,0,0,0,0,0.0
2023,MT,Centro-Oeste,Iluminação deficiente,Noite,6,1,0,1,6,0.166667
2023,MT,Centro-Oeste,Ingestão de substâncias psicoativas pelo condutor,Noite,1,0,0,0,1,0.0
2023,MT,Centro-Oeste,Ingestão de álcool e/ou substâncias psicoativas pelo pedestre,Noite,1,1,1,0,1,1.0
2023,MT,Centro-Oeste,Ingestão de álcool e/ou substâncias psicoativas pelo pedestre,Tarde,1,0,0,0,1,0.0
2023,MT,Centro-Oeste,Ingestão de álcool ou de substâncias psicoativas pelo pedestre,Noite,1,0,0,0,1,0.0
2023,MT,Centro-Oeste,Ingestão de álcool ou de substâncias psicoativas pelo pedestre,Tarde,1,0,0,0,0,0.0
2023,MT,Centro-Oeste,Ingestão de álcool pelo condutor,Madrugada,34,5,2,3,28,0.147059
2023,MT,Centro-Oeste,Ingestão de álcool pelo condutor,Manhã,12,3,1,2,6,0.25
2023,MT,Centro-Oeste,Ingestão de álcool pelo condutor,Noite,51,10,0,10,30,0.196078
2023,MT,Centro-Oeste,Ingestão de álcool pelo condutor,Tarde,41,5,5,3,41,0.121951
2023,MT,Centro-Oeste,Mal súbito do condutor,Madrugada,3,1,0,1,3,0.333333
2023,MT,Centro-Oeste,Mal súbito do condutor,Manhã,9,3,1,2,9,0.333333
2023,MT,Centro-Oeste,Mal súbito do condutor,Noite,1,1,0,1,1,1.0
2023,MT,Centro-Oeste,Mal súbito do condutor,Tarde,5,3,4,2,10,0.6
2023,MT,Centro-Oeste,Manobra de mudança de faixa,Madrugada,8,4,2,6,21,0.5
2023,MT,Centro-Oeste,Manobra de mudança de faixa,Manhã,24,10,2,10,28,0.416667
2023,MT,Centro-Oeste,Manobra de mudança de faixa,Noite,26,14,13,8,35,0.538462
2023,MT,Centro-Oeste,Manobra de mudança de faixa,Tarde,33,9,2,10,37,0.272727
2023,MT,Centro-Oeste,Modificação proibida,Tarde,1,0,0,0,0,0.0
2023,MT,Centro-Oeste,Neblina,Madrugada,1,0,0,0,1,0.0
2023,MT,Centro-Oeste,Neblina,Manhã,1,1,0,1,1,1.0
2023,MT,Centro-Oeste,Neblina,Noite,1,0,0,0,1,0.0
2023,MT,Centro-Oeste,Objeto estático sobre o leito carroçável,Manhã,2,0,0,0,3,0.0
2023,MT,Centro-Oeste,Objeto estático sobre o leito carroçável,Noite,2,1,0,1,2,0.5
2023,MT,Centro-Oeste,Objeto estático sobre o leito carroçável,Tarde,2,1,0,1,1,0.5
2023,MT,Centro-Oeste,Obras na pista,Tarde,3,0,0,0,3,0.0
2023,MT,Centro-Oeste,Obstrução na via,Tarde,2,1,0,1,1,0.5
2023,MT,Centro-Oeste,Pedestre andava na pista,Madrugada,3,3,2,1,3,1.0
2023,MT,Centro-Oeste,Pedestre andava na pista,Manhã,1,1,0,1,1,1.0
2023,MT,Centro-Oeste,Pedestre andava na pista,Noite,6,3,3,0,7,0.5
2023,MT,Centro-Oeste,Pedestre andava na pista,Tarde,1,1,1,0,1,1.0
2023,MT,Centro-Oeste,Pedestre cruzava a pista fora da faixa,Madrugada,2,1,1,0,2,0.5
2023,MT,Centro-Oeste,Pedestre cruzava a pista fora da faixa,Manhã,3,1,0,1,4,0.333333
2023,MT,Centro-Oeste,Pedestre cruzava a pista fora da faixa,Noite,2,1,1,0,2,0.5
2023,MT,Centro-Oeste,Pedestre cruzava a pista fora da faixa,Tarde,1,1,0,1,1,1.0
2023,MT,Centro-Oeste,Pista Escorregadia,Madrugada,1,0,0,0,1,0.0
2023,MT,Centro-Oeste,Pista Escorregadia,Manhã,5,1,0,1,6,0.2
2023,MT,Centro-Oeste,Pista Escorregadia,Noite,4,1,0,1,4,0.25
2023,MT,Centro-Oeste,Pista Escorregadia,Tarde,6,1,2,0,9,0.166667
2023,MT,Centro-Oeste,Pista em desnível,Manhã,1,0,0,0,1,0.0
2023,MT,Centro-Oeste,Pista esburacada,Madrugada,2,0,0,0,1,0.0
2023,MT,Centro-Oeste,Pista esburacada,Manhã,5,1,0,1,9,0.2
2023,MT,Centro-Oeste,Pista esburacada,Noite,3,0,0,0,4,0.0
2023,MT,Centro-Oeste,Pista esburacada,Tarde,8,3,0,3,9,0.375
2023,MT,Centro-Oeste,Problema com o freio,Madrugada,1,0,0,0,1,0.0
2023,MT,Centro-Oeste,Problema com o freio,Manhã,7,2,2,0,5,0.285714
2023,MT,Centro-Oeste,Problema com o freio,Noite,1,0,0,0,0,0.0
2023,MT,Centro-Oeste,Problema com o freio,Tarde,7,0,0,0,5,0.0
2023,MT,Centro-Oeste,Problema na suspensão,Tarde,2,1,0,1,2,0.5
2023,MT,Centro-Oeste,Reação tardia ou ineficiente do condutor,Madrugada,57,18,10,17,70,0.315789
2023,MT,Centro-Oeste,Reação tardia ou ineficiente do condutor,Manhã,115,24,8,19,128,0.208696
2023,MT,Centro-Oeste,Reação tardia ou ineficiente do condutor,Noite,108,35,15,29,122,0.324074
2023,MT,Centro-Oeste,Reação tardia ou ineficiente do condutor,Tarde,124,36,8,38,167,0.290323
2023,MT,Centro-Oeste,Restrição de visibilidade em curvas horizontais,Manhã,1,0,0,0,1,0.0
2023,MT,Centro-Oeste,Retorno proibido,Madrugada,1,0,0,0,1,0.0
2023,MT,Centro-Oeste,Retorno proibido,Manhã,5,1,0,1,6,0.2
2023,MT,Centro-Oeste,Retorno proibido,Tarde,4,1,0,1,6,0.25
2023,MT,Centro-Oeste,Sinalização mal posicionada,Manhã,1,0,0,0,1,0.0
2023,MT,Centro-Oeste,Sinalização mal posicionada,Tarde,1,1,0,1,1,1.0
2023,MT,Centro-Oeste,Suicídio (presumido),Tarde,1,1,1,0,1,1.0
2023,MT,Centro-Oeste,Trafegar com motocicleta (ou similar) entre as faixas,Manhã,1,0,0,0,1,0.0
2023,MT,Centro-Oeste,Transitar na calçada,Tarde,1,0,0,0,1,0.0
2023,MT,Centro-Oeste,Transitar na contramão,Madrugada,21,17,11,17,94,0.809524
2023,MT,Centro-Oeste,Transitar na contramão,Manhã,17,9,3,8,19,0.529412
2023,MT,Centro-Oeste,Transitar na contramão,Noite,28,17,19,14,48,0.607143
2023,MT,Centro-Oeste,Transitar na contramão,Tarde,23,19,18,19,58,0.826087
2023,MT,Centro-Oeste,Transitar no acostamento,Manhã,1,1,0,1,1,1.0
2023,MT,Centro-Oeste,Transitar no acostamento,Noite,2,0,0,0,3,0.0
2023,MT,Centro-Oeste,Transitar no acostamento,Tarde,1,1,0,1,1,1.0
2023,MT,Centro-Oeste,Transtornos Mentais (exceto suicidio),Manhã,1,0,0,0,1,0.0
2023,MT,Centro-Oeste,Ultrapassagem Indevida,Madrugada,11,4,2,2,12,0.363636
2023,MT,Centro-Oeste,Ultrapassagem Indevida,Manhã,29,15,11,15,51,0.517241
2023,MT,Centro-Oeste,Ultrapassagem Indevida,Noite,29,15,13,11,51,0.517241
2023,MT,Centro-Oeste,Ultrapassagem Indevida,Tarde,39,14,7,17,55,0.358974
2023,MT,Centro-Oeste,Velocidade Incompatível,Madrugada,8,4,1,4,11,0.5
2023,MT,Centro-Oeste,Velocidade Incompatível,Manhã,22,5,1,6,23,0.227273
2023,MT,Centro-Oeste,Velocidade Incompatível,Noite,15,5,2,3,20,0.333333
2023,MT,Centro-Oeste,Velocidade Incompatível,Tarde,30,6,4,2,39,0.2
2023,MT,Centro-Oeste,Área urbana sem a presença de local apropriado para a travessia de pedestres,Manhã,1,1,1,0,2,1.0
2023,PA,Norte,Acessar a via sem observar a presença dos outros veículos,Madrugada,6,2,0,2,7,0.333333
2023,PA,Norte,Acessar a via sem observar a presença dos outros veículos,Manhã,34,19,5,18,43,0.558824
2023,PA,Norte,Acessar a via sem observar a presença dos outros veículos,Noite,24,13,6,9,30,0.541667
2023,PA,Norte,Acessar a via sem observar a presença dos outros veículos,Tarde,34,13,1,12,32,0.382353
2023,PA,Norte,Acesso irregular,Manhã,1,1,0,1,4,1.0
2023,PA,Norte,Acesso irregular,Noite,2,1,0,1,2,0.5
2023,PA,Norte,Acesso irregular,Tarde,1,0,0,0,1,0.0
2023,PA,Norte,Acostamento em desnível,Madrugada,1,0,0,0,1,0.0
2023,PA,Norte,Acostamento em desnível,Manhã,3,2,2,0,3,0.666667
2023,PA,Norte,Acostamento em desnível,Noite,2,0,0,0,2,0.0
2023,PA,Norte,Acostamento em desnível,Tarde,1,0,0,0,0,0.0
2023,PA,Norte,Acumulo de areia ou detritos sobre o pavimento,Noite,2,1,0,2,5,0.5
2023,PA,Norte,Acumulo de areia ou detritos sobre o pavimento,Tarde,2,0,0,0,2,0.0
2023,PA,Norte,Acumulo de água sobre o pavimento,Tarde,2,1,0,2,5,0.5
2023,PA,Norte,Afundamento ou ondulação no pavimento,Manhã,2,0,0,0,6,0.0
2023,PA,Norte,Afundamento ou ondulação no pavimento,Noite,1,1,0,1,2,1.0
2023,PA,Norte,Afundamento ou ondulação no pavimento,Tarde,1,0,0,0,1,0.0
2023,PA,Norte,Animais na Pista,Madrugada,10,3,3,1,12,0.3
2023,PA,Norte,Animais na Pista,Manhã,2,1,1,0,2,0.5
2023,PA,Norte,Animais na Pista,Noite,8,5,2,6,8,0.625
2023,PA,Norte,Ausência de reação do condutor,Madrugada,32,21,18,15,47,0.65625
2023,PA,Norte,Ausência de reação do condutor,Manhã,35,17,6,12,41,0.485714
2023,PA,Norte,Ausência de reação do condutor,Noite,52,29,19,20,71,0.557692
2023,PA,Norte,Ausência de reação do condutor,Tarde,38,17,6,13,45,0.447368
2023,PA,Norte,Ausência de sinalização,Madrugada,1,0,0,0,1,0.0
2023,PA,Norte,Ausência de sinalização,Manhã,1,0,0,0,0,0.0
2023,PA,Norte,Ausência de sinalização,Noite,1,1,2,1,7,1.0
2023,PA,Norte,Ausência de sinalização,Tarde,2,0,0,0,0,0.0
2023,PA,Norte,Avarias e/ou desgaste excessivo no pneu,Madrugada,1,1,1,0,1,1.0
2023,PA,Norte,Avarias e/ou desgaste excessivo no pneu,Manhã,4,2,0,2,9,0.5
2023,PA,Norte,Avarias e/ou desgaste excessivo no pneu,Tarde,3,0,0,0,3,0.0
2023,PA,Norte,Carga excessiva e/ou mal acondicionada,Madrugada,1,0,0,0,0,0.0
2023,PA,Norte,Chuva,Madrugada,1,0,0,0,1,0.0
2023,PA,Norte,Chuva,Noite,2,0,0,0,2,0.0
2023,PA,Norte,Chuva,Tarde,2,0,0,0,2,0.0
2023,PA,Norte,Condutor Dormindo,Madrugada,2,1,0,1,2,0.5
2023,PA,Norte,Condutor Dormindo,Manhã,1,0,0,0,1,0.0
2023,PA,Norte,Condutor Dormindo,Noite,1,0,0,0,1,0.0
2023,PA,Norte,Condutor Dormindo,Tarde,4,2,0,2,5,0.5
2023,PA,Norte,Condutor deixou de manter distância do veículo da frente,Madrugada,1,0,0,0,1,0.0
2023,PA,Norte,Condutor deixou de manter distância do veículo da frente,Manhã,9,0,0,0,16,0.0
2023,PA,Norte,Condutor deixou de manter distância do veículo da frente,Noite,9,4,1,6,44,0.444444
2023,PA,Norte,Condutor deixou de manter distância do veículo da frente,Tarde,18,5,1,5,24,0.277778
2023,PA,Norte,Condutor desrespeitou a iluminação vermelha do semáforo,Manhã,3,1,0,1,3,0.333333
2023,PA,Norte,Conversão proibida,Madrugada,1,1,0,1,3,1.0
2023,PA,Norte,Conversão proibida,Manhã,1,0,0,0,1,0.0
2023,PA,Norte,Conversão proibida,Noite,2,2,1,1,2,1.0
2023,PA,Norte,Conversão proibida,Tarde,7,1,1,1,10,0.142857
2023,PA,Norte,Curva acentuada,Madrugada,1,1,0,2,2,1.0
2023,PA,Norte,Curva acentuada,Manhã,2,2,0,2,2,1.0
2023,PA,Norte,Curva acentuada,Noite,3,1,0,1,5,0.333333
2023,PA,Norte,Curva acentuada,Tarde,1,1,0,1,1,1.0
2023,PA,Norte,Deficiência do Sistema de Iluminação/Sinalização,Madrugada,1,1,0,1,2,1.0
2023,PA,Norte,Deficiência do Sistema de Iluminação/Sinalização,Noite,2,1,0,2,6,0.5
2023,PA,Norte,Demais Fenômenos da natureza,Noite,1,1,0,1,1,1.0
2023,PA,Norte,Demais falhas mecânicas ou elétricas,Madrugada,1,0,0,0,0,0.0
2023,PA,Norte,Demais falhas mecânicas ou elétricas,Manhã,7,5,3,3,15,0.714286
2023,PA,Norte,Demais falhas mecânicas ou elétricas,Noite,9,0,0,0,6,0.0
2023,PA,Norte,Demais falhas mecânicas ou elétricas,Tarde,16,1,0,2,6,0.0625
2023,PA,Norte,Demais falhas na via,Madrugada,1,1,0,1,1,1.0
2023,PA,Norte,Demais falhas na via,Noite,3,1,0,1,2,0.333333
2023,PA,Norte,Demais falhas na via,Tarde,2,1,0,2,3,0.5
2023,PA,Norte,Desrespeitar a preferência no cruzamento,Madrugada,1,1,0,1,1,1.0
2023,PA,Norte,Desrespeitar a preferência no cruzamento,Manhã,1,1,0,1,2,1.0
2023,PA,Norte,Desrespeitar a preferência no cruzamento,Noite,2,2,0,2,3,1.0
2023,PA,Norte,Desvio temporário,Tarde,1,1,1,4,6,1.0
2023,PA,Norte,Entrada inopinada do pedestre,Madrugada,1,1,1,0,1,1.0
2023,PA,Norte,Entrada inopinada do pedestre,Manhã,4,3,2,1,3,0.75
2023,PA,Norte,Entrada inopinada do pedestre,Noite,11,10,6,6,13,0.909091
2023,PA,Norte,Entrada inopinada do pedestre,Tarde,1,1,1,0,1,1.0
2023,PA,Norte,Estacionar ou parar em local proibido,Noite,1,1,1,0,1,1.0
2023,PA,Norte,Falta de elemento de contenção que evite a saída do leito carroçável,Madrugada,1,1,1,0,1,1.0
2023,PA,Norte,Falta de elemento de contenção que evite a saída do leito carroçável,Manhã,1,1,0,1,1,1.0
2023,PA,Norte,Frear bruscamente,Manhã,5,1,0,1,6,0.2
2023,PA,Norte,Iluminação deficiente,Noite,4,2,1,1,3,0.5
2023,PA,Norte,Ingestão de substâncias psicoativas pelo condutor,Madrugada,1,1,1,1,2,1.0
2023,PA,Norte,Ingestão de substâncias psicoativas pelo condutor,Noite,2,0,0,0,0,0.0
2023,PA,Norte,Ingestão de álcool e/ou substâncias psicoativas pelo pedestre,Noite,1,0,0,0,1,0.0
2023,PA,Norte,Ingestão de álcool pelo condutor,Madrugada,7,3,1,4,9,0.428571
2023,PA,Norte,Ingestão de álcool pelo condutor,Manhã,8,1,0,1,7,0.125
2023,PA,Norte,Ingestão de álcool pelo condutor,Noite,18,6,1,6,17,0.333333
2023,PA,Norte,Ingestão de álcool pelo condutor,Tarde,13,5,1,5,17,0.384615
2023,PA,Norte,Mal súbito do condutor,Manhã,1,0,0,0,1,0.0
2023,PA,Norte,Mal súbito do condutor,Noite,1,0,0,0,1,0.0
2023,PA,Norte,Mal súbito do condutor,Tarde,1,1,1,0,1,1.0
2023,PA,Norte,Manobra de mudança de faixa,Madrugada,9,5,3,3,7,0.555556
2023,PA,Norte,Manobra de mudança de faixa,Manhã,12,4,2,4,19,0.333333
2023,PA,Norte,Manobra de mudança de faixa,Noite,13,9,5,8,21,0.692308
2023,PA,Norte,Manobra de mudança de faixa,Tarde,20,10,12,10,33,0.5
2023,PA,Norte,Neblina,Madrugada,2,1,1,0,2,0.5
2023,PA,Norte,Objeto estático sobre o leito carroçável,Madrugada,2,1,0,1,2,0.5
2023,PA,Norte,Objeto estático sobre o leito carroçável,Noite,1,1,1,0,1,1.0
2023,PA,Norte,Objeto estático sobre o leito carroçável,Tarde,1,0,0,0,2,0.0
2023,PA,Norte,Obras na pista,Tarde,1,0,0,0,1,0.0
2023,PA,Norte,Pedestre andava na pista,Madrugada,5,5,3,2,5,1.0
2023,PA,Norte,Pedestre andava na pista,Noite,2,2,1,1,2,1.0
2023,PA,Norte,Pedestre cruzava a pista fora da faixa,Madrugada,1,1,1,0,1,1.0
2023,PA,Norte,Pedestre cruzava a pista fora da faixa,Manhã,1,1,0,1,1,1.0
2023,PA,Norte,Pedestre cruzava a pista fora da faixa,Noite,1,0,0,0,2,0.0
2023,PA,Norte,Pista Escorregadia,Madrugada,1,0,0,0,0,0.0
2023,PA,Norte,Pista Escorregadia,Noite,1,1,1,0,1,1.0
2023,PA,Norte,Pista Escorregadia,Tarde,5,2,1,1,2,0.4
2023,PA,Norte,Pista esburacada,Madrugada,2,1,0,1,1,0.5
2023,PA,Norte,Pista esburacada,Manhã,6,1,0,1,11,0.166667
2023,PA,Norte,Pista esburacada,Noite,3,0,0,0,4,0.0
2023,PA,Norte,Pista esburacada,Tarde,5,2,0,2,4,0.4
2023,PA,Norte,Problema com o freio,Manhã,3,1,0,1,2,0.333333
2023,PA,Norte,Problema com o freio,Noite,1,0,0,0,0,0.0
2023,PA,Norte,Problema na suspensão,Manhã,1,0,0,0,1,0.0
2023,PA,Norte,Reação tardia ou ineficiente do condutor,Madrugada,21,10,6,7,24,0.47619
2023,PA,Norte,Reação tardia ou ineficiente do condutor,Manhã,45,15,4,13,50,0.333333
2023,PA,Norte,Reação tardia ou ineficiente do condutor,Noite,33,14,7,15,41,0.424242
2023,PA,Norte,Reação tardia ou ineficiente do condutor,Tarde,50,20,15,15,70,0.4
2023,PA,Norte,Retorno proibido,Noite,1,1,0,1,1,1.0
2023,PA,Norte,Retorno proibido,Tarde,2,2,1,1,2,1.0
2023,PA,Norte,Suicídio (presumido),Noite,1,1,1,0,1,1.0
2023,PA,Norte,Trafegar com motocicleta (ou similar) entre as faixas,Tarde,1,0,0,0,1,0.0
2023,PA,Norte,Transitar na calçada,Madrugada,1,1,0,3,4,1.0
2023,PA,Norte,Transitar na contramão,Madrugada,11,9,7,10,20,0.818182
2023,PA,Norte,Transitar na contramão,Manhã,10,6,3,4,15,0.6
2023,PA,Norte,Transitar na contramão,Noite,23,18,11,17,39,0.782609
2023,PA,Norte,Transitar na contramão,Tarde,20,13,8,11,25,0.65
2023,PA,Norte,Transitar no acostamento,Madrugada,1,1,0,2,3,1.0
2023,PA,Norte,Transitar no acostamento,Noite,1,0,0,0,3,0.0
2023,PA,Norte,Ultrapassagem Indevida,Manhã,15,6,3,3,15,0.4
2023,PA,Norte,Ultrapassagem Indevida,Noite,7,6,3,5,22,0.857143
2023,PA,Norte,Ultrapassagem Indevida,Tarde,14,10,2,15,25,0.714286
2023,PA,Norte,Velocidade Incompatível,Madrugada,3,1,1,0,3,0.333333
2023,PA,Norte,Velocidade Incompatível,Manhã,10,1,0,1,15,0.1
2023,PA,Norte,Velocidade Incompatível,Noite,6,3,2,1,6,0.5
2023,PA,Norte,Velocidade Incompatível,Tarde,12,8,4,4,12,0.666667
2023,PA,Norte,Área urbana sem a presença de local apropriado para a travessia de pedestres,Noite,1,0,0,0,1,0.0
2023,PB,Nordeste,Acessar a via sem observar a presença dos outros veículos,Madrugada,3,2,1,2,10,0.666667
2023,PB,Nordeste,Acessar a via sem observar a presença dos outros veículos,Manhã,38,15,2,15,47,0.394737
2023,PB,Nordeste,Acessar a via sem observar a presença dos outros veículos,Noite,38,15,2,15,45,0.394737
2023,PB,Nordeste,Acessar a via sem observar a presença dos outros veículos,Tarde,58,26,7,27,91,0.448276
2023,PB,Nordeste,Acesso irregular,Madrugada,2,2,1,1,2,1.0
2023,PB,Nordeste,Acesso irregular,Manhã,3,1,0,1,4,0.333333
2023,PB,Nordeste,Acesso irregular,Noite,5,3,0,5,7,0.6
2023,PB,Nordeste,Acesso irregular,Tarde,4,3,1,3,6,0.75
2023,PB,Nordeste,Acostamento em desnível,Madrugada,1,0,0,0,1,0.0
2023,PB,Nordeste,Acostamento em desnível,Manhã,2,0,0,0,3,0.0
2023,PB,Nordeste,Acostamento em desnível,Noite,2,1,1,0,3,0.5
2023,PB,Nordeste,Acostamento em desnível,Tarde,4,2,1,1,5,0.5
2023,PB,Nordeste,Acumulo de areia ou detritos sobre o pavimento,Madrugada,2,1,0,1,3,0.5
2023,PB,Nordeste,Acumulo de areia ou detritos sobre o pavimento,Manhã,1,0,0,0,1,0.0
2023,PB,Nordeste,Acumulo de areia ou detritos sobre o pavimento,Noite,5,2,0,2,8,0.4
2023,PB,Nordeste,Acumulo de areia ou detritos sobre o pavimento,Tarde,6,4,0,4,7,0.666667
2023,PB,Nordeste,Acumulo de água sobre o pavimento,Madrugada,1,0,0,0,0,0.0
2023,PB,Nordeste,Acumulo de água sobre o pavimento,Manhã,3,0,0,0,3,0.0
2023,PB,Nordeste,Acumulo de água sobre o pavimento,Noite,2,0,0,0,1,0.0
2023,PB,Nordeste,Acumulo de água sobre o pavimento,Tarde,5,2,1,3,8,0.4
2023,PB,Nordeste,Acumulo de óleo sobre o pavimento,Manhã,3,1,0,1,3,0.333333
2023,PB,Nordeste,Acumulo de óleo sobre o pavimento,Tarde,1,0,0,0,1,0.0
2023,PB,Nordeste,Afundamento ou ondulação no pavimento,Manhã,2,0,0,0,1,0.0
2023,PB,Nordeste,Afundamento ou ondulação no pavimento,Noite,3,1,0,1,6,0.333333
2023,PB,Nordeste,Animais na Pista,Madrugada,12,5,2,3,11,0.416667
2023,PB,Nordeste,Animais na Pista,Manhã,5,0,0,0,5,0.0
2023,PB,Nordeste,Animais na Pista,Noite,33,10,2,8,38,0.30303
2023,PB,Nordeste,Animais na Pista,Tarde,6,2,0,2,7,0.333333
2023,PB,Nordeste,Ausência de reação do condutor,Madrugada,32,12,4,15,50,0.375
2023,PB,Nordeste,Ausência de reação do condutor,Manhã,77,17,4,17,85,0.220779
2023,PB,Nordeste,Ausência de reação do condutor,Noite,79,32,8,26,88,0.405063
2023,PB,Nordeste,Ausência de reação do condutor,Tarde,73,23,2,22,75,0.315068
2023,PB,Nordeste,Ausência de sinalização,Madrugada,2,1,0,3,4,0.5
2023,PB,Nordeste,Ausência de sinalização,Noite,2,1,0,2,3,0.5
2023,PB,Nordeste,Ausência de sinalização,Tarde,3,2,0,2,3,0.666667
2023,PB,Nordeste,Avarias e/ou desgaste excessivo no pneu,Madrugada,2,0,0,0,3,0.0
2023,PB,Nordeste,Avarias e/ou desgaste excessivo no pneu,Manhã,20,3,0,3,36,0.15
2023,PB,Nordeste,Avarias e/ou desgaste excessivo no pneu,Noite,5,1,0,2,6,0.2
2023,PB,Nordeste,Avarias e/ou desgaste excessivo no pneu,Tarde,15,3,0,3,23,0.2
2023,PB,Nordeste,Carga excessiva e/ou mal acondicionada,Madrugada,2,0,0,0,1,0.0
2023,PB,Nordeste,Carga excessiva e/ou mal acondicionada,Noite,1,0,0,0,1,0.0
2023,PB,Nordeste,Chuva,Madrugada,2,1,0,1,3,0.5
2023,PB,Nordeste,Chuva,Manhã,6,1,0,1,4,0.166667
2023,PB,Nordeste,Chuva,Noite,8,2,0,2,10,0.25
2023,PB,Nordeste,Chuva,Tarde,5,0,0,0,4,0.0
2023,PB,Nordeste,Condutor Dormindo,Madrugada,23,8,5,3,21,0.347826
2023,PB,Nordeste,Condutor Dormindo,Manhã,14,4,0,4,11,0.285714
2023,PB,Nordeste,Condutor Dormindo,Noite,6,1,0,1,4,0.166667
2023,PB,Nordeste,Condutor Dormindo,Tarde,20,8,1,13,31,0.4
2023,PB,Nordeste,Condutor deixou de manter distância do veículo da frente,Madrugada,5,3,0,5,10,0.6
2023,PB,Nordeste,Condutor deixou de manter distância do veículo da frente,Manhã,52,9,0,10,50,0.173077
2023,PB,Nordeste,Condutor deixou de manter distância do veículo da frente,Noite,25,4,1,4,27,0.16
2023,PB,Nordeste,Condutor deixou de manter distância do veículo da frente,Tarde,53,15,2,15,58,0.283019
2023,PB,Nordeste,Condutor usando celular,Manhã,1,1,0,2,2,1.0
2023,PB,Nordeste,Conversão proibida,Manhã,4,1,0,2,6,0.25
2023,PB,Nordeste,Conversão proibida,Noite,3,2,0,2,3,0.666667
2023,PB,Nordeste,Conversão proibida,Tarde,8,6,0,7,12,0.75
2023,PB,Nordeste,Deficiência do Sistema de Iluminação/Sinalização,Madrugada,1,0,0,0,2,0.0
2023,PB,Nordeste,Deficiência do Sistema de Iluminação/Sinalização,Noite,5,2,0,3,6,0.4
2023,PB,Nordeste,Demais falhas mecânicas ou elétricas,Madrugada,3,0,0,0,2,0.0
2023,PB,Nordeste,Demais falhas mecânicas ou elétricas,Manhã,20,4,0,4,16,0.2
2023,PB,Nordeste,Demais falhas mecânicas ou elétricas,Noite,6,0,0,0,4,0.0
2023,PB,Nordeste,Demais falhas mecânicas ou elétricas,Tarde,25,4,0,5,28,0.16
2023,PB,Nordeste,Demais falhas na via,Madrugada,2,0,0,0,2,0.0
2023,PB,Nordeste,Demais falhas na via,Manhã,3,0,0,0,3,0.0
2023,PB,Nordeste,Demais falhas na via,Noite,4,2,0,2,4,0.5
2023,PB,Nordeste,Demais falhas na via,Tarde,4,0,0,0,8,0.0
2023,PB,Nordeste,Desrespeitar a preferência no cruzamento,Madrugada,1,1,1,1,2,1.0
2023,PB,Nordeste,Desrespeitar a preferência no cruzamento,Manhã,5,4,1,4,7,0.8
2023,PB,Nordeste,Desrespeitar a preferência no cruzamento,Noite,5,1,0,1,7,0.2
2023,PB,Nordeste,Desrespeitar a preferência no cruzamento,Tarde,8,3,0,3,10,0.375
2023,PB,Nordeste,Entrada inopinada do pedestre,Manhã,2,2,1,1,2,1.0
2023,PB,Nordeste,Entrada inopinada do pedestre,Noite,7,6,1,5,8,0.857143
2023,PB,Nordeste,Entrada inopinada do pedestre,Tarde,1,0,0,0,1,0.0
2023,PB,Nordeste,Falta de elemento de contenção que evite a saída do leito carroçável,Noite,1,0,0,0,6,0.0
2023,PB,Nordeste,Falta de elemento de contenção que evite a saída do leito carroçável,Tarde,1,1,0,1,4,1.0
2023,PB,Nordeste,Frear bruscamente,Madrugada,2,1,0,2,7,0.5
2023,PB,Nordeste,Frear bruscamente,Manhã,2,2,1,1,3,1.0
2023,PB,Nordeste,Frear bruscamente,Noite,1,0,0,0,1,0.0
2023,PB,Nordeste,Frear bruscamente,Tarde,1,0,0,0,1,0.0
2023,PB,Nordeste,Iluminação deficiente,Madrugada,1,1,1,0,1,1.0
2023,PB,Nordeste,Iluminação deficiente,Noite,1,0,0,0,1,0.0
2023,PB,Nordeste,Ingestão de substâncias psicoativas pelo condutor,Madrugada,1,0,0,0,0,0.0
2023,PB,Nordeste,Ingestão de substâncias psicoativas pelo condutor,Tarde,1,0,0,0,0,0.0
2023,PB,Nordeste,Ingestão de álcool e/ou substâncias psicoativas pelo pedestre,Madrugada,1,0,0,0,1,0.0
2023,PB,Nordeste,Ingestão de álcool e/ou substâncias psicoativas pelo pedestre,Manhã,1,0,0,0,1,0.0
2023,PB,Nordeste,Ingestão de álcool e/ou substâncias psicoativas pelo pedestre,Noite,2,2,0,2,2,1.0
2023,PB,Nordeste,Ingestão de álcool e/ou substâncias psicoativas pelo pedestre,Tarde,1,1,1,0,1,1.0
2023,PB,Nordeste,Ingestão de álcool ou de substâncias psicoativas pelo pedestre,Madrugada,1,0,0,0,1,0.0
2023,PB,Nordeste,Ingestão de álcool ou de substâncias psicoativas pelo pedestre,Noite,1,0,0,0,1,0.0
2023,PB,Nordeste,Ingestão de álcool pelo condutor,Madrugada,25,6,1,9,24,0.24
2023,PB,Nordeste,Ingestão de álcool pelo condutor,Manhã,8,2,1,1,12,0.25
2023,PB,Nordeste,Ingestão de álcool pelo condutor,Noite,41,11,2,9,41,0.268293
2023,PB,Nordeste,Ingestão de álcool pelo condutor,Tarde,24,2,0,4,20,0.083333
2023,PB,Nordeste,Mal súbito do condutor,Madrugada,1,1,1,0,3,1.0
2023,PB,Nordeste,Mal súbito do condutor,Manhã,3,1,0,1,6,0.333333
2023,PB,Nordeste,Mal súbito do condutor,Noite,2,1,0,1,2,0.5
2023,PB,Nordeste,Mal súbito do condutor,Tarde,2,1,1,0,2,0.5
2023,PB,Nordeste,Manobra de mudança de faixa,Madrugada,4,1,1,0,8,0.25
2023,PB,Nordeste,Manobra de mudança de faixa,Manhã,35,12,2,14,56,0.342857
2023,PB,Nordeste,Manobra de mudança de faixa,Noite,17,4,0,4,20,0.235294
2023,PB,Nordeste,Manobra de mudança de faixa,Tarde,35,6,0,9,41,0.171429
2023,PB,Nordeste,Neblina,Madrugada,1,0,0,0,4,0.0
2023,PB,Nordeste,Objeto estático sobre o leito carroçável,Madrugada,1,0,0,0,2,0.0
2023,PB,Nordeste,Objeto estático sobre o leito carroçável,Manhã,1,0,0,0,2,0.0
2023,PB,Nordeste,Objeto estático sobre o leito carroçável,Noite,2,0,0,0,4,0.0
2023,PB,Nordeste,Objeto estático sobre o leito carroçável,Tarde,1,0,0,0,1,0.0
2023,PB,Nordeste,Obstrução Via tentativa Assalto,Noite,1,0,0,0,2,0.0
2023,PB,Nordeste,Pedestre andava na pista,Madrugada,1,1,1,0,1,1.0
2023,PB,Nordeste,Pedestre andava na pista,Manhã,2,2,1,1,2,1.0
2023,PB,Nordeste,Pedestre andava na pista,Noite,6,6,3,5,9,1.0
2023,PB,Nordeste,Pedestre andava na pista,Tarde,3,1,1,0,3,0.333333
2023,PB,Nordeste,Pedestre cruzava a pista fora da faixa,Madrugada,1,1,1,0,1,1.0
2023,PB,Nordeste,Pedestre cruzava a pista fora da faixa,Manhã,4,4,1,3,6,1.0
2023,PB,Nordeste,Pedestre cruzava a pista fora da faixa,Noite,5,5,0,5,6,1.0
2023,PB,Nordeste,Pedestre cruzava a pista fora da faixa,Tarde,11,10,5,9,17,0.909091
2023,PB,Nordeste,Pista Escorregadia,Madrugada,2,0,0,0,1,0.0
2023,PB,Nordeste,Pista Escorregadia,Manhã,8,0,0,0,10,0.0
2023,PB,Nordeste,Pista Escorregadia,Noite,1,0,0,0,3,0.0
2023,PB,Nordeste,Pista Escorregadia,Tarde,4,1,0,1,6,0.25
2023,PB,Nordeste,Pista em desnível,Madrugada,1,0,0,0,1,0.0
2023,PB,Nordeste,Pista esburacada,Madrugada,2,1,0,1,2,0.5
2023,PB,Nordeste,Pista esburacada,Manhã,3,1,0,1,3,0.333333
2023,PB,Nordeste,Pista esburacada,Noite,2,1,0,1,4,0.5
2023,PB,Nordeste,Problema com o freio,Madrugada,1,0,0,0,1,0.0
2023,PB,Nordeste,Problema na suspensão,Noite,1,0,0,0,1,0.0
2023,PB,Nordeste,Reação tardia ou ineficiente do condutor,Madrugada,19,10,3,10,22,0.526316
2023,PB,Nordeste,Reação tardia ou ineficiente do condutor,Manhã,64,16,6,14,82,0.25
2023,PB,Nordeste,Reação tardia ou ineficiente do condutor,Noite,45,19,3,18,63,0.422222
2023,PB,Nordeste,Reação tardia ou ineficiente do condutor,Tarde,63,17,2,21,77,0.269841
2023,PB,Nordeste,Retorno proibido,Manhã,1,1,0,1,1,1.0
2023,PB,Nordeste,Retorno proibido,Noite,1,1,0,1,2,1.0
2023,PB,Nordeste,Retorno proibido,Tarde,3,1,0,1,4,0.333333
2023,PB,Nordeste,Suicídio (presumido),Manhã,1,1,1,0,1,1.0
2023,PB,Nordeste,Trafegar com motocicleta (ou similar) entre as faixas,Manhã,11,3,1,3,17,0.272727
2023,PB,Nordeste,Trafegar com motocicleta (ou similar) entre as faixas,Noite,5,2,0,3,7,0.4
2023,PB,Nordeste,Trafegar com motocicleta (ou similar) entre as faixas,Tarde,7,3,0,3,9,0.428571
2023,PB,Nordeste,Transitar na contramão,Madrugada,7,5,3,3,11,0.714286
2023,PB,Nordeste,Transitar na contramão,Manhã,5,4,2,2,6,0.8
2023,PB,Nordeste,Transitar na contramão,Noite,23,14,6,9,29,0.608696
2023,PB,Nordeste,Transitar na contramão,Tarde,15,7,3,8,23,0.466667
2023,PB,Nordeste,Transitar no acostamento,Madrugada,2,2,1,1,2,1.0
2023,PB,Nordeste,Transitar no acostamento,Manhã,4,1,0,1,5,0.25
2023,PB,Nordeste,Transitar no acostamento,Noite,5,3,2,1,6,0.6
2023,PB,Nordeste,Transitar no acostamento,Tarde,2,0,0,0,3,0.0
2023,PB,Nordeste,Transtornos Mentais (exceto suicidio),Tarde,1,0,0,0,1,0.0
2023,PB,Nordeste,Ultrapassagem Indevida,Manhã,4,3,0,3,9,0.75
2023,PB,Nordeste,Ultrapassagem Indevida,Noite,9,5,4,8,18,0.555556
2023,PB,Nordeste,Ultrapassagem Indevida,Tarde,13,8,5,9,22,0.615385
2023,PB,Nordeste,Velocidade Incompatível,Madrugada,14,4,2,2,12,0.285714
2023,PB,Nordeste,Velocidade Incompatível,Manhã,20,6,3,6,28,0.3
2023,PB,Nordeste,Velocidade Incompatível,Noite,11,7,4,11,19,0.636364
2023,PB,Nordeste,Velocidade Incompatível,Tarde,23,10,2,11,24,0.434783
2023,PB,Nordeste,Área urbana sem a presença de local apropriado para a travessia de pedestres,Noite,2,2,1,1,2,1.0
2023,PB,Nordeste,Área urbana sem a presença de local apropriado para a travessia de pedestres,Tarde,3,1,1,0,3,0.333333
2023,PE,Nordeste,Acessar a via sem observar a presença dos outros veículos,Madrugada,10,4,3,1,10,0.4
2023,PE,Nordeste,Acessar a via sem observar a presença dos outros veículos,Manhã,110,37,4,42,130,0.336364
2023,PE,Nordeste,Acessar a via sem observar a presença dos outros veículos,Noite,83,35,4,35,112,0.421687
2023,PE,Nordeste,Acessar a via sem observar a presença dos outros veículos,Tarde,114,30,4,39,148,0.263158
2023,PE,Nordeste,Acesso irregular,Madrugada,4,1,0,1,9,0.25
2023,PE,Nordeste,Acesso irregular,Manhã,18,5,0,5,23,0.277778
2023,PE,Nordeste,Acesso irregular,Noite,13,5,0,5,19,0.384615
2023,PE,Nordeste,Acesso irregular,Tarde,17,8,0,10,25,0.470588
2023,PE,Nordeste,Acostamento em desnível,Manhã,4,2,0,2,4,0.5
2023,PE,Nordeste,Acostamento em desnível,Noite,2,0,0,0,2,0.0
2023,PE,Nordeste,Acostamento em desnível,Tarde,3,1,0,1,4,0.333333
2023,PE,Nordeste,Acumulo de areia ou detritos sobre o pavimento,Manhã,10,2,0,3,12,0.2
2023,PE,Nordeste,Acumulo de areia ou detritos sobre o pavimento,Noite,4,1,0,2,9,0.25
2023,PE,Nordeste,Acumulo de areia ou detritos sobre o pavimento,Tarde,8,3,0,3,12,0.375
2023,PE,Nordeste,Acumulo de água sobre o pavimento,Madrugada,4,0,0,0,7,0.0
2023,PE,Nordeste,Acumulo de água sobre o pavimento,Manhã,7,0,0,0,9,0.0
2023,PE,Nordeste,Acumulo de água sobre o pavimento,Noite,4,1,0,1,5,0.25
2023,PE,Nordeste,Acumulo de água sobre o pavimento,Tarde,12,3,0,6,19,0.25
2023,PE,Nordeste,Acumulo de óleo sobre o pavimento,Manhã,4,1,0,1,4,0.25
2023,PE,Nordeste,Acumulo de óleo sobre o pavimento,Noite,4,0,0,0,6,0.0
2023,PE,Nordeste,Acumulo de óleo sobre o pavimento,Tarde,3,1,0,1,4,0.333333
2023,PE,Nordeste,Afundamento ou ondulação no pavimento,Madrugada,1,0,0,0,1,0.0
2023,PE,Nordeste,Afundamento ou ondulação no pavimento,Manhã,2,0,0,0,1,0.0
2023,PE,Nordeste,Afundamento ou ondulação no pavimento,Noite,3,0,0,0,4,0.0
2023,PE,Nordeste,Afundamento ou ondulação no pavimento,Tarde,3,1,1,0,2,0.333333
2023,PE,Nordeste,Animais na Pista,Madrugada,30,8,5,5,42,0.266667
2023,PE,Nordeste,Animais na Pista,Manhã,10,1,0,1,13,0.1
2023,PE,Nordeste,Animais na Pista,Noite,67,30,7,29,92,0.447761
2023,PE,Nordeste,Animais na Pista,Tarde,18,5,3,5,28,0.277778
2023,PE,Nordeste,Ausência de reação do condutor,Madrugada,57,28,14,27,74,0.491228
2023,PE,Nordeste,Ausência de reação do condutor,Manhã,118,29,6,30,135,0.245763
2023,PE,Nordeste,Ausência de reação do condutor,Noite,96,39,13,28,110,0.40625
2023,PE,Nordeste,Ausência de reação do condutor,Tarde,101,35,4,42,117,0.346535
2023,PE,Nordeste,Ausência de sinalização,Madrugada,2,1,0,1,3,0.5
2023,PE,Nordeste,Ausência de sinalização,Manhã,6,3,2,4,10,0.5
2023,PE,Nordeste,Ausência de sinalização,Noite,10,4,0,6,16,0.4
2023,PE,Nordeste,Ausência de sinalização,Tarde,1,0,0,0,3,0.0
2023,PE,Nordeste,Avarias e/ou desgaste excessivo no pneu,Manhã,19,4,2,4,36,0.210526
2023,PE,Nordeste,Avarias e/ou desgaste excessivo no pneu,Noite,4,1,1,0,7,0.25
2023,PE,Nordeste,Avarias e/ou desgaste excessivo no pneu,Tarde,18,3,0,3,23,0.166667
2023,PE,Nordeste,Carga excessiva e/ou mal acondicionada,Madrugada,4,1,1,0,5,0.25
2023,PE,Nordeste,Carga excessiva e/ou mal acondicionada,Manhã,3,0,0,0,1,0.0
2023,PE,Nordeste,Carga excessiva e/ou mal acondicionada,Noite,2,0,0,0,2,0.0
2023,PE,Nordeste,Carga excessiva e/ou mal acondicionada,Tarde,4,0,0,0,1,0.0
2023,PE,Nordeste,Chuva,Manhã,9,1,1,0,10,0.111111
2023,PE,Nordeste,Chuva,Noite,9,2,1,1,5,0.222222
2023,PE,Nordeste,Chuva,Tarde,4,1,0,3,6,0.25
2023,PE,Nordeste,Condutor Dormindo,Madrugada,22,8,2,10,24,0.363636
2023,PE,Nordeste,Condutor Dormindo,Manhã,18,5,3,6,20,0.277778
2023,PE,Nordeste,Condutor Dormindo,Noite,10,4,1,5,11,0.4
2023,PE,Nordeste,Condutor Dormindo,Tarde,13,2,0,2,16,0.153846
2023,PE,Nordeste,Condutor deixou de manter distância do veículo da frente,Madrugada,15,4,7,7,37,0.266667
2023,PE,Nordeste,Condutor deixou de manter distância do veículo da frente,Manhã,100,15,2,13,101,0.15
2023,PE,Nordeste,Condutor deixou de manter distância do veículo da frente,Noite,52,9,1,8,72,0.173077
2023,PE,Nordeste,Condutor deixou de manter distância do veículo da frente,Tarde,84,20,1,20,87,0.238095
2023,PE,Nordeste,Condutor desrespeitou a iluminação vermelha do semáforo,Madrugada,3,0,0,0,6,0.0
2023,PE,Nordeste,Condutor desrespeitou a iluminação vermelha do semáforo,Manhã,4,1,0,1,6,0.25
2023,PE,Nordeste,Condutor desrespeitou a iluminação vermelha do semáforo,Noite,3,0,0,0,3,0.0
2023,PE,Nordeste,Condutor desrespeitou a iluminação vermelha do semáforo,Tarde,4,1,0,1,6,0.25
2023,PE,Nordeste,Condutor usando celular,Manhã,4,1,0,1,5,0.25
2023,PE,Nordeste,Condutor usando celular,Noite,1,0,0,0,2,0.0
2023,PE,Nordeste,Condutor usando celular,Tarde,3,1,0,1,3,0.333333
2023,PE,Nordeste,Conversão proibida,Madrugada,3,2,0,2,5,0.666667
2023,PE,Nordeste,Conversão proibida,Manhã,11,5,0,5,13,0.454545
2023,PE,Nordeste,Conversão proibida,Noite,11,7,1,10,20,0.636364
2023,PE,Nordeste,Conversão proibida,Tarde,12,3,0,3,18,0.25
2023,PE,Nordeste,Curva acentuada,Madrugada,1,0,0,0,0,0.0
2023,PE,Nordeste,Curva acentuada,Manhã,5,1,0,1,9,0.2
2023,PE,Nordeste,Curva acentuada,Noite,2,0,0,0,1,0.0
2023,PE,Nordeste,Declive acentuado,Manhã,2,0,0,0,2,0.0
2023,PE,Nordeste,Deficiência do Sistema de Iluminação/Sinalização,Madrugada,2,1,0,1,2,0.5
2023,PE,Nordeste,Deficiência do Sistema de Iluminação/Sinalização,Noite,6,4,0,5,8,0.666667
2023,PE,Nordeste,Deficiência do Sistema de Iluminação/Sinalização,Tarde,3,1,0,1,3,0.333333
2023,PE,Nordeste,Demais falhas mecânicas ou elétricas,Madrugada,19,2,0,2,10,0.105263
2023,PE,Nordeste,Demais falhas mecânicas ou elétricas,Manhã,24,5,0,5,22,0.208333
2023,PE,Nordeste,Demais falhas mecânicas ou elétricas,Noite,33,4,0,5,13,0.121212
2023,PE,Nordeste,Demais falhas mecânicas ou elétricas,Tarde,33,7,0,7,32,0.212121
2023,PE,Nordeste,Demais falhas na via,Madrugada,1,0,0,0,2,0.0
2023,PE,Nordeste,Demais falhas na via,Manhã,3,0,0,0,3,0.0
2023,PE,Nordeste,Demais falhas na via,Noite,11,4,0,4,15,0.363636
2023,PE,Nordeste,Demais falhas na via,Tarde,5,2,0,2,4,0.4
2023,PE,Nordeste,Desrespeitar a preferência no cruzamento,Manhã,4,1,0,1,4,0.25
2023,PE,Nordeste,Desrespeitar a preferência no cruzamento,Noite,1,0,0,0,2,0.0
2023,PE,Nordeste,Desrespeitar a preferência no cruzamento,Tarde,8,4,0,6,12,0.5
2023,PE,Nordeste,Desvio temporário,Manhã,1,0,0,0,1,0.0
2023,PE,Nordeste,Entrada inopinada do pedestre,Madrugada,3,3,3,0,3,1.0
2023,PE,Nordeste,Entrada inopinada do pedestre,Manhã,12,7,2,5,13,0.583333
2023,PE,Nordeste,Entrada inopinada do pedestre,Noite,22,20,10,11,29,0.909091
2023,PE,Nordeste,Entrada inopinada do pedestre,Tarde,21,15,4,11,24,0.714286
2023,PE,Nordeste,Estacionar ou parar em local proibido,Manhã,4,2,0,2,4,0.5
2023,PE,Nordeste,Estacionar ou parar em local proibido,Noite,2,1,0,2,4,0.5
2023,PE,Nordeste,Estacionar ou parar em local proibido,Tarde,4,1,0,1,4,0.25
2023,PE,Nordeste,Falta de acostamento,Manhã,1,0,0,0,1,0.0
2023,PE,Nordeste,Falta de acostamento,Tarde,1,0,0,0,1,0.0
2023,PE,Nordeste,Falta de elemento de contenção que evite a saída do leito carroçável,Manhã,3,2,0,3,4,0.666667
2023,PE,Nordeste,Falta de elemento de contenção que evite a saída do leito carroçável,Noite,2,1,0,1,2,0.5
2023,PE,Nordeste,Falta de elemento de contenção que evite a saída do leito carroçável,Tarde,2,0,0,0,3,0.0
2023,PE,Nordeste,Frear bruscamente,Madrugada,2,0,0,0,1,0.0
2023,PE,Nordeste,Frear bruscamente,Manhã,5,0,0,0,8,0.0
2023,PE,Nordeste,Frear bruscamente,Noite,4,0,0,0,3,0.0
2023,PE,Nordeste,Frear bruscamente,Tarde,8,3,0,3,11,0.375
2023,PE,Nordeste,Fumaça,Manhã,1,1,0,5,13,1.0
2023,PE,Nordeste,Fumaça,Noite,2,0,0,0,0,0.0
2023,PE,Nordeste,Fumaça,Tarde,1,1,0,1,5,1.0
2023,PE,Nordeste,Iluminação deficiente,Madrugada,2,0,0,0,5,0.0
2023,PE,Nordeste,Iluminação deficiente,Noite,6,1,0,1,7,0.166667
2023,PE,Nordeste,Iluminação deficiente,Tarde,2,1,0,1,2,0.5
2023,PE,Nordeste,Ingestão de substâncias psicoativas pelo condutor,Noite,2,2,0,2,4,1.0
2023,PE,Nordeste,Ingestão de álcool e/ou substâncias psicoativas pelo pedestre,Madrugada,2,0,0,0,2,0.0
2023,PE,Nordeste,Ingestão de álcool e/ou substâncias psicoativas pelo pedestre,Noite,2,2,0,3,3,1.0
2023,PE,Nordeste,Ingestão de álcool ou de substâncias psicoativas pelo pedestre,Noite,2,1,0,1,2,0.5
2023,PE,Nordeste,Ingestão de álcool ou de substâncias psicoativas pelo pedestre,Tarde,3,2,0,2,3,0.666667
2023,PE,Nordeste,Ingestão de álcool pelo condutor,Madrugada,29,8,3,9,31,0.275862
2023,PE,Nordeste,Ingestão de álcool pelo condutor,Manhã,12,4,2,5,14,0.333333
2023,PE,Nordeste,Ingestão de álcool pelo condutor,Noite,68,25,3,28,70,0.367647
2023,PE,Nordeste,Ingestão de álcool pelo condutor,Tarde,27,4,0,4,19,0.148148
2023,PE,Nordeste,Mal súbito do condutor,Manhã,2,1,0,1,1,0.5
2023,PE,Nordeste,Mal súbito do condutor,Noite,5,4,2,2,5,0.8
2023,PE,Nordeste,Mal súbito do condutor,Tarde,5,2,1,2,13,0.4
2023,PE,Nordeste,Manobra de mudança de faixa,Madrugada,18,7,3,6,22,0.388889
2023,PE,Nordeste,Manobra de mudança de faixa,Manhã,95,15,1,20,120,0.157895
2023,PE,Nordeste,Manobra de mudança de faixa,Noite,53,18,5,19,69,0.339623
2023,PE,Nordeste,Manobra de mudança de faixa,Tarde,104,29,3,32,133,0.278846
2023,PE,Nordeste,Modificação proibida,Tarde,1,1,0,2,2,1.0
2023,PE,Nordeste,Objeto estático sobre o leito carroçável,Madrugada,1,0,0,0,1,0.0
2023,PE,Nordeste,Objeto estático sobre o leito carroçável,Manhã,1,0,0,0,1,0.0
2023,PE,Nordeste,Objeto estático sobre o leito carroçável,Noite,3,1,1,0,4,0.333333
2023,PE,Nordeste,Objeto estático sobre o leito carroçável,Tarde,3,0,0,0,3,0.0
2023,PE,Nordeste,Obras na pista,Madrugada,1,1,0,1,1,1.0
2023,PE,Nordeste,Obras na pista,Manhã,1,1,0,1,1,1.0
2023,PE,Nordeste,Obras na pista,Noite,2,1,0,1,2,0.5
2023,PE,Nordeste,Obras na pista,Tarde,2,0,0,0,1,0.0
2023,PE,Nordeste,Obstrução na via,Tarde,1,1,0,1,2,1.0
2023,PE,Nordeste,Participar de racha,Tarde,1,0,0,0,1,0.0
2023,PE,Nordeste,Pedestre andava na pista,Madrugada,9,8,7,2,9,0.888889
2023,PE,Nordeste,Pedestre andava na pista,Manhã,6,3,1,2,5,0.5
2023,PE,Nordeste,Pedestre andava na pista,Noite,19,16,7,13,27,0.842105
2023,PE,Nordeste,Pedestre andava na pista,Tarde,4,2,2,0,5,0.5
2023,PE,Nordeste,Pedestre cruzava a pista fora da faixa,Madrugada,1,1,0,2,2,1.0
2023,PE,Nordeste,Pedestre cruzava a pista fora da faixa,Manhã,7,3,0,4,11,0.428571
2023,PE,Nordeste,Pedestre cruzava a pista fora da faixa,Noite,20,15,5,13,28,0.75
2023,PE,Nordeste,Pedestre cruzava a pista fora da faixa,Tarde,9,7,1,9,13,0.777778
2023,PE,Nordeste,Pista Escorregadia,Madrugada,2,0,0,0,2,0.0
2023,PE,Nordeste,Pista Escorregadia,Manhã,6,2,0,2,7,0.333333
2023,PE,Nordeste,Pista Escorregadia,Noite,4,2,1,1,6,0.5
2023,PE,Nordeste,Pista Escorregadia,Tarde,4,1,0,1,5,0.25
2023,PE,Nordeste,Pista em desnível,Noite,1,0,0,0,1,0.0
2023,PE,Nordeste,Pista esburacada,Madrugada,1,0,0,0,1,0.0
2023,PE,Nordeste,Pista esburacada,Manhã,4,1,0,1,6,0.25
2023,PE,Nordeste,Pista esburacada,Noite,4,3,0,3,3,0.75
2023,PE,Nordeste,Pista esburacada,Tarde,3,1,0,1,3,0.333333
2023,PE,Nordeste,Problema com o freio,Madrugada,3,1,0,1,2,0.333333
2023,PE,Nordeste,Problema com o freio,Manhã,3,1,0,1,3,0.333333
2023,PE,Nordeste,Problema com o freio,Noite,2,0,0,0,3,0.0
2023,PE,Nordeste,Problema com o freio,Tarde,4,1,1,0,4,0.25
2023,PE,Nordeste,Reação tardia ou ineficiente do condutor,Madrugada,37,13,6,13,47,0.351351
2023,PE,Nordeste,Reação tardia ou ineficiente do condutor,Manhã,117,32,8,38,148,0.273504
2023,PE,Nordeste,Reação tardia ou ineficiente do condutor,Noite,88,31,9,36,96,0.352273
2023,PE,Nordeste,Reação tardia ou ineficiente do condutor,Tarde,116,32,4,33,137,0.275862
2023,PE,Nordeste,Retorno proibido,Manhã,9,5,3,2,11,0.555556
2023,PE,Nordeste,Retorno proibido,Noite,1,0,0,0,1,0.0
2023,PE,Nordeste,Retorno proibido,Tarde,4,1,1,0,5,0.25
2023,PE,Nordeste,Sinalização encoberta,Manhã,1,0,0,0,1,0.0
2023,PE,Nordeste,Sinalização mal posicionada,Manhã,1,0,0,0,0,0.0
2023,PE,Nordeste,Sinalização mal posicionada,Noite,1,0,0,0,2,0.0
2023,PE,Nordeste,Suicídio (presumido),Noite,1,1,1,0,2,1.0
2023,PE,Nordeste,Suicídio (presumido),Tarde,1,1,0,1,1,1.0
2023,PE,Nordeste,Trafegar com motocicleta (ou similar) entre as faixas,Manhã,22,9,2,7,30,0.409091
2023,PE,Nordeste,Trafegar com motocicleta (ou similar) entre as faixas,Noite,4,2,0,2,6,0.5
2023,PE,Nordeste,Trafegar com motocicleta (ou similar) entre as faixas,Tarde,20,12,4,10,24,0.6
2023,PE,Nordeste,Transitar na contramão,Madrugada,23,15,8,9,32,0.652174
2023,PE,Nordeste,Transitar na contramão,Manhã,17,11,8,7,37,0.647059
2023,PE,Nordeste,Transitar na contramão,Noite,64,48,34,45,110,0.75
2023,PE,Nordeste,Transitar na contramão,Tarde,21,12,3,10,31,0.571429
2023,PE,Nordeste,Transitar no acostamento,Madrugada,1,1,0,1,1,1.0
2023,PE,Nordeste,Transitar no acostamento,Manhã,6,3,0,3,11,0.5
2023,PE,Nordeste,Transitar no acostamento,Noite,2,2,0,2,2,1.0
2023,PE,Nordeste,Transitar no acostamento,Tarde,9,4,0,4,13,0.444444
2023,PE,Nordeste,Transtornos Mentais (exceto suicidio),Manhã,1,0,0,0,1,0.0
2023,PE,Nordeste,Ultrapassagem Indevida,Madrugada,2,1,0,1,4,0.5
2023,PE,Nordeste,Ultrapassagem Indevida,Manhã,27,13,3,15,41,0.481481
2023,PE,Nordeste,Ultrapassagem Indevida,Noite,24,14,4,21,45,0.583333
2023,PE,Nordeste,Ultrapassagem Indevida,Tarde,31,16,5,20,45,0.516129
2023,PE,Nordeste,Velocidade Incompatível,Madrugada,18,4,2,2,17,0.222222
2023,PE,Nordeste,Velocidade Incompatível,Manhã,23,10,3,9,38,0.434783
2023,PE,Nordeste,Velocidade Incompatível,Noite,21,13,5,11,31,0.619048
2023,PE,Nordeste,Velocidade Incompatível,Tarde,33,9,2,11,47,0.272727
2023,PE,Nordeste,Área urbana sem a presença de local apropriado para a travessia de pedestres,Manhã,2,1,0,1,2,0.5
2023,PE,Nordeste,Área urbana sem a presença de local apropriado para a travessia de pedestres,Noite,4,2,1,2,5,0.5
2023,PE,Nordeste,Área urbana sem a presença de local apropriado para a travessia de pedestres,Tarde,1,1,0,1,1,1.0
2023,PI,Nordeste,Acessar a via sem observar a presença dos outros veículos,Madrugada,4,2,1,2,4,0.5
2023,PI,Nordeste,Acessar a via sem observar a presença dos outros veículos,Manhã,65,26,2,33,89,0.4
2023,PI,Nordeste,Acessar a via sem observar a presença dos outros veículos,Noite,47,27,4,29,62,0.574468
2023,PI,Nordeste,Acessar a via sem observar a presença dos outros veículos,Tarde,55,21,5,19,60,0.381818
2023,PI,Nordeste,Acesso irregular,Manhã,8,2,0,2,11,0.25
2023,PI,Nordeste,Acesso irregular,Noite,6,2,0,2,7,0.333333
2023,PI,Nordeste,Acesso irregular,Tarde,4,1,0,1,4,0.25
2023,PI,Nordeste,Acostamento em desnível,Manhã,6,1,0,1,9,0.166667
2023,PI,Nordeste,Acostamento em desnível,Tarde,2,1,0,1,3,0.5
2023,PI,Nordeste,Acumulo de areia ou detritos sobre o pavimento,Manhã,3,1,0,1,2,0.333333
2023,PI,Nordeste,Acumulo de água sobre o pavimento,Manhã,3,1,0,1,3,0.333333
2023,PI,Nordeste,Acumulo de água sobre o pavimento,Noite,2,1,0,1,6,0.5
2023,PI,Nordeste,Acumulo de água sobre o pavimento,Tarde,1,0,0,0,1,0.0
2023,PI,Nordeste,Acumulo de óleo sobre o pavimento,Manhã,2,0,0,0,2,0.0
2023,PI,Nordeste,Acumulo de óleo sobre o pavimento,Noite,1,0,0,0,1,0.0
2023,PI,Nordeste,Afundamento ou ondulação no pavimento,Madrugada,1,1,0,2,2,1.0
2023,PI,Nordeste,Afundamento ou ondulação no pavimento,Manhã,1,0,0,0,2,0.0
2023,PI,Nordeste,Animais na Pista,Madrugada,18,8,2,6,20,0.444444
2023,PI,Nordeste,Animais na Pista,Manhã,5,2,0,2,4,0.4
2023,PI,Nordeste,Animais na Pista,Noite,35,18,5,14,37,0.514286
2023,PI,Nordeste,Animais na Pista,Tarde,4,1,1,1,5,0.25
2023,PI,Nordeste,Ausência de reação do condutor,Madrugada,45,21,14,16,89,0.466667
2023,PI,Nordeste,Ausência de reação do condutor,Manhã,47,19,3,22,50,0.404255
2023,PI,Nordeste,Ausência de reação do condutor,Noite,73,33,14,30,93,0.452055
2023,PI,Nordeste,Ausência de reação do condutor,Tarde,56,14,3,14,65,0.25
2023,PI,Nordeste,Ausência de sinalização,Manhã,3,3,0,3,3,1.0
2023,PI,Nordeste,Ausência de sinalização,Tarde,2,1,0,1,2,0.5
2023,PI,Nordeste,Avarias e/ou desgaste excessivo no pneu,Madrugada,3,0,0,0,3,0.0
2023,PI,Nordeste,Avarias e/ou desgaste excessivo no pneu,Manhã,6,2,0,2,13,0.333333
2023,PI,Nordeste,Avarias e/ou desgaste excessivo no pneu,Noite,4,1,0,1,4,0.25
2023,PI,Nordeste,Avarias e/ou desgaste excessivo no pneu,Tarde,6,2,2,2,12,0.333333
2023,PI,Nordeste,Carga excessiva e/ou mal acondicionada,Manhã,3,1,0,1,4,0.333333
2023,PI,Nordeste,Carga excessiva e/ou mal acondicionada,Tarde,1,0,0,0,1,0.0
2023,PI,Nordeste,Chuva,Manhã,2,1,0,1,4,0.5
2023,PI,Nordeste,Chuva,Noite,3,0,0,0,3,0.0
2023,PI,Nordeste,Chuva,Tarde,2,0,0,0,1,0.0
2023,PI,Nordeste,Condutor Dormindo,Madrugada,12,6,4,9,22,0.5
2023,PI,Nordeste,Condutor Dormindo,Manhã,3,2,0,2,2,0.666667
2023,PI,Nordeste,Condutor Dormindo,Noite,1,0,0,0,1,0.0
2023,PI,Nordeste,Condutor Dormindo,Tarde,4,2,0,2,7,0.5
2023,PI,Nordeste,Condutor deixou de manter distância do veículo da frente,Madrugada,5,0,0,0,3,0.0
2023,PI,Nordeste,Condutor deixou de manter distância do veículo da frente,Manhã,28,9,0,9,25,0.321429
2023,PI,Nordeste,Condutor deixou de manter distância do veículo da frente,Noite,16,4,2,2,14,0.25
2023,PI,Nordeste,Condutor deixou de manter distância do veículo da frente,Tarde,29,3,0,4,30,0.103448
2023,PI,Nordeste,Condutor desrespeitou a iluminação vermelha do semáforo,Madrugada,4,3,1,2,3,0.75
2023,PI,Nordeste,Condutor desrespeitou a iluminação vermelha do semáforo,Manhã,2,0,0,0,1,0.0
2023,PI,Nordeste,Condutor desrespeitou a iluminação vermelha do semáforo,Noite,5,2,0,2,6,0.4
2023,PI,Nordeste,Condutor desrespeitou a iluminação vermelha do semáforo,Tarde,3,0,0,0,2,0.0
2023,PI,Nordeste,Conversão proibida,Madrugada,1,0,0,0,2,0.0
2023,PI,Nordeste,Conversão proibida,Manhã,5,1,0,1,6,0.2
2023,PI,Nordeste,Conversão proibida,Noite,6,2,1,1,4,0.333333
2023,PI,Nordeste,Conversão proibida,Tarde,10,7,2,5,11,0.7
2023,PI,Nordeste,Demais Fenômenos da natureza,Manhã,1,0,0,0,1,0.0
2023,PI,Nordeste,Demais Fenômenos da natureza,Noite,1,0,0,0,0,0.0
2023,PI,Nordeste,Demais Fenômenos da natureza,Tarde,1,0,0,0,0,0.0
2023,PI,Nordeste,Demais falhas mecânicas ou elétricas,Madrugada,1,0,0,0,0,0.0
2023,PI,Nordeste,Demais falhas mecânicas ou elétricas,Manhã,14,2,0,3,8,0.142857
2023,PI,Nordeste,Demais falhas mecânicas ou elétricas,Noite,7,1,0,1,3,0.142857
2023,PI,Nordeste,Demais falhas mecânicas ou elétricas,Tarde,9,1,0,1,8,0.111111
2023,PI,Nordeste,Demais falhas na via,Noite,2,1,0,1,3,0.5
2023,PI,Nordeste,Demais falhas na via,Tarde,1,1,0,1,1,1.0
2023,PI,Nordeste,Desrespeitar a preferência no cruzamento,Manhã,15,7,1,8,21,0.466667
2023,PI,Nordeste,Desrespeitar a preferência no cruzamento,Noite,5,1,0,1,5,0.2
2023,PI,Nordeste,Desrespeitar a preferência no cruzamento,Tarde,13,4,0,4,16,0.307692
2023,PI,Nordeste,Entrada inopinada do pedestre,Madrugada,3,3,1,2,4,1.0
2023,PI,Nordeste,Entrada inopinada do pedestre,Manhã,7,5,2,3,9,0.714286
2023,PI,Nordeste,Entrada inopinada do pedestre,Noite,8,6,2,5,9,0.75
2023,PI,Nordeste,Entrada inopinada do pedestre,Tarde,5,4,1,3,6,0.8
2023,PI,Nordeste,Estacionar ou parar em local proibido,Manhã,1,1,0,1,1,1.0
2023,PI,Nordeste,Estacionar ou parar em local proibido,Noite,1,0,0,0,0,0.0
2023,PI,Nordeste,Estacionar ou parar em local proibido,Tarde,1,1,1,0,1,1.0
2023,PI,Nordeste,Faixas de trânsito com largura insuficiente,Madrugada,1,0,0,0,2,0.0
2023,PI,Nordeste,Falta de acostamento,Tarde,2,0,0,0,3,0.0
2023,PI,Nordeste,Falta de elemento de contenção que evite a saída do leito carroçável,Manhã,1,1,0,1,1,1.0
2023,PI,Nordeste,Frear bruscamente,Noite,1,1,0,2,2,1.0
2023,PI,Nordeste,Frear bruscamente,Tarde,4,2,0,3,6,0.5
2023,PI,Nordeste,Ingestão de substâncias psicoativas pelo condutor,Manhã,1,0,0,0,3,0.0
2023,PI,Nordeste,Ingestão de álcool e/ou substâncias psicoativas pelo pedestre,Noite,1,1,0,1,1,1.0
2023,PI,Nordeste,Ingestão de álcool ou de substâncias psicoativas pelo pedestre,Noite,1,1,0,1,1,1.0
2023,PI,Nordeste,Ingestão de álcool pelo condutor,Madrugada,20,7,2,7,20,0.35
2023,PI,Nordeste,Ingestão de álcool pelo condutor,Manhã,7,1,0,1,6,0.142857
2023,PI,Nordeste,Ingestão de álcool pelo condutor,Noite,36,11,3,9,33,0.305556
2023,PI,Nordeste,Ingestão de álcool pelo condutor,Tarde,20,9,1,9,18,0.45
2023,PI,Nordeste,Mal súbito do condutor,Madrugada,2,2,1,1,2,1.0
2023,PI,Nordeste,Mal súbito do condutor,Manhã,3,1,0,1,2,0.333333
2023,PI,Nordeste,Mal súbito do condutor,Noite,3,2,1,1,2,0.666667
2023,PI,Nordeste,Mal súbito do condutor,Tarde,2,0,0,0,2,0.0
2023,PI,Nordeste,Manobra de mudança de faixa,Madrugada,3,1,0,1,2,0.333333
2023,PI,Nordeste,Manobra de mudança de faixa,Manhã,29,9,1,8,29,0.310345
2023,PI,Nordeste,Manobra de mudança de faixa,Noite,15,7,1,7,19,0.466667
2023,PI,Nordeste,Manobra de mudança de faixa,Tarde,25,15,4,12,33,0.6
2023,PI,Nordeste,Modificação proibida,Manhã,1,0,0,0,1,0.0
2023,PI,Nordeste,Neblina,Manhã,1,1,0,1,2,1.0
2023,PI,Nordeste,Objeto estático sobre o leito carroçável,Madrugada,1,0,0,0,0,0.0
2023,PI,Nordeste,Objeto estático sobre o leito carroçável,Manhã,1,0,0,0,0,0.0
2023,PI,Nordeste,Objeto estático sobre o leito carroçável,Noite,4,3,1,2,3,0.75
2023,PI,Nordeste,Objeto estático sobre o leito carroçável,Tarde,2,1,0,1,2,0.5
2023,PI,Nordeste,Obstrução na via,Noite,1,0,0,0,0,0.0
2023,PI,Nordeste,Pedestre andava na pista,Manhã,3,3,2,2,4,1.0
2023,PI,Nordeste,Pedestre andava na pista,Noite,11,8,5,3,13,0.727273
2023,PI,Nordeste,Pedestre cruzava a pista fora da faixa,Madrugada,1,1,0,1,1,1.0
2023,PI,Nordeste,Pedestre cruzava a pista fora da faixa,Manhã,2,2,1,1,2,1.0
2023,PI,Nordeste,Pedestre cruzava a pista fora da faixa,Noite,4,3,0,3,6,0.75
2023,PI,Nordeste,Pedestre cruzava a pista fora da faixa,Tarde,2,2,1,1,2,1.0
2023,PI,Nordeste,Pista Escorregadia,Manhã,1,1,0,1,1,1.0
2023,PI,Nordeste,Pista Escorregadia,Noite,1,0,0,0,1,0.0
2023,PI,Nordeste,Pista Escorregadia,Tarde,1,0,0,0,1,0.0
2023,PI,Nordeste,Pista em desnível,Madrugada,1,0,0,0,1,0.0
2023,PI,Nordeste,Pista esburacada,Madrugada,3,1,1,1,5,0.333333
2023,PI,Nordeste,Pista esburacada,Manhã,3,2,1,1,3,0.666667
2023,PI,Nordeste,Pista esburacada,Noite,1,0,0,0,1,0.0
2023,PI,Nordeste,Pista esburacada,Tarde,6,0,0,0,16,0.0
2023,PI,Nordeste,Problema com o freio,Manhã,2,0,0,0,2,0.0
2023,PI,Nordeste,Problema com o freio,Tarde,1,0,0,0,0,0.0
2023,PI,Nordeste,Reação tardia ou ineficiente do condutor,Madrugada,14,7,2,5,13,0.5
2023,PI,Nordeste,Reação tardia ou ineficiente do condutor,Manhã,38,17,3,17,51,0.447368
2023,PI,Nordeste,Reação tardia ou ineficiente do condutor,Noite,44,22,4,23,53,0.5
2023,PI,Nordeste,Reação tardia ou ineficiente do condutor,Tarde,39,8,1,8,39,0.205128
2023,PI,Nordeste,Restrição de visibilidade em curvas horizontais,Manhã,1,0,0,0,1,0.0
2023,PI,Nordeste,Restrição de visibilidade em curvas horizontais,Noite,1,0,0,0,3,0.0
2023,PI,Nordeste,Retorno proibido,Manhã,3,0,0,0,2,0.0
2023,PI,Nordeste,Retorno proibido,Noite,3,1,0,1,3,0.333333
2023,PI,Nordeste,Retorno proibido,Tarde,6,3,0,3,6,0.5
2023,PI,Nordeste,Suicídio (presumido),Manhã,1,1,1,0,2,1.0
2023,PI,Nordeste,Trafegar com motocicleta (ou similar) entre as faixas,Manhã,2,2,2,0,2,1.0
2023,PI,Nordeste,Trafegar com motocicleta (ou similar) entre as faixas,Tarde,3,1,0,1,3,0.333333
2023,PI,Nordeste,Transitar na contramão,Madrugada,12,10,5,8,22,0.833333
2023,PI,Nordeste,Transitar na contramão,Manhã,15,11,2,11,21,0.733333
2023,PI,Nordeste,Transitar na contramão,Noite,36,28,13,19,49,0.777778
2023,PI,Nordeste,Transitar na contramão,Tarde,13,8,10,2,22,0.615385
2023,PI,Nordeste,Transitar no acostamento,Madrugada,1,0,0,0,2,0.0
2023,PI,Nordeste,Transitar no acostamento,Manhã,2,1,0,1,4,0.5
2023,PI,Nordeste,Transitar no acostamento,Noite,2,2,1,2,3,1.0
2023,PI,Nordeste,Ultrapassagem Indevida,Madrugada,4,2,0,3,8,0.5
2023,PI,Nordeste,Ultrapassagem Indevida,Manhã,3,1,0,2,5,0.333333
2023,PI,Nordeste,Ultrapassagem Indevida,Noite,11,4,1,3,15,0.363636
2023,PI,Nordeste,Ultrapassagem Indevida,Tarde,13,6,1,5,25,0.461538
2023,PI,Nordeste,Velocidade Incompatível,Madrugada,4,2,1,1,5,0.5
2023,PI,Nordeste,Velocidade Incompatível,Manhã,2,1,1,0,3,0.5
2023,PI,Nordeste,Velocidade Incompatível,Noite,5,3,1,2,7,0.6
2023,PI,Nordeste,Velocidade Incompatível,Tarde,4,0,0,0,3,0.0
2023,PI,Nordeste,Área urbana sem a presença de local apropriado para a travessia de pedestres,Noite,1,0,0,0,1,0.0
2023,PR,Sul,Acessar a via sem observar a presença dos outros veículos,Madrugada,29,11,3,12,36,0.37931
2023,PR,Sul,Acessar a via sem observar a presença dos outros veículos,Manhã,159,45,10,54,216,0.283019
2023,PR,Sul,Acessar a via sem observar a presença dos outros veículos,Noite,188,78,15,77,253,0.414894
2023,PR,Sul,Acessar a via sem observar a presença dos outros veículos,Tarde,214,67,10,68,311,0.313084
2023,PR,Sul,Acesso irregular,Madrugada,3,2,1,1,4,0.666667
2023,PR,Sul,Acesso irregular,Manhã,21,7,0,9,29,0.333333
2023,PR,Sul,Acesso irregular,Noite,23,12,1,11,26,0.521739
2023,PR,Sul,Acesso irregular,Tarde,13,6,2,8,26,0.461538
2023,PR,Sul,Acostamento em desnível,Manhã,2,0,0,0,3,0.0
2023,PR,Sul,Acostamento em desnível,Noite,1,0,0,0,2,0.0
2023,PR,Sul,Acumulo de areia ou detritos sobre o pavimento,Madrugada,2,1,0,1,2,0.5
2023,PR,Sul,Acumulo de areia ou detritos sobre o pavimento,Manhã,9,1,0,1,12,0.111111
2023,PR,Sul,Acumulo de areia ou detritos sobre o pavimento,Noite,3,0,0,0,2,0.0
2023,PR,Sul,Acumulo de areia ou detritos sobre o pavimento,Tarde,7,2,0,2,7,0.285714
2023,PR,Sul,Acumulo de água sobre o pavimento,Madrugada,5,2,0,2,4,0.4
2023,PR,Sul,Acumulo de água sobre o pavimento,Manhã,13,1,0,3,21,0.076923
2023,PR,Sul,Acumulo de água sobre o pavimento,Noite,14,2,0,4,24,0.142857
2023,PR,Sul,Acumulo de água sobre o pavimento,Tarde,24,6,2,9,38,0.25
2023,PR,Sul,Acumulo de óleo sobre o pavimento,Manhã,4,0,0,0,3,0.0
2023,PR,Sul,Acumulo de óleo sobre o pavimento,Noite,2,0,0,0,2,0.0
2023,PR,Sul,Acumulo de óleo sobre o pavimento,Tarde,4,1,0,1,4,0.25
2023,PR,Sul,Afundamento ou ondulação no pavimento,Madrugada,2,1,0,1,2,0.5
2023,PR,Sul,Afundamento ou ondulação no pavimento,Manhã,6,3,1,2,10,0.5
2023,PR,Sul,Afundamento ou ondulação no pavimento,Noite,4,2,1,1,4,0.5
2023,PR,Sul,Afundamento ou ondulação no pavimento,Tarde,5,0,0,0,7,0.0
2023,PR,Sul,Animais na Pista,Madrugada,16,8,3,5,15,0.5
2023,PR,Sul,Animais na Pista,Manhã,21,3,1,2,21,0.142857
2023,PR,Sul,Animais na Pista,Noite,19,5,0,5,26,0.263158
2023,PR,Sul,Animais na Pista,Tarde,5,1,0,1,7,0.2
2023,PR,Sul,Ausência de reação do condutor,Madrugada,171,48,24,70,246,0.280702
2023,PR,Sul,Ausência de reação do condutor,Manhã,266,62,11,62,305,0.233083
2023,PR,Sul,Ausência de reação do condutor,Noite,244,74,25,62,259,0.303279
2023,PR,Sul,Ausência de reação do condutor,Tarde,230,55,9,56,230,0.23913
2023,PR,Sul,Ausência de sinalização,Madrugada,2,0,0,0,1,0.0
2023,PR,Sul,Ausência de sinalização,Manhã,2,1,0,1,2,0.5
2023,PR,Sul,Ausência de sinalização,Noite,13,4,1,5,26,0.307692
2023,PR,Sul,Ausência de sinalização,Tarde,5,1,1,2,9,0.2
2023,PR,Sul,Avarias e/ou desgaste excessivo no pneu,Madrugada,9,0,0,0,7,0.0
2023,PR,Sul,Avarias e/ou desgaste excessivo no pneu,Manhã,35,6,1,8,53,0.171429
2023,PR,Sul,Avarias e/ou desgaste excessivo no pneu,Noite,24,7,2,5,31,0.291667
2023,PR,Sul,Avarias e/ou desgaste excessivo no pneu,Tarde,57,12,2,13,75,0.210526
2023,PR,Sul,Carga excessiva e/ou mal acondicionada,Madrugada,1,0,0,0,1,0.0
2023,PR,Sul,Carga excessiva e/ou mal acondicionada,Manhã,8,0,0,0,7,0.0
2023,PR,Sul,Carga excessiva e/ou mal acondicionada,Noite,6,0,0,0,3,0.0
2023,PR,Sul,Carga excessiva e/ou mal acondicionada,Tarde,14,1,0,2,13,0.071429
2023,PR,Sul,Chuva,Madrugada,15,3,1,3,17,0.2
2023,PR,Sul,Chuva,Manhã,41,13,4,16,53,0.317073
2023,PR,Sul,Chuva,Noite,42,10,1,12,56,0.238095
2023,PR,Sul,Chuva,Tarde,58,12,0,15,86,0.206897
2023,PR,Sul,Condutor Dormindo,Madrugada,68,17,8,16,83,0.25
2023,PR,Sul,Condutor Dormindo,Manhã,57,16,6,13,84,0.280702
2023,PR,Sul,Condutor Dormindo,Noite,18,6,2,5,27,0.333333
2023,PR,Sul,Condutor Dormindo,Tarde,23,4,0,5,24,0.173913
2023,PR,Sul,Condutor deixou de manter distância do veículo da frente,Madrugada,20,7,1,7,24,0.35
2023,PR,Sul,Condutor deixou de manter distância do veículo da frente,Manhã,144,23,3,20,155,0.159722
2023,PR,Sul,Condutor deixou de manter distância do veículo da frente,Noite,106,21,2,23,119,0.198113
2023,PR,Sul,Condutor deixou de manter distância do veículo da frente,Tarde,131,24,4,22,143,0.183206
2023,PR,Sul,Condutor desrespeitou a iluminação vermelha do semáforo,Madrugada,5,1,0,1,5,0.2
2023,PR,Sul,Condutor desrespeitou a iluminação vermelha do semáforo,Manhã,9,5,1,7,11,0.555556
2023,PR,Sul,Condutor desrespeitou a iluminação vermelha do semáforo,Noite,23,9,0,11,26,0.391304
2023,PR,Sul,Condutor desrespeitou a iluminação vermelha do semáforo,Tarde,14,0,0,0,11,0.0
2023,PR,Sul,Condutor usando celular,Madrugada,1,0,0,0,0,0.0
2023,PR,Sul,Condutor usando celular,Manhã,5,2,0,2,4,0.4
2023,PR,Sul,Condutor usando celular,Noite,5,0,0,0,4,0.0
2023,PR,Sul,Condutor usando celular,Tarde,3,0,0,0,3,0.0
2023,PR,Sul,Conversão proibida,Madrugada,3,0,0,0,3,0.0
2023,PR,Sul,Conversão proibida,Manhã,16,2,1,2,22,0.125
2023,PR,Sul,Conversão proibida,Noite,17,8,1,9,24,0.470588
2023,PR,Sul,Conversão proibida,Tarde,20,11,0,14,29,0.55
2023,PR,Sul,Curva acentuada,Madrugada,3,0,0,0,3,0.0
2023,PR,Sul,Curva acentuada,Manhã,5,0,0,0,4,0.0
2023,PR,Sul,Curva acentuada,Noite,6,3,0,6,29,0.5
2023,PR,Sul,Curva acentuada,Tarde,9,1,0,1,11,0.111111
2023,PR,Sul,Deficiência do Sistema de Iluminação/Sinalização,Madrugada,2,0,0,0,1,0.0
2023,PR,Sul,Deficiência do Sistema de Iluminação/Sinalização,Manhã,2,2,1,1,2,1.0
2023,PR,Sul,Deficiência do Sistema de Iluminação/Sinalização,Noite,6,3,0,3,12,0.5
2023,PR,Sul,Deixar de acionar o farol da motocicleta (ou similar),Manhã,1,0,0,0,1,0.0
2023,PR,Sul,Demais Fenômenos da natureza,Madrugada,1,0,0,0,0,0.0
2023,PR,Sul,Demais Fenômenos da natureza,Manhã,1,0,0,0,0,0.0
2023,PR,Sul,Demais Fenômenos da natureza,Noite,2,1,0,1,3,0.5
2023,PR,Sul,Demais Fenômenos da natureza,Tarde,2,0,0,0,1,0.0
2023,PR,Sul,Demais falhas mecânicas ou elétricas,Madrugada,30,1,0,1,7,0.033333
2023,PR,Sul,Demais falhas mecânicas ou elétricas,Manhã,72,9,0,9,51,0.125
2023,PR,Sul,Demais falhas mecânicas ou elétricas,Noite,73,9,1,12,41,0.123288
2023,PR,Sul,Demais falhas mecânicas ou elétricas,Tarde,95,17,9,12,85,0.178947
2023,PR,Sul,Demais falhas na via,Madrugada,1,0,0,0,1,0.0
2023,PR,Sul,Demais falhas na via,Manhã,3,2,0,2,4,0.666667
2023,PR,Sul,Demais falhas na via,Noite,3,0,0,0,3,0.0
2023,PR,Sul,Demais falhas na via,Tarde,1,1,0,1,2,1.0
2023,PR,Sul,Desrespeitar a preferência no cruzamento,Madrugada,5,1,0,1,6,0.2
2023,PR,Sul,Desrespeitar a preferência no cruzamento,Manhã,63,21,1,27,79,0.333333
2023,PR,Sul,Desrespeitar a preferência no cruzamento,Noite,72,23,4,23,100,0.319444
2023,PR,Sul,Desrespeitar a preferência no cruzamento,Tarde,61,15,0,19,85,0.245902
2023,PR,Sul,Desvio temporário,Manhã,1,1,0,1,1,1.0
2023,PR,Sul,Desvio temporário,Noite,2,0,0,0,2,0.0
2023,PR,Sul,Entrada inopinada do pedestre,Madrugada,7,5,4,3,9,0.714286
2023,PR,Sul,Entrada inopinada do pedestre,Manhã,7,7,1,6,7,1.0
2023,PR,Sul,Entrada inopinada do pedestre,Noite,32,25,16,10,38,0.78125
2023,PR,Sul,Entrada inopinada do pedestre,Tarde,13,7,1,6,16,0.538462
2023,PR,Sul,Estacionar ou parar em local proibido,Madrugada,2,0,0,0,0,0.0
2023,PR,Sul,Estacionar ou parar em local proibido,Manhã,3,0,0,0,5,0.0
2023,PR,Sul,Estacionar ou parar em local proibido,Noite,6,1,0,1,5,0.166667
2023,PR,Sul,Estacionar ou parar em local proibido,Tarde,5,1,0,1,6,0.2
2023,PR,Sul,Falta de acostamento,Madrugada,1,1,0,1,1,1.0
2023,PR,Sul,Falta de acostamento,Noite,2,1,1,0,3,0.5
2023,PR,Sul,Falta de acostamento,Tarde,2,0,0,0,1,0.0
2023,PR,Sul,Falta de elemento de contenção que evite a saída do leito carroçável,Manhã,1,0,0,0,0,0.0
2023,PR,Sul,Falta de elemento de contenção que evite a saída do leito carroçável,Noite,3,2,1,1,7,0.666667
2023,PR,Sul,Falta de elemento de contenção que evite a saída do leito carroçável,Tarde,3,1,0,3,5,0.333333
2023,PR,Sul,Faróis desregulados,Noite,2,0,0,0,2,0.0
2023,PR,Sul,Frear bruscamente,Manhã,8,1,0,1,6,0.125
2023,PR,Sul,Frear bruscamente,Noite,8,1,0,1,9,0.125
2023,PR,Sul,Frear bruscamente,Tarde,16,5,0,6,22,0.3125
2023,PR,Sul,Fumaça,Tarde,1,0,0,0,0,0.0
2023,PR,Sul,Iluminação deficiente,Madrugada,2,0,0,0,2,0.0
2023,PR,Sul,Iluminação deficiente,Manhã,1,1,1,0,1,1.0
2023,PR,Sul,Iluminação deficiente,Noite,17,7,2,7,21,0.411765
2023,PR,Sul,Ingestão de substâncias psicoativas pelo condutor,Madrugada,2,0,0,0,1,0.0
2023,PR,Sul,Ingestão de substâncias psicoativas pelo condutor,Manhã,1,0,0,0,0,0.0
2023,PR,Sul,Ingestão de substâncias psicoativas pelo condutor,Noite,3,0,0,0,0,0.0
2023,PR,Sul,Ingestão de substâncias psicoativas pelo condutor,Tarde,1,0,0,0,1,0.0
2023,PR,Sul,Ingestão de álcool e/ou substâncias psicoativas pelo pedestre,Madrugada,3,1,0,1,1,0.333333
2023,PR,Sul,Ingestão de álcool e/ou substâncias psicoativas pelo pedestre,Manhã,3,1,0,1,3,0.333333
2023,PR,Sul,Ingestão de álcool e/ou substâncias psicoativas pelo pedestre,Noite,15,7,1,8,22,0.466667
2023,PR,Sul,Ingestão de álcool e/ou substâncias psicoativas pelo pedestre,Tarde,4,2,0,2,4,0.5
2023,PR,Sul,Ingestão de álcool ou de substâncias psicoativas pelo pedestre,Madrugada,3,2,0,2,3,0.666667
2023,PR,Sul,Ingestão de álcool ou de substâncias psicoativas pelo pedestre,Noite,5,2,0,2,7,0.4
2023,PR,Sul,Ingestão de álcool ou de substâncias psicoativas pelo pedestre,Tarde,1,1,0,1,1,1.0
2023,PR,Sul,Ingestão de álcool pelo condutor,Madrugada,109,17,6,18,97,0.155963
2023,PR,Sul,Ingestão de álcool pelo condutor,Manhã,58,3,0,4,50,0.051724
2023,PR,Sul,Ingestão de álcool pelo condutor,Noite,195,30,8,30,140,0.153846
2023,PR,Sul,Ingestão de álcool pelo condutor,Tarde,77,12,5,11,60,0.155844
2023,PR,Sul,Mal súbito do condutor,Madrugada,4,2,1,1,4,0.5
2023,PR,Sul,Mal súbito do condutor,Manhã,32,10,7,6,35,0.3125
2023,PR,Sul,Mal súbito do condutor,Noite,13,2,1,2,14,0.153846
2023,PR,Sul,Mal súbito do condutor,Tarde,23,8,1,7,29,0.347826
2023,PR,Sul,Manobra de mudança de faixa,Madrugada,19,7,1,8,22,0.368421
2023,PR,Sul,Manobra de mudança de faixa,Manhã,154,29,3,28,179,0.188312
2023,PR,Sul,Manobra de mudança de faixa,Noite,96,12,1,16,112,0.125
2023,PR,Sul,Manobra de mudança de faixa,Tarde,126,24,0,28,147,0.190476
2023,PR,Sul,Modificação proibida,Noite,1,0,0,0,2,0.0
2023,PR,Sul,Neblina,Madrugada,1,0,0,0,1,0.0
2023,PR,Sul,Neblina,Manhã,3,1,0,1,3,0.333333
2023,PR,Sul,Neblina,Noite,4,1,0,1,6,0.25
2023,PR,Sul,Neblina,Tarde,1,1,5,6,17,1.0
2023,PR,Sul,Objeto estático sobre o leito carroçável,Madrugada,5,3,0,3,4,0.6
2023,PR,Sul,Objeto estático sobre o leito carroçável,Manhã,5,0,0,0,2,0.0
2023,PR,Sul,Objeto estático sobre o leito carroçável,Noite,10,1,0,1,6,0.1
2023,PR,Sul,Objeto estático sobre o leito carroçável,Tarde,11,2,2,2,13,0.181818
2023,PR,Sul,Obras na pista,Madrugada,1,0,0,0,1,0.0
2023,PR,Sul,Obras na pista,Noite,1,0,0,0,1,0.0
2023,PR,Sul,Obras na pista,Tarde,1,0,0,0,1,0.0
2023,PR,Sul,Obstrução Via tentativa Assalto,Manhã,1,0,0,0,0,0.0
2023,PR,Sul,Obstrução Via tentativa Assalto,Noite,1,0,0,0,0,0.0
2023,PR,Sul,Obstrução Via tentativa Assalto,Tarde,1,0,0,0,0,0.0
2023,PR,Sul,Obstrução na via,Manhã,1,1,0,1,1,1.0
2023,PR,Sul,Obstrução na via,Noite,1,0,0,0,3,0.0
2023,PR,Sul,Obstrução na via,Tarde,1,0,0,0,1,0.0
2023,PR,Sul,Pedestre andava na pista,Madrugada,12,9,7,2,12,0.75
2023,PR,Sul,Pedestre andava na pista,Manhã,10,6,2,4,10,0.6
2023,PR,Sul,Pedestre andava na pista,Noite,34,22,11,11,41,0.647059
2023,PR,Sul,Pedestre andava na pista,Tarde,11,8,1,7,11,0.727273
2023,PR,Sul,Pedestre cruzava a pista fora da faixa,Madrugada,4,3,2,1,4,0.75
2023,PR,Sul,Pedestre cruzava a pista fora da faixa,Manhã,17,8,1,7,21,0.470588
2023,PR,Sul,Pedestre cruzava a pista fora da faixa,Noite,33,24,16,10,39,0.727273
2023,PR,Sul,Pedestre cruzava a pista fora da faixa,Tarde,17,9,2,8,21,0.529412
2023,PR,Sul,Pista Escorregadia,Madrugada,5,2,0,2,5,0.4
2023,PR,Sul,Pista Escorregadia,Manhã,16,1,0,1,19,0.0625
2023,PR,Sul,Pista Escorregadia,Noite,10,1,0,1,11,0.1
2023,PR,Sul,Pista Escorregadia,Tarde,22,3,1,4,27,0.136364
2023,PR,Sul,Pista em desnível,Noite,1,0,0,0,2,0.0
2023,PR,Sul,Pista esburacada,Madrugada,3,2,0,2,2,0.666667
2023,PR,Sul,Pista esburacada,Manhã,3,0,0,0,4,0.0
2023,PR,Sul,Pista esburacada,Noite,9,4,1,3,13,0.444444
2023,PR,Sul,Pista esburacada,Tarde,8,3,0,4,13,0.375
2023,PR,Sul,Problema com o freio,Madrugada,5,0,0,0,3,0.0
2023,PR,Sul,Problema com o freio,Manhã,13,3,2,1,11,0.230769
2023,PR,Sul,Problema com o freio,Noite,8,2,3,3,12,0.25
2023,PR,Sul,Problema com o freio,Tarde,18,6,4,3,14,0.333333
2023,PR,Sul,Problema na suspensão,Madrugada,1,0,0,0,0,0.0
2023,PR,Sul,Problema na suspensão,Manhã,1,0,0,0,0,0.0
2023,PR,Sul,Problema na suspensão,Noite,3,0,0,0,2,0.0
2023,PR,Sul,Problema na suspensão,Tarde,2,0,0,0,2,0.0
2023,PR,Sul,Reação tardia ou ineficiente do condutor,Madrugada,169,35,10,28,170,0.207101
2023,PR,Sul,Reação tardia ou ineficiente do condutor,Manhã,347,75,11,70,390,0.216138
2023,PR,Sul,Reação tardia ou ineficiente do condutor,Noite,347,90,17,91,369,0.259366
2023,PR,Sul,Reação tardia ou ineficiente do condutor,Tarde,367,88,25,99,466,0.239782
2023,PR,Sul,Redutor de velocidade em desacordo,Tarde,1,1,0,1,1,1.0
2023,PR,Sul,Restrição de visibilidade em curvas horizontais,Manhã,1,0,0,0,1,0.0
2023,PR,Sul,Restrição de visibilidade em curvas horizontais,Noite,1,1,0,1,2,1.0
2023,PR,Sul,Restrição de visibilidade em curvas verticais,Manhã,2,1,1,1,7,0.5
2023,PR,Sul,Restrição de visibilidade em curvas verticais,Noite,1,0,0,0,1,0.0
2023,PR,Sul,Retorno proibido,Madrugada,4,0,0,0,6,0.0
2023,PR,Sul,Retorno proibido,Manhã,12,3,0,3,18,0.25
2023,PR,Sul,Retorno proibido,Noite,11,4,0,6,20,0.363636
2023,PR,Sul,Retorno proibido,Tarde,16,5,2,8,27,0.3125
2023,PR,Sul,Semáforo com defeito,Manhã,1,0,0,0,1,0.0
2023,PR,Sul,Sinalização mal posicionada,Madrugada,1,1,1,0,1,1.0
2023,PR,Sul,Sinalização mal posicionada,Manhã,2,1,0,1,2,0.5
2023,PR,Sul,Sinalização mal posicionada,Noite,1,1,0,1,1,1.0
2023,PR,Sul,Suicídio (presumido),Madrugada,2,2,1,1,2,1.0
2023,PR,Sul,Suicídio (presumido),Manhã,4,4,2,3,10,1.0
2023,PR,Sul,Suicídio (presumido),Noite,2,1,1,0,2,0.5
2023,PR,Sul,Suicídio (presumido),Tarde,2,1,0,1,2,0.5
2023,PR,Sul,Trafegar com motocicleta (ou similar) entre as faixas,Manhã,68,16,5,13,79,0.235294
2023,PR,Sul,Trafegar com motocicleta (ou similar) entre as faixas,Noite,21,6,1,6,28,0.285714
2023,PR,Sul,Trafegar com motocicleta (ou similar) entre as faixas,Tarde,28,13,4,9,31,0.464286
2023,PR,Sul,Transitar na calçada,Noite,1,1,0,1,1,1.0
2023,PR,Sul,Transitar na contramão,Madrugada,54,33,23,31,103,0.611111
2023,PR,Sul,Transitar na contramão,Manhã,43,25,18,24,88,0.581395
2023,PR,Sul,Transitar na contramão,Noite,95,60,38,50,165,0.631579
2023,PR,Sul,Transitar na contramão,Tarde,41,26,19,15,63,0.634146
2023,PR,Sul,Transitar no acostamento,Manhã,6,1,1,0,9,0.166667
2023,PR,Sul,Transitar no acostamento,Noite,6,4,1,5,9,0.666667
2023,PR,Sul,Transitar no acostamento,Tarde,4,1,0,1,4,0.25
2023,PR,Sul,Ultrapassagem Indevida,Madrugada,10,4,3,3,15,0.4
2023,PR,Sul,Ultrapassagem Indevida,Manhã,56,28,10,35,79,0.5
2023,PR,Sul,Ultrapassagem Indevida,Noite,46,17,10,20,108,0.369565
2023,PR,Sul,Ultrapassagem Indevida,Tarde,53,25,13,41,110,0.471698
2023,PR,Sul,Velocidade Incompatível,Madrugada,98,35,13,28,97,0.357143
2023,PR,Sul,Velocidade Incompatível,Manhã,157,39,8,39,175,0.248408
2023,PR,Sul,Velocidade Incompatível,Noite,143,41,10,43,173,0.286713
2023,PR,Sul,Velocidade Incompatível,Tarde,203,53,11,54,237,0.261084
2023,PR,Sul,Área urbana sem a presença de local apropriado para a travessia de pedestres,Manhã,3,2,1,2,4,0.666667
2023,PR,Sul,Área urbana sem a presença de local apropriado para a travessia de pedestres,Noite,3,2,2,1,4,0.666667
2023,PR,Sul,Área urbana sem a presença de local apropriado para a travessia de pedestres,Tarde,1,0,0,0,1,0.0
2023,RJ,Sudeste,Acessar a via sem observar a presença dos outros veículos,Madrugada,13,6,1,8,16,0.461538
2023,RJ,Sudeste,Acessar a via sem observar a presença dos outros veículos,Manhã,120,24,3,25,148,0.2
2023,RJ,Sudeste,Acessar a via sem observar a presença dos outros veículos,Noite,141,54,13,46,184,0.382979
2023,RJ,Sudeste,Acessar a via sem observar a presença dos outros veículos,Tarde,145,38,8,36,186,0.262069
2023,RJ,Sudeste,Acesso irregular,Madrugada,8,2,3,1,9,0.25
2023,RJ,Sudeste,Acesso irregular,Manhã,24,9,1,8,33,0.375
2023,RJ,Sudeste,Acesso irregular,Noite,23,4,4,4,34,0.173913
2023,RJ,Sudeste,Acesso irregular,Tarde,22,10,2,9,26,0.454545
2023,RJ,Sudeste,Acostamento em desnível,Madrugada,1,0,0,0,1,0.0
2023,RJ,Sudeste,Acostamento em desnível,Manhã,1,0,0,0,1,0.0
2023,RJ,Sudeste,Acostamento em desnível,Noite,3,0,0,0,3,0.0
2023,RJ,Sudeste,Acumulo de areia ou detritos sobre o pavimento,Madrugada,2,1,0,1,3,0.5
2023,RJ,Sudeste,Acumulo de areia ou detritos sobre o pavimento,Manhã,5,0,0,0,5,0.0
2023,RJ,Sudeste,Acumulo de areia ou detritos sobre o pavimento,Noite,7,1,0,1,10,0.142857
2023,RJ,Sudeste,Acumulo de areia ou detritos sobre o pavimento,Tarde,14,0,0,0,16,0.0
2023,RJ,Sudeste,Acumulo de água sobre o pavimento,Madrugada,3,1,1,0,3,0.333333
2023,RJ,Sudeste,Acumulo de água sobre o pavimento,Manhã,12,0,0,0,12,0.0
2023,RJ,Sudeste,Acumulo de água sobre o pavimento,Noite,12,2,1,4,21,0.166667
2023,RJ,Sudeste,Acumulo de água sobre o pavimento,Tarde,18,2,0,5,27,0.111111
2023,RJ,Sudeste,Acumulo de óleo sobre o pavimento,Manhã,10,0,0,0,15,0.0
2023,RJ,Sudeste,Acumulo de óleo sobre o pavimento,Noite,2,0,0,0,1,0.0
2023,RJ,Sudeste,Acumulo de óleo sobre o pavimento,Tarde,11,0,0,0,15,0.0
2023,RJ,Sudeste,Afundamento ou ondulação no pavimento,Noite,5,1,0,1,7,0.2
2023,RJ,Sudeste,Afundamento ou ondulação no pavimento,Tarde,4,1,1,0,4,0.25
2023,RJ,Sudeste,Animais na Pista,Madrugada,43,7,3,7,57,0.162791
2023,RJ,Sudeste,Animais na Pista,Manhã,16,4,0,4,20,0.25
2023,RJ,Sudeste,Animais na Pista,Noite,33,6,1,6,39,0.181818
2023,RJ,Sudeste,Animais na Pista,Tarde,5,2,0,2,6,0.4
2023,RJ,Sudeste,Ausência de reação do condutor,Madrugada,111,29,17,14,116,0.261261
2023,RJ,Sudeste,Ausência de reação do condutor,Manhã,241,39,9,44,276,0.161826
2023,RJ,Sudeste,Ausência de reação do condutor,Noite,226,42,12,33,246,0.185841
2023,RJ,Sudeste,Ausência de reação do condutor,Tarde,245,32,4,31,269,0.130612
2023,RJ,Sudeste,Ausência de sinalização,Madrugada,1,1,1,0,1,1.0
2023,RJ,Sudeste,Ausência de sinalização,Manhã,5,1,1,1,8,0.2
2023,RJ,Sudeste,Ausência de sinalização,Noite,3,1,0,1,6,0.333333
2023,RJ,Sudeste,Ausência de sinalização,Tarde,7,2,0,2,6,0.285714
2023,RJ,Sudeste,Avarias e/ou desgaste excessivo no pneu,Madrugada,9,1,0,2,11,0.111111
2023,RJ,Sudeste,Avarias e/ou desgaste excessivo no pneu,Manhã,51,5,1,5,79,0.098039
2023,RJ,Sudeste,Avarias e/ou desgaste excessivo no pneu,Noite,26,4,0,4,39,0.153846
2023,RJ,Sudeste,Avarias e/ou desgaste excessivo no pneu,Tarde,53,6,0,6,69,0.113208
2023,RJ,Sudeste,Carga excessiva e/ou mal acondicionada,Manhã,6,0,0,0,3,0.0
2023,RJ,Sudeste,Carga excessiva e/ou mal acondicionada,Noite,4,0,0,0,3,0.0
2023,RJ,Sudeste,Carga excessiva e/ou mal acondicionada,Tarde,10,0,0,0,7,0.0
2023,RJ,Sudeste,Chuva,Madrugada,18,6,2,4,18,0.333333
2023,RJ,Sudeste,Chuva,Manhã,37,3,0,3,54,0.081081
2023,RJ,Sudeste,Chuva,Noite,41,6,1,7,51,0.146341
2023,RJ,Sudeste,Chuva,Tarde,52,6,4,6,79,0.115385
2023,RJ,Sudeste,Condutor Dormindo,Madrugada,63,13,6,10,78,0.206349
2023,RJ,Sudeste,Condutor Dormindo,Manhã,41,7,1,7,50,0.170732
2023,RJ,Sudeste,Condutor Dormindo,Noite,27,8,2,7,39,0.296296
2023,RJ,Sudeste,Condutor Dormindo,Tarde,37,4,6,5,57,0.108108
2023,RJ,Sudeste,Condutor deixou de manter distância do veículo da frente,Madrugada,16,3,0,4,21,0.1875
2023,RJ,Sudeste,Condutor deixou de manter distância do veículo da frente,Manhã,143,13,1,15,153,0.090909
2023,RJ,Sudeste,Condutor deixou de manter distância do veículo da frente,Noite,107,20,6,19,123,0.186916
2023,RJ,Sudeste,Condutor deixou de manter distância do veículo da frente,Tarde,155,12,3,12,185,0.077419
2023,RJ,Sudeste,Condutor desrespeitou a iluminação vermelha do semáforo,Madrugada,4,2,0,2,4,0.5
2023,RJ,Sudeste,Condutor desrespeitou a iluminação vermelha do semáforo,Manhã,3,0,0,0,3,0.0
2023,RJ,Sudeste,Condutor desrespeitou a iluminação vermelha do semáforo,Noite,1,0,0,0,1,0.0
2023,RJ,Sudeste,Condutor desrespeitou a iluminação vermelha do semáforo,Tarde,2,1,0,1,2,0.5
2023,RJ,Sudeste,Condutor usando celular,Manhã,4,3,0,3,4,0.75
2023,RJ,Sudeste,Condutor usando celular,Noite,2,0,0,0,5,0.0
2023,RJ,Sudeste,Condutor usando celular,Tarde,4,1,0,1,5,0.25
2023,RJ,Sudeste,Conversão proibida,Madrugada,5,1,1,0,8,0.2
2023,RJ,Sudeste,Conversão proibida,Manhã,31,6,1,6,40,0.193548
2023,RJ,Sudeste,Conversão proibida,Noite,32,6,2,5,47,0.1875
2023,RJ,Sudeste,Conversão proibida,Tarde,35,5,0,5,50,0.142857
2023,RJ,Sudeste,Curva acentuada,Madrugada,7,0,0,0,6,0.0
2023,RJ,Sudeste,Curva acentuada,Manhã,10,1,1,2,16,0.1
2023,RJ,Sudeste,Curva acentuada,Noite,8,2,0,2,9,0.25
2023,RJ,Sudeste,Curva acentuada,Tarde,12,1,0,1,11,0.083333
2023,RJ,Sudeste,Declive acentuado,Manhã,1,0,0,0,1,0.0
2023,RJ,Sudeste,Declive acentuado,Tarde,1,0,0,0,1,0.0
2023,RJ,Sudeste,Deficiência do Sistema de Iluminação/Sinalização,Madrugada,5,0,0,0,6,0.0
2023,RJ,Sudeste,Deficiência do Sistema de Iluminação/Sinalização,Noite,8,3,0,4,11,0.375
2023,RJ,Sudeste,Deixar de acionar o farol da motocicleta (ou similar),Noite,1,0,0,0,1,0.0
2023,RJ,Sudeste,Demais Fenômenos da natureza,Madrugada,3,0,0,0,2,0.0
2023,RJ,Sudeste,Demais Fenômenos da natureza,Manhã,3,1,0,1,3,0.333333
2023,RJ,Sudeste,Demais Fenômenos da natureza,Noite,3,0,0,0,2,0.0
2023,RJ,Sudeste,Demais Fenômenos da natureza,Tarde,4,0,0,0,3,0.0
2023,RJ,Sudeste,Demais falhas mecânicas ou elétricas,Madrugada,31,1,1,0,29,0.032258
2023,RJ,Sudeste,Demais falhas mecânicas ou elétricas,Manhã,102,9,2,9,82,0.088235
2023,RJ,Sudeste,Demais falhas mecânicas ou elétricas,Noite,85,7,2,9,47,0.082353
2023,RJ,Sudeste,Demais falhas mecânicas ou elétricas,Tarde,90,6,2,6,69,0.066667
2023,RJ,Sudeste,Demais falhas na via,Madrugada,4,0,0,0,4,0.0
2023,RJ,Sudeste,Demais falhas na via,Manhã,7,1,0,1,7,0.142857
2023,RJ,Sudeste,Demais falhas na via,Noite,7,0,0,0,8,0.0
2023,RJ,Sudeste,Demais falhas na via,Tarde,4,1,0,1,5,0.25
2023,RJ,Sudeste,Desrespeitar a preferência no cruzamento,Manhã,16,2,0,2,20,0.125
2023,RJ,Sudeste,Desrespeitar a preferência no cruzamento,Noite,12,2,0,2,17,0.166667
2023,RJ,Sudeste,Desrespeitar a preferência no cruzamento,Tarde,10,3,0,3,9,0.3
2023,RJ,Sudeste,Desvio temporário,Noite,1,0,0,0,1,0.0
2023,RJ,Sudeste,Entrada inopinada do pedestre,Madrugada,19,12,6,6,20,0.631579
2023,RJ,Sudeste,Entrada inopinada do pedestre,Manhã,10,5,2,3,14,0.5
2023,RJ,Sudeste,Entrada inopinada do pedestre,Noite,23,12,7,5,24,0.521739
2023,RJ,Sudeste,Entrada inopinada do pedestre,Tarde,16,10,4,6,18,0.625
2023,RJ,Sudeste,Estacionar ou parar em local proibido,Manhã,7,1,1,0,15,0.142857
2023,RJ,Sudeste,Estacionar ou parar em local proibido,Noite,1,0,0,0,1,0.0
2023,RJ,Sudeste,Estacionar ou parar em local proibido,Tarde,1,0,0,0,1,0.0
2023,RJ,Sudeste,Faixas de trânsito com largura insuficiente,Noite,1,0,0,0,1,0.0
2023,RJ,Sudeste,Falta de acostamento,Madrugada,1,1,0,1,1,1.0
2023,RJ,Sudeste,Falta de acostamento,Manhã,2,0,0,0,3,0.0
2023,RJ,Sudeste,Falta de acostamento,Noite,2,0,0,0,1,0.0
2023,RJ,Sudeste,Falta de elemento de contenção que evite a saída do leito carroçável,Madrugada,1,0,0,0,0,0.0
2023,RJ,Sudeste,Falta de elemento de contenção que evite a saída do leito carroçável,Manhã,2,0,0,0,2,0.0
2023,RJ,Sudeste,Falta de elemento de contenção que evite a saída do leito carroçável,Tarde,1,0,0,0,4,0.0
2023,RJ,Sudeste,Frear bruscamente,Madrugada,2,1,0,1,1,0.5
2023,RJ,Sudeste,Frear bruscamente,Manhã,16,3,0,3,13,0.1875
2023,RJ,Sudeste,Frear bruscamente,Noite,7,1,0,1,6,0.142857
2023,RJ,Sudeste,Frear bruscamente,Tarde,16,1,0,1,21,0.0625
2023,RJ,Sudeste,Fumaça,Madrugada,1,0,0,0,0,0.0
2023,RJ,Sudeste,Fumaça,Manhã,1,1,0,1,2,1.0
2023,RJ,Sudeste,Fumaça,Tarde,3,0,0,0,2,0.0
2023,RJ,Sudeste,Iluminação deficiente,Madrugada,4,3,0,3,6,0.75
2023,RJ,Sudeste,Iluminação deficiente,Noite,22,9,4,5,27,0.409091
2023,RJ,Sudeste,Ingestão de substâncias psicoativas pelo condutor,Madrugada,6,2,1,2,4,0.333333
2023,RJ,Sudeste,Ingestão de substâncias psicoativas pelo condutor,Manhã,1,0,0,0,1,0.0
2023,RJ,Sudeste,Ingestão de substâncias psicoativas pelo condutor,Noite,1,1,0,3,4,1.0
2023,RJ,Sudeste,Ingestão de substâncias psicoativas pelo condutor,Tarde,1,0,0,0,1,0.0
2023,RJ,Sudeste,Ingestão de álcool e/ou substâncias psicoativas pelo pedestre,Madrugada,4,1,0,1,5,0.25
2023,RJ,Sudeste,Ingestão de álcool e/ou substâncias psicoativas pelo pedestre,Manhã,1,0,0,0,0,0.0
2023,RJ,Sudeste,Ingestão de álcool e/ou substâncias psicoativas pelo pedestre,Noite,5,3,1,2,6,0.6
2023,RJ,Sudeste,Ingestão de álcool ou de substâncias psicoativas pelo pedestre,Manhã,1,1,1,0,2,1.0
2023,RJ,Sudeste,Ingestão de álcool ou de substâncias psicoativas pelo pedestre,Noite,5,1,0,1,6,0.2
2023,RJ,Sudeste,Ingestão de álcool pelo condutor,Madrugada,27,9,2,9,24,0.333333
2023,RJ,Sudeste,Ingestão de álcool pelo condutor,Manhã,10,2,0,2,14,0.2
2023,RJ,Sudeste,Ingestão de álcool pelo condutor,Noite,65,11,2,9,65,0.169231
2023,RJ,Sudeste,Ingestão de álcool pelo condutor,Tarde,23,2,0,2,19,0.086957
2023,RJ,Sudeste,Mal súbito do condutor,Madrugada,6,0,0,0,8,0.0
2023,RJ,Sudeste,Mal súbito do condutor,Manhã,20,6,2,4,22,0.3
2023,RJ,Sudeste,Mal súbito do condutor,Noite,13,1,1,0,13,0.076923
2023,RJ,Sudeste,Mal súbito do condutor,Tarde,24,6,1,5,25,0.25
2023,RJ,Sudeste,Manobra de mudança de faixa,Madrugada,13,3,1,2,15,0.230769
2023,RJ,Sudeste,Manobra de mudança de faixa,Manhã,106,20,3,22,133,0.188679
2023,RJ,Sudeste,Manobra de mudança de faixa,Noite,90,13,2,13,108,0.144444
2023,RJ,Sudeste,Manobra de mudança de faixa,Tarde,91,15,2,14,97,0.164835
2023,RJ,Sudeste,Modificação proibida,Manhã,1,0,0,0,2,0.0
2023,RJ,Sudeste,Modificação proibida,Tarde,1,1,0,1,1,1.0
2023,RJ,Sudeste,Neblina,Tarde,2,0,0,0,2,0.0
2023,RJ,Sudeste,Objeto estático sobre o leito carroçável,Madrugada,4,0,0,0,5,0.0
2023,RJ,Sudeste,Objeto estático sobre o leito carroçável,Manhã,9,3,2,1,9,0.333333
2023,RJ,Sudeste,Objeto estático sobre o leito carroçável,Noite,10,0,0,0,12,0.0
2023,RJ,Sudeste,Objeto estático sobre o leito carroçável,Tarde,8,2,0,2,8,0.25
2023,RJ,Sudeste,Obras na pista,Madrugada,1,1,0,2,2,1.0
2023,RJ,Sudeste,Obras na pista,Manhã,2,0,0,0,4,0.0
2023,RJ,Sudeste,Obras na pista,Tarde,2,1,0,1,2,0.5
2023,RJ,Sudeste,Obstrução Via tentativa Assalto,Manhã,1,0,0,0,0,0.0
2023,RJ,Sudeste,Obstrução Via tentativa Assalto,Noite,2,1,0,1,1,0.5
2023,RJ,Sudeste,Obstrução Via tentativa Assalto,Tarde,1,0,0,0,1,0.0
2023,RJ,Sudeste,Obstrução na via,Noite,1,0,0,0,2,0.0
2023,RJ,Sudeste,Obstrução na via,Tarde,1,1,1,0,1,1.0
2023,RJ,Sudeste,Participar de racha,Manhã,1,0,0,0,1,0.0
2023,RJ,Sudeste,Pedestre andava na pista,Madrugada,9,6,2,4,10,0.666667
2023,RJ,Sudeste,Pedestre andava na pista,Manhã,9,4,0,4,11,0.444444
2023,RJ,Sudeste,Pedestre andava na pista,Noite,26,16,7,10,28,0.615385
2023,RJ,Sudeste,Pedestre andava na pista,Tarde,6,3,3,0,7,0.5
2023,RJ,Sudeste,Pedestre cruzava a pista fora da faixa,Madrugada,8,6,5,1,8,0.75
2023,RJ,Sudeste,Pedestre cruzava a pista fora da faixa,Manhã,17,5,0,7,20,0.294118
2023,RJ,Sudeste,Pedestre cruzava a pista fora da faixa,Noite,34,23,8,16,42,0.676471
2023,RJ,Sudeste,Pedestre cruzava a pista fora da faixa,Tarde,11,7,2,5,12,0.636364
2023,RJ,Sudeste,Pista Escorregadia,Madrugada,10,0,0,0,12,0.0
2023,RJ,Sudeste,Pista Escorregadia,Manhã,20,3,0,3,34,0.15
2023,RJ,Sudeste,Pista Escorregadia,Noite,12,0,0,0,16,0.0
2023,RJ,Sudeste,Pista Escorregadia,Tarde,28,1,0,1,45,0.035714
2023,RJ,Sudeste,Pista em desnível,Manhã,1,0,0,0,1,0.0
2023,RJ,Sudeste,Pista em desnível,Noite,1,0,0,0,1,0.0
2023,RJ,Sudeste,Pista esburacada,Manhã,2,0,0,0,1,0.0
2023,RJ,Sudeste,Pista esburacada,Noite,1,0,0,0,1,0.0
2023,RJ,Sudeste,Pista esburacada,Tarde,5,1,0,1,8,0.2
2023,RJ,Sudeste,Problema com o freio,Madrugada,2,2,0,2,10,1.0
2023,RJ,Sudeste,Problema com o freio,Manhã,8,2,0,3,7,0.25
2023,RJ,Sudeste,Problema com o freio,Noite,4,0,0,0,4,0.0
2023,RJ,Sudeste,Problema com o freio,Tarde,12,0,0,0,13,0.0
2023,RJ,Sudeste,Problema na suspensão,Tarde,1,0,0,0,0,0.0
2023,RJ,Sudeste,Reação tardia ou ineficiente do condutor,Madrugada,85,14,2,13,103,0.164706
2023,RJ,Sudeste,Reação tardia ou ineficiente do condutor,Manhã,270,42,9,47,337,0.155556
2023,RJ,Sudeste,Reação tardia ou ineficiente do condutor,Noite,226,45,7,43,282,0.199115
2023,RJ,Sudeste,Reação tardia ou ineficiente do condutor,Tarde,264,44,11,48,337,0.166667
2023,RJ,Sudeste,Restrição de visibilidade em curvas horizontais,Tarde,1,0,0,0,0,0.0
2023,RJ,Sudeste,Restrição de visibilidade em curvas verticais,Manhã,1,0,0,0,1,0.0
2023,RJ,Sudeste,Retorno proibido,Madrugada,1,0,0,0,1,0.0
2023,RJ,Sudeste,Retorno proibido,Manhã,10,3,0,3,13,0.3
2023,RJ,Sudeste,Retorno proibido,Noite,6,1,0,1,5,0.166667
2023,RJ,Sudeste,Retorno proibido,Tarde,11,1,0,2,12,0.090909
2023,RJ,Sudeste,Sinalização encoberta,Noite,2,1,0,2,3,0.5
2023,RJ,Sudeste,Sinalização encoberta,Tarde,1,0,0,0,0,0.0
2023,RJ,Sudeste,Sinalização mal posicionada,Manhã,1,1,0,1,1,1.0
2023,RJ,Sudeste,Sinalização mal posicionada,Noite,1,0,0,0,2,0.0
2023,RJ,Sudeste,Suicídio (presumido),Madrugada,1,1,1,0,1,1.0
2023,RJ,Sudeste,Suicídio (presumido),Noite,4,4,1,3,5,1.0
2023,RJ,Sudeste,Trafegar com motocicleta (ou similar) entre as faixas,Madrugada,6,2,0,2,6,0.333333
2023,RJ,Sudeste,Trafegar com motocicleta (ou similar) entre as faixas,Manhã,58,9,3,6,68,0.155172
2023,RJ,Sudeste,Trafegar com motocicleta (ou similar) entre as faixas,Noite,39,8,4,4,51,0.205128
2023,RJ,Sudeste,Trafegar com motocicleta (ou similar) entre as faixas,Tarde,43,8,0,9,51,0.186047
2023,RJ,Sudeste,Transitar na contramão,Madrugada,20,10,5,8,25,0.5
2023,RJ,Sudeste,Transitar na contramão,Manhã,20,7,4,5,34,0.35
2023,RJ,Sudeste,Transitar na contramão,Noite,56,25,14,27,101,0.446429
2023,RJ,Sudeste,Transitar na contramão,Tarde,25,12,5,11,42,0.48
2023,RJ,Sudeste,Transitar no acostamento,Madrugada,2,1,0,1,2,0.5
2023,RJ,Sudeste,Transitar no acostamento,Manhã,9,2,2,2,15,0.222222
2023,RJ,Sudeste,Transitar no acostamento,Noite,14,5,0,5,19,0.357143
2023,RJ,Sudeste,Transitar no acostamento,Tarde,8,2,0,2,12,0.25
2023,RJ,Sudeste,Transtornos Mentais (exceto suicidio),Madrugada,3,0,0,0,2,0.0
2023,RJ,Sudeste,Transtornos Mentais (exceto suicidio),Noite,1,1,0,1,1,1.0
2023,RJ,Sudeste,Transtornos Mentais (exceto suicidio),Tarde,2,0,0,0,2,0.0
2023,RJ,Sudeste,Ultrapassagem Indevida,Madrugada,4,2,3,2,13,0.5
2023,RJ,Sudeste,Ultrapassagem Indevida,Manhã,38,12,2,12,56,0.315789
2023,RJ,Sudeste,Ultrapassagem Indevida,Noite,36,12,6,9,53,0.333333
2023,RJ,Sudeste,Ultrapassagem Indevida,Tarde,41,13,4,12,66,0.317073
2023,RJ,Sudeste,Velocidade Incompatível,Madrugada,59,17,7,15,65,0.288136
2023,RJ,Sudeste,Velocidade Incompatível,Manhã,90,21,6,21,129,0.233333
2023,RJ,Sudeste,Velocidade Incompatível,Noite,66,18,7,17,101,0.272727
2023,RJ,Sudeste,Velocidade Incompatível,Tarde,98,31,8,38,144,0.316327
2023,RJ,Sudeste,Área urbana sem a presença de local apropriado para a travessia de pedestres,Manhã,4,3,1,2,5,0.75
2023,RJ,Sudeste,Área urbana sem a presença de local apropriado para a travessia de pedestres,Noite,5,4,1,3,5,0.8
2023,RJ,Sudeste,Área urbana sem a presença de local apropriado para a travessia de pedestres,Tarde,1,0,0,0,1,0.0
2023,RN,Nordeste,Acessar a via sem observar a presença dos outros veículos,Madrugada,7,4,1,3,11,0.571429
2023,RN,Nordeste,Acessar a via sem observar a presença dos outros veículos,Manhã,50,12,1,11,60,0.24
2023,RN,Nordeste,Acessar a via sem observar a presença dos outros veículos,Noite,43,17,3,19,63,0.395349
2023,RN,Nordeste,Acessar a via sem observar a presença dos outros veículos,Tarde,48,11,1,11,64,0.229167
2023,RN,Nordeste,Acesso irregular,Manhã,5,0,0,0,6,0.0
2023,RN,Nordeste,Acesso irregular,Noite,3,1,0,2,5,0.333333
2023,RN,Nordeste,Acesso irregular,Tarde,3,2,0,3,4,0.666667
2023,RN,Nordeste,Acostamento em desnível,Noite,3,1,0,1,4,0.333333
2023,RN,Nordeste,Acumulo de areia ou detritos sobre o pavimento,Madrugada,1,0,0,0,1,0.0
2023,RN,Nordeste,Acumulo de areia ou detritos sobre o pavimento,Manhã,2,0,0,0,2,0.0
2023,RN,Nordeste,Acumulo de areia ou detritos sobre o pavimento,Noite,3,0,0,0,5,0.0
2023,RN,Nordeste,Acumulo de água sobre o pavimento,Madrugada,3,0,0,0,5,0.0
2023,RN,Nordeste,Acumulo de água sobre o pavimento,Manhã,3,1,1,0,4,0.333333
2023,RN,Nordeste,Acumulo de água sobre o pavimento,Noite,2,1,0,1,1,0.5
2023,RN,Nordeste,Acumulo de água sobre o pavimento,Tarde,4,2,0,3,5,0.5
2023,RN,Nordeste,Acumulo de óleo sobre o pavimento,Manhã,3,0,0,0,5,0.0
2023,RN,Nordeste,Afundamento ou ondulação no pavimento,Madrugada,1,1,1,0,1,1.0
2023,RN,Nordeste,Afundamento ou ondulação no pavimento,Manhã,2,0,0,0,2,0.0
2023,RN,Nordeste,Animais na Pista,Madrugada,18,7,1,7,18,0.388889
2023,RN,Nordeste,Animais na Pista,Manhã,7,2,0,2,7,0.285714
2023,RN,Nordeste,Animais na Pista,Noite,30,9,1,15,47,0.3
2023,RN,Nordeste,Animais na Pista,Tarde,4,1,0,1,4,0.25
2023,RN,Nordeste,Ausência de reação do condutor,Madrugada,20,8,4,6,21,0.4
2023,RN,Nordeste,Ausência de reação do condutor,Manhã,32,9,5,7,43,0.28125
2023,RN,Nordeste,Ausência de reação do condutor,Noite,41,13,4,11,49,0.317073
2023,RN,Nordeste,Ausência de reação do condutor,Tarde,56,11,1,11,58,0.196429
2023,RN,Nordeste,Ausência de sinalização,Noite,7,3,1,4,10,0.428571
2023,RN,Nordeste,Ausência de sinalização,Tarde,4,2,0,2,3,0.5
2023,RN,Nordeste,Avarias e/ou desgaste excessivo no pneu,Manhã,9,3,0,3,14,0.333333
2023,RN,Nordeste,Avarias e/ou desgaste excessivo no pneu,Noite,3,1,0,1,3,0.333333
2023,RN,Nordeste,Avarias e/ou desgaste excessivo no pneu,Tarde,5,0,0,0,9,0.0
2023,RN,Nordeste,Carga excessiva e/ou mal acondicionada,Manhã,2,0,0,0,2,0.0
2023,RN,Nordeste,Carga excessiva e/ou mal acondicionada,Tarde,1,0,0,0,0,0.0
2023,RN,Nordeste,Chuva,Madrugada,3,1,0,1,5,0.333333
2023,RN,Nordeste,Chuva,Manhã,3,0,0,0,4,0.0
2023,RN,Nordeste,Chuva,Noite,2,1,0,2,3,0.5
2023,RN,Nordeste,Chuva,Tarde,2,0,0,0,4,0.0
2023,RN,Nordeste,Condutor Dormindo,Madrugada,8,3,2,1,13,0.375
2023,RN,Nordeste,Condutor Dormindo,Manhã,8,3,2,1,7,0.375
2023,RN,Nordeste,Condutor Dormindo,Noite,5,4,1,3,5,0.8
2023,RN,Nordeste,Condutor Dormindo,Tarde,7,2,0,2,9,0.285714
2023,RN,Nordeste,Condutor deixou de manter distância do veículo da frente,Madrugada,5,1,0,1,5,0.2
2023,RN,Nordeste,Condutor deixou de manter distância do veículo da frente,Manhã,73,10,1,11,73,0.136986
2023,RN,Nordeste,Condutor deixou de manter distância do veículo da frente,Noite,29,7,0,10,36,0.241379
2023,RN,Nordeste,Condutor deixou de manter distância do veículo da frente,Tarde,57,8,0,9,62,0.140351
2023,RN,Nordeste,Condutor desrespeitou a iluminação vermelha do semáforo,Noite,3,0,0,0,2,0.0
2023,RN,Nordeste,Condutor usando celular,Manhã,1,1,0,1,1,1.0
2023,RN,Nordeste,Condutor usando celular,Noite,3,1,0,1,3,0.333333
2023,RN,Nordeste,Condutor usando celular,Tarde,1,0,0,0,1,0.0
2023,RN,Nordeste,Conversão proibida,Madrugada,1,0,0,0,0,0.0
2023,RN,Nordeste,Conversão proibida,Manhã,10,2,0,3,12,0.2
2023,RN,Nordeste,Conversão proibida,Noite,8,2,0,3,11,0.25
2023,RN,Nordeste,Conversão proibida,Tarde,15,4,1,4,22,0.266667
2023,RN,Nordeste,Curva acentuada,Manhã,1,0,0,0,1,0.0
2023,RN,Nordeste,Curva acentuada,Tarde,1,0,0,0,1,0.0
2023,RN,Nordeste,Declive acentuado,Tarde,1,1,1,0,1,1.0
2023,RN,Nordeste,Deficiência do Sistema de Iluminação/Sinalização,Noite,3,2,0,3,4,0.666667
2023,RN,Nordeste,Demais Fenômenos da natureza,Tarde,1,0,0,0,3,0.0
2023,RN,Nordeste,Demais falhas mecânicas ou elétricas,Madrugada,6,0,0,0,3,0.0
2023,RN,Nordeste,Demais falhas mecânicas ou elétricas,Manhã,21,7,0,10,29,0.333333
2023,RN,Nordeste,Demais falhas mecânicas ou elétricas,Noite,12,3,1,2,11,0.25
2023,RN,Nordeste,Demais falhas mecânicas ou elétricas,Tarde,12,2,0,6,17,0.166667
2023,RN,Nordeste,Demais falhas na via,Noite,6,4,0,4,12,0.666667
2023,RN,Nordeste,Desrespeitar a preferência no cruzamento,Madrugada,1,0,0,0,1,0.0
2023,RN,Nordeste,Desrespeitar a preferência no cruzamento,Manhã,4,3,0,3,4,0.75
2023,RN,Nordeste,Desrespeitar a preferência no cruzamento,Noite,4,0,0,0,3,0.0
2023,RN,Nordeste,Desrespeitar a preferência no cruzamento,Tarde,4,2,1,1,3,0.5
2023,RN,Nordeste,Entrada inopinada do pedestre,Manhã,2,1,0,1,2,0.5
2023,RN,Nordeste,Entrada inopinada do pedestre,Noite,12,9,3,7,18,0.75
2023,RN,Nordeste,Entrada inopinada do pedestre,Tarde,4,2,0,2,6,0.5
2023,RN,Nordeste,Estacionar ou parar em local proibido,Madrugada,1,0,0,0,1,0.0
2023,RN,Nordeste,Estacionar ou parar em local proibido,Manhã,3,0,0,0,3,0.0
2023,RN,Nordeste,Estacionar ou parar em local proibido,Noite,3,1,0,1,4,0.333333
2023,RN,Nordeste,Estacionar ou parar em local proibido,Tarde,1,0,0,0,0,0.0
2023,RN,Nordeste,Falta de acostamento,Manhã,1,0,0,0,1,0.0
2023,RN,Nordeste,Falta de acostamento,Noite,1,1,0,1,1,1.0
2023,RN,Nordeste,Frear bruscamente,Noite,1,0,0,0,0,0.0
2023,RN,Nordeste,Frear bruscamente,Tarde,1,0,0,0,1,0.0
2023,RN,Nordeste,Fumaça,Tarde,1,0,0,0,1,0.0
2023,RN,Nordeste,Iluminação deficiente,Noite,1,0,0,0,1,0.0
2023,RN,Nordeste,Ingestão de substâncias psicoativas pelo condutor,Manhã,1,0,0,0,0,0.0
2023,RN,Nordeste,Ingestão de álcool e/ou substâncias psicoativas pelo pedestre,Madrugada,3,1,0,2,2,0.333333
2023,RN,Nordeste,Ingestão de álcool e/ou substâncias psicoativas pelo pedestre,Noite,7,5,2,3,7,0.714286
2023,RN,Nordeste,Ingestão de álcool e/ou substâncias psicoativas pelo pedestre,Tarde,2,0,0,0,1,0.0
2023,RN,Nordeste,Ingestão de álcool ou de substâncias psicoativas pelo pedestre,Madrugada,1,1,0,1,1,1.0
2023,RN,Nordeste,Ingestão de álcool ou de substâncias psicoativas pelo pedestre,Noite,1,1,0,1,2,1.0
2023,RN,Nordeste,Ingestão de álcool ou de substâncias psicoativas pelo pedestre,Tarde,1,0,0,0,1,0.0
2023,RN,Nordeste,Ingestão de álcool pelo condutor,Madrugada,23,9,3,7,24,0.391304
2023,RN,Nordeste,Ingestão de álcool pelo condutor,Manhã,7,0,0,0,9,0.0
2023,RN,Nordeste,Ingestão de álcool pelo condutor,Noite,41,5,0,5,29,0.121951
2023,RN,Nordeste,Ingestão de álcool pelo condutor,Tarde,19,6,3,5,23,0.315789
2023,RN,Nordeste,Mal súbito do condutor,Madrugada,1,1,0,1,1,1.0
2023,RN,Nordeste,Mal súbito do condutor,Manhã,5,3,0,4,6,0.6
2023,RN,Nordeste,Mal súbito do condutor,Tarde,6,2,0,2,7,0.333333
2023,RN,Nordeste,Manobra de mudança de faixa,Madrugada,1,1,0,1,1,1.0
2023,RN,Nordeste,Manobra de mudança de faixa,Manhã,47,10,0,11,65,0.212766
2023,RN,Nordeste,Manobra de mudança de faixa,Noite,37,13,2,16,51,0.351351
2023,RN,Nordeste,Manobra de mudança de faixa,Tarde,33,12,3,14,50,0.363636
2023,RN,Nordeste,Modificação proibida,Manhã,1,1,0,1,1,1.0
2023,RN,Nordeste,Neblina,Manhã,1,0,0,0,1,0.0
2023,RN,Nordeste,Objeto estático sobre o leito carroçável,Madrugada,2,0,0,0,2,0.0
2023,RN,Nordeste,Objeto estático sobre o leito carroçável,Noite,1,0,0,0,2,0.0
2023,RN,Nordeste,Objeto estático sobre o leito carroçável,Tarde,3,2,0,2,3,0.666667
2023,RN,Nordeste,Obstrução na via,Noite,2,1,1,1,4,0.5
2023,RN,Nordeste,Pedestre - Ingestão de álcool/ substâncias psicoativas,Noite,1,0,0,0,1,0.0
2023,RN,Nordeste,Pedestre andava na pista,Madrugada,4,4,2,2,6,1.0
2023,RN,Nordeste,Pedestre andava na pista,Manhã,2,2,1,1,3,1.0
2023,RN,Nordeste,Pedestre andava na pista,Noite,8,8,2,6,10,1.0
2023,RN,Nordeste,Pedestre cruzava a pista fora da faixa,Madrugada,1,1,1,2,3,1.0
2023,RN,Nordeste,Pedestre cruzava a pista fora da faixa,Manhã,6,3,1,2,9,0.5
2023,RN,Nordeste,Pedestre cruzava a pista fora da faixa,Noite,7,4,1,3,9,0.571429
2023,RN,Nordeste,Pedestre cruzava a pista fora da faixa,Tarde,10,3,0,3,16,0.3
2023,RN,Nordeste,Pista Escorregadia,Manhã,1,1,0,1,1,1.0
2023,RN,Nordeste,Pista Escorregadia,Noite,2,1,0,1,2,0.5
2023,RN,Nordeste,Pista Escorregadia,Tarde,1,0,0,0,2,0.0
2023,RN,Nordeste,Pista esburacada,Madrugada,1,1,0,1,1,1.0
2023,RN,Nordeste,Pista esburacada,Manhã,3,1,0,2,5,0.333333
2023,RN,Nordeste,Pista esburacada,Noite,4,1,0,1,4,0.25
2023,RN,Nordeste,Pista esburacada,Tarde,7,4,1,3,8,0.571429
2023,RN,Nordeste,Problema com o freio,Manhã,4,2,1,1,7,0.5
2023,RN,Nordeste,Problema com o freio,Tarde,1,0,0,0,0,0.0
2023,RN,Nordeste,Problema na suspensão,Noite,1,0,0,0,8,0.0
2023,RN,Nordeste,Problema na suspensão,Tarde,2,2,1,1,6,1.0
2023,RN,Nordeste,Reação tardia ou ineficiente do condutor,Madrugada,14,6,1,6,18,0.428571
2023,RN,Nordeste,Reação tardia ou ineficiente do condutor,Manhã,47,10,4,7,54,0.212766
2023,RN,Nordeste,Reação tardia ou ineficiente do condutor,Noite,30,13,2,12,36,0.433333
2023,RN,Nordeste,Reação tardia ou ineficiente do condutor,Tarde,52,13,2,14,71,0.25
2023,RN,Nordeste,Retorno proibido,Manhã,1,0,0,0,2,0.0
2023,RN,Nordeste,Retorno proibido,Noite,1,0,0,0,1,0.0
2023,RN,Nordeste,Retorno proibido,Tarde,4,1,0,2,6,0.25
2023,RN,Nordeste,Semáforo com defeito,Manhã,1,0,0,0,1,0.0
2023,RN,Nordeste,Sinalização mal posicionada,Madrugada,1,0,0,0,1,0.0
2023,RN,Nordeste,Trafegar com motocicleta (ou similar) entre as faixas,Manhã,2,0,0,0,2,0.0
2023,RN,Nordeste,Trafegar com motocicleta (ou similar) entre as faixas,Tarde,3,0,0,0,4,0.0
2023,RN,Nordeste,Transitar na contramão,Madrugada,7,5,2,4,10,0.714286
2023,RN,Nordeste,Transitar na contramão,Manhã,4,1,2,2,6,0.25
2023,RN,Nordeste,Transitar na contramão,Noite,30,19,9,18,56,0.633333
2023,RN,Nordeste,Transitar na contramão,Tarde,11,4,4,2,23,0.363636
2023,RN,Nordeste,Transitar no acostamento,Noite,2,1,1,0,2,0.5
2023,RN,Nordeste,Transitar no acostamento,Tarde,2,0,0,0,2,0.0
2023,RN,Nordeste,Ultrapassagem Indevida,Madrugada,2,1,1,2,7,0.5
2023,RN,Nordeste,Ultrapassagem Indevida,Manhã,9,2,0,4,18,0.222222
2023,RN,Nordeste,Ultrapassagem Indevida,Noite,6,5,2,8,16,0.833333
2023,RN,Nordeste,Ultrapassagem Indevida,Tarde,11,6,0,8,17,0.545455
2023,RN,Nordeste,Velocidade Incompatível,Madrugada,7,1,0,1,5,0.142857
2023,RN,Nordeste,Velocidade Incompatível,Manhã,7,3,1,2,6,0.428571
2023,RN,Nordeste,Velocidade Incompatível,Noite,8,7,3,12,19,0.875
2023,RN,Nordeste,Velocidade Incompatível,Tarde,13,3,2,1,12,0.230769
2023,RN,Nordeste,Área urbana sem a presença de local apropriado para a travessia de pedestres,Noite,1,1,0,1,1,1.0
2023,RN,Nordeste,Área urbana sem a presença de local apropriado para a travessia de pedestres,Tarde,1,1,0,1,1,1.0
2023,RO,Norte,Acessar a via sem observar a presença dos outros veículos,Madrugada,9,5,0,6,13,0.555556
2023,RO,Norte,Acessar a via sem observar a presença dos outros veículos,Manhã,82,23,3,25,95,0.280488
2023,RO,Norte,Acessar a via sem observar a presença dos outros veículos,Noite,56,19,0,21,67,0.339286
2023,RO,Norte,Acessar a via sem observar a presença dos outros veículos,Tarde,70,21,2,26,83,0.3
2023,RO,Norte,Acesso irregular,Madrugada,2,0,0,0,2,0.0
2023,RO,Norte,Acesso irregular,Manhã,7,3,0,3,9,0.428571
2023,RO,Norte,Acesso irregular,Noite,6,4,0,5,8,0.666667
2023,RO,Norte,Acesso irregular,Tarde,8,3,0,4,12,0.375
2023,RO,Norte,Acostamento em desnível,Madrugada,1,0,0,0,1,0.0
2023,RO,Norte,Acostamento em desnível,Manhã,4,1,0,1,5,0.25
2023,RO,Norte,Acostamento em desnível,Noite,5,1,0,1,5,0.2
2023,RO,Norte,Acostamento em desnível,Tarde,1,1,0,1,2,1.0
2023,RO,Norte,Acumulo de areia ou detritos sobre o pavimento,Madrugada,1,1,0,1,1,1.0
2023,RO,Norte,Acumulo de areia ou detritos sobre o pavimento,Manhã,2,0,0,0,1,0.0
2023,RO,Norte,Acumulo de areia ou detritos sobre o pavimento,Noite,5,2,0,2,10,0.4
2023,RO,Norte,Acumulo de areia ou detritos sobre o pavimento,Tarde,2,0,0,0,0,0.0
2023,RO,Norte,Acumulo de água sobre o pavimento,Manhã,3,2,0,2,3,0.666667
2023,RO,Norte,Acumulo de água sobre o pavimento,Tarde,7,3,1,3,11,0.428571
2023,RO,Norte,Acumulo de óleo sobre o pavimento,Manhã,3,1,0,1,3,0.333333
2023,RO,Norte,Acumulo de óleo sobre o pavimento,Tarde,1,0,0,0,1,0.0
2023,RO,Norte,Afundamento ou ondulação no pavimento,Madrugada,1,1,0,1,2,1.0
2023,RO,Norte,Afundamento ou ondulação no pavimento,Manhã,2,0,0,0,2,0.0
2023,RO,Norte,Afundamento ou ondulação no pavimento,Noite,3,2,0,2,3,0.666667
2023,RO,Norte,Afundamento ou ondulação no pavimento,Tarde,2,0,0,0,5,0.0
2023,RO,Norte,Animais na Pista,Madrugada,6,3,0,4,8,0.5
2023,RO,Norte,Animais na Pista,Manhã,2,0,0,0,2,0.0
2023,RO,Norte,Animais na Pista,Noite,9,2,1,1,10,0.222222
2023,RO,Norte,Animais na Pista,Tarde,3,1,0,1,2,0.333333
2023,RO,Norte,Ausência de reação do condutor,Madrugada,19,7,4,3,19,0.368421
2023,RO,Norte,Ausência de reação do condutor,Manhã,54,15,4,17,55,0.277778
2023,RO,Norte,Ausência de reação do condutor,Noite,46,17,6,18,53,0.369565
2023,RO,Norte,Ausência de reação do condutor,Tarde,35,11,3,12,48,0.314286
2023,RO,Norte,Ausência de sinalização,Madrugada,2,2,0,4,6,1.0
2023,RO,Norte,Ausência de sinalização,Manhã,3,0,0,0,3,0.0
2023,RO,Norte,Ausência de sinalização,Noite,2,2,0,2,3,1.0
2023,RO,Norte,Ausência de sinalização,Tarde,5,1,0,1,4,0.2
2023,RO,Norte,Avarias e/ou desgaste excessivo no pneu,Madrugada,2,1,0,1,4,0.5
2023,RO,Norte,Avarias e/ou desgaste excessivo no pneu,Manhã,6,1,0,1,9,0.166667
2023,RO,Norte,Avarias e/ou desgaste excessivo no pneu,Noite,2,1,0,1,3,0.5
2023,RO,Norte,Avarias e/ou desgaste excessivo no pneu,Tarde,7,0,0,0,10,0.0
2023,RO,Norte,Carga excessiva e/ou mal acondicionada,Manhã,3,0,0,0,2,0.0
2023,RO,Norte,Carga excessiva e/ou mal acondicionada,Tarde,2,0,0,0,1,0.0
2023,RO,Norte,Chuva,Manhã,1,1,0,1,1,1.0
2023,RO,Norte,Chuva,Noite,3,1,0,2,4,0.333333
2023,RO,Norte,Chuva,Tarde,3,1,2,2,7,0.333333
2023,RO,Norte,Condutor Dormindo,Madrugada,7,5,3,8,18,0.714286
2023,RO,Norte,Condutor Dormindo,Manhã,10,3,0,4,14,0.3
2023,RO,Norte,Condutor Dormindo,Noite,3,0,0,0,3,0.0
2023,RO,Norte,Condutor Dormindo,Tarde,8,1,0,2,11,0.125
2023,RO,Norte,Condutor deixou de manter distância do veículo da frente,Madrugada,3,1,0,1,3,0.333333
2023,RO,Norte,Condutor deixou de manter distância do veículo da frente,Manhã,32,2,0,2,24,0.0625
2023,RO,Norte,Condutor deixou de manter distância do veículo da frente,Noite,20,4,1,4,19,0.2
2023,RO,Norte,Condutor deixou de manter distância do veículo da frente,Tarde,38,7,2,8,40,0.184211
2023,RO,Norte,Condutor desrespeitou a iluminação vermelha do semáforo,Madrugada,8,4,0,5,10,0.5
2023,RO,Norte,Condutor desrespeitou a iluminação vermelha do semáforo,Manhã,7,3,0,3,10,0.428571
2023,RO,Norte,Condutor desrespeitou a iluminação vermelha do semáforo,Noite,8,4,0,4,11,0.5
2023,RO,Norte,Condutor desrespeitou a iluminação vermelha do semáforo,Tarde,10,2,0,4,15,0.2
2023,RO,Norte,Condutor usando celular,Noite,1,0,0,0,1,0.0
2023,RO,Norte,Conversão proibida,Madrugada,2,2,1,2,3,1.0
2023,RO,Norte,Conversão proibida,Manhã,9,2,0,2,13,0.222222
2023,RO,Norte,Conversão proibida,Noite,3,1,0,1,3,0.333333
2023,RO,Norte,Conversão proibida,Tarde,5,2,1,1,6,0.4
2023,RO,Norte,Curva acentuada,Manhã,2,0,0,0,1,0.0
2023,RO,Norte,Deficiência do Sistema de Iluminação/Sinalização,Noite,6,3,0,4,10,0.5
2023,RO,Norte,Demais Fenômenos da natureza,Tarde,1,0,0,0,1,0.0
2023,RO,Norte,Demais falhas mecânicas ou elétricas,Madrugada,7,1,0,1,3,0.142857
2023,RO,Norte,Demais falhas mecânicas ou elétricas,Manhã,15,1,0,2,8,0.066667
2023,RO,Norte,Demais falhas mecânicas ou elétricas,Noite,8,2,0,2,5,0.25
2023,RO,Norte,Demais falhas mecânicas ou elétricas,Tarde,18,3,0,4,14,0.166667
2023,RO,Norte,Demais falhas na via,Noite,6,1,0,2,7,0.166667
2023,RO,Norte,Demais falhas na via,Tarde,3,0,0,0,1,0.0
2023,RO,Norte,Desrespeitar a preferência no cruzamento,Madrugada,6,1,0,1,6,0.166667
2023,RO,Norte,Desrespeitar a preferência no cruzamento,Manhã,26,5,0,5,28,0.192308
2023,RO,Norte,Desrespeitar a preferência no cruzamento,Noite,13,1,0,1,16,0.076923
2023,RO,Norte,Desrespeitar a preferência no cruzamento,Tarde,20,2,0,2,22,0.1
2023,RO,Norte,Desvio temporário,Manhã,1,0,0,0,0,0.0
2023,RO,Norte,Desvio temporário,Noite,2,1,1,0,6,0.5
2023,RO,Norte,Entrada inopinada do pedestre,Madrugada,2,2,1,1,3,1.0
2023,RO,Norte,Entrada inopinada do pedestre,Manhã,2,1,1,0,2,0.5
2023,RO,Norte,Entrada inopinada do pedestre,Noite,4,2,1,1,4,0.5
2023,RO,Norte,Entrada inopinada do pedestre,Tarde,1,0,0,0,2,0.0
2023,RO,Norte,Estacionar ou parar em local proibido,Manhã,3,1,0,1,4,0.333333
2023,RO,Norte,Estacionar ou parar em local proibido,Noite,2,0,0,0,2,0.0
2023,RO,Norte,Falta de acostamento,Tarde,1,0,0,0,2,0.0
2023,RO,Norte,Falta de elemento de contenção que evite a saída do leito carroçável,Madrugada,1,0,0,0,3,0.0
2023,RO,Norte,Falta de elemento de contenção que evite a saída do leito carroçável,Manhã,2,2,0,2,4,1.0
2023,RO,Norte,Falta de elemento de contenção que evite a saída do leito carroçável,Noite,1,1,0,1,1,1.0
2023,RO,Norte,Falta de elemento de contenção que evite a saída do leito carroçável,Tarde,1,0,0,0,1,0.0
2023,RO,Norte,Frear bruscamente,Manhã,3,1,0,1,3,0.333333
2023,RO,Norte,Frear bruscamente,Noite,2,0,0,0,2,0.0
2023,RO,Norte,Frear bruscamente,Tarde,2,1,0,1,1,0.5
2023,RO,Norte,Fumaça,Tarde,1,0,0,0,2,0.0
2023,RO,Norte,Iluminação deficiente,Madrugada,1,1,1,0,1,1.0
2023,RO,Norte,Iluminação deficiente,Noite,6,3,2,1,8,0.5
2023,RO,Norte,Ingestão de substâncias psicoativas pelo condutor,Tarde,2,1,1,0,1,0.5
2023,RO,Norte,Ingestão de álcool e/ou substâncias psicoativas pelo pedestre,Noite,1,1,1,0,1,1.0
2023,RO,Norte,Ingestão de álcool ou de substâncias psicoativas pelo pedestre,Madrugada,2,1,1,0,2,0.5
2023,RO,Norte,Ingestão de álcool pelo condutor,Madrugada,13,1,0,2,11,0.076923
2023,RO,Norte,Ingestão de álcool pelo condutor,Manhã,11,0,0,0,6,0.0
2023,RO,Norte,Ingestão de álcool pelo condutor,Noite,25,4,0,4,26,0.16
2023,RO,Norte,Ingestão de álcool pelo condutor,Tarde,16,3,0,3,13,0.1875
2023,RO,Norte,Mal súbito do condutor,Noite,3,2,0,2,2,0.666667
2023,RO,Norte,Mal súbito do condutor,Tarde,2,1,0,1,2,0.5
2023,RO,Norte,Manobra de mudança de faixa,Madrugada,4,1,1,0,7,0.25
2023,RO,Norte,Manobra de mudança de faixa,Manhã,27,5,5,2,30,0.185185
2023,RO,Norte,Manobra de mudança de faixa,Noite,15,7,5,4,19,0.466667
2023,RO,Norte,Manobra de mudança de faixa,Tarde,25,6,1,8,34,0.24
2023,RO,Norte,Objeto estático sobre o leito carroçável,Noite,1,1,0,1,2,1.0
2023,RO,Norte,Objeto estático sobre o leito carroçável,Tarde,2,1,0,1,1,0.5
2023,RO,Norte,Obras na pista,Manhã,1,0,0,0,0,0.0
2023,RO,Norte,Obras na pista,Noite,2,1,0,1,4,0.5
2023,RO,Norte,Pedestre andava na pista,Madrugada,4,4,2,2,5,1.0
2023,RO,Norte,Pedestre andava na pista,Noite,9,7,5,3,11,0.777778
2023,RO,Norte,Pedestre andava na pista,Tarde,2,0,0,0,4,0.0
2023,RO,Norte,Pedestre cruzava a pista fora da faixa,Madrugada,1,1,1,0,1,1.0
2023,RO,Norte,Pedestre cruzava a pista fora da faixa,Manhã,1,1,0,1,1,1.0
2023,RO,Norte,Pedestre cruzava a pista fora da faixa,Tarde,2,1,0,1,2,0.5
2023,RO,Norte,Pista Escorregadia,Noite,1,0,0,0,2,0.0
2023,RO,Norte,Pista Escorregadia,Tarde,3,0,0,0,3,0.0
2023,RO,Norte,Pista em desnível,Manhã,1,0,0,0,1,0.0
2023,RO,Norte,Pista em desnível,Noite,1,0,0,0,1,0.0
2023,RO,Norte,Pista esburacada,Madrugada,1,1,0,1,3,1.0
2023,RO,Norte,Pista esburacada,Manhã,5,2,0,2,6,0.4
2023,RO,Norte,Pista esburacada,Noite,6,2,0,2,6,0.333333
2023,RO,Norte,Pista esburacada,Tarde,7,2,2,1,10,0.285714
2023,RO,Norte,Problema com o freio,Manhã,2,1,0,1,3,0.5
2023,RO,Norte,Problema com o freio,Noite,1,0,0,0,0,0.0
2023,RO,Norte,Problema com o freio,Tarde,2,0,0,0,0,0.0
2023,RO,Norte,Reação tardia ou ineficiente do condutor,Madrugada,24,11,2,9,28,0.458333
2023,RO,Norte,Reação tardia ou ineficiente do condutor,Manhã,64,13,0,16,66,0.203125
2023,RO,Norte,Reação tardia ou ineficiente do condutor,Noite,52,14,2,13,57,0.269231
2023,RO,Norte,Reação tardia ou ineficiente do condutor,Tarde,58,9,1,10,61,0.155172
2023,RO,Norte,Redutor de velocidade em desacordo,Noite,1,1,0,1,2,1.0
2023,RO,Norte,Redutor de velocidade em desacordo,Tarde,1,0,0,0,1,0.0
2023,RO,Norte,Retorno proibido,Manhã,2,2,0,3,3,1.0
2023,RO,Norte,Retorno proibido,Noite,4,1,0,1,7,0.25
2023,RO,Norte,Retorno proibido,Tarde,2,0,0,0,3,0.0
2023,RO,Norte,Sinalização mal posicionada,Madrugada,1,0,0,0,1,0.0
2023,RO,Norte,Sinalização mal posicionada,Noite,2,0,0,0,2,0.0
2023,RO,Norte,Trafegar com motocicleta (ou similar) entre as faixas,Manhã,2,0,0,0,1,0.0
2023,RO,Norte,Transitar na calçada,Madrugada,1,0,0,0,0,0.0
2023,RO,Norte,Transitar na calçada,Noite,1,0,0,0,0,0.0
2023,RO,Norte,Transitar na contramão,Madrugada,7,5,7,3,12,0.714286
2023,RO,Norte,Transitar na contramão,Manhã,10,5,4,3,16,0.5
2023,RO,Norte,Transitar na contramão,Noite,25,15,9,16,46,0.6
2023,RO,Norte,Transitar na contramão,Tarde,7,3,1,3,10,0.428571
2023,RO,Norte,Transitar no acostamento,Manhã,1,0,0,0,1,0.0
2023,RO,Norte,Transitar no acostamento,Noite,1,1,0,1,1,1.0
2023,RO,Norte,Transitar no acostamento,Tarde,2,1,0,1,3,0.5
2023,RO,Norte,Ultrapassagem Indevida,Madrugada,3,3,1,4,6,1.0
2023,RO,Norte,Ultrapassagem Indevida,Manhã,24,11,5,11,40,0.458333
2023,RO,Norte,Ultrapassagem Indevida,Noite,10,4,1,12,28,0.4
2023,RO,Norte,Ultrapassagem Indevida,Tarde,18,9,0,11,29,0.5
2023,RO,Norte,Velocidade Incompatível,Madrugada,6,3,1,2,7,0.5
2023,RO,Norte,Velocidade Incompatível,Manhã,7,3,0,3,10,0.428571
2023,RO,Norte,Velocidade Incompatível,Noite,10,3,1,2,11,0.3
2023,RO,Norte,Velocidade Incompatível,Tarde,12,2,0,3,19,0.166667
2023,RR,Norte,Acessar a via sem observar a presença dos outros veículos,Manhã,2,1,0,1,3,0.5
2023,RR,Norte,Acessar a via sem observar a presença dos outros veículos,Noite,3,1,0,1,3,0.333333
2023,RR,Norte,Acessar a via sem observar a presença dos outros veículos,Tarde,3,0,0,0,2,0.0
2023,RR,Norte,Acumulo de areia ou detritos sobre o pavimento,Noite,1,0,0,0,0,0.0
2023,RR,Norte,Acumulo de água sobre o pavimento,Tarde,1,0,0,0,1,0.0
2023,RR,Norte,Afundamento ou ondulação no pavimento,Noite,2,1,0,1,5,0.5
2023,RR,Norte,Afundamento ou ondulação no pavimento,Tarde,1,1,0,2,2,1.0
2023,RR,Norte,Animais na Pista,Madrugada,2,1,1,0,1,0.5
2023,RR,Norte,Animais na Pista,Noite,4,1,1,0,8,0.25
2023,RR,Norte,Ausência de reação do condutor,Madrugada,2,1,0,1,1,0.5
2023,RR,Norte,Ausência de reação do condutor,Manhã,6,4,1,3,7,0.666667
2023,RR,Norte,Ausência de reação do condutor,Noite,8,5,2,3,11,0.625
2023,RR,Norte,Ausência de reação do condutor,Tarde,2,0,0,0,4,0.0
2023,RR,Norte,Avarias e/ou desgaste excessivo no pneu,Noite,1,0,0,0,1,0.0
2023,RR,Norte,Carga excessiva e/ou mal acondicionada,Tarde,2,1,1,1,3,0.5
2023,RR,Norte,Chuva,Manhã,1,0,0,0,5,0.0
2023,RR,Norte,Chuva,Tarde,2,0,0,0,4,0.0
2023,RR,Norte,Condutor Dormindo,Manhã,1,1,0,1,1,1.0
2023,RR,Norte,Condutor Dormindo,Tarde,2,0,0,0,0,0.0
2023,RR,Norte,Condutor deixou de manter distância do veículo da frente,Manhã,1,1,1,0,1,1.0
2023,RR,Norte,Condutor deixou de manter distância do veículo da frente,Noite,6,3,0,4,8,0.5
2023,RR,Norte,Conversão proibida,Manhã,1,0,0,0,1,0.0
2023,RR,Norte,Deficiência do Sistema de Iluminação/Sinalização,Noite,3,0,0,0,5,0.0
2023,RR,Norte,Demais falhas mecânicas ou elétricas,Madrugada,2,0,0,0,0,0.0
2023,RR,Norte,Demais falhas mecânicas ou elétricas,Manhã,3,0,0,0,9,0.0
2023,RR,Norte,Demais falhas mecânicas ou elétricas,Tarde,3,1,0,2,7,0.333333
2023,RR,Norte,Demais falhas na via,Madrugada,1,0,0,0,0,0.0
2023,RR,Norte,Demais falhas na via,Manhã,1,0,0,0,3,0.0
2023,RR,Norte,Demais falhas na via,Noite,2,2,0,2,2,1.0
2023,RR,Norte,Desrespeitar a preferência no cruzamento,Manhã,1,0,0,0,1,0.0
2023,RR,Norte,Desrespeitar a preferência no cruzamento,Noite,1,0,0,0,1,0.0
2023,RR,Norte,Desrespeitar a preferência no cruzamento,Tarde,1,0,0,0,1,0.0
2023,RR,Norte,Estacionar ou parar em local proibido,Noite,1,1,4,0,8,1.0
2023,RR,Norte,Faixas de trânsito com largura insuficiente,Tarde,1,0,0,0,0,0.0
2023,RR,Norte,Frear bruscamente,Manhã,1,1,0,1,1,1.0
2023,RR,Norte,Iluminação deficiente,Madrugada,1,0,0,0,2,0.0
2023,RR,Norte,Ingestão de álcool ou de substâncias psicoativas pelo pedestre,Noite,1,0,0,0,0,0.0
2023,RR,Norte,Ingestão de álcool pelo condutor,Madrugada,2,0,0,0,7,0.0
2023,RR,Norte,Ingestão de álcool pelo condutor,Manhã,1,0,0,0,1,0.0
2023,RR,Norte,Ingestão de álcool pelo condutor,Noite,8,1,0,1,9,0.125
2023,RR,Norte,Ingestão de álcool pelo condutor,Tarde,4,2,1,2,7,0.5
2023,RR,Norte,Manobra de mudança de faixa,Madrugada,1,0,0,0,0,0.0
2023,RR,Norte,Manobra de mudança de faixa,Manhã,3,2,2,3,9,0.666667
2023,RR,Norte,Manobra de mudança de faixa,Noite,1,1,0,1,1,1.0
2023,RR,Norte,Manobra de mudança de faixa,Tarde,4,0,0,0,4,0.0
2023,RR,Norte,Pedestre andava na pista,Manhã,1,1,1,0,1,1.0
2023,RR,Norte,Pedestre andava na pista,Noite,3,3,1,3,5,1.0
2023,RR,Norte,Pista Escorregadia,Manhã,1,1,3,1,4,1.0
2023,RR,Norte,Pista Escorregadia,Tarde,2,0,0,0,3,0.0
2023,RR,Norte,Pista esburacada,Noite,3,1,1,1,7,0.333333
2023,RR,Norte,Pista esburacada,Tarde,1,1,0,1,5,1.0
2023,RR,Norte,Reação tardia ou ineficiente do condutor,Madrugada,4,3,1,2,6,0.75
2023,RR,Norte,Reação tardia ou ineficiente do condutor,Noite,2,2,2,0,3,1.0
2023,RR,Norte,Reação tardia ou ineficiente do condutor,Tarde,4,3,0,7,9,0.75
2023,RR,Norte,Trafegar com motocicleta (ou similar) entre as faixas,Tarde,1,1,0,1,1,1.0
2023,RR,Norte,Transitar na contramão,Madrugada,1,0,0,0,0,0.0
2023,RR,Norte,Transitar na contramão,Manhã,2,1,0,1,2,0.5
2023,RR,Norte,Transitar na contramão,Noite,3,3,2,1,7,1.0
2023,RR,Norte,Transitar na contramão,Tarde,2,1,0,1,1,0.5
2023,RR,Norte,Ultrapassagem Indevida,Manhã,1,0,0,0,1,0.0
2023,RR,Norte,Ultrapassagem Indevida,Noite,2,1,2,0,3,0.5
2023,RR,Norte,Ultrapassagem Indevida,Tarde,1,0,0,0,0,0.0
2023,RR,Norte,Velocidade Incompatível,Manhã,4,0,0,0,6,0.0
2023,RR,Norte,Velocidade Incompatível,Noite,3,2,0,2,4,0.666667
2023,RR,Norte,Velocidade Incompatível,Tarde,2,0,0,0,3,0.0
2023,RS,Sul,Acessar a via sem observar a presença dos outros veículos,Madrugada,20,7,2,10,25,0.35
2023,RS,Sul,Acessar a via sem observar a presença dos outros veículos,Manhã,186,45,5,47,239,0.241935
2023,RS,Sul,Acessar a via sem observar a presença dos outros veículos,Noite,177,47,5,47,242,0.265537
2023,RS,Sul,Acessar a via sem observar a presença dos outros veículos,Tarde,224,54,10,50,267,0.241071
2023,RS,Sul,Acesso irregular,Madrugada,4,1,1,0,3,0.25
2023,RS,Sul,Acesso irregular,Manhã,17,2,0,2,17,0.117647
2023,RS,Sul,Acesso irregular,Noite,10,4,1,3,17,0.4
2023,RS,Sul,Acesso irregular,Tarde,9,2,0,2,11,0.222222
2023,RS,Sul,Acostamento em desnível,Madrugada,1,0,0,0,1,0.0
2023,RS,Sul,Acostamento em desnível,Manhã,3,1,1,0,3,0.333333
2023,RS,Sul,Acostamento em desnível,Noite,1,0,0,0,2,0.0
2023,RS,Sul,Acostamento em desnível,Tarde,2,1,0,1,4,0.5
2023,RS,Sul,Acumulo de areia ou detritos sobre o pavimento,Manhã,7,1,0,1,8,0.142857
2023,RS,Sul,Acumulo de areia ou detritos sobre o pavimento,Noite,9,1,0,1,8,0.111111
2023,RS,Sul,Acumulo de areia ou detritos sobre o pavimento,Tarde,7,1,0,1,8,0.142857
2023,RS,Sul,Acumulo de água sobre o pavimento,Madrugada,2,0,0,0,0,0.0
2023,RS,Sul,Acumulo de água sobre o pavimento,Manhã,20,4,1,5,19,0.2
2023,RS,Sul,Acumulo de água sobre o pavimento,Noite,13,2,1,1,20,0.153846
2023,RS,Sul,Acumulo de água sobre o pavimento,Tarde,22,5,0,5,37,0.227273
2023,RS,Sul,Acumulo de óleo sobre o pavimento,Manhã,6,1,0,1,6,0.166667
2023,RS,Sul,Acumulo de óleo sobre o pavimento,Noite,3,0,0,0,3,0.0
2023,RS,Sul,Acumulo de óleo sobre o pavimento,Tarde,3,0,0,0,4,0.0
2023,RS,Sul,Afundamento ou ondulação no pavimento,Manhã,8,3,2,2,11,0.375
2023,RS,Sul,Afundamento ou ondulação no pavimento,Noite,3,1,0,1,5,0.333333
2023,RS,Sul,Afundamento ou ondulação no pavimento,Tarde,6,1,0,1,8,0.166667
2023,RS,Sul,Animais na Pista,Madrugada,26,6,0,9,44,0.230769
2023,RS,Sul,Animais na Pista,Manhã,20,2,1,2,18,0.1
2023,RS,Sul,Animais na Pista,Noite,52,9,3,8,54,0.173077
2023,RS,Sul,Animais na Pista,Tarde,14,4,2,2,15,0.285714
2023,RS,Sul,Ausência de reação do condutor,Madrugada,143,27,10,25,134,0.188811
2023,RS,Sul,Ausência de reação do condutor,Manhã,186,33,10,25,191,0.177419
2023,RS,Sul,Ausência de reação do condutor,Noite,199,45,11,45,202,0.226131
2023,RS,Sul,Ausência de reação do condutor,Tarde,220,51,7,57,271,0.231818
2023,RS,Sul,Ausência de sinalização,Madrugada,3,1,0,1,4,0.333333
2023,RS,Sul,Ausência de sinalização,Manhã,3,0,0,0,2,0.0
2023,RS,Sul,Ausência de sinalização,Noite,9,2,0,2,10,0.222222
2023,RS,Sul,Ausência de sinalização,Tarde,4,0,0,0,1,0.0
2023,RS,Sul,Avarias e/ou desgaste excessivo no pneu,Madrugada,4,1,0,2,8,0.25
2023,RS,Sul,Avarias e/ou desgaste excessivo no pneu,Manhã,24,5,1,5,29,0.208333
2023,RS,Sul,Avarias e/ou desgaste excessivo no pneu,Noite,23,2,0,3,29,0.086957
2023,RS,Sul,Avarias e/ou desgaste excessivo no pneu,Tarde,44,3,0,4,65,0.068182
2023,RS,Sul,Carga excessiva e/ou mal acondicionada,Madrugada,1,0,0,0,0,0.0
2023,RS,Sul,Carga excessiva e/ou mal acondicionada,Manhã,6,0,0,0,3,0.0
2023,RS,Sul,Carga excessiva e/ou mal acondicionada,Tarde,6,1,0,1,3,0.166667
2023,RS,Sul,Chuva,Madrugada,5,0,0,0,3,0.0
2023,RS,Sul,Chuva,Manhã,20,2,0,2,35,0.1
2023,RS,Sul,Chuva,Noite,10,1,0,1,13,0.1
2023,RS,Sul,Chuva,Tarde,13,3,1,3,13,0.230769
2023,RS,Sul,Condutor Dormindo,Madrugada,48,11,4,9,57,0.229167
2023,RS,Sul,Condutor Dormindo,Manhã,45,17,4,22,68,0.377778
2023,RS,Sul,Condutor Dormindo,Noite,14,2,1,1,10,0.142857
2023,RS,Sul,Condutor Dormindo,Tarde,27,3,0,4,34,0.111111
2023,RS,Sul,Condutor deixou de manter distância do veículo da frente,Madrugada,10,3,1,2,15,0.3
2023,RS,Sul,Condutor deixou de manter distância do veículo da frente,Manhã,70,5,2,3,61,0.071429
2023,RS,Sul,Condutor deixou de manter distância do veículo da frente,Noite,63,7,3,5,65,0.111111
2023,RS,Sul,Condutor deixou de manter distância do veículo da frente,Tarde,77,13,2,13,76,0.168831
2023,RS,Sul,Condutor desrespeitou a iluminação vermelha do semáforo,Madrugada,1,1,0,1,1,1.0
2023,RS,Sul,Condutor desrespeitou a iluminação vermelha do semáforo,Manhã,7,1,0,1,5,0.142857
2023,RS,Sul,Condutor desrespeitou a iluminação vermelha do semáforo,Noite,5,0,0,0,9,0.0
2023,RS,Sul,Condutor desrespeitou a iluminação vermelha do semáforo,Tarde,6,1,0,1,10,0.166667
2023,RS,Sul,Condutor usando celular,Madrugada,1,0,0,0,0,0.0
2023,RS,Sul,Condutor usando celular,Manhã,2,1,0,1,2,0.5
2023,RS,Sul,Condutor usando celular,Noite,4,2,0,2,7,0.5
2023,RS,Sul,Condutor usando celular,Tarde,7,1,0,1,9,0.142857
2023,RS,Sul,Conversão proibida,Madrugada,3,2,0,2,7,0.666667
2023,RS,Sul,Conversão proibida,Manhã,29,7,1,6,38,0.241379
2023,RS,Sul,Conversão proibida,Noite,19,6,0,6,31,0.315789
2023,RS,Sul,Conversão proibida,Tarde,21,5,1,5,31,0.238095
2023,RS,Sul,Curva acentuada,Madrugada,1,0,0,0,1,0.0
2023,RS,Sul,Curva acentuada,Manhã,4,0,0,0,5,0.0
2023,RS,Sul,Curva acentuada,Noite,2,0,0,0,2,0.0
2023,RS,Sul,Curva acentuada,Tarde,3,1,0,1,2,0.333333
2023,RS,Sul,Declive acentuado,Tarde,1,0,0,0,2,0.0
2023,RS,Sul,Deficiência do Sistema de Iluminação/Sinalização,Madrugada,1,0,0,0,1,0.0
2023,RS,Sul,Deficiência do Sistema de Iluminação/Sinalização,Manhã,1,0,0,0,0,0.0
2023,RS,Sul,Deficiência do Sistema de Iluminação/Sinalização,Noite,3,1,0,1,4,0.333333
2023,RS,Sul,Deficiência do Sistema de Iluminação/Sinalização,Tarde,1,0,0,0,1,0.0
2023,RS,Sul,Demais Fenômenos da natureza,Madrugada,1,0,0,0,3,0.0
2023,RS,Sul,Demais Fenômenos da natureza,Manhã,1,0,0,0,2,0.0
2023,RS,Sul,Demais Fenômenos da natureza,Noite,1,0,0,0,0,0.0
2023,RS,Sul,Demais Fenômenos da natureza,Tarde,2,0,0,0,4,0.0
2023,RS,Sul,Demais falhas mecânicas ou elétricas,Madrugada,23,0,0,0,3,0.0
2023,RS,Sul,Demais falhas mecânicas ou elétricas,Manhã,52,2,0,3,38,0.038462
2023,RS,Sul,Demais falhas mecânicas ou elétricas,Noite,50,4,1,3,26,0.08
2023,RS,Sul,Demais falhas mecânicas ou elétricas,Tarde,58,4,0,4,52,0.068966
2023,RS,Sul,Demais falhas na via,Madrugada,1,0,0,0,1,0.0
2023,RS,Sul,Demais falhas na via,Manhã,4,0,0,0,3,0.0
2023,RS,Sul,Demais falhas na via,Noite,2,1,0,1,3,0.5
2023,RS,Sul,Demais falhas na via,Tarde,3,1,0,2,3,0.333333
2023,RS,Sul,Desrespeitar a preferência no cruzamento,Madrugada,4,0,0,0,2,0.0
2023,RS,Sul,Desrespeitar a preferência no cruzamento,Manhã,47,10,1,12,56,0.212766
2023,RS,Sul,Desrespeitar a preferência no cruzamento,Noite,46,7,1,7,54,0.152174
2023,RS,Sul,Desrespeitar a preferência no cruzamento,Tarde,71,9,1,11,80,0.126761
2023,RS,Sul,Desvio temporário,Manhã,2,0,0,0,2,0.0
2023,RS,Sul,Desvio temporário,Tarde,1,0,0,0,1,0.0
2023,RS,Sul,Entrada inopinada do pedestre,Madrugada,6,5,3,2,9,0.833333
2023,RS,Sul,Entrada inopinada do pedestre,Manhã,8,6,2,4,10,0.75
2023,RS,Sul,Entrada inopinada do pedestre,Noite,17,9,6,4,19,0.529412
2023,RS,Sul,Entrada inopinada do pedestre,Tarde,13,8,2,6,12,0.615385
2023,RS,Sul,Estacionar ou parar em local proibido,Madrugada,1,0,0,0,0,0.0
2023,RS,Sul,Estacionar ou parar em local proibido,Manhã,6,0,0,0,3,0.0
2023,RS,Sul,Estacionar ou parar em local proibido,Noite,4,3,0,3,4,0.75
2023,RS,Sul,Estacionar ou parar em local proibido,Tarde,2,0,0,0,0,0.0
2023,RS,Sul,Falta de acostamento,Noite,2,1,0,1,3,0.5
2023,RS,Sul,Falta de acostamento,Tarde,2,1,1,0,3,0.5
2023,RS,Sul,Falta de elemento de contenção que evite a saída do leito carroçável,Noite,1,0,0,0,1,0.0
2023,RS,Sul,Faróis desregulados,Madrugada,1,0,0,0,1,0.0
2023,RS,Sul,Frear bruscamente,Madrugada,1,0,0,0,0,0.0
2023,RS,Sul,Frear bruscamente,Manhã,11,0,0,0,9,0.0
2023,RS,Sul,Frear bruscamente,Noite,4,0,0,0,2,0.0
2023,RS,Sul,Frear bruscamente,Tarde,14,3,0,3,11,0.214286
2023,RS,Sul,Iluminação deficiente,Madrugada,1,1,0,1,1,1.0
2023,RS,Sul,Iluminação deficiente,Noite,9,3,0,4,7,0.333333
2023,RS,Sul,Iluminação deficiente,Tarde,2,1,0,1,2,0.5
2023,RS,Sul,Ingestão de substâncias psicoativas pelo condutor,Madrugada,2,0,0,0,3,0.0
2023,RS,Sul,Ingestão de substâncias psicoativas pelo condutor,Noite,5,2,2,5,9,0.4
2023,RS,Sul,Ingestão de substâncias psicoativas pelo condutor,Tarde,1,0,0,0,1,0.0
2023,RS,Sul,Ingestão de álcool e/ou substâncias psicoativas pelo pedestre,Madrugada,6,1,2,0,3,0.166667
2023,RS,Sul,Ingestão de álcool e/ou substâncias psicoativas pelo pedestre,Manhã,2,0,0,0,2,0.0
2023,RS,Sul,Ingestão de álcool e/ou substâncias psicoativas pelo pedestre,Noite,2,1,0,1,2,0.5
2023,RS,Sul,Ingestão de álcool e/ou substâncias psicoativas pelo pedestre,Tarde,1,0,0,0,0,0.0
2023,RS,Sul,Ingestão de álcool ou de substâncias psicoativas pelo pedestre,Noite,3,2,0,2,3,0.666667
2023,RS,Sul,Ingestão de álcool pelo condutor,Madrugada,116,14,2,16,90,0.12069
2023,RS,Sul,Ingestão de álcool pelo condutor,Manhã,50,6,0,6,33,0.12
2023,RS,Sul,Ingestão de álcool pelo condutor,Noite,131,17,2,20,106,0.129771
2023,RS,Sul,Ingestão de álcool pelo condutor,Tarde,48,8,1,7,38,0.166667
2023,RS,Sul,Mal súbito do condutor,Manhã,15,6,1,5,15,0.4
2023,RS,Sul,Mal súbito do condutor,Noite,6,0,0,0,5,0.0
2023,RS,Sul,Mal súbito do condutor,Tarde,10,4,1,3,10,0.4
2023,RS,Sul,Manobra de mudança de faixa,Madrugada,9,3,1,4,13,0.333333
2023,RS,Sul,Manobra de mudança de faixa,Manhã,81,8,5,5,88,0.098765
2023,RS,Sul,Manobra de mudança de faixa,Noite,94,15,7,21,112,0.159574
2023,RS,Sul,Manobra de mudança de faixa,Tarde,88,14,3,17,108,0.159091
2023,RS,Sul,Modificação proibida,Manhã,1,0,0,0,0,0.0
2023,RS,Sul,Neblina,Madrugada,1,0,0,0,0,0.0
2023,RS,Sul,Neblina,Manhã,1,0,0,0,2,0.0
2023,RS,Sul,Objeto estático sobre o leito carroçável,Madrugada,4,2,0,2,8,0.5
2023,RS,Sul,Objeto estático sobre o leito carroçável,Manhã,3,2,1,6,8,0.666667
2023,RS,Sul,Objeto estático sobre o leito carroçável,Noite,7,2,0,2,6,0.285714
2023,RS,Sul,Objeto estático sobre o leito carroçável,Tarde,5,2,0,2,6,0.4
2023,RS,Sul,Obras na pista,Manhã,3,1,0,1,4,0.333333
2023,RS,Sul,Obras na pista,Tarde,2,0,0,0,3,0.0
2023,RS,Sul,Obstrução na via,Noite,1,0,0,0,2,0.0
2023,RS,Sul,Participar de racha,Noite,1,1,0,2,2,1.0
2023,RS,Sul,Participar de racha,Tarde,1,1,1,0,1,1.0
2023,RS,Sul,Pedestre andava na pista,Madrugada,3,1,1,0,3,0.333333
2023,RS,Sul,Pedestre andava na pista,Manhã,5,2,3,0,9,0.4
2023,RS,Sul,Pedestre andava na pista,Noite,14,13,11,2,15,0.928571
2023,RS,Sul,Pedestre andava na pista,Tarde,4,2,0,2,5,0.5
2023,RS,Sul,Pedestre cruzava a pista fora da faixa,Madrugada,1,1,0,1,3,1.0
2023,RS,Sul,Pedestre cruzava a pista fora da faixa,Manhã,6,4,2,3,7,0.666667
2023,RS,Sul,Pedestre cruzava a pista fora da faixa,Noite,17,12,5,8,23,0.705882
2023,RS,Sul,Pedestre cruzava a pista fora da faixa,Tarde,7,4,1,3,7,0.571429
2023,RS,Sul,Pista Escorregadia,Madrugada,2,1,0,1,3,0.5
2023,RS,Sul,Pista Escorregadia,Manhã,5,1,1,0,7,0.2
2023,RS,Sul,Pista Escorregadia,Noite,6,2,0,2,7,0.333333
2023,RS,Sul,Pista Escorregadia,Tarde,8,1,0,1,8,0.125
2023,RS,Sul,Pista em desnível,Noite,1,0,0,0,1,0.0
2023,RS,Sul,Pista em desnível,Tarde,2,1,0,1,2,0.5
2023,RS,Sul,Pista esburacada,Madrugada,3,0,0,0,1,0.0
2023,RS,Sul,Pista esburacada,Manhã,6,0,0,0,7,0.0
2023,RS,Sul,Pista esburacada,Noite,1,0,0,0,1,0.0
2023,RS,Sul,Pista esburacada,Tarde,2,0,0,0,2,0.0
2023,RS,Sul,Problema com o freio,Madrugada,2,0,0,0,0,0.0
2023,RS,Sul,Problema com o freio,Manhã,1,1,1,1,2,1.0
2023,RS,Sul,Problema com o freio,Noite,3,0,0,0,0,0.0
2023,RS,Sul,Problema com o freio,Tarde,8,4,2,2,13,0.5
2023,RS,Sul,Problema na suspensão,Manhã,4,0,0,0,5,0.0
2023,RS,Sul,Problema na suspensão,Noite,2,0,0,0,3,0.0
2023,RS,Sul,Problema na suspensão,Tarde,1,1,0,1,1,1.0
2023,RS,Sul,Reação tardia ou ineficiente do condutor,Madrugada,99,20,7,20,96,0.20202
2023,RS,Sul,Reação tardia ou ineficiente do condutor,Manhã,211,33,7,36,236,0.156398
2023,RS,Sul,Reação tardia ou ineficiente do condutor,Noite,201,37,4,41,225,0.18408
2023,RS,Sul,Reação tardia ou ineficiente do condutor,Tarde,210,34,3,38,256,0.161905
2023,RS,Sul,Redutor de velocidade em desacordo,Tarde,1,0,0,0,0,0.0
2023,RS,Sul,Retorno proibido,Manhã,6,2,0,2,4,0.333333
2023,RS,Sul,Retorno proibido,Noite,7,2,0,2,8,0.285714
2023,RS,Sul,Retorno proibido,Tarde,11,2,1,5,17,0.181818
2023,RS,Sul,Semáforo com defeito,Manhã,1,0,0,0,0,0.0
2023,RS,Sul,Sinalização mal posicionada,Madrugada,1,0,0,0,1,0.0
2023,RS,Sul,Sinalização mal posicionada,Noite,2,0,0,0,1,0.0
2023,RS,Sul,Sinalização mal posicionada,Tarde,1,0,0,0,1,0.0
2023,RS,Sul,Suicídio (presumido),Madrugada,1,1,1,0,1,1.0
2023,RS,Sul,Suicídio (presumido),Manhã,1,1,0,1,1,1.0
2023,RS,Sul,Suicídio (presumido),Noite,1,1,1,0,1,1.0
2023,RS,Sul,Trafegar com motocicleta (ou similar) entre as faixas,Manhã,30,6,1,5,34,0.2
2023,RS,Sul,Trafegar com motocicleta (ou similar) entre as faixas,Noite,12,0,0,0,11,0.0
2023,RS,Sul,Trafegar com motocicleta (ou similar) entre as faixas,Tarde,16,2,0,2,17,0.125
2023,RS,Sul,Transitar na calçada,Madrugada,1,1,1,0,1,1.0
2023,RS,Sul,Transitar na calçada,Manhã,1,0,0,0,1,0.0
2023,RS,Sul,Transitar na calçada,Noite,1,0,0,0,1,0.0
2023,RS,Sul,Transitar na contramão,Madrugada,45,24,15,23,80,0.533333
2023,RS,Sul,Transitar na contramão,Manhã,59,34,14,39,101,0.576271
2023,RS,Sul,Transitar na contramão,Noite,71,39,21,40,144,0.549296
2023,RS,Sul,Transitar na contramão,Tarde,62,36,15,35,118,0.580645
2023,RS,Sul,Transitar no acostamento,Manhã,2,0,0,0,0,0.0
2023,RS,Sul,Transitar no acostamento,Noite,6,2,0,2,7,0.333333
2023,RS,Sul,Transitar no acostamento,Tarde,3,0,0,0,3,0.0
2023,RS,Sul,Transtornos Mentais (exceto suicidio),Madrugada,1,1,0,1,1,1.0
2023,RS,Sul,Ultrapassagem Indevida,Madrugada,4,2,0,3,10,0.5
2023,RS,Sul,Ultrapassagem Indevida,Manhã,26,7,5,6,35,0.269231
2023,RS,Sul,Ultrapassagem Indevida,Noite,34,16,9,23,68,0.470588
2023,RS,Sul,Ultrapassagem Indevida,Tarde,25,13,3,13,46,0.52
2023,RS,Sul,Velocidade Incompatível,Madrugada,27,5,2,10,23,0.185185
2023,RS,Sul,Velocidade Incompatível,Manhã,66,10,4,12,74,0.151515
2023,RS,Sul,Velocidade Incompatível,Noite,61,20,6,24,89,0.327869
2023,RS,Sul,Velocidade Incompatível,Tarde,64,24,8,28,84,0.375
2023,RS,Sul,Área urbana sem a presença de local apropriado para a travessia de pedestres,Tarde,3,1,0,2,4,0.333333
2023,SC,Sul,Acessar a via sem observar a presença dos outros veículos,Madrugada,43,12,2,12,50,0.27907
2023,SC,Sul,Acessar a via sem observar a presença dos outros veículos,Manhã,218,55,4,58,261,0.252294
2023,SC,Sul,Acessar a via sem observar a presença dos outros veículos,Noite,250,66,6,71,324,0.264
2023,SC,Sul,Acessar a via sem observar a presença dos outros veículos,Tarde,327,91,6,98,404,0.278287
2023,SC,Sul,Acesso irregular,Madrugada,7,2,1,3,7,0.285714
2023,SC,Sul,Acesso irregular,Manhã,26,6,2,6,36,0.230769
2023,SC,Sul,Acesso irregular,Noite,31,11,2,11,43,0.354839
2023,SC,Sul,Acesso irregular,Tarde,18,5,0,5,19,0.277778
2023,SC,Sul,Acostamento em desnível,Madrugada,1,1,0,2,2,1.0
2023,SC,Sul,Acostamento em desnível,Manhã,1,0,0,0,1,0.0
2023,SC,Sul,Acostamento em desnível,Noite,1,1,0,1,1,1.0
2023,SC,Sul,Acumulo de areia ou detritos sobre o pavimento,Madrugada,3,0,0,0,3,0.0
2023,SC,Sul,Acumulo de areia ou detritos sobre o pavimento,Manhã,8,1,0,1,11,0.125
2023,SC,Sul,Acumulo de areia ou detritos sobre o pavimento,Noite,8,3,0,3,9,0.375
2023,SC,Sul,Acumulo de areia ou detritos sobre o pavimento,Tarde,4,1,0,1,4,0.25
2023,SC,Sul,Acumulo de água sobre o pavimento,Madrugada,10,2,0,2,11,0.2
2023,SC,Sul,Acumulo de água sobre o pavimento,Manhã,20,4,0,5,25,0.2
2023,SC,Sul,Acumulo de água sobre o pavimento,Noite,12,1,0,1,16,0.083333
2023,SC,Sul,Acumulo de água sobre o pavimento,Tarde,18,3,0,3,20,0.166667
2023,SC,Sul,Acumulo de óleo sobre o pavimento,Manhã,8,2,2,2,11,0.25
2023,SC,Sul,Acumulo de óleo sobre o pavimento,Noite,2,0,0,0,3,0.0
2023,SC,Sul,Acumulo de óleo sobre o pavimento,Tarde,11,1,0,1,12,0.090909
2023,SC,Sul,Afundamento ou ondulação no pavimento,Madrugada,2,1,0,2,3,0.5
2023,SC,Sul,Afundamento ou ondulação no pavimento,Manhã,3,1,0,1,3,0.333333
2023,SC,Sul,Afundamento ou ondulação no pavimento,Noite,1,0,0,0,1,0.0
2023,SC,Sul,Afundamento ou ondulação no pavimento,Tarde,2,0,0,0,2,0.0
2023,SC,Sul,Animais na Pista,Madrugada,11,3,0,3,10,0.272727
2023,SC,Sul,Animais na Pista,Manhã,7,1,0,1,7,0.142857
2023,SC,Sul,Animais na Pista,Noite,27,10,1,11,32,0.37037
2023,SC,Sul,Animais na Pista,Tarde,6,2,0,2,10,0.333333
2023,SC,Sul,Ausência de reação do condutor,Madrugada,163,36,8,33,154,0.220859
2023,SC,Sul,Ausência de reação do condutor,Manhã,315,67,13,64,333,0.212698
2023,SC,Sul,Ausência de reação do condutor,Noite,295,80,13,75,321,0.271186
2023,SC,Sul,Ausência de reação do condutor,Tarde,295,71,6,79,366,0.240678
2023,SC,Sul,Ausência de sinalização,Madrugada,1,1,0,1,1,1.0
2023,SC,Sul,Ausência de sinalização,Manhã,4,1,0,1,5,0.25
2023,SC,Sul,Ausência de sinalização,Noite,9,2,0,2,11,0.222222
2023,SC,Sul,Ausência de sinalização,Tarde,4,0,0,0,3,0.0
2023,SC,Sul,Avarias e/ou desgaste excessivo no pneu,Madrugada,13,2,0,3,14,0.153846
2023,SC,Sul,Avarias e/ou desgaste excessivo no pneu,Manhã,44,10,0,12,62,0.227273
2023,SC,Sul,Avarias e/ou desgaste excessivo no pneu,Noite,31,4,0,4,43,0.129032
2023,SC,Sul,Avarias e/ou desgaste excessivo no pneu,Tarde,50,16,0,20,72,0.32
2023,SC,Sul,Carga excessiva e/ou mal acondicionada,Madrugada,1,0,0,0,0,0.0
2023,SC,Sul,Carga excessiva e/ou mal acondicionada,Manhã,6,0,0,0,7,0.0
2023,SC,Sul,Carga excessiva e/ou mal acondicionada,Noite,4,1,0,1,4,0.25
2023,SC,Sul,Carga excessiva e/ou mal acondicionada,Tarde,7,2,0,2,11,0.285714
2023,SC,Sul,Chuva,Madrugada,11,2,0,2,11,0.181818
2023,SC,Sul,Chuva,Manhã,33,7,2,11,49,0.212121
2023,SC,Sul,Chuva,Noite,22,5,2,3,28,0.227273
2023,SC,Sul,Chuva,Tarde,33,7,3,5,49,0.212121
2023,SC,Sul,Condutor Dormindo,Madrugada,78,10,0,10,66,0.128205
2023,SC,Sul,Condutor Dormindo,Manhã,36,13,3,18,63,0.361111
2023,SC,Sul,Condutor Dormindo,Noite,20,9,1,8,21,0.45
2023,SC,Sul,Condutor Dormindo,Tarde,29,8,0,11,49,0.275862
2023,SC,Sul,Condutor deixou de manter distância do veículo da frente,Madrugada,19,3,1,2,19,0.157895
2023,SC,Sul,Condutor deixou de manter distância do veículo da frente,Manhã,217,36,0,42,245,0.165899
2023,SC,Sul,Condutor deixou de manter distância do veículo da frente,Noite,122,27,2,30,126,0.221311
2023,SC,Sul,Condutor deixou de manter distância do veículo da frente,Tarde,227,30,7,25,237,0.132159
2023,SC,Sul,Condutor desrespeitou a iluminação vermelha do semáforo,Manhã,4,1,0,1,4,0.25
2023,SC,Sul,Condutor desrespeitou a iluminação vermelha do semáforo,Tarde,1,1,1,0,2,1.0
2023,SC,Sul,Condutor usando celular,Madrugada,1,0,0,0,1,0.0
2023,SC,Sul,Condutor usando celular,Manhã,4,1,0,1,3,0.25
2023,SC,Sul,Condutor usando celular,Noite,3,0,0,0,3,0.0
2023,SC,Sul,Condutor usando celular,Tarde,7,2,0,4,8,0.285714
2023,SC,Sul,Conversão proibida,Madrugada,5,1,0,1,6,0.2
2023,SC,Sul,Conversão proibida,Manhã,44,17,0,17,52,0.386364
2023,SC,Sul,Conversão proibida,Noite,26,7,2,6,32,0.269231
2023,SC,Sul,Conversão proibida,Tarde,34,10,0,11,40,0.294118
2023,SC,Sul,Curva acentuada,Madrugada,4,0,0,0,3,0.0
2023,SC,Sul,Curva acentuada,Manhã,2,1,0,1,3,0.5
2023,SC,Sul,Curva acentuada,Noite,4,1,0,1,3,0.25
2023,SC,Sul,Curva acentuada,Tarde,4,0,0,0,4,0.0
2023,SC,Sul,Declive acentuado,Noite,1,0,0,0,1,0.0
2023,SC,Sul,Deficiência do Sistema de Iluminação/Sinalização,Madrugada,3,0,0,0,2,0.0
2023,SC,Sul,Deficiência do Sistema de Iluminação/Sinalização,Manhã,1,0,0,0,1,0.0
2023,SC,Sul,Deficiência do Sistema de Iluminação/Sinalização,Noite,6,2,0,2,8,0.333333
2023,SC,Sul,Deficiência do Sistema de Iluminação/Sinalização,Tarde,1,1,1,0,1,1.0
2023,SC,Sul,Deixar de acionar o farol da motocicleta (ou similar),Madrugada,1,0,0,0,4,0.0
2023,SC,Sul,Deixar de acionar o farol da motocicleta (ou similar),Noite,3,1,0,1,3,0.333333
2023,SC,Sul,Demais Fenômenos da natureza,Manhã,3,0,0,0,1,0.0
2023,SC,Sul,Demais Fenômenos da natureza,Noite,3,1,0,2,3,0.333333
2023,SC,Sul,Demais Fenômenos da natureza,Tarde,2,0,0,0,1,0.0
2023,SC,Sul,Demais falhas mecânicas ou elétricas,Madrugada,35,3,0,5,19,0.085714
2023,SC,Sul,Demais falhas mecânicas ou elétricas,Manhã,82,11,2,11,85,0.134146
2023,SC,Sul,Demais falhas mecânicas ou elétricas,Noite,59,6,1,5,39,0.101695
2023,SC,Sul,Demais falhas mecânicas ou elétricas,Tarde,96,11,0,11,80,0.114583
2023,SC,Sul,Demais falhas na via,Madrugada,3,0,0,0,2,0.0
2023,SC,Sul,Demais falhas na via,Manhã,9,1,0,1,10,0.111111
2023,SC,Sul,Demais falhas na via,Noite,7,2,0,2,6,0.285714
2023,SC,Sul,Demais falhas na via,Tarde,6,0,0,0,8,0.0
2023,SC,Sul,Desrespeitar a preferência no cruzamento,Madrugada,16,5,0,6,21,0.3125
2023,SC,Sul,Desrespeitar a preferência no cruzamento,Manhã,93,25,1,29,117,0.268817
2023,SC,Sul,Desrespeitar a preferência no cruzamento,Noite,64,17,3,17,80,0.265625
2023,SC,Sul,Desrespeitar a preferência no cruzamento,Tarde,104,25,1,26,125,0.240385
2023,SC,Sul,Desvio temporário,Madrugada,2,0,0,0,2,0.0
2023,SC,Sul,Desvio temporário,Manhã,1,0,0,0,1,0.0
2023,SC,Sul,Desvio temporário,Noite,6,5,2,4,9,0.833333
2023,SC,Sul,Desvio temporário,Tarde,1,0,0,0,1,0.0
2023,SC,Sul,Entrada inopinada do pedestre,Madrugada,5,4,2,2,8,0.8
2023,SC,Sul,Entrada inopinada do pedestre,Manhã,8,5,1,4,8,0.625
2023,SC,Sul,Entrada inopinada do pedestre,Noite,16,14,8,8,22,0.875
2023,SC,Sul,Entrada inopinada do pedestre,Tarde,18,6,1,5,23,0.333333
2023,SC,Sul,Estacionar ou parar em local proibido,Madrugada,2,2,0,3,3,1.0
2023,SC,Sul,Estacionar ou parar em local proibido,Manhã,3,1,0,1,3,0.333333
2023,SC,Sul,Estacionar ou parar em local proibido,Noite,8,3,0,3,9,0.375
2023,SC,Sul,Estacionar ou parar em local proibido,Tarde,4,2,0,2,4,0.5
2023,SC,Sul,Falta de acostamento,Noite,2,2,1,1,2,1.0
2023,SC,Sul,Falta de acostamento,Tarde,4,1,1,2,4,0.25
2023,SC,Sul,Falta de elemento de contenção que evite a saída do leito carroçável,Manhã,1,0,0,0,1,0.0
2023,SC,Sul,Falta de elemento de contenção que evite a saída do leito carroçável,Noite,3,1,0,1,2,0.333333
2023,SC,Sul,Falta de elemento de contenção que evite a saída do leito carroçável,Tarde,1,0,0,0,1,0.0
2023,SC,Sul,Frear bruscamente,Madrugada,2,0,0,0,1,0.0
2023,SC,Sul,Frear bruscamente,Manhã,14,2,0,2,15,0.142857
2023,SC,Sul,Frear bruscamente,Noite,10,4,0,4,12,0.4
2023,SC,Sul,Frear bruscamente,Tarde,17,2,0,2,22,0.117647
2023,SC,Sul,Fumaça,Madrugada,1,0,0,0,0,0.0
2023,SC,Sul,Iluminação deficiente,Madrugada,2,1,0,1,1,0.5
2023,SC,Sul,Iluminação deficiente,Noite,5,3,1,2,7,0.6
2023,SC,Sul,Iluminação deficiente,Tarde,1,0,0,0,1,0.0
2023,SC,Sul,Ingestão de substâncias psicoativas pelo condutor,Madrugada,7,4,2,2,7,0.571429
2023,SC,Sul,Ingestão de substâncias psicoativas pelo condutor,Manhã,2,0,0,0,2,0.0
2023,SC,Sul,Ingestão de substâncias psicoativas pelo condutor,Noite,3,0,0,0,1,0.0
2023,SC,Sul,Ingestão de substâncias psicoativas pelo condutor,Tarde,6,0,0,0,9,0.0
2023,SC,Sul,Ingestão de álcool e/ou substâncias psicoativas pelo pedestre,Madrugada,13,0,0,0,4,0.0
2023,SC,Sul,Ingestão de álcool e/ou substâncias psicoativas pelo pedestre,Manhã,2,0,0,0,2,0.0
2023,SC,Sul,Ingestão de álcool e/ou substâncias psicoativas pelo pedestre,Noite,18,7,1,7,16,0.388889
2023,SC,Sul,Ingestão de álcool e/ou substâncias psicoativas pelo pedestre,Tarde,1,0,0,0,1,0.0
2023,SC,Sul,Ingestão de álcool ou de substâncias psicoativas pelo pedestre,Madrugada,4,3,0,4,7,0.75
2023,SC,Sul,Ingestão de álcool ou de substâncias psicoativas pelo pedestre,Manhã,2,0,0,0,4,0.0
2023,SC,Sul,Ingestão de álcool ou de substâncias psicoativas pelo pedestre,Noite,6,1,0,1,5,0.166667
2023,SC,Sul,Ingestão de álcool pelo condutor,Madrugada,218,24,7,23,154,0.110092
2023,SC,Sul,Ingestão de álcool pelo condutor,Manhã,64,11,2,10,55,0.171875
2023,SC,Sul,Ingestão de álcool pelo condutor,Noite,200,32,6,40,170,0.16
2023,SC,Sul,Ingestão de álcool pelo condutor,Tarde,71,7,0,7,54,0.098592
2023,SC,Sul,Mal súbito do condutor,Madrugada,2,0,0,0,3,0.0
2023,SC,Sul,Mal súbito do condutor,Manhã,21,6,5,5,29,0.285714
2023,SC,Sul,Mal súbito do condutor,Noite,12,3,2,1,13,0.25
2023,SC,Sul,Mal súbito do condutor,Tarde,23,7,4,4,28,0.304348
2023,SC,Sul,Manobra de mudança de faixa,Madrugada,25,6,3,7,34,0.24
2023,SC,Sul,Manobra de mudança de faixa,Manhã,162,34,2,43,202,0.209877
2023,SC,Sul,Manobra de mudança de faixa,Noite,122,26,3,30,144,0.213115
2023,SC,Sul,Manobra de mudança de faixa,Tarde,169,33,1,37,193,0.195266
2023,SC,Sul,Modificação proibida,Noite,1,0,0,0,1,0.0
2023,SC,Sul,Neblina,Madrugada,4,0,0,0,3,0.0
2023,SC,Sul,Neblina,Manhã,3,1,1,0,4,0.333333
2023,SC,Sul,Neblina,Noite,1,0,0,0,2,0.0
2023,SC,Sul,Objeto estático sobre o leito carroçável,Madrugada,3,0,0,0,3,0.0
2023,SC,Sul,Objeto estático sobre o leito carroçável,Manhã,9,6,0,6,14,0.666667
2023,SC,Sul,Objeto estático sobre o leito carroçável,Noite,20,5,0,8,28,0.25
2023,SC,Sul,Objeto estático sobre o leito carroçável,Tarde,16,3,1,3,21,0.1875
2023,SC,Sul,Obras na pista,Manhã,1,1,0,1,1,1.0
2023,SC,Sul,Obras na pista,Noite,5,1,0,1,9,0.2
2023,SC,Sul,Obras na pista,Tarde,2,0,0,0,1,0.0
2023,SC,Sul,Obstrução na via,Manhã,1,0,0,0,1,0.0
2023,SC,Sul,Obstrução na via,Tarde,2,0,0,0,1,0.0
2023,SC,Sul,Participar de racha,Manhã,1,1,0,1,1,1.0
2023,SC,Sul,Participar de racha,Tarde,1,0,0,0,2,0.0
2023,SC,Sul,Pedestre andava na pista,Madrugada,14,8,8,2,15,0.571429
2023,SC,Sul,Pedestre andava na pista,Manhã,8,5,3,2,9,0.625
2023,SC,Sul,Pedestre andava na pista,Noite,25,20,8,14,27,0.8
2023,SC,Sul,Pedestre andava na pista,Tarde,8,5,2,3,8,0.625
2023,SC,Sul,Pedestre cruzava a pista fora da faixa,Madrugada,6,4,2,2,6,0.666667
2023,SC,Sul,Pedestre cruzava a pista fora da faixa,Manhã,10,7,4,3,11,0.7
2023,SC,Sul,Pedestre cruzava a pista fora da faixa,Noite,24,18,6,13,29,0.75
2023,SC,Sul,Pedestre cruzava a pista fora da faixa,Tarde,12,7,2,5,15,0.583333
2023,SC,Sul,Pista Escorregadia,Madrugada,7,1,1,1,6,0.142857
2023,SC,Sul,Pista Escorregadia,Manhã,13,2,2,3,24,0.153846
2023,SC,Sul,Pista Escorregadia,Noite,11,1,1,0,8,0.090909
2023,SC,Sul,Pista Escorregadia,Tarde,15,2,1,2,21,0.133333
2023,SC,Sul,Pista em desnível,Madrugada,1,0,0,0,2,0.0
2023,SC,Sul,Pista em desnível,Noite,1,0,0,0,1,0.0
2023,SC,Sul,Pista esburacada,Madrugada,2,1,0,1,3,0.5
2023,SC,Sul,Pista esburacada,Manhã,7,0,0,0,8,0.0
2023,SC,Sul,Pista esburacada,Noite,5,1,0,2,6,0.2
2023,SC,Sul,Pista esburacada,Tarde,6,2,0,2,9,0.333333
2023,SC,Sul,Problema com o freio,Madrugada,2,1,1,0,1,0.5
2023,SC,Sul,Problema com o freio,Manhã,3,0,0,0,1,0.0
2023,SC,Sul,Problema com o freio,Noite,3,0,0,0,3,0.0
2023,SC,Sul,Problema com o freio,Tarde,8,1,0,3,14,0.125
2023,SC,Sul,Problema na suspensão,Madrugada,1,0,0,0,0,0.0
2023,SC,Sul,Problema na suspensão,Manhã,2,0,0,0,3,0.0
2023,SC,Sul,Problema na suspensão,Noite,1,0,0,0,1,0.0
2023,SC,Sul,Problema na suspensão,Tarde,2,0,0,0,3,0.0
2023,SC,Sul,Reação tardia ou ineficiente do condutor,Madrugada,146,39,5,41,136,0.267123
2023,SC,Sul,Reação tardia ou ineficiente do condutor,Manhã,312,48,9,45,354,0.153846
2023,SC,Sul,Reação tardia ou ineficiente do condutor,Noite,289,58,13,55,312,0.200692
2023,SC,Sul,Reação tardia ou ineficiente do condutor,Tarde,312,42,6,45,373,0.134615
2023,SC,Sul,Redutor de velocidade em desacordo,Manhã,1,0,0,0,3,0.0
2023,SC,Sul,Redutor de velocidade em desacordo,Tarde,1,0,0,0,1,0.0
2023,SC,Sul,Restrição de visibilidade em curvas horizontais,Manhã,1,1,0,1,1,1.0
2023,SC,Sul,Restrição de visibilidade em curvas horizontais,Noite,1,1,1,0,2,1.0
2023,SC,Sul,Restrição de visibilidade em curvas horizontais,Tarde,1,0,0,0,1,0.0
2023,SC,Sul,Restrição de visibilidade em curvas verticais,Manhã,1,1,0,2,2,1.0
2023,SC,Sul,Retorno proibido,Madrugada,3,1,0,1,8,0.333333
2023,SC,Sul,Retorno proibido,Manhã,10,1,0,1,16,0.1
2023,SC,Sul,Retorno proibido,Noite,21,4,0,6,34,0.190476
2023,SC,Sul,Retorno proibido,Tarde,11,2,0,2,10,0.181818
2023,SC,Sul,Semáforo com defeito,Tarde,1,0,0,0,1,0.0
2023,SC,Sul,Sinalização encoberta,Noite,1,0,0,0,1,0.0
2023,SC,Sul,Sinalização mal posicionada,Madrugada,1,0,0,0,1,0.0
2023,SC,Sul,Sinalização mal posicionada,Noite,2,1,0,1,2,0.5
2023,SC,Sul,Sinalização mal posicionada,Tarde,1,0,0,0,0,0.0
2023,SC,Sul,Suicídio (presumido),Madrugada,3,3,1,2,3,1.0
2023,SC,Sul,Suicídio (presumido),Manhã,2,2,1,1,2,1.0
2023,SC,Sul,Suicídio (presumido),Noite,4,2,2,0,3,0.5
2023,SC,Sul,Suicídio (presumido),Tarde,4,3,2,1,4,0.75
2023,SC,Sul,Trafegar com motocicleta (ou similar) entre as faixas,Madrugada,3,2,0,5,7,0.666667
2023,SC,Sul,Trafegar com motocicleta (ou similar) entre as faixas,Manhã,81,25,2,24,99,0.308642
2023,SC,Sul,Trafegar com motocicleta (ou similar) entre as faixas,Noite,51,11,1,10,56,0.215686
2023,SC,Sul,Trafegar com motocicleta (ou similar) entre as faixas,Tarde,89,29,3,28,109,0.325843
2023,SC,Sul,Transitar na contramão,Madrugada,53,29,13,38,87,0.54717
2023,SC,Sul,Transitar na contramão,Manhã,56,35,23,36,106,0.625
2023,SC,Sul,Transitar na contramão,Noite,97,52,16,64,154,0.536082
2023,SC,Sul,Transitar na contramão,Tarde,54,28,14,18,75,0.518519
2023,SC,Sul,Transitar no acostamento,Madrugada,1,1,0,1,1,1.0
2023,SC,Sul,Transitar no acostamento,Manhã,6,1,0,1,6,0.166667
2023,SC,Sul,Transitar no acostamento,Noite,5,2,0,2,4,0.4
2023,SC,Sul,Transitar no acostamento,Tarde,8,0,0,0,4,0.0
2023,SC,Sul,Transtornos Mentais (exceto suicidio),Madrugada,2,0,0,0,1,0.0
2023,SC,Sul,Ultrapassagem Indevida,Madrugada,13,7,3,10,23,0.538462
2023,SC,Sul,Ultrapassagem Indevida,Manhã,55,24,7,20,79,0.436364
2023,SC,Sul,Ultrapassagem Indevida,Noite,61,28,8,31,91,0.459016
2023,SC,Sul,Ultrapassagem Indevida,Tarde,56,22,4,31,91,0.392857
2023,SC,Sul,Velocidade Incompatível,Madrugada,105,23,4,26,96,0.219048
2023,SC,Sul,Velocidade Incompatível,Manhã,124,28,5,26,147,0.225806
2023,SC,Sul,Velocidade Incompatível,Noite,123,41,16,40,156,0.333333
2023,SC,Sul,Velocidade Incompatível,Tarde,146,36,8,34,184,0.246575
2023,SC,Sul,Área urbana sem a presença de local apropriado para a travessia de pedestres,Manhã,3,1,1,0,4,0.333333
2023,SC,Sul,Área urbana sem a presença de local apropriado para a travessia de pedestres,Noite,4,3,0,3,5,0.75
2023,SC,Sul,Área urbana sem a presença de local apropriado para a travessia de pedestres,Tarde,1,0,0,0,1,0.0
2023,SE,Nordeste,Acessar a via sem observar a presença dos outros veículos,Madrugada,3,2,1,1,2,0.666667
2023,SE,Nordeste,Acessar a via sem observar a presença dos outros veículos,Manhã,15,6,0,8,24,0.4
2023,SE,Nordeste,Acessar a via sem observar a presença dos outros veículos,Noite,4,1,0,1,6,0.25
2023,SE,Nordeste,Acessar a via sem observar a presença dos outros veículos,Tarde,16,7,1,7,22,0.4375
2023,SE,Nordeste,Acesso irregular,Madrugada,3,3,1,2,5,1.0
2023,SE,Nordeste,Acesso irregular,Manhã,2,1,0,2,3,0.5
2023,SE,Nordeste,Acesso irregular,Noite,4,1,0,2,5,0.25
2023,SE,Nordeste,Acesso irregular,Tarde,1,0,0,0,1,0.0
2023,SE,Nordeste,Acostamento em desnível,Madrugada,1,0,0,0,1,0.0
2023,SE,Nordeste,Acostamento em desnível,Manhã,2,1,0,1,4,0.5
2023,SE,Nordeste,Acostamento em desnível,Noite,1,0,0,0,1,0.0
2023,SE,Nordeste,Acostamento em desnível,Tarde,2,1,0,1,2,0.5
2023,SE,Nordeste,Acumulo de areia ou detritos sobre o pavimento,Tarde,2,1,1,0,2,0.5
2023,SE,Nordeste,Acumulo de água sobre o pavimento,Madrugada,1,0,0,0,1,0.0
2023,SE,Nordeste,Acumulo de água sobre o pavimento,Manhã,7,0,0,0,8,0.0
2023,SE,Nordeste,Acumulo de água sobre o pavimento,Noite,2,0,0,0,2,0.0
2023,SE,Nordeste,Acumulo de água sobre o pavimento,Tarde,4,0,0,0,5,0.0
2023,SE,Nordeste,Afundamento ou ondulação no pavimento,Manhã,2,0,0,0,3,0.0
2023,SE,Nordeste,Afundamento ou ondulação no pavimento,Noite,3,2,0,2,3,0.666667
2023,SE,Nordeste,Animais na Pista,Madrugada,5,2,1,2,5,0.4
2023,SE,Nordeste,Animais na Pista,Manhã,1,0,0,0,1,0.0
2023,SE,Nordeste,Animais na Pista,Noite,10,1,0,1,9,0.1
2023,SE,Nordeste,Animais na Pista,Tarde,2,0,0,0,1,0.0
2023,SE,Nordeste,Ausência de reação do condutor,Madrugada,3,0,0,0,2,0.0
2023,SE,Nordeste,Ausência de reação do condutor,Manhã,15,3,0,3,16,0.2
2023,SE,Nordeste,Ausência de reação do condutor,Noite,15,7,0,8,16,0.466667
2023,SE,Nordeste,Ausência de reação do condutor,Tarde,10,3,1,2,10,0.3
2023,SE,Nordeste,Ausência de sinalização,Noite,1,0,0,0,1,0.0
2023,SE,Nordeste,Avarias e/ou desgaste excessivo no pneu,Madrugada,1,0,0,0,2,0.0
2023,SE,Nordeste,Avarias e/ou desgaste excessivo no pneu,Manhã,10,3,0,3,17,0.3
2023,SE,Nordeste,Avarias e/ou desgaste excessivo no pneu,Noite,1,1,0,1,1,1.0
2023,SE,Nordeste,Avarias e/ou desgaste excessivo no pneu,Tarde,1,0,0,0,2,0.0
2023,SE,Nordeste,Carga excessiva e/ou mal acondicionada,Noite,2,1,0,2,4,0.5
2023,SE,Nordeste,Carga excessiva e/ou mal acondicionada,Tarde,1,0,0,0,0,0.0
2023,SE,Nordeste,Chuva,Madrugada,2,0,0,0,1,0.0
2023,SE,Nordeste,Chuva,Manhã,5,2,1,1,9,0.4
2023,SE,Nordeste,Chuva,Noite,2,2,1,1,2,1.0
2023,SE,Nordeste,Chuva,Tarde,3,0,0,0,2,0.0
2023,SE,Nordeste,Condutor Dormindo,Madrugada,13,5,0,6,13,0.384615
2023,SE,Nordeste,Condutor Dormindo,Manhã,5,0,0,0,4,0.0
2023,SE,Nordeste,Condutor Dormindo,Noite,4,1,0,1,3,0.25
2023,SE,Nordeste,Condutor Dormindo,Tarde,5,2,1,1,5,0.4
2023,SE,Nordeste,Condutor deixou de manter distância do veículo da frente,Manhã,20,2,0,2,19,0.1
2023,SE,Nordeste,Condutor deixou de manter distância do veículo da frente,Noite,8,2,0,2,8,0.25
2023,SE,Nordeste,Condutor deixou de manter distância do veículo da frente,Tarde,10,2,0,3,14,0.2
2023,SE,Nordeste,Condutor desrespeitou a iluminação vermelha do semáforo,Noite,1,1,0,1,2,1.0
2023,SE,Nordeste,Condutor desrespeitou a iluminação vermelha do semáforo,Tarde,1,0,0,0,3,0.0
2023,SE,Nordeste,Condutor usando celular,Madrugada,1,0,0,0,1,0.0
2023,SE,Nordeste,Condutor usando celular,Tarde,1,0,0,0,1,0.0
2023,SE,Nordeste,Conversão proibida,Manhã,3,1,0,1,4,0.333333
2023,SE,Nordeste,Conversão proibida,Noite,2,1,0,1,2,0.5
2023,SE,Nordeste,Conversão proibida,Tarde,2,1,0,1,2,0.5
2023,SE,Nordeste,Curva acentuada,Manhã,1,0,0,0,2,0.0
2023,SE,Nordeste,Curva acentuada,Tarde,1,0,0,0,1,0.0
2023,SE,Nordeste,Deficiência do Sistema de Iluminação/Sinalização,Madrugada,1,1,1,1,2,1.0
2023,SE,Nordeste,Deficiência do Sistema de Iluminação/Sinalização,Noite,1,1,1,0,2,1.0
2023,SE,Nordeste,Demais falhas mecânicas ou elétricas,Madrugada,3,0,0,0,1,0.0
2023,SE,Nordeste,Demais falhas mecânicas ou elétricas,Manhã,9,2,0,2,5,0.222222
2023,SE,Nordeste,Demais falhas mecânicas ou elétricas,Noite,4,0,0,0,3,0.0
2023,SE,Nordeste,Demais falhas mecânicas ou elétricas,Tarde,11,2,1,5,12,0.181818
2023,SE,Nordeste,Demais falhas na via,Noite,3,0,0,0,4,0.0
2023,SE,Nordeste,Desrespeitar a preferência no cruzamento,Madrugada,1,0,0,0,1,0.0
2023,SE,Nordeste,Desrespeitar a preferência no cruzamento,Manhã,7,2,0,2,9,0.285714
2023,SE,Nordeste,Desrespeitar a preferência no cruzamento,Noite,3,2,1,1,4,0.666667
2023,SE,Nordeste,Desrespeitar a preferência no cruzamento,Tarde,7,1,0,1,13,0.142857
2023,SE,Nordeste,Desvio temporário,Tarde,1,0,0,0,2,0.0
2023,SE,Nordeste,Entrada inopinada do pedestre,Manhã,1,1,0,1,1,1.0
2023,SE,Nordeste,Entrada inopinada do pedestre,Noite,4,3,1,3,5,0.75
2023,SE,Nordeste,Entrada inopinada do pedestre,Tarde,1,0,0,0,1,0.0
2023,SE,Nordeste,Falta de acostamento,Noite,1,0,0,0,1,0.0
2023,SE,Nordeste,Falta de elemento de contenção que evite a saída do leito carroçável,Manhã,1,0,0,0,1,0.0
2023,SE,Nordeste,Falta de elemento de contenção que evite a saída do leito carroçável,Tarde,1,0,0,0,3,0.0
2023,SE,Nordeste,Frear bruscamente,Manhã,5,3,1,3,8,0.6
2023,SE,Nordeste,Frear bruscamente,Tarde,2,0,0,0,2,0.0
2023,SE,Nordeste,Iluminação deficiente,Madrugada,1,1,0,1,1,1.0
2023,SE,Nordeste,Iluminação deficiente,Noite,3,2,1,1,3,0.666667
2023,SE,Nordeste,Ingestão de substâncias psicoativas pelo condutor,Manhã,1,1,0,1,2,1.0
2023,SE,Nordeste,Ingestão de álcool e/ou substâncias psicoativas pelo pedestre,Noite,3,1,0,1,5,0.333333
2023,SE,Nordeste,Ingestão de álcool ou de substâncias psicoativas pelo pedestre,Noite,2,1,1,0,3,0.5
2023,SE,Nordeste,Ingestão de álcool pelo condutor,Madrugada,6,4,0,6,11,0.666667
2023,SE,Nordeste,Ingestão de álcool pelo condutor,Manhã,3,0,0,0,2,0.0
2023,SE,Nordeste,Ingestão de álcool pelo condutor,Noite,25,8,2,11,29,0.32
2023,SE,Nordeste,Ingestão de álcool pelo condutor,Tarde,7,2,0,2,6,0.285714
2023,SE,Nordeste,Mal súbito do condutor,Manhã,1,0,0,0,0,0.0
2023,SE,Nordeste,Mal súbito do condutor,Noite,1,1,1,0,1,1.0
2023,SE,Nordeste,Mal súbito do condutor,Tarde,4,2,1,1,5,0.5
2023,SE,Nordeste,Manobra de mudança de faixa,Madrugada,2,1,0,1,2,0.5
2023,SE,Nordeste,Manobra de mudança de faixa,Manhã,13,3,0,3,14,0.230769
2023,SE,Nordeste,Manobra de mudança de faixa,Noite,2,0,0,0,3,0.0
2023,SE,Nordeste,Manobra de mudança de faixa,Tarde,14,2,0,3,21,0.142857
2023,SE,Nordeste,Neblina,Noite,1,1,0,2,2,1.0
2023,SE,Nordeste,Objeto estático sobre o leito carroçável,Madrugada,1,1,0,1,1,1.0
2023,SE,Nordeste,Objeto estático sobre o leito carroçável,Manhã,1,0,0,0,1,0.0
2023,SE,Nordeste,Objeto estático sobre o leito carroçável,Tarde,2,0,0,0,2,0.0
2023,SE,Nordeste,Obras na pista,Tarde,1,0,0,0,1,0.0
2023,SE,Nordeste,Obstrução na via,Tarde,1,1,0,1,2,1.0
2023,SE,Nordeste,Pedestre - Ingestão de álcool/ substâncias psicoativas,Noite,1,0,0,0,1,0.0
2023,SE,Nordeste,Pedestre andava na pista,Noite,2,1,0,1,2,0.5
2023,SE,Nordeste,Pedestre andava na pista,Tarde,2,1,0,1,1,0.5
2023,SE,Nordeste,Pedestre cruzava a pista fora da faixa,Manhã,1,1,0,1,1,1.0
2023,SE,Nordeste,Pedestre cruzava a pista fora da faixa,Noite,1,0,0,0,1,0.0
2023,SE,Nordeste,Pista Escorregadia,Manhã,4,1,0,1,3,0.25
2023,SE,Nordeste,Pista Escorregadia,Tarde,3,1,0,1,6,0.333333
2023,SE,Nordeste,Pista em desnível,Noite,1,0,0,0,0,0.0
2023,SE,Nordeste,Pista esburacada,Noite,5,2,0,2,4,0.4
2023,SE,Nordeste,Problema com o freio,Manhã,1,0,0,0,2,0.0
2023,SE,Nordeste,Problema na suspensão,Manhã,1,0,0,0,1,0.0
2023,SE,Nordeste,Reação tardia ou ineficiente do condutor,Madrugada,6,1,0,2,5,0.166667
2023,SE,Nordeste,Reação tardia ou ineficiente do condutor,Manhã,14,3,0,3,16,0.214286
2023,SE,Nordeste,Reação tardia ou ineficiente do condutor,Noite,18,6,1,5,26,0.333333
2023,SE,Nordeste,Reação tardia ou ineficiente do condutor,Tarde,10,2,0,5,14,0.2
2023,SE,Nordeste,Retorno proibido,Manhã,4,2,2,1,6,0.5
2023,SE,Nordeste,Sinalização mal posicionada,Manhã,1,1,0,1,2,1.0
2023,SE,Nordeste,Sinalização mal posicionada,Noite,1,1,1,1,3,1.0
2023,SE,Nordeste,Trafegar com motocicleta (ou similar) entre as faixas,Noite,1,1,0,1,1,1.0
2023,SE,Nordeste,Transitar na contramão,Madrugada,2,1,1,0,2,0.5
2023,SE,Nordeste,Transitar na contramão,Manhã,5,3,3,5,12,0.6
2023,SE,Nordeste,Transitar na contramão,Noite,3,2,0,3,6,0.666667
2023,SE,Nordeste,Transitar na contramão,Tarde,1,0,0,0,2,0.0
2023,SE,Nordeste,Transitar no acostamento,Manhã,1,1,1,0,1,1.0
2023,SE,Nordeste,Transitar no acostamento,Noite,2,2,1,2,3,1.0
2023,SE,Nordeste,Transitar no acostamento,Tarde,1,0,0,0,1,0.0
2023,SE,Nordeste,Transtornos Mentais (exceto suicidio),Tarde,1,0,0,0,1,0.0
2023,SE,Nordeste,Ultrapassagem Indevida,Madrugada,2,2,2,2,8,1.0
2023,SE,Nordeste,Ultrapassagem Indevida,Manhã,3,0,0,0,3,0.0
2023,SE,Nordeste,Ultrapassagem Indevida,Noite,2,0,0,0,2,0.0
2023,SE,Nordeste,Ultrapassagem Indevida,Tarde,3,1,1,0,5,0.333333
2023,SE,Nordeste,Velocidade Incompatível,Madrugada,4,3,2,1,5,0.75
2023,SE,Nordeste,Velocidade Incompatível,Manhã,10,2,0,3,13,0.2
2023,SE,Nordeste,Velocidade Incompatível,Noite,5,2,0,2,7,0.4
2023,SE,Nordeste,Velocidade Incompatível,Tarde,10,5,2,3,12,0.5
2023,SP,Sudeste,Acessar a via sem observar a presença dos outros veículos,Madrugada,22,9,4,5,27,0.409091
2023,SP,Sudeste,Acessar a via sem observar a presença dos outros veículos,Manhã,55,12,0,13,68,0.218182
2023,SP,Sudeste,Acessar a via sem observar a presença dos outros veículos,Noite,57,19,5,17,72,0.333333
2023,SP,Sudeste,Acessar a via sem observar a presença dos outros veículos,Tarde,65,10,0,10,81,0.153846
2023,SP,Sudeste,Acesso irregular,Madrugada,2,0,0,0,2,0.0
2023,SP,Sudeste,Acesso irregular,Manhã,5,2,0,2,7,0.4
2023,SP,Sudeste,Acesso irregular,Noite,5,3,3,0,6,0.6
2023,SP,Sudeste,Acesso irregular,Tarde,6,2,0,4,8,0.333333
2023,SP,Sudeste,Acostamento em desnível,Manhã,2,0,0,0,0,0.0
2023,SP,Sudeste,Acumulo de areia ou detritos sobre o pavimento,Madrugada,1,0,0,0,1,0.0
2023,SP,Sudeste,Acumulo de areia ou detritos sobre o pavimento,Manhã,8,1,0,1,8,0.125
2023,SP,Sudeste,Acumulo de areia ou detritos sobre o pavimento,Noite,7,1,0,2,10,0.142857
2023,SP,Sudeste,Acumulo de areia ou detritos sobre o pavimento,Tarde,7,1,0,1,7,0.142857
2023,SP,Sudeste,Acumulo de água sobre o pavimento,Madrugada,2,0,0,0,2,0.0
2023,SP,Sudeste,Acumulo de água sobre o pavimento,Manhã,10,1,0,2,9,0.1
2023,SP,Sudeste,Acumulo de água sobre o pavimento,Noite,11,1,0,1,15,0.090909
2023,SP,Sudeste,Acumulo de água sobre o pavimento,Tarde,7,0,0,0,9,0.0
2023,SP,Sudeste,Acumulo de óleo sobre o pavimento,Manhã,9,1,0,1,12,0.111111
2023,SP,Sudeste,Acumulo de óleo sobre o pavimento,Noite,3,0,0,0,3,0.0
2023,SP,Sudeste,Acumulo de óleo sobre o pavimento,Tarde,9,0,0,0,11,0.0
2023,SP,Sudeste,Afundamento ou ondulação no pavimento,Madrugada,5,0,0,0,5,0.0
2023,SP,Sudeste,Afundamento ou ondulação no pavimento,Manhã,2,1,0,1,2,0.5
2023,SP,Sudeste,Afundamento ou ondulação no pavimento,Noite,1,0,0,0,1,0.0
2023,SP,Sudeste,Afundamento ou ondulação no pavimento,Tarde,3,0,0,0,4,0.0
2023,SP,Sudeste,Animais na Pista,Madrugada,13,4,1,4,15,0.307692
2023,SP,Sudeste,Animais na Pista,Manhã,6,0,0,0,5,0.0
2023,SP,Sudeste,Animais na Pista,Noite,13,2,0,2,12,0.153846
2023,SP,Sudeste,Animais na Pista,Tarde,5,0,0,0,4,0.0
2023,SP,Sudeste,Ausência de reação do condutor,Madrugada,156,40,13,36,159,0.25641
2023,SP,Sudeste,Ausência de reação do condutor,Manhã,248,43,10,35,285,0.173387
2023,SP,Sudeste,Ausência de reação do condutor,Noite,219,43,15,37,243,0.196347
2023,SP,Sudeste,Ausência de reação do condutor,Tarde,232,49,10,55,285,0.211207
2023,SP,Sudeste,Ausência de sinalização,Madrugada,3,2,0,2,2,0.666667
2023,SP,Sudeste,Ausência de sinalização,Manhã,2,0,0,0,2,0.0
2023,SP,Sudeste,Ausência de sinalização,Noite,5,1,0,1,5,0.2
2023,SP,Sudeste,Ausência de sinalização,Tarde,4,1,0,1,5,0.25
2023,SP,Sudeste,Avarias e/ou desgaste excessivo no pneu,Madrugada,12,1,1,1,14,0.083333
2023,SP,Sudeste,Avarias e/ou desgaste excessivo no pneu,Manhã,49,3,0,3,77,0.061224
2023,SP,Sudeste,Avarias e/ou desgaste excessivo no pneu,Noite,31,5,0,7,46,0.16129
2023,SP,Sudeste,Avarias e/ou desgaste excessivo no pneu,Tarde,44,3,0,3,69,0.068182
2023,SP,Sudeste,Carga excessiva e/ou mal acondicionada,Madrugada,2,0,0,0,1,0.0
2023,SP,Sudeste,Carga excessiva e/ou mal acondicionada,Manhã,4,0,0,0,7,0.0
2023,SP,Sudeste,Carga excessiva e/ou mal acondicionada,Noite,2,0,0,0,0,0.0
2023,SP,Sudeste,Carga excessiva e/ou mal acondicionada,Tarde,9,0,0,0,6,0.0
2023,SP,Sudeste,Chuva,Madrugada,6,1,1,0,7,0.166667
2023,SP,Sudeste,Chuva,Manhã,20,3,0,4,22,0.15
2023,SP,Sudeste,Chuva,Noite,21,3,0,4,20,0.142857
2023,SP,Sudeste,Chuva,Tarde,22,4,0,5,30,0.181818
2023,SP,Sudeste,Condutor Dormindo,Madrugada,45,18,2,21,55,0.4
2023,SP,Sudeste,Condutor Dormindo,Manhã,18,1,0,1,17,0.055556
2023,SP,Sudeste,Condutor Dormindo,Noite,16,4,0,4,12,0.25
2023,SP,Sudeste,Condutor Dormindo,Tarde,19,4,1,4,18,0.210526
2023,SP,Sudeste,Condutor deixou de manter distância do veículo da frente,Madrugada,14,5,0,6,16,0.357143
2023,SP,Sudeste,Condutor deixou de manter distância do veículo da frente,Manhã,94,5,0,6,123,0.053191
2023,SP,Sudeste,Condutor deixou de manter distância do veículo da frente,Noite,71,20,1,21,92,0.28169
2023,SP,Sudeste,Condutor deixou de manter distância do veículo da frente,Tarde,72,6,2,8,80,0.083333
2023,SP,Sudeste,Condutor desrespeitou a iluminação vermelha do semáforo,Madrugada,3,0,0,0,3,0.0
2023,SP,Sudeste,Condutor desrespeitou a iluminação vermelha do semáforo,Manhã,1,1,0,1,2,1.0
2023,SP,Sudeste,Condutor desrespeitou a iluminação vermelha do semáforo,Noite,3,2,0,2,4,0.666667
2023,SP,Sudeste,Condutor desrespeitou a iluminação vermelha do semáforo,Tarde,1,1,0,1,2,1.0
2023,SP,Sudeste,Condutor usando celular,Madrugada,1,1,1,0,1,1.0
2023,SP,Sudeste,Condutor usando celular,Manhã,2,1,0,1,2,0.5
2023,SP,Sudeste,Condutor usando celular,Tarde,1,1,0,1,2,1.0
2023,SP,Sudeste,Conversão proibida,Madrugada,1,0,0,0,1,0.0
2023,SP,Sudeste,Conversão proibida,Manhã,8,4,0,4,11,0.5
2023,SP,Sudeste,Conversão proibida,Noite,10,3,0,3,11,0.3
2023,SP,Sudeste,Conversão proibida,Tarde,7,2,0,2,8,0.285714
2023,SP,Sudeste,Curva acentuada,Manhã,1,0,0,0,0,0.0
2023,SP,Sudeste,Curva acentuada,Noite,3,0,0,0,4,0.0
2023,SP,Sudeste,Curva acentuada,Tarde,3,0,0,0,2,0.0
2023,SP,Sudeste,Declive acentuado,Noite,1,0,0,0,1,0.0
2023,SP,Sudeste,Deficiência do Sistema de Iluminação/Sinalização,Madrugada,1,0,0,0,0,0.0
2023,SP,Sudeste,Deficiência do Sistema de Iluminação/Sinalização,Noite,4,1,0,1,7,0.25
2023,SP,Sudeste,Deficiência do Sistema de Iluminação/Sinalização,Tarde,1,0,0,0,2,0.0
2023,SP,Sudeste,Demais Fenômenos da natureza,Manhã,1,0,0,0,1,0.0
2023,SP,Sudeste,Demais Fenômenos da natureza,Noite,2,0,0,0,2,0.0
2023,SP,Sudeste,Demais falhas mecânicas ou elétricas,Madrugada,22,0,0,0,6,0.0
2023,SP,Sudeste,Demais falhas mecânicas ou elétricas,Manhã,47,2,0,2,27,0.042553
2023,SP,Sudeste,Demais falhas mecânicas ou elétricas,Noite,65,2,2,2,37,0.030769
2023,SP,Sudeste,Demais falhas mecânicas ou elétricas,Tarde,81,6,1,6,60,0.074074
2023,SP,Sudeste,Demais falhas na via,Madrugada,2,0,0,0,2,0.0
2023,SP,Sudeste,Demais falhas na via,Manhã,5,1,0,1,6,0.2
2023,SP,Sudeste,Demais falhas na via,Noite,3,2,0,2,3,0.666667
2023,SP,Sudeste,Demais falhas na via,Tarde,6,1,0,1,5,0.166667
2023,SP,Sudeste,Desrespeitar a preferência no cruzamento,Manhã,3,1,0,1,3,0.333333
2023,SP,Sudeste,Desrespeitar a preferência no cruzamento,Noite,6,1,0,1,6,0.166667
2023,SP,Sudeste,Desrespeitar a preferência no cruzamento,Tarde,6,0,0,0,6,0.0
2023,SP,Sudeste,Entrada inopinada do pedestre,Madrugada,24,18,11,7,25,0.75
2023,SP,Sudeste,Entrada inopinada do pedestre,Manhã,9,6,2,5,10,0.666667
2023,SP,Sudeste,Entrada inopinada do pedestre,Noite,47,34,25,11,55,0.723404
2023,SP,Sudeste,Entrada inopinada do pedestre,Tarde,7,3,1,2,7,0.428571
2023,SP,Sudeste,Estacionar ou parar em local proibido,Madrugada,3,1,2,0,3,0.333333
2023,SP,Sudeste,Estacionar ou parar em local proibido,Manhã,4,1,0,1,7,0.25
2023,SP,Sudeste,Estacionar ou parar em local proibido,Noite,1,0,0,0,1,0.0
2023,SP,Sudeste,Estacionar ou parar em local proibido,Tarde,2,1,0,1,7,0.5
2023,SP,Sudeste,Faixas de trânsito com largura insuficiente,Tarde,1,0,0,0,0,0.0
2023,SP,Sudeste,Falta de acostamento,Madrugada,1,0,0,0,2,0.0
2023,SP,Sudeste,Falta de acostamento,Manhã,1,1,0,1,1,1.0
2023,SP,Sudeste,Falta de acostamento,Noite,2,2,0,2,2,1.0
2023,SP,Sudeste,Falta de acostamento,Tarde,2,1,0,1,2,0.5
2023,SP,Sudeste,Falta de elemento de contenção que evite a saída do leito carroçável,Manhã,2,0,0,0,2,0.0
2023,SP,Sudeste,Frear bruscamente,Madrugada,2,0,0,0,4,0.0
2023,SP,Sudeste,Frear bruscamente,Manhã,11,1,0,1,14,0.090909
2023,SP,Sudeste,Frear bruscamente,Noite,9,2,1,1,14,0.222222
2023,SP,Sudeste,Frear bruscamente,Tarde,15,1,0,1,15,0.066667
2023,SP,Sudeste,Fumaça,Manhã,1,0,0,0,1,0.0
2023,SP,Sudeste,Iluminação deficiente,Madrugada,1,1,0,1,1,1.0
2023,SP,Sudeste,Iluminação deficiente,Noite,6,2,0,2,7,0.333333
2023,SP,Sudeste,Ingestão de substâncias psicoativas pelo condutor,Madrugada,3,0,0,0,3,0.0
2023,SP,Sudeste,Ingestão de substâncias psicoativas pelo condutor,Manhã,1,0,0,0,0,0.0
2023,SP,Sudeste,Ingestão de substâncias psicoativas pelo condutor,Tarde,1,0,0,0,1,0.0
2023,SP,Sudeste,Ingestão de álcool e/ou substâncias psicoativas pelo pedestre,Madrugada,2,1,0,1,3,0.5
2023,SP,Sudeste,Ingestão de álcool e/ou substâncias psicoativas pelo pedestre,Manhã,3,0,0,0,2,0.0
2023,SP,Sudeste,Ingestão de álcool e/ou substâncias psicoativas pelo pedestre,Noite,3,0,0,0,3,0.0
2023,SP,Sudeste,Ingestão de álcool e/ou substâncias psicoativas pelo pedestre,Tarde,2,0,0,0,1,0.0
2023,SP,Sudeste,Ingestão de álcool ou de substâncias psicoativas pelo pedestre,Noite,3,0,0,0,2,0.0
2023,SP,Sudeste,Ingestão de álcool pelo condutor,Madrugada,52,13,5,14,42,0.25
2023,SP,Sudeste,Ingestão de álcool pelo condutor,Manhã,24,1,0,1,14,0.041667
2023,SP,Sudeste,Ingestão de álcool pelo condutor,Noite,76,11,4,10,57,0.144737
2023,SP,Sudeste,Ingestão de álcool pelo condutor,Tarde,32,6,1,7,29,0.1875
2023,SP,Sudeste,Mal súbito do condutor,Madrugada,4,0,0,0,4,0.0
2023,SP,Sudeste,Mal súbito do condutor,Manhã,15,4,2,2,19,0.266667
2023,SP,Sudeste,Mal súbito do condutor,Noite,8,3,0,4,11,0.375
2023,SP,Sudeste,Mal súbito do condutor,Tarde,10,3,3,0,9,0.3
2023,SP,Sudeste,Manobra de mudança de faixa,Madrugada,21,5,2,4,24,0.238095
2023,SP,Sudeste,Manobra de mudança de faixa,Manhã,138,15,3,13,148,0.108696
2023,SP,Sudeste,Manobra de mudança de faixa,Noite,84,7,1,7,98,0.083333
2023,SP,Sudeste,Manobra de mudança de faixa,Tarde,132,16,0,16,159,0.121212
2023,SP,Sudeste,Neblina,Madrugada,1,0,0,0,1,0.0
2023,SP,Sudeste,Objeto estático sobre o leito carroçável,Madrugada,4,1,0,1,4,0.25
2023,SP,Sudeste,Objeto estático sobre o leito carroçável,Manhã,10,2,0,2,10,0.2
2023,SP,Sudeste,Objeto estático sobre o leito carroçável,Noite,9,0,0,0,8,0.0
2023,SP,Sudeste,Objeto estático sobre o leito carroçável,Tarde,10,2,0,2,13,0.2
2023,SP,Sudeste,Obras na pista,Manhã,3,0,0,0,3,0.0
2023,SP,Sudeste,Obras na pista,Tarde,3,1,0,1,3,0.333333
2023,SP,Sudeste,Obstrução Via tentativa Assalto,Madrugada,1,0,0,0,2,0.0
2023,SP,Sudeste,Obstrução na via,Madrugada,1,0,0,0,0,0.0
2023,SP,Sudeste,Obstrução na via,Manhã,1,1,0,1,1,1.0
2023,SP,Sudeste,Obstrução na via,Tarde,1,1,0,1,1,1.0
2023,SP,Sudeste,Pedestre andava na pista,Madrugada,10,7,7,0,13,0.7
2023,SP,Sudeste,Pedestre andava na pista,Manhã,7,2,0,2,7,0.285714
2023,SP,Sudeste,Pedestre andava na pista,Noite,35,26,12,15,38,0.742857
2023,SP,Sudeste,Pedestre andava na pista,Tarde,7,5,2,3,7,0.714286
2023,SP,Sudeste,Pedestre cruzava a pista fora da faixa,Madrugada,7,6,4,2,9,0.857143
2023,SP,Sudeste,Pedestre cruzava a pista fora da faixa,Manhã,3,2,0,2,4,0.666667
2023,SP,Sudeste,Pedestre cruzava a pista fora da faixa,Noite,18,11,7,7,22,0.611111
2023,SP,Sudeste,Pedestre cruzava a pista fora da faixa,Tarde,8,6,2,4,8,0.75
2023,SP,Sudeste,Pista Escorregadia,Madrugada,3,1,0,1,3,0.333333
2023,SP,Sudeste,Pista Escorregadia,Manhã,18,0,0,0,17,0.0
2023,SP,Sudeste,Pista Escorregadia,Noite,17,2,0,2,21,0.117647
2023,SP,Sudeste,Pista Escorregadia,Tarde,17,1,0,1,17,0.058824
2023,SP,Sudeste,Pista em desnível,Noite,1,0,0,0,1,0.0
2023,SP,Sudeste,Pista esburacada,Madrugada,1,0,0,0,1,0.0
2023,SP,Sudeste,Pista esburacada,Manhã,2,0,0,0,3,0.0
2023,SP,Sudeste,Pista esburacada,Noite,5,1,0,1,6,0.2
2023,SP,Sudeste,Pista esburacada,Tarde,6,0,0,0,9,0.0
2023,SP,Sudeste,Problema com o freio,Madrugada,1,0,0,0,0,0.0
2023,SP,Sudeste,Problema com o freio,Manhã,6,2,0,2,8,0.333333
2023,SP,Sudeste,Problema com o freio,Noite,4,0,0,0,0,0.0
2023,SP,Sudeste,Problema com o freio,Tarde,8,1,0,1,9,0.125
2023,SP,Sudeste,Problema na suspensão,Manhã,1,0,0,0,1,0.0
2023,SP,Sudeste,Problema na suspensão,Tarde,1,0,0,0,1,0.0
2023,SP,Sudeste,Reação tardia ou ineficiente do condutor,Madrugada,186,39,9,41,241,0.209677
2023,SP,Sudeste,Reação tardia ou ineficiente do condutor,Manhã,343,43,4,41,418,0.125364
2023,SP,Sudeste,Reação tardia ou ineficiente do condutor,Noite,280,45,12,52,356,0.160714
2023,SP,Sudeste,Reação tardia ou ineficiente do condutor,Tarde,312,53,6,49,360,0.169872
2023,SP,Sudeste,Retorno proibido,Manhã,4,0,0,0,4,0.0
2023,SP,Sudeste,Retorno proibido,Noite,2,0,0,0,4,0.0
2023,SP,Sudeste,Retorno proibido,Tarde,6,1,0,1,6,0.166667
2023,SP,Sudeste,Sinalização mal posicionada,Madrugada,1,0,0,0,1,0.0
2023,SP,Sudeste,Sinalização mal posicionada,Manhã,2,0,0,0,2,0.0
2023,SP,Sudeste,Sinalização mal posicionada,Noite,1,0,0,0,3,0.0
2023,SP,Sudeste,Suicídio (presumido),Noite,1,0,0,0,1,0.0
2023,SP,Sudeste,Suicídio (presumido),Tarde,2,2,1,1,3,1.0
2023,SP,Sudeste,Trafegar com motocicleta (ou similar) entre as faixas,Madrugada,5,3,2,1,5,0.6
2023,SP,Sudeste,Trafegar com motocicleta (ou similar) entre as faixas,Manhã,98,15,3,13,111,0.153061
2023,SP,Sudeste,Trafegar com motocicleta (ou similar) entre as faixas,Noite,56,12,1,13,68,0.214286
2023,SP,Sudeste,Trafegar com motocicleta (ou similar) entre as faixas,Tarde,64,14,0,14,75,0.21875
2023,SP,Sudeste,Transitar na contramão,Madrugada,7,4,2,2,9,0.571429
2023,SP,Sudeste,Transitar na contramão,Manhã,8,2,1,1,8,0.25
2023,SP,Sudeste,Transitar na contramão,Noite,18,7,1,7,24,0.388889
2023,SP,Sudeste,Transitar na contramão,Tarde,14,5,5,2,24,0.357143
2023,SP,Sudeste,Transitar no acostamento,Madrugada,3,2,0,2,5,0.666667
2023,SP,Sudeste,Transitar no acostamento,Manhã,2,0,0,0,2,0.0
2023,SP,Sudeste,Transitar no acostamento,Noite,7,3,2,2,10,0.428571
2023,SP,Sudeste,Transitar no acostamento,Tarde,5,1,0,2,6,0.2
2023,SP,Sudeste,Transtornos Mentais (exceto suicidio),Manhã,1,0,0,0,0,0.0
2023,SP,Sudeste,Transtornos Mentais (exceto suicidio),Tarde,1,1,0,1,1,1.0
2023,SP,Sudeste,Ultrapassagem Indevida,Madrugada,3,0,0,0,3,0.0
2023,SP,Sudeste,Ultrapassagem Indevida,Manhã,17,3,1,2,25,0.176471
2023,SP,Sudeste,Ultrapassagem Indevida,Noite,10,4,1,3,10,0.4
2023,SP,Sudeste,Ultrapassagem Indevida,Tarde,20,3,2,2,21,0.15
2023,SP,Sudeste,Velocidade Incompatível,Madrugada,42,5,4,5,48,0.119048
2023,SP,Sudeste,Velocidade Incompatível,Manhã,57,9,2,11,73,0.157895
2023,SP,Sudeste,Velocidade Incompatível,Noite,41,7,2,6,47,0.170732
2023,SP,Sudeste,Velocidade Incompatível,Tarde,55,12,1,13,72,0.218182
2023,SP,Sudeste,Área urbana sem a presença de local apropriado para a travessia de pedestres,Madrugada,1,1,1,0,1,1.0
2023,SP,Sudeste,Área urbana sem a presença de local apropriado para a travessia de pedestres,Noite,1,1,0,1,1,1.0
2023,SP,Sudeste,Área urbana sem a presença de local apropriado para a travessia de pedestres,Tarde,1,1,0,1,1,1.0
2023,TO,Norte,Acessar a via sem observar a presença dos outros veículos,Madrugada,4,2,1,2,4,0.5
2023,TO,Norte,Acessar a via sem observar a presença dos outros veículos,Manhã,32,9,1,9,39,0.28125
2023,TO,Norte,Acessar a via sem observar a presença dos outros veículos,Noite,28,12,1,13,40,0.428571
2023,TO,Norte,Acessar a via sem observar a presença dos outros veículos,Tarde,25,9,2,10,27,0.36
2023,TO,Norte,Acesso irregular,Manhã,1,1,0,1,2,1.0
2023,TO,Norte,Acesso irregular,Noite,3,1,0,1,2,0.333333
2023,TO,Norte,Acesso irregular,Tarde,3,2,0,2,4,0.666667
2023,TO,Norte,Acumulo de areia ou detritos sobre o pavimento,Noite,1,1,0,1,2,1.0
2023,TO,Norte,Acumulo de areia ou detritos sobre o pavimento,Tarde,1,1,0,1,2,1.0
2023,TO,Norte,Acumulo de água sobre o pavimento,Tarde,1,0,0,0,0,0.0
2023,TO,Norte,Animais na Pista,Madrugada,3,0,0,0,3,0.0
2023,TO,Norte,Animais na Pista,Manhã,3,2,1,1,5,0.666667
2023,TO,Norte,Animais na Pista,Noite,14,4,2,3,18,0.285714
2023,TO,Norte,Animais na Pista,Tarde,1,0,0,0,1,0.0
2023,TO,Norte,Ausência de reação do condutor,Madrugada,18,12,8,12,25,0.666667
2023,TO,Norte,Ausência de reação do condutor,Manhã,23,7,3,6,27,0.304348
2023,TO,Norte,Ausência de reação do condutor,Noite,21,11,1,11,29,0.52381
2023,TO,Norte,Ausência de reação do condutor,Tarde,13,5,1,4,12,0.384615
2023,TO,Norte,Ausência de sinalização,Manhã,1,1,0,1,1,1.0
2023,TO,Norte,Ausência de sinalização,Noite,4,0,0,0,6,0.0
2023,TO,Norte,Ausência de sinalização,Tarde,1,0,0,0,1,0.0
2023,TO,Norte,Avarias e/ou desgaste excessivo no pneu,Manhã,4,1,0,1,5,0.25
2023,TO,Norte,Avarias e/ou desgaste excessivo no pneu,Tarde,2,0,0,0,4,0.0
2023,TO,Norte,Chuva,Madrugada,1,0,0,0,0,0.0
2023,TO,Norte,Chuva,Manhã,1,0,0,0,1,0.0
2023,TO,Norte,Chuva,Noite,1,1,0,1,2,1.0
2023,TO,Norte,Chuva,Tarde,1,0,0,0,2,0.0
2023,TO,Norte,Condutor Dormindo,Madrugada,6,3,3,1,9,0.5
2023,TO,Norte,Condutor Dormindo,Manhã,3,0,0,0,4,0.0
2023,TO,Norte,Condutor Dormindo,Noite,2,0,0,0,2,0.0
2023,TO,Norte,Condutor Dormindo,Tarde,8,4,0,6,16,0.5
2023,TO,Norte,Condutor deixou de manter distância do veículo da frente,Madrugada,5,1,0,1,6,0.2
2023,TO,Norte,Condutor deixou de manter distância do veículo da frente,Manhã,9,3,0,3,6,0.333333
2023,TO,Norte,Condutor deixou de manter distância do veículo da frente,Noite,9,3,0,4,8,0.333333
2023,TO,Norte,Condutor deixou de manter distância do veículo da frente,Tarde,15,5,0,10,22,0.333333
2023,TO,Norte,Condutor usando celular,Manhã,1,0,0,0,1,0.0
2023,TO,Norte,Condutor usando celular,Tarde,1,1,0,1,1,1.0
2023,TO,Norte,Conversão proibida,Manhã,1,1,0,1,1,1.0
2023,TO,Norte,Conversão proibida,Noite,1,0,0,0,1,0.0
2023,TO,Norte,Conversão proibida,Tarde,1,1,0,1,2,1.0
2023,TO,Norte,Deficiência do Sistema de Iluminação/Sinalização,Noite,3,0,0,0,6,0.0
2023,TO,Norte,Demais Fenômenos da natureza,Manhã,2,1,0,2,3,0.5
2023,TO,Norte,Demais Fenômenos da natureza,Noite,1,1,0,1,1,1.0
2023,TO,Norte,Demais falhas mecânicas ou elétricas,Madrugada,8,1,1,1,6,0.125
2023,TO,Norte,Demais falhas mecânicas ou elétricas,Manhã,8,0,0,0,5,0.0
2023,TO,Norte,Demais falhas mecânicas ou elétricas,Noite,6,2,0,2,4,0.333333
2023,TO,Norte,Demais falhas mecânicas ou elétricas,Tarde,10,3,0,4,15,0.3
2023,TO,Norte,Demais falhas na via,Manhã,2,1,0,1,1,0.5
2023,TO,Norte,Desrespeitar a preferência no cruzamento,Manhã,6,2,0,2,8,0.333333
2023,TO,Norte,Desrespeitar a preferência no cruzamento,Noite,6,3,1,2,5,0.5
2023,TO,Norte,Desrespeitar a preferência no cruzamento,Tarde,5,3,0,6,10,0.6
2023,TO,Norte,Desvio temporário,Madrugada,1,1,0,1,1,1.0
2023,TO,Norte,Desvio temporário,Noite,1,1,0,1,1,1.0
2023,TO,Norte,Entrada inopinada do pedestre,Manhã,3,2,0,2,4,0.666667
2023,TO,Norte,Entrada inopinada do pedestre,Noite,3,2,0,2,3,0.666667
2023,TO,Norte,Entrada inopinada do pedestre,Tarde,3,2,0,2,3,0.666667
2023,TO,Norte,Estacionar ou parar em local proibido,Madrugada,1,0,0,0,1,0.0
2023,TO,Norte,Estacionar ou parar em local proibido,Noite,1,1,0,2,2,1.0
2023,TO,Norte,Estacionar ou parar em local proibido,Tarde,1,1,1,0,1,1.0
2023,TO,Norte,Falta de elemento de contenção que evite a saída do leito carroçável,Noite,1,0,0,0,2,0.0
2023,TO,Norte,Faróis desregulados,Noite,1,1,0,1,1,1.0
2023,TO,Norte,Frear bruscamente,Manhã,2,1,0,1,3,0.5
2023,TO,Norte,Frear bruscamente,Noite,1,0,0,0,0,0.0
2023,TO,Norte,Frear bruscamente,Tarde,2,0,0,0,0,0.0
2023,TO,Norte,Iluminação deficiente,Madrugada,1,1,0,1,1,1.0
2023,TO,Norte,Ingestão de álcool ou de substâncias psicoativas pelo pedestre,Noite,2,1,0,1,2,0.5
2023,TO,Norte,Ingestão de álcool pelo condutor,Madrugada,13,2,0,2,7,0.153846
2023,TO,Norte,Ingestão de álcool pelo condutor,Manhã,9,2,1,1,9,0.222222
2023,TO,Norte,Ingestão de álcool pelo condutor,Noite,19,7,2,7,23,0.368421
2023,TO,Norte,Ingestão de álcool pelo condutor,Tarde,6,2,0,2,5,0.333333
2023,TO,Norte,Mal súbito do condutor,Manhã,1,0,0,0,1,0.0
2023,TO,Norte,Mal súbito do condutor,Noite,1,1,0,1,2,1.0
2023,TO,Norte,Mal súbito do condutor,Tarde,1,0,0,0,1,0.0
2023,TO,Norte,Manobra de mudança de faixa,Madrugada,1,0,0,0,3,0.0
2023,TO,Norte,Manobra de mudança de faixa,Manhã,10,3,0,3,14,0.3
2023,TO,Norte,Manobra de mudança de faixa,Noite,6,3,0,3,7,0.5
2023,TO,Norte,Manobra de mudança de faixa,Tarde,7,3,1,3,6,0.428571
2023,TO,Norte,Modificação proibida,Madrugada,1,1,1,0,1,1.0
2023,TO,Norte,Objeto estático sobre o leito carroçável,Madrugada,2,1,1,0,2,0.5
2023,TO,Norte,Objeto estático sobre o leito carroçável,Noite,1,1,0,1,1,1.0
2023,TO,Norte,Obras na pista,Noite,2,2,0,2,2,1.0
2023,TO,Norte,Participar de racha,Tarde,1,1,0,1,2,1.0
2023,TO,Norte,Pedestre andava na pista,Madrugada,1,1,1,0,1,1.0
2023,TO,Norte,Pedestre andava na pista,Manhã,1,1,0,1,1,1.0
2023,TO,Norte,Pedestre andava na pista,Noite,2,2,1,1,3,1.0
2023,TO,Norte,Pedestre cruzava a pista fora da faixa,Manhã,1,0,0,0,1,0.0
2023,TO,Norte,Pista Escorregadia,Manhã,1,1,0,2,2,1.0
2023,TO,Norte,Pista Escorregadia,Tarde,1,1,0,3,3,1.0
2023,TO,Norte,Pista esburacada,Noite,3,1,0,1,3,0.333333
2023,TO,Norte,Problema com o freio,Tarde,1,0,0,0,1,0.0
2023,TO,Norte,Problema na suspensão,Manhã,1,0,0,0,0,0.0
2023,TO,Norte,Reação tardia ou ineficiente do condutor,Madrugada,10,5,1,4,9,0.5
2023,TO,Norte,Reação tardia ou ineficiente do condutor,Manhã,36,9,1,9,42,0.25
2023,TO,Norte,Reação tardia ou ineficiente do condutor,Noite,23,9,2,20,58,0.391304
2023,TO,Norte,Reação tardia ou ineficiente do condutor,Tarde,31,11,3,9,34,0.354839
2023,TO,Norte,Restrição de visibilidade em curvas verticais,Madrugada,1,0,0,0,0,0.0
2023,TO,Norte,Retorno proibido,Tarde,1,0,0,0,0,0.0
2023,TO,Norte,Transitar na contramão,Madrugada,3,2,1,4,8,0.666667
2023,TO,Norte,Transitar na contramão,Manhã,8,6,4,2,13,0.75
2023,TO,Norte,Transitar na contramão,Noite,16,14,11,6,34,0.875
2023,TO,Norte,Transitar na contramão,Tarde,5,3,1,3,6,0.6
2023,TO,Norte,Transitar no acostamento,Madrugada,1,0,0,0,1,0.0
2023,TO,Norte,Transitar no acostamento,Tarde,2,1,0,1,2,0.5
2023,TO,Norte,Ultrapassagem Indevida,Madrugada,3,2,3,1,8,0.666667
2023,TO,Norte,Ultrapassagem Indevida,Manhã,5,1,0,1,11,0.2
2023,TO,Norte,Ultrapassagem Indevida,Noite,7,5,3,4,10,0.714286
2023,TO,Norte,Ultrapassagem Indevida,Tarde,10,3,0,3,13,0.3
2023,TO,Norte,Velocidade Incompatível,Madrugada,1,1,1,1,2,1.0
2023,TO,Norte,Velocidade Incompatível,Manhã,6,2,2,1,10,0.333333
2023,TO,Norte,Velocidade Incompatível,Noite,4,4,1,6,7,1.0
2023,TO,Norte,Velocidade Incompatível,Tarde,7,2,1,1,7,0.285714
2023,TO,Norte,Área urbana sem a presença de local apropriado para a travessia de pedestres,Noite,1,0,0,0,3,0.0
2024,AC,Norte,Acessar a via sem observar a presença dos outros veículos,Manhã,12,1,0,1,17,0.083333
2024,AC,Norte,Acessar a via sem observar a presença dos outros veículos,Noite,7,3,0,4,8,0.428571
2024,AC,Norte,Acessar a via sem observar a presença dos outros veículos,Tarde,17,3,1,2,18,0.176471
2024,AC,Norte,Acesso irregular,Manhã,2,1,0,1,2,0.5
2024,AC,Norte,Acesso irregular,Noite,4,2,1,1,5,0.5
2024,AC,Norte,Acumulo de areia ou detritos sobre o pavimento,Manhã,1,1,0,2,3,1.0
2024,AC,Norte,Acumulo de areia ou detritos sobre o pavimento,Noite,1,0,0,0,1,0.0
2024,AC,Norte,Acumulo de areia ou detritos sobre o pavimento,Tarde,2,1,0,4,5,0.5
2024,AC,Norte,Acumulo de óleo sobre o pavimento,Manhã,1,1,0,1,1,1.0
2024,AC,Norte,Acumulo de óleo sobre o pavimento,Tarde,2,1,0,1,3,0.5
2024,AC,Norte,Afundamento ou ondulação no pavimento,Noite,3,1,1,0,3,0.333333
2024,AC,Norte,Afundamento ou ondulação no pavimento,Tarde,1,1,0,1,1,1.0
2024,AC,Norte,Animais na Pista,Manhã,3,0,0,0,3,0.0
2024,AC,Norte,Animais na Pista,Noite,5,0,0,0,5,0.0
2024,AC,Norte,Animais na Pista,Tarde,1,0,0,0,2,0.0
2024,AC,Norte,Ausência de reação do condutor,Madrugada,6,2,3,0,4,0.333333
2024,AC,Norte,Ausência de reação do condutor,Manhã,11,2,1,1,12,0.181818
2024,AC,Norte,Ausência de reação do condutor,Noite,17,7,0,7,23,0.411765
2024,AC,Norte,Ausência de reação do condutor,Tarde,10,4,0,4,15,0.4
2024,AC,Norte,Avarias e/ou desgaste excessivo no pneu,Manhã,1,0,0,0,0,0.0
2024,AC,Norte,Chuva,Tarde,2,0,0,0,3,0.0
2024,AC,Norte,Condutor Dormindo,Madrugada,1,0,0,0,0,0.0
2024,AC,Norte,Condutor deixou de manter distância do veículo da frente,Manhã,10,3,0,3,14,0.3
2024,AC,Norte,Condutor deixou de manter distância do veículo da frente,Noite,6,1,0,1,10,0.166667
2024,AC,Norte,Condutor deixou de manter distância do veículo da frente,Tarde,8,3,0,3,10,0.375
2024,AC,Norte,Condutor usando celular,Tarde,1,0,0,0,1,0.0
2024,AC,Norte,Conversão proibida,Manhã,1,0,0,0,1,0.0
2024,AC,Norte,Conversão proibida,Tarde,1,1,0,1,1,1.0
2024,AC,Norte,Curva acentuada,Tarde,1,0,0,0,2,0.0
2024,AC,Norte,Demais Fenômenos da natureza,Manhã,1,0,0,0,0,0.0
2024,AC,Norte,Demais falhas mecânicas ou elétricas,Manhã,4,1,0,1,3,0.25
2024,AC,Norte,Demais falhas mecânicas ou elétricas,Noite,3,0,0,0,0,0.0
2024,AC,Norte,Demais falhas mecânicas ou elétricas,Tarde,6,1,0,1,6,0.166667
2024,AC,Norte,Demais falhas na via,Manhã,1,1,0,1,1,1.0
2024,AC,Norte,Demais falhas na via,Noite,2,1,0,1,3,0.5
2024,AC,Norte,Desrespeitar a preferência no cruzamento,Manhã,3,1,0,1,5,0.333333
2024,AC,Norte,Desrespeitar a preferência no cruzamento,Noite,3,0,0,0,3,0.0
2024,AC,Norte,Desrespeitar a preferência no cruzamento,Tarde,5,2,0,2,8,0.4
2024,AC,Norte,Entrada inopinada do pedestre,Madrugada,1,1,0,1,1,1.0
2024,AC,Norte,Entrada inopinada do pedestre,Manhã,1,0,0,0,1,0.0
2024,AC,Norte,Estacionar ou parar em local proibido,Madrugada,1,0,0,0,1,0.0
2024,AC,Norte,Estacionar ou parar em local proibido,Manhã,2,1,0,1,2,0.5
2024,AC,Norte,Estacionar ou parar em local proibido,Noite,1,1,0,1,1,1.0
2024,AC,Norte,Estacionar ou parar em local proibido,Tarde,1,1,0,1,1,1.0
2024,AC,Norte,Falta de acostamento,Noite,1,1,0,2,3,1.0
2024,AC,Norte,Frear bruscamente,Manhã,2,1,0,1,1,0.5
2024,AC,Norte,Iluminação deficiente,Madrugada,1,1,0,1,1,1.0
2024,AC,Norte,Iluminação deficiente,Noite,3,2,0,2,6,0.666667
2024,AC,Norte,Ingestão de álcool pelo condutor,Madrugada,2,1,0,1,2,0.5
2024,AC,Norte,Ingestão de álcool pelo condutor,Noite,4,0,0,0,8,0.0
2024,AC,Norte,Ingestão de álcool pelo condutor,Tarde,2,1,1,0,2,0.5
2024,AC,Norte,Manobra de mudança de faixa,Manhã,6,1,0,1,11,0.166667
2024,AC,Norte,Manobra de mudança de faixa,Noite,5,2,0,2,7,0.4
2024,AC,Norte,Manobra de mudança de faixa,Tarde,5,1,0,1,10,0.2
2024,AC,Norte,Pedestre andava na pista,Noite,2,2,0,3,5,1.0
2024,AC,Norte,Pedestre cruzava a pista fora da faixa,Manhã,1,0,0,0,1,0.0
2024,AC,Norte,Pista Escorregadia,Manhã,1,1,0,1,1,1.0
2024,AC,Norte,Pista Escorregadia,Tarde,1,0,0,0,1,0.0
2024,AC,Norte,Pista esburacada,Manhã,2,1,0,1,2,0.5
2024,AC,Norte,Pista esburacada,Tarde,5,3,5,5,13,0.6
2024,AC,Norte,Reação tardia ou ineficiente do condutor,Madrugada,3,2,1,1,5,0.666667
2024,AC,Norte,Reação tardia ou ineficiente do condutor,Manhã,11,4,1,5,15,0.363636
2024,AC,Norte,Reação tardia ou ineficiente do condutor,Noite,9,4,0,4,16,0.444444
2024,AC,Norte,Reação tardia ou ineficiente do condutor,Tarde,22,4,3,2,29,0.181818
2024,AC,Norte,Retorno proibido,Manhã,1,1,0,1,1,1.0
2024,AC,Norte,Retorno proibido,Tarde,3,1,0,1,3,0.333333
2024,AC,Norte,Suicídio (presumido),Tarde,1,0,0,0,1,0.0
2024,AC,Norte,Transitar na contramão,Madrugada,1,0,0,0,0,0.0
2024,AC,Norte,Transitar na contramão,Manhã,2,1,2,0,2,0.5
2024,AC,Norte,Transitar na contramão,Noite,4,2,0,3,5,0.5
2024,AC,Norte,Transitar na contramão,Tarde,4,1,0,1,4,0.25
2024,AC,Norte,Transitar no acostamento,Manhã,1,0,0,0,0,0.0
2024,AC,Norte,Ultrapassagem Indevida,Manhã,1,0,0,0,4,0.0
2024,AC,Norte,Ultrapassagem Indevida,Noite,1,0,0,0,0,0.0
2024,AC,Norte,Ultrapassagem Indevida,Tarde,2,0,0,0,3,0.0
2024,AC,Norte,Velocidade Incompatível,Madrugada,1,0,0,0,0,0.0
2024,AC,Norte,Velocidade Incompatível,Noite,2,0,0,0,5,0.0
2024,AC,Norte,Velocidade Incompatível,Tarde,2,1,0,1,1,0.5
2024,AL,Nordeste,Acessar a via sem observar a presença dos outros veículos,Madrugada,2,1,1,0,1,0.5
2024,AL,Nordeste,Acessar a via sem observar a presença dos outros veículos,Manhã,24,12,6,15,48,0.5
2024,AL,Nordeste,Acessar a via sem observar a presença dos outros veículos,Noite,27,14,2,15,57,0.518519
2024,AL,Nordeste,Acessar a via sem observar a presença dos outros veículos,Tarde,34,14,1,15,44,0.411765
2024,AL,Nordeste,Acesso irregular,Manhã,2,1,0,1,2,0.5
2024,AL,Nordeste,Acesso irregular,Noite,4,0,0,0,3,0.0
2024,AL,Nordeste,Acesso irregular,Tarde,5,1,0,2,6,0.2
2024,AL,Nordeste,Acostamento em desnível,Madrugada,1,1,1,0,1,1.0
2024,AL,Nordeste,Acostamento em desnível,Manhã,1,1,2,0,3,1.0
2024,AL,Nordeste,Acostamento em desnível,Tarde,2,1,0,1,1,0.5
2024,AL,Nordeste,Acumulo de areia ou detritos sobre o pavimento,Manhã,1,0,0,0,1,0.0
2024,AL,Nordeste,Acumulo de água sobre o pavimento,Manhã,5,1,0,1,5,0.2
2024,AL,Nordeste,Acumulo de água sobre o pavimento,Tarde,5,3,1,2,6,0.6
2024,AL,Nordeste,Acumulo de óleo sobre o pavimento,Tarde,1,0,0,0,1,0.0
2024,AL,Nordeste,Afundamento ou ondulação no pavimento,Madrugada,1,0,0,0,1,0.0
2024,AL,Nordeste,Animais na Pista,Madrugada,12,5,4,2,10,0.416667
2024,AL,Nordeste,Animais na Pista,Manhã,2,1,0,1,2,0.5
2024,AL,Nordeste,Animais na Pista,Noite,20,8,1,7,19,0.4
2024,AL,Nordeste,Animais na Pista,Tarde,2,0,0,0,2,0.0
2024,AL,Nordeste,Ausência de reação do condutor,Madrugada,9,2,0,3,9,0.222222
2024,AL,Nordeste,Ausência de reação do condutor,Manhã,14,3,0,5,18,0.214286
2024,AL,Nordeste,Ausência de reação do condutor,Noite,16,7,2,7,18,0.4375
2024,AL,Nordeste,Ausência de reação do condutor,Tarde,13,4,2,2,13,0.307692
2024,AL,Nordeste,Ausência de sinalização,Noite,1,0,0,0,0,0.0
2024,AL,Nordeste,Avarias e/ou desgaste excessivo no pneu,Madrugada,2,1,0,1,3,0.5
2024,AL,Nordeste,Avarias e/ou desgaste excessivo no pneu,Manhã,2,0,0,0,2,0.0
2024,AL,Nordeste,Avarias e/ou desgaste excessivo no pneu,Noite,2,1,1,0,3,0.5
2024,AL,Nordeste,Avarias e/ou desgaste excessivo no pneu,Tarde,4,2,0,2,6,0.5
2024,AL,Nordeste,Carga excessiva e/ou mal acondicionada,Manhã,4,2,0,2,2,0.5
2024,AL,Nordeste,Carga excessiva e/ou mal acondicionada,Noite,2,0,0,0,0,0.0
2024,AL,Nordeste,Carga excessiva e/ou mal acondicionada,Tarde,2,1,0,1,1,0.5
2024,AL,Nordeste,Chuva,Manhã,5,0,0,0,6,0.0
2024,AL,Nordeste,Chuva,Noite,2,1,0,1,2,0.5
2024,AL,Nordeste,Chuva,Tarde,5,1,0,1,5,0.2
2024,AL,Nordeste,Condutor Dormindo,Madrugada,13,6,6,4,23,0.461538
2024,AL,Nordeste,Condutor Dormindo,Manhã,10,4,3,3,13,0.4
2024,AL,Nordeste,Condutor Dormindo,Noite,7,4,2,3,10,0.571429
2024,AL,Nordeste,Condutor Dormindo,Tarde,11,2,1,1,18,0.181818
2024,AL,Nordeste,Condutor deixou de manter distância do veículo da frente,Madrugada,3,2,0,2,3,0.666667
2024,AL,Nordeste,Condutor deixou de manter distância do veículo da frente,Manhã,11,0,0,0,9,0.0
2024,AL,Nordeste,Condutor deixou de manter distância do veículo da frente,Noite,10,5,1,5,14,0.5
2024,AL,Nordeste,Condutor deixou de manter distância do veículo da frente,Tarde,11,3,0,3,16,0.272727
2024,AL,Nordeste,Condutor usando celular,Madrugada,1,0,0,0,1,0.0
2024,AL,Nordeste,Conversão proibida,Madrugada,2,2,0,2,2,1.0
2024,AL,Nordeste,Conversão proibida,Manhã,6,3,0,4,8,0.5
2024,AL,Nordeste,Conversão proibida,Noite,4,1,0,1,4,0.25
2024,AL,Nordeste,Conversão proibida,Tarde,3,0,0,0,4,0.0
2024,AL,Nordeste,Curva acentuada,Madrugada,1,0,0,0,0,0.0
2024,AL,Nordeste,Curva acentuada,Noite,1,0,0,0,1,0.0
2024,AL,Nordeste,Declive acentuado,Madrugada,1,1,0,1,1,1.0
2024,AL,Nordeste,Declive acentuado,Manhã,1,0,0,0,0,0.0
2024,AL,Nordeste,Deficiência do Sistema de Iluminação/Sinalização,Madrugada,1,1,1,0,1,1.0
2024,AL,Nordeste,Deficiência do Sistema de Iluminação/Sinalização,Noite,3,2,1,1,6,0.666667
2024,AL,Nordeste,Deficiência do Sistema de Iluminação/Sinalização,Tarde,1,0,0,0,1,0.0
2024,AL,Nordeste,Demais Fenômenos da natureza,Manhã,2,0,0,0,1,0.0
2024,AL,Nordeste,Demais falhas mecânicas ou elétricas,Madrugada,3,0,0,0,2,0.0
2024,AL,Nordeste,Demais falhas mecânicas ou elétricas,Manhã,9,2,0,2,6,0.222222
2024,AL,Nordeste,Demais falhas mecânicas ou elétricas,Noite,8,1,0,1,2,0.125
2024,AL,Nordeste,Demais falhas mecânicas ou elétricas,Tarde,13,5,0,5,15,0.384615
2024,AL,Nordeste,Demais falhas na via,Madrugada,1,0,0,0,1,0.0
2024,AL,Nordeste,Demais falhas na via,Noite,2,1,0,1,3,0.5
2024,AL,Nordeste,Demais falhas na via,Tarde,2,1,0,1,2,0.5
2024,AL,Nordeste,Desrespeitar a preferência no cruzamento,Manhã,6,1,0,1,7,0.166667
2024,AL,Nordeste,Desrespeitar a preferência no cruzamento,Noite,1,1,0,1,1,1.0
2024,AL,Nordeste,Desrespeitar a preferência no cruzamento,Tarde,6,2,0,2,8,0.333333
2024,AL,Nordeste,Entrada inopinada do pedestre,Noite,2,2,1,1,3,1.0
2024,AL,Nordeste,Estacionar ou parar em local proibido,Madrugada,1,0,0,0,2,0.0
2024,AL,Nordeste,Falta de elemento de contenção que evite a saída do leito carroçável,Manhã,1,0,0,0,0,0.0
2024,AL,Nordeste,Falta de elemento de contenção que evite a saída do leito carroçável,Noite,1,1,0,1,1,1.0
2024,AL,Nordeste,Frear bruscamente,Noite,2,0,0,0,2,0.0
2024,AL,Nordeste,Frear bruscamente,Tarde,1,1,0,1,2,1.0
2024,AL,Nordeste,Fumaça,Tarde,1,0,0,0,1,0.0
2024,AL,Nordeste,Iluminação deficiente,Tarde,1,1,0,1,1,1.0
2024,AL,Nordeste,Ingestão de álcool pelo condutor,Madrugada,12,6,3,6,15,0.5
2024,AL,Nordeste,Ingestão de álcool pelo condutor,Manhã,5,3,2,2,5,0.6
2024,AL,Nordeste,Ingestão de álcool pelo condutor,Noite,27,10,2,10,23,0.37037
2024,AL,Nordeste,Ingestão de álcool pelo condutor,Tarde,11,3,0,3,10,0.272727
2024,AL,Nordeste,Mal súbito do condutor,Manhã,1,1,0,1,1,1.0
2024,AL,Nordeste,Mal súbito do condutor,Tarde,3,1,0,1,4,0.333333
2024,AL,Nordeste,Manobra de mudança de faixa,Madrugada,1,1,1,0,1,1.0
2024,AL,Nordeste,Manobra de mudança de faixa,Manhã,10,7,3,6,17,0.7
2024,AL,Nordeste,Manobra de mudança de faixa,Noite,10,5,2,15,30,0.5
2024,AL,Nordeste,Manobra de mudança de faixa,Tarde,5,2,0,3,7,0.4
2024,AL,Nordeste,Modificação proibida,Madrugada,1,0,0,0,1,0.0
2024,AL,Nordeste,Objeto estático sobre o leito carroçável,Manhã,2,1,0,1,4,0.5
2024,AL,Nordeste,Objeto estático sobre o leito carroçável,Noite,1,0,0,0,1,0.0
2024,AL,Nordeste,Objeto estático sobre o leito carroçável,Tarde,2,1,0,2,4,0.5
2024,AL,Nordeste,Pedestre - Ingestão de álcool/ substâncias psicoativas,Noite,1,1,1,0,1,1.0
2024,AL,Nordeste,Pedestre - Ingestão de álcool/ substâncias psicoativas,Tarde,1,1,0,1,1,1.0
2024,AL,Nordeste,Pedestre andava na pista,Madrugada,1,1,1,0,1,1.0
2024,AL,Nordeste,Pedestre andava na pista,Noite,6,6,2,4,6,1.0
2024,AL,Nordeste,Pedestre andava na pista,Tarde,2,2,0,2,2,1.0
2024,AL,Nordeste,Pedestre cruzava a pista fora da faixa,Manhã,2,2,1,1,2,1.0
2024,AL,Nordeste,Pedestre cruzava a pista fora da faixa,Noite,1,0,0,0,1,0.0
2024,AL,Nordeste,Pedestre cruzava a pista fora da faixa,Tarde,2,2,1,1,2,1.0
2024,AL,Nordeste,Pista Escorregadia,Manhã,1,1,1,0,3,1.0
2024,AL,Nordeste,Pista esburacada,Manhã,1,0,0,0,1,0.0
2024,AL,Nordeste,Pista esburacada,Tarde,1,0,0,0,2,0.0
2024,AL,Nordeste,Problema com o freio,Madrugada,2,0,0,0,2,0.0
2024,AL,Nordeste,Problema com o freio,Manhã,3,0,0,0,2,0.0
2024,AL,Nordeste,Problema com o freio,Noite,2,1,0,1,1,0.5
2024,AL,Nordeste,Reação tardia ou ineficiente do condutor,Madrugada,4,1,1,1,5,0.25
2024,AL,Nordeste,Reação tardia ou ineficiente do condutor,Manhã,15,5,1,4,12,0.333333
2024,AL,Nordeste,Reação tardia ou ineficiente do condutor,Noite,11,5,1,4,12,0.454545
2024,AL,Nordeste,Reação tardia ou ineficiente do condutor,Tarde,18,4,1,3,20,0.222222
2024,AL,Nordeste,Restrição de visibilidade em curvas verticais,Manhã,1,0,0,0,1,0.0
2024,AL,Nordeste,Retorno proibido,Manhã,3,1,0,2,6,0.333333
2024,AL,Nordeste,Retorno proibido,Noite,2,2,1,1,2,1.0
2024,AL,Nordeste,Retorno proibido,Tarde,2,1,0,1,2,0.5
2024,AL,Nordeste,Sinalização encoberta,Manhã,1,0,0,0,1,0.0
2024,AL,Nordeste,Sinalização mal posicionada,Madrugada,1,0,0,0,1,0.0
2024,AL,Nordeste,Sinalização mal posicionada,Manhã,1,0,0,0,0,0.0
2024,AL,Nordeste,Sinalização mal posicionada,Noite,1,0,0,0,1,0.0
2024,AL,Nordeste,Suicídio (presumido),Manhã,3,2,1,1,3,0.666667
2024,AL,Nordeste,Suicídio (presumido),Noite,1,1,0,1,1,1.0
2024,AL,Nordeste,Transitar na contramão,Madrugada,4,4,4,4,10,1.0
2024,AL,Nordeste,Transitar na contramão,Manhã,7,1,0,1,10,0.142857
2024,AL,Nordeste,Transitar na contramão,Noite,14,12,6,14,25,0.857143
2024,AL,Nordeste,Transitar na contramão,Tarde,1,1,1,2,3,1.0
2024,AL,Nordeste,Transitar no acostamento,Tarde,2,1,0,1,4,0.5
2024,AL,Nordeste,Ultrapassagem Indevida,Madrugada,2,2,2,2,4,1.0
2024,AL,Nordeste,Ultrapassagem Indevida,Manhã,11,3,1,4,22,0.272727
2024,AL,Nordeste,Ultrapassagem Indevida,Noite,4,3,1,4,7,0.75
2024,AL,Nordeste,Ultrapassagem Indevida,Tarde,9,6,2,5,14,0.666667
2024,AL,Nordeste,Velocidade Incompatível,Madrugada,7,2,1,1,3,0.285714
2024,AL,Nordeste,Velocidade Incompatível,Manhã,18,7,3,5,20,0.388889
2024,AL,Nordeste,Velocidade Incompatível,Noite,25,12,6,9,30,0.48
2024,AL,Nordeste,Velocidade Incompatível,Tarde,27,10,3,9,33,0.37037
2024,AL,Nordeste,Área urbana sem a presença de local apropriado para a travessia de pedestres,Manhã,1,0,0,0,1,0.0
2024,AL,Nordeste,Área urbana sem a presença de local apropriado para a travessia de pedestres,Noite,1,1,1,0,1,1.0
2024,AM,Norte,Acessar a via sem observar a presença dos outros veículos,Manhã,2,2,1,1,2,1.0
2024,AM,Norte,Acessar a via sem observar a presença dos outros veículos,Noite,2,2,1,1,3,1.0
2024,AM,Norte,Acessar a via sem observar a presença dos outros veículos,Tarde,5,2,1,1,5,0.4
2024,AM,Norte,Acesso irregular,Noite,2,0,0,0,2,0.0
2024,AM,Norte,Acumulo de areia ou detritos sobre o pavimento,Manhã,2,1,0,1,4,0.5
2024,AM,Norte,Acumulo de areia ou detritos sobre o pavimento,Tarde,3,0,0,0,0,0.0
2024,AM,Norte,Acumulo de água sobre o pavimento,Manhã,2,0,0,0,1,0.0
2024,AM,Norte,Afundamento ou ondulação no pavimento,Madrugada,1,0,0,0,20,0.0
2024,AM,Norte,Afundamento ou ondulação no pavimento,Noite,1,0,0,0,24,0.0
2024,AM,Norte,Animais na Pista,Noite,1,0,0,0,2,0.0
2024,AM,Norte,Animais na Pista,Tarde,1,1,0,1,1,1.0
2024,AM,Norte,Ausência de reação do condutor,Madrugada,3,2,2,0,5,0.666667
2024,AM,Norte,Ausência de reação do condutor,Manhã,5,1,0,1,4,0.2
2024,AM,Norte,Ausência de reação do condutor,Noite,6,2,0,3,9,0.333333
2024,AM,Norte,Ausência de reação do condutor,Tarde,7,1,0,1,8,0.142857
2024,AM,Norte,Ausência de sinalização,Madrugada,1,0,0,0,4,0.0
2024,AM,Norte,Carga excessiva e/ou mal acondicionada,Manhã,4,0,0,0,3,0.0
2024,AM,Norte,Condutor Dormindo,Madrugada,1,0,0,0,1,0.0
2024,AM,Norte,Condutor Dormindo,Manhã,3,0,0,0,1,0.0
2024,AM,Norte,Condutor Dormindo,Noite,2,1,0,1,1,0.5
2024,AM,Norte,Condutor Dormindo,Tarde,3,2,1,1,7,0.666667
2024,AM,Norte,Condutor deixou de manter distância do veículo da frente,Tarde,4,1,0,1,5,0.25
2024,AM,Norte,Conversão proibida,Manhã,1,1,0,1,3,1.0
2024,AM,Norte,Conversão proibida,Noite,1,0,0,0,0,0.0
2024,AM,Norte,Demais falhas mecânicas ou elétricas,Madrugada,1,0,0,0,0,0.0
2024,AM,Norte,Demais falhas mecânicas ou elétricas,Manhã,4,0,0,0,1,0.0
2024,AM,Norte,Demais falhas mecânicas ou elétricas,Noite,2,0,0,0,1,0.0
2024,AM,Norte,Demais falhas mecânicas ou elétricas,Tarde,8,2,0,2,7,0.25
2024,AM,Norte,Demais falhas na via,Manhã,1,0,0,0,3,0.0
2024,AM,Norte,Demais falhas na via,Tarde,2,1,2,0,6,0.5
2024,AM,Norte,Desrespeitar a preferência no cruzamento,Tarde,1,1,0,1,1,1.0
2024,AM,Norte,Entrada inopinada do pedestre,Noite,4,2,1,1,6,0.5
2024,AM,Norte,Estacionar ou parar em local proibido,Madrugada,1,0,0,0,3,0.0
2024,AM,Norte,Estacionar ou parar em local proibido,Tarde,1,0,0,0,27,0.0
2024,AM,Norte,Falta de elemento de contenção que evite a saída do leito carroçável,Tarde,1,0,0,0,1,0.0
2024,AM,Norte,Fumaça,Tarde,2,1,0,1,3,0.5
2024,AM,Norte,Ingestão de álcool pelo condutor,Madrugada,1,0,0,0,0,0.0
2024,AM,Norte,Ingestão de álcool pelo condutor,Manhã,2,0,0,0,1,0.0
2024,AM,Norte,Ingestão de álcool pelo condutor,Noite,3,0,0,0,2,0.0
2024,AM,Norte,Ingestão de álcool pelo condutor,Tarde,2,1,0,1,4,0.5
2024,AM,Norte,Mal súbito do condutor,Tarde,1,1,1,0,1,1.0
2024,AM,Norte,Manobra de mudança de faixa,Manhã,1,1,0,1,2,1.0
2024,AM,Norte,Manobra de mudança de faixa,Noite,2,1,0,1,2,0.5
2024,AM,Norte,Manobra de mudança de faixa,Tarde,2,0,0,0,2,0.0
2024,AM,Norte,Objeto estático sobre o leito carroçável,Manhã,1,0,0,0,0,0.0
2024,AM,Norte,Objeto estático sobre o leito carroçável,Noite,1,0,0,0,1,0.0
2024,AM,Norte,Participar de racha,Tarde,1,1,1,0,1,1.0
2024,AM,Norte,Pedestre andava na pista,Noite,3,3,0,3,4,1.0
2024,AM,Norte,Pedestre cruzava a pista fora da faixa,Tarde,1,1,0,1,2,1.0
2024,AM,Norte,Pista Escorregadia,Madrugada,3,1,0,3,9,0.333333
2024,AM,Norte,Pista Escorregadia,Noite,3,0,0,0,2,0.0
2024,AM,Norte,Pista Escorregadia,Tarde,1,0,0,0,1,0.0
2024,AM,Norte,Pista esburacada,Madrugada,1,0,0,0,0,0.0
2024,AM,Norte,Pista esburacada,Manhã,1,0,0,0,1,0.0
2024,AM,Norte,Pista esburacada,Noite,1,0,0,0,1,0.0
2024,AM,Norte,Pista esburacada,Tarde,2,0,0,0,2,0.0
2024,AM,Norte,Problema com o freio,Manhã,1,0,0,0,1,0.0
2024,AM,Norte,Problema com o freio,Tarde,2,0,0,0,0,0.0
2024,AM,Norte,Reação tardia ou ineficiente do condutor,Madrugada,4,3,3,2,6,0.75
2024,AM,Norte,Reação tardia ou ineficiente do condutor,Manhã,9,2,0,8,23,0.222222
2024,AM,Norte,Reação tardia ou ineficiente do condutor,Noite,7,2,2,1,4,0.285714
2024,AM,Norte,Reação tardia ou ineficiente do condutor,Tarde,9,5,3,4,13,0.555556
2024,AM,Norte,Retorno proibido,Manhã,1,1,0,1,2,1.0
2024,AM,Norte,Retorno proibido,Noite,1,0,0,0,1,0.0
2024,AM,Norte,Transitar na contramão,Madrugada,3,3,2,3,5,1.0
2024,AM,Norte,Transitar na contramão,Manhã,1,1,1,0,1,1.0
2024,AM,Norte,Transitar na contramão,Noite,1,1,1,0,1,1.0
2024,AM,Norte,Transitar na contramão,Tarde,1,1,2,0,2,1.0
2024,AM,Norte,Ultrapassagem Indevida,Madrugada,1,0,0,0,1,0.0
2024,AM,Norte,Ultrapassagem Indevida,Manhã,1,1,1,2,6,1.0
2024,AM,Norte,Ultrapassagem Indevida,Noite,1,0,0,0,0,0.0
2024,AM,Norte,Ultrapassagem Indevida,Tarde,1,0,0,0,1,0.0
2024,AM,Norte,Velocidade Incompatível,Tarde,1,0,0,0,0,0.0
2024,AP,Norte,Acessar a via sem observar a presença dos outros veículos,Madrugada,1,0,0,0,6,0.0
2024,AP,Norte,Acessar a via sem observar a presença dos outros veículos,Manhã,5,3,1,3,7,0.6
2024,AP,Norte,Acessar a via sem observar a presença dos outros veículos,Noite,7,2,0,2,9,0.285714
2024,AP,Norte,Acessar a via sem observar a presença dos outros veículos,Tarde,10,5,0,5,12,0.5
2024,AP,Norte,Acesso irregular,Manhã,3,1,0,1,2,0.333333
2024,AP,Norte,Acesso irregular,Noite,2,1,0,1,3,0.5
2024,AP,Norte,Acesso irregular,Tarde,1,1,0,1,1,1.0
2024,AP,Norte,Acostamento em desnível,Noite,1,0,0,0,0,0.0
2024,AP,Norte,Acumulo de areia ou detritos sobre o pavimento,Tarde,2,1,1,0,4,0.5
2024,AP,Norte,Acumulo de água sobre o pavimento,Madrugada,1,0,0,0,1,0.0
2024,AP,Norte,Acumulo de água sobre o pavimento,Manhã,1,0,0,0,1,0.0
2024,AP,Norte,Acumulo de água sobre o pavimento,Tarde,1,1,0,2,4,1.0
2024,AP,Norte,Animais na Pista,Noite,1,0,0,0,1,0.0
2024,AP,Norte,Ausência de reação do condutor,Madrugada,3,1,0,1,1,0.333333
2024,AP,Norte,Ausência de reação do condutor,Manhã,7,0,0,0,4,0.0
2024,AP,Norte,Ausência de reação do condutor,Noite,7,1,0,2,7,0.142857
2024,AP,Norte,Ausência de reação do condutor,Tarde,3,1,0,2,4,0.333333
2024,AP,Norte,Ausência de sinalização,Noite,1,1,0,1,1,1.0
2024,AP,Norte,Avarias e/ou desgaste excessivo no pneu,Manhã,1,0,0,0,2,0.0
2024,AP,Norte,Avarias e/ou desgaste excessivo no pneu,Noite,1,0,0,0,2,0.0
2024,AP,Norte,Chuva,Noite,1,0,0,0,0,0.0
2024,AP,Norte,Condutor Dormindo,Madrugada,2,1,0,1,2,0.5
2024,AP,Norte,Condutor deixou de manter distância do veículo da frente,Manhã,4,0,0,0,3,0.0
2024,AP,Norte,Condutor deixou de manter distância do veículo da frente,Tarde,5,2,1,5,8,0.4
2024,AP,Norte,Conversão proibida,Madrugada,1,0,0,0,1,0.0
2024,AP,Norte,Conversão proibida,Manhã,1,1,0,1,1,1.0
2024,AP,Norte,Deficiência do Sistema de Iluminação/Sinalização,Noite,2,0,0,0,1,0.0
2024,AP,Norte,Demais falhas mecânicas ou elétricas,Madrugada,1,1,0,1,2,1.0
2024,AP,Norte,Demais falhas mecânicas ou elétricas,Manhã,1,0,0,0,0,0.0
2024,AP,Norte,Demais falhas mecânicas ou elétricas,Noite,1,0,0,0,0,0.0
2024,AP,Norte,Demais falhas mecânicas ou elétricas,Tarde,2,0,0,0,1,0.0
2024,AP,Norte,Demais falhas na via,Manhã,1,0,0,0,1,0.0
2024,AP,Norte,Demais falhas na via,Noite,1,1,0,1,1,1.0
2024,AP,Norte,Demais falhas na via,Tarde,1,0,0,0,1,0.0
2024,AP,Norte,Desrespeitar a preferência no cruzamento,Manhã,1,0,0,0,1,0.0
2024,AP,Norte,Desrespeitar a preferência no cruzamento,Noite,1,0,0,0,0,0.0
2024,AP,Norte,Entrada inopinada do pedestre,Noite,1,1,0,2,2,1.0
2024,AP,Norte,Entrada inopinada do pedestre,Tarde,1,1,0,1,2,1.0
2024,AP,Norte,Estacionar ou parar em local proibido,Noite,2,0,0,0,1,0.0
2024,AP,Norte,Frear bruscamente,Tarde,1,0,0,0,2,0.0
2024,AP,Norte,Fumaça,Noite,1,0,0,0,2,0.0
2024,AP,Norte,Iluminação deficiente,Noite,1,1,0,1,1,1.0
2024,AP,Norte,Ingestão de álcool pelo condutor,Madrugada,1,0,0,0,1,0.0
2024,AP,Norte,Ingestão de álcool pelo condutor,Manhã,1,0,0,0,0,0.0
2024,AP,Norte,Ingestão de álcool pelo condutor,Noite,3,0,0,0,3,0.0
2024,AP,Norte,Ingestão de álcool pelo condutor,Tarde,2,0,0,0,1,0.0
2024,AP,Norte,Manobra de mudança de faixa,Manhã,3,1,0,1,4,0.333333
2024,AP,Norte,Manobra de mudança de faixa,Noite,2,0,0,0,2,0.0
2024,AP,Norte,Manobra de mudança de faixa,Tarde,1,1,0,2,2,1.0
2024,AP,Norte,Pedestre - Ingestão de álcool/ substâncias psicoativas,Madrugada,1,1,1,0,1,1.0
2024,AP,Norte,Pedestre andava na pista,Noite,4,3,2,1,4,0.75
2024,AP,Norte,Pista Escorregadia,Manhã,2,0,0,0,2,0.0
2024,AP,Norte,Pista Escorregadia,Noite,1,0,0,0,0,0.0
2024,AP,Norte,Pista Escorregadia,Tarde,4,0,0,0,1,0.0
2024,AP,Norte,Reação tardia ou ineficiente do condutor,Madrugada,4,0,0,0,2,0.0
2024,AP,Norte,Reação tardia ou ineficiente do condutor,Manhã,4,1,1,2,7,0.25
2024,AP,Norte,Reação tardia ou ineficiente do condutor,Noite,5,2,0,3,7,0.4
2024,AP,Norte,Reação tardia ou ineficiente do condutor,Tarde,3,2,0,3,9,0.666667
2024,AP,Norte,Retorno proibido,Manhã,1,0,0,0,1,0.0
2024,AP,Norte,Transitar na calçada,Tarde,1,0,0,0,0,0.0
2024,AP,Norte,Transitar na contramão,Madrugada,4,2,1,1,7,0.5
2024,AP,Norte,Transitar na contramão,Manhã,2,1,0,1,2,0.5
2024,AP,Norte,Transitar na contramão,Noite,6,3,0,3,11,0.5
2024,AP,Norte,Transitar na contramão,Tarde,3,1,2,0,7,0.333333
2024,AP,Norte,Transitar no acostamento,Manhã,1,0,0,0,1,0.0
2024,AP,Norte,Ultrapassagem Indevida,Manhã,2,1,0,1,2,0.5
2024,AP,Norte,Ultrapassagem Indevida,Tarde,2,0,0,0,2,0.0
2024,AP,Norte,Velocidade Incompatível,Manhã,2,1,1,0,2,0.5
2024,AP,Norte,Velocidade Incompatível,Noite,1,0,0,0,1,0.0
2024,AP,Norte,Velocidade Incompatível,Tarde,1,0,0,0,0,0.0
2024,BA,Nordeste,Acessar a via sem observar a presença dos outros veículos,Madrugada,12,8,4,6,23,0.666667
2024,BA,Nordeste,Acessar a via sem observar a presença dos outros veículos,Manhã,116,41,4,47,156,0.353448
2024,BA,Nordeste,Acessar a via sem observar a presença dos outros veículos,Noite,120,50,16,40,162,0.416667
2024,BA,Nordeste,Acessar a via sem observar a presença dos outros veículos,Tarde,173,70,13,66,221,0.404624
2024,BA,Nordeste,Acesso irregular,Madrugada,6,2,0,2,4,0.333333
2024,BA,Nordeste,Acesso irregular,Manhã,24,9,1,10,34,0.375
2024,BA,Nordeste,Acesso irregular,Noite,15,8,1,9,22,0.533333
2024,BA,Nordeste,Acesso irregular,Tarde,19,8,4,5,31,0.421053
2024,BA,Nordeste,Acostamento em desnível,Madrugada,1,0,0,0,0,0.0
2024,BA,Nordeste,Acostamento em desnível,Manhã,7,3,2,4,17,0.428571
2024,BA,Nordeste,Acostamento em desnível,Noite,3,0,0,0,3,0.0
2024,BA,Nordeste,Acostamento em desnível,Tarde,4,1,0,1,5,0.25
2024,BA,Nordeste,Acumulo de areia ou detritos sobre o pavimento,Madrugada,1,1,0,1,1,1.0
2024,BA,Nordeste,Acumulo de areia ou detritos sobre o pavimento,Manhã,3,0,0,0,3,0.0
2024,BA,Nordeste,Acumulo de areia ou detritos sobre o pavimento,Noite,4,0,0,0,5,0.0
2024,BA,Nordeste,Acumulo de areia ou detritos sobre o pavimento,Tarde,2,0,0,0,2,0.0
2024,BA,Nordeste,Acumulo de água sobre o pavimento,Madrugada,2,0,0,0,1,0.0
2024,BA,Nordeste,Acumulo de água sobre o pavimento,Manhã,8,4,3,3,17,0.5
2024,BA,Nordeste,Acumulo de água sobre o pavimento,Noite,4,2,0,2,8,0.5
2024,BA,Nordeste,Acumulo de água sobre o pavimento,Tarde,9,3,1,6,14,0.333333
2024,BA,Nordeste,Acumulo de óleo sobre o pavimento,Manhã,2,1,0,3,4,0.5
2024,BA,Nordeste,Acumulo de óleo sobre o pavimento,Tarde,1,0,0,0,2,0.0
2024,BA,Nordeste,Afundamento ou ondulação no pavimento,Noite,2,0,0,0,2,0.0
2024,BA,Nordeste,Animais na Pista,Madrugada,31,10,2,11,42,0.322581
2024,BA,Nordeste,Animais na Pista,Manhã,7,2,0,2,10,0.285714
2024,BA,Nordeste,Animais na Pista,Noite,51,12,3,13,63,0.235294
2024,BA,Nordeste,Animais na Pista,Tarde,15,2,0,2,15,0.133333
2024,BA,Nordeste,Ausência de reação do condutor,Madrugada,84,38,16,33,110,0.452381
2024,BA,Nordeste,Ausência de reação do condutor,Manhã,123,35,13,32,146,0.284553
2024,BA,Nordeste,Ausência de reação do condutor,Noite,106,44,13,38,136,0.415094
2024,BA,Nordeste,Ausência de reação do condutor,Tarde,103,22,6,17,125,0.213592
2024,BA,Nordeste,Ausência de sinalização,Madrugada,3,2,1,1,3,0.666667
2024,BA,Nordeste,Ausência de sinalização,Manhã,3,1,0,1,3,0.333333
2024,BA,Nordeste,Ausência de sinalização,Noite,9,5,0,6,16,0.555556
2024,BA,Nordeste,Avarias e/ou desgaste excessivo no pneu,Madrugada,7,1,0,1,8,0.142857
2024,BA,Nordeste,Avarias e/ou desgaste excessivo no pneu,Manhã,23,3,0,5,39,0.130435
2024,BA,Nordeste,Avarias e/ou desgaste excessivo no pneu,Noite,7,4,0,4,11,0.571429
2024,BA,Nordeste,Avarias e/ou desgaste excessivo no pneu,Tarde,26,6,2,11,41,0.230769
2024,BA,Nordeste,Carga excessiva e/ou mal acondicionada,Madrugada,1,0,0,0,0,0.0
2024,BA,Nordeste,Carga excessiva e/ou mal acondicionada,Manhã,8,0,0,0,6,0.0
2024,BA,Nordeste,Carga excessiva e/ou mal acondicionada,Noite,3,1,0,2,2,0.333333
2024,BA,Nordeste,Carga excessiva e/ou mal acondicionada,Tarde,10,0,0,0,7,0.0
2024,BA,Nordeste,Chuva,Madrugada,6,2,1,1,7,0.333333
2024,BA,Nordeste,Chuva,Manhã,15,4,1,3,17,0.266667
2024,BA,Nordeste,Chuva,Noite,14,5,3,4,24,0.357143
2024,BA,Nordeste,Chuva,Tarde,23,7,6,5,30,0.304348
2024,BA,Nordeste,Condutor Dormindo,Madrugada,45,19,18,19,83,0.422222
2024,BA,Nordeste,Condutor Dormindo,Manhã,33,14,13,15,54,0.424242
2024,BA,Nordeste,Condutor Dormindo,Noite,25,8,10,4,35,0.32
2024,BA,Nordeste,Condutor Dormindo,Tarde,32,10,3,10,51,0.3125
2024,BA,Nordeste,Condutor deixou de manter distância do veículo da frente,Madrugada,15,1,1,0,27,0.066667
2024,BA,Nordeste,Condutor deixou de manter distância do veículo da frente,Manhã,134,14,1,14,175,0.104478
2024,BA,Nordeste,Condutor deixou de manter distância do veículo da frente,Noite,48,10,2,9,51,0.208333
2024,BA,Nordeste,Condutor deixou de manter distância do veículo da frente,Tarde,104,18,0,19,120,0.173077
2024,BA,Nordeste,Condutor desrespeitou a iluminação vermelha do semáforo,Manhã,1,0,0,0,1,0.0
2024,BA,Nordeste,Condutor desrespeitou a iluminação vermelha do semáforo,Noite,2,0,0,0,2,0.0
2024,BA,Nordeste,Condutor desrespeitou a iluminação vermelha do semáforo,Tarde,2,0,0,0,1,0.0
2024,BA,Nordeste,Condutor usando celular,Tarde,3,2,0,2,3,0.666667
2024,BA,Nordeste,Conversão proibida,Madrugada,1,1,0,2,2,1.0
2024,BA,Nordeste,Conversão proibida,Manhã,20,9,1,12,30,0.45
2024,BA,Nordeste,Conversão proibida,Noite,19,10,2,12,28,0.526316
2024,BA,Nordeste,Conversão proibida,Tarde,36,8,2,10,55,0.222222
2024,BA,Nordeste,Curva acentuada,Madrugada,6,2,0,2,7,0.333333
2024,BA,Nordeste,Curva acentuada,Manhã,8,5,1,5,11,0.625
2024,BA,Nordeste,Curva acentuada,Noite,3,1,4,1,8,0.333333
2024,BA,Nordeste,Curva acentuada,Tarde,8,2,1,1,10,0.25
2024,BA,Nordeste,Declive acentuado,Manhã,2,0,0,0,2,0.0
2024,BA,Nordeste,Deficiência do Sistema de Iluminação/Sinalização,Madrugada,2,1,1,0,1,0.5
2024,BA,Nordeste,Deficiência do Sistema de Iluminação/Sinalização,Manhã,2,0,0,0,2,0.0
2024,BA,Nordeste,Deficiência do Sistema de Iluminação/Sinalização,Noite,16,8,1,8,28,0.5
2024,BA,Nordeste,Deficiência do Sistema de Iluminação/Sinalização,Tarde,1,0,0,0,2,0.0
2024,BA,Nordeste,Deixar de acionar o farol da motocicleta (ou similar),Noite,2,0,0,0,0,0.0
2024,BA,Nordeste,Deixar de acionar o farol da motocicleta (ou similar),Tarde,2,1,0,1,2,0.5
2024,BA,Nordeste,Demais Fenômenos da natureza,Manhã,1,0,0,0,1,0.0
2024,BA,Nordeste,Demais Fenômenos da natureza,Tarde,5,0,0,0,3,0.0
2024,BA,Nordeste,Demais falhas mecânicas ou elétricas,Madrugada,24,1,1,0,7,0.041667
2024,BA,Nordeste,Demais falhas mecânicas ou elétricas,Manhã,64,7,3,8,47,0.109375
2024,BA,Nordeste,Demais falhas mecânicas ou elétricas,Noite,49,7,1,7,35,0.142857
2024,BA,Nordeste,Demais falhas mecânicas ou elétricas,Tarde,81,13,7,12,70,0.160494
2024,BA,Nordeste,Demais falhas na via,Madrugada,4,1,1,0,7,0.25
2024,BA,Nordeste,Demais falhas na via,Manhã,1,0,0,0,1,0.0
2024,BA,Nordeste,Demais falhas na via,Noite,5,1,0,1,6,0.2
2024,BA,Nordeste,Demais falhas na via,Tarde,6,3,1,5,11,0.5
2024,BA,Nordeste,Desrespeitar a preferência no cruzamento,Madrugada,3,3,1,3,5,1.0
2024,BA,Nordeste,Desrespeitar a preferência no cruzamento,Manhã,23,8,0,9,29,0.347826
2024,BA,Nordeste,Desrespeitar a preferência no cruzamento,Noite,15,3,0,3,18,0.2
2024,BA,Nordeste,Desrespeitar a preferência no cruzamento,Tarde,34,10,0,12,44,0.294118
2024,BA,Nordeste,Desvio temporário,Manhã,1,1,0,1,1,1.0
2024,BA,Nordeste,Entrada inopinada do pedestre,Madrugada,6,5,3,2,6,0.833333
2024,BA,Nordeste,Entrada inopinada do pedestre,Manhã,9,6,2,4,11,0.666667
2024,BA,Nordeste,Entrada inopinada do pedestre,Noite,20,17,7,12,24,0.85
2024,BA,Nordeste,Entrada inopinada do pedestre,Tarde,9,6,1,5,9,0.666667
2024,BA,Nordeste,Estacionar ou parar em local proibido,Manhã,1,0,0,0,2,0.0
2024,BA,Nordeste,Estacionar ou parar em local proibido,Noite,4,3,1,4,6,0.75
2024,BA,Nordeste,Estacionar ou parar em local proibido,Tarde,1,1,1,0,1,1.0
2024,BA,Nordeste,Faixas de trânsito com largura insuficiente,Tarde,1,0,0,0,0,0.0
2024,BA,Nordeste,Falta de acostamento,Madrugada,2,0,0,0,3,0.0
2024,BA,Nordeste,Falta de acostamento,Noite,1,1,0,1,1,1.0
2024,BA,Nordeste,Falta de acostamento,Tarde,3,0,0,0,3,0.0
2024,BA,Nordeste,Falta de elemento de contenção que evite a saída do leito carroçável,Manhã,1,0,0,0,0,0.0
2024,BA,Nordeste,Falta de elemento de contenção que evite a saída do leito carroçável,Noite,1,0,0,0,1,0.0
2024,BA,Nordeste,Falta de elemento de contenção que evite a saída do leito carroçável,Tarde,3,0,0,0,4,0.0
2024,BA,Nordeste,Faróis desregulados,Noite,1,1,0,1,2,1.0
2024,BA,Nordeste,Frear bruscamente,Manhã,10,3,3,3,13,0.3
2024,BA,Nordeste,Frear bruscamente,Noite,4,3,1,2,3,0.75
2024,BA,Nordeste,Frear bruscamente,Tarde,7,1,0,1,5,0.142857
2024,BA,Nordeste,Fumaça,Manhã,1,0,0,0,0,0.0
2024,BA,Nordeste,Fumaça,Noite,1,0,0,0,0,0.0
2024,BA,Nordeste,Iluminação deficiente,Madrugada,2,1,0,1,2,0.5
2024,BA,Nordeste,Iluminação deficiente,Noite,12,8,2,7,15,0.666667
2024,BA,Nordeste,Iluminação deficiente,Tarde,1,0,0,0,1,0.0
2024,BA,Nordeste,Ingestão de substâncias psicoativas pelo condutor,Madrugada,2,1,0,1,2,0.5
2024,BA,Nordeste,Ingestão de álcool pelo condutor,Madrugada,39,12,6,9,41,0.307692
2024,BA,Nordeste,Ingestão de álcool pelo condutor,Manhã,18,5,0,8,16,0.277778
2024,BA,Nordeste,Ingestão de álcool pelo condutor,Noite,102,34,8,34,111,0.333333
2024,BA,Nordeste,Ingestão de álcool pelo condutor,Tarde,42,12,2,15,44,0.285714
2024,BA,Nordeste,Mal súbito do condutor,Madrugada,3,2,0,10,18,0.666667
2024,BA,Nordeste,Mal súbito do condutor,Manhã,13,4,1,3,12,0.307692
2024,BA,Nordeste,Mal súbito do condutor,Noite,4,3,2,1,3,0.75
2024,BA,Nordeste,Mal súbito do condutor,Tarde,8,2,0,3,10,0.25
2024,BA,Nordeste,Manobra de mudança de faixa,Madrugada,20,6,4,4,39,0.3
2024,BA,Nordeste,Manobra de mudança de faixa,Manhã,74,22,7,22,105,0.297297
2024,BA,Nordeste,Manobra de mudança de faixa,Noite,51,28,16,33,103,0.54902
2024,BA,Nordeste,Manobra de mudança de faixa,Tarde,62,15,10,16,107,0.241935
2024,BA,Nordeste,Modificação proibida,Tarde,1,0,0,0,0,0.0
2024,BA,Nordeste,Neblina,Madrugada,2,0,0,0,5,0.0
2024,BA,Nordeste,Neblina,Noite,2,1,0,1,2,0.5
2024,BA,Nordeste,Objeto estático sobre o leito carroçável,Madrugada,2,2,1,1,3,1.0
2024,BA,Nordeste,Objeto estático sobre o leito carroçável,Manhã,6,3,0,3,5,0.5
2024,BA,Nordeste,Objeto estático sobre o leito carroçável,Noite,8,3,2,2,11,0.375
2024,BA,Nordeste,Objeto estático sobre o leito carroçável,Tarde,6,0,0,0,10,0.0
2024,BA,Nordeste,Participar de racha,Noite,2,2,2,1,4,1.0
2024,BA,Nordeste,Pedestre - Ingestão de álcool/ substâncias psicoativas,Manhã,1,1,0,1,1,1.0
2024,BA,Nordeste,Pedestre - Ingestão de álcool/ substâncias psicoativas,Noite,12,8,4,4,16,0.666667
2024,BA,Nordeste,Pedestre - Ingestão de álcool/ substâncias psicoativas,Tarde,5,3,1,3,6,0.6
2024,BA,Nordeste,Pedestre andava na pista,Madrugada,4,3,3,0,4,0.75
2024,BA,Nordeste,Pedestre andava na pista,Manhã,7,5,3,3,10,0.714286
2024,BA,Nordeste,Pedestre andava na pista,Noite,28,23,16,9,33,0.821429
2024,BA,Nordeste,Pedestre andava na pista,Tarde,4,0,0,0,4,0.0
2024,BA,Nordeste,Pedestre cruzava a pista fora da faixa,Madrugada,2,2,0,2,2,1.0
2024,BA,Nordeste,Pedestre cruzava a pista fora da faixa,Manhã,9,5,2,3,9,0.555556
2024,BA,Nordeste,Pedestre cruzava a pista fora da faixa,Noite,14,10,5,6,23,0.714286
2024,BA,Nordeste,Pedestre cruzava a pista fora da faixa,Tarde,4,3,0,3,4,0.75
2024,BA,Nordeste,Pista Escorregadia,Madrugada,2,1,1,0,2,0.5
2024,BA,Nordeste,Pista Escorregadia,Manhã,11,1,0,3,16,0.090909
2024,BA,Nordeste,Pista Escorregadia,Noite,9,1,0,1,11,0.111111
2024,BA,Nordeste,Pista Escorregadia,Tarde,7,4,0,4,12,0.571429
2024,BA,Nordeste,Pista esburacada,Madrugada,1,0,0,0,2,0.0
2024,BA,Nordeste,Pista esburacada,Manhã,7,2,0,3,11,0.285714
2024,BA,Nordeste,Pista esburacada,Noite,9,1,1,1,12,0.111111
2024,BA,Nordeste,Pista esburacada,Tarde,9,4,2,2,16,0.444444
2024,BA,Nordeste,Problema com o freio,Madrugada,2,0,0,0,0,0.0
2024,BA,Nordeste,Problema com o freio,Manhã,7,2,0,3,9,0.285714
2024,BA,Nordeste,Problema com o freio,Noite,6,2,0,3,7,0.333333
2024,BA,Nordeste,Problema com o freio,Tarde,9,2,1,1,13,0.222222
2024,BA,Nordeste,Problema na suspensão,Tarde,1,0,0,0,1,0.0
2024,BA,Nordeste,Reação tardia ou ineficiente do condutor,Madrugada,68,27,16,34,118,0.397059
2024,BA,Nordeste,Reação tardia ou ineficiente do condutor,Manhã,147,48,14,64,219,0.326531
2024,BA,Nordeste,Reação tardia ou ineficiente do condutor,Noite,140,57,21,58,314,0.407143
2024,BA,Nordeste,Reação tardia ou ineficiente do condutor,Tarde,173,57,11,58,245,0.32948
2024,BA,Nordeste,Restrição de visibilidade em curvas horizontais,Noite,1,0,0,0,0,0.0
2024,BA,Nordeste,Restrição de visibilidade em curvas verticais,Noite,1,1,0,1,1,1.0
2024,BA,Nordeste,Retorno proibido,Madrugada,1,0,0,0,1,0.0
2024,BA,Nordeste,Retorno proibido,Manhã,11,1,0,1,15,0.090909
2024,BA,Nordeste,Retorno proibido,Noite,7,2,1,1,8,0.285714
2024,BA,Nordeste,Retorno proibido,Tarde,12,4,0,4,13,0.333333
2024,BA,Nordeste,Sinalização mal posicionada,Noite,1,1,2,0,3,1.0
2024,BA,Nordeste,Suicídio (presumido),Madrugada,2,2,1,1,2,1.0
2024,BA,Nordeste,Suicídio (presumido),Manhã,2,1,1,0,2,0.5
2024,BA,Nordeste,Suicídio (presumido),Tarde,3,3,0,3,3,1.0
2024,BA,Nordeste,Trafegar com motocicleta (ou similar) entre as faixas,Madrugada,2,2,1,1,2,1.0
2024,BA,Nordeste,Trafegar com motocicleta (ou similar) entre as faixas,Manhã,19,4,2,3,29,0.210526
2024,BA,Nordeste,Trafegar com motocicleta (ou similar) entre as faixas,Noite,10,1,0,1,12,0.1
2024,BA,Nordeste,Trafegar com motocicleta (ou similar) entre as faixas,Tarde,15,5,2,3,21,0.333333
2024,BA,Nordeste,Transitar na contramão,Madrugada,25,15,8,10,31,0.6
2024,BA,Nordeste,Transitar na contramão,Manhã,33,29,17,25,53,0.878788
2024,BA,Nordeste,Transitar na contramão,Noite,111,67,64,66,231,0.603604
2024,BA,Nordeste,Transitar na contramão,Tarde,49,36,29,51,158,0.734694
2024,BA,Nordeste,Transitar no acostamento,Madrugada,4,3,2,3,7,0.75
2024,BA,Nordeste,Transitar no acostamento,Manhã,14,3,1,2,10,0.214286
2024,BA,Nordeste,Transitar no acostamento,Noite,6,3,2,2,8,0.5
2024,BA,Nordeste,Transitar no acostamento,Tarde,8,3,0,3,9,0.375
2024,BA,Nordeste,Transtornos Mentais (exceto suicidio),Madrugada,1,0,0,0,0,0.0
2024,BA,Nordeste,Transtornos Mentais (exceto suicidio),Noite,1,1,0,1,1,1.0
2024,BA,Nordeste,Ultrapassagem Indevida,Madrugada,15,11,4,16,31,0.733333
2024,BA,Nordeste,Ultrapassagem Indevida,Manhã,57,22,9,27,113,0.385965
2024,BA,Nordeste,Ultrapassagem Indevida,Noite,55,35,26,37,108,0.636364
2024,BA,Nordeste,Ultrapassagem Indevida,Tarde,62,33,25,39,131,0.532258
2024,BA,Nordeste,Velocidade Incompatível,Madrugada,41,15,19,28,94,0.365854
2024,BA,Nordeste,Velocidade Incompatível,Manhã,71,18,3,16,85,0.253521
2024,BA,Nordeste,Velocidade Incompatível,Noite,57,24,9,42,104,0.421053
2024,BA,Nordeste,Velocidade Incompatível,Tarde,82,37,15,39,125,0.45122
2024,BA,Nordeste,Área urbana sem a presença de local apropriado para a travessia de pedestres,Noite,2,1,1,0,3,0.5
2024,CE,Nordeste,Acessar a via sem observar a presença dos outros veículos,Madrugada,11,5,0,5,12,0.454545
2024,CE,Nordeste,Acessar a via sem observar a presença dos outros veículos,Manhã,58,27,8,25,76,0.465517
2024,CE,Nordeste,Acessar a via sem observar a presença dos outros veículos,Noite,45,25,5,21,65,0.555556
2024,CE,Nordeste,Acessar a via sem observar a presença dos outros veículos,Tarde,69,28,3,30,96,0.405797
2024,CE,Nordeste,Acesso irregular,Manhã,7,2,0,2,9,0.285714
2024,CE,Nordeste,Acesso irregular,Noite,5,1,0,1,7,0.2
2024,CE,Nordeste,Acesso irregular,Tarde,12,5,1,6,15,0.416667
2024,CE,Nordeste,Acostamento em desnível,Madrugada,1,0,0,0,1,0.0
2024,CE,Nordeste,Acumulo de areia ou detritos sobre o pavimento,Madrugada,1,0,0,0,2,0.0
2024,CE,Nordeste,Acumulo de areia ou detritos sobre o pavimento,Manhã,2,0,0,0,5,0.0
2024,CE,Nordeste,Acumulo de areia ou detritos sobre o pavimento,Tarde,1,0,0,0,1,0.0
2024,CE,Nordeste,Acumulo de água sobre o pavimento,Madrugada,2,0,0,0,7,0.0
2024,CE,Nordeste,Acumulo de água sobre o pavimento,Manhã,1,1,0,1,2,1.0
2024,CE,Nordeste,Acumulo de água sobre o pavimento,Noite,1,0,0,0,2,0.0
2024,CE,Nordeste,Acumulo de óleo sobre o pavimento,Manhã,1,0,0,0,1,0.0
2024,CE,Nordeste,Acumulo de óleo sobre o pavimento,Tarde,2,0,0,0,2,0.0
2024,CE,Nordeste,Afundamento ou ondulação no pavimento,Manhã,3,2,0,2,4,0.666667
2024,CE,Nordeste,Afundamento ou ondulação no pavimento,Tarde,2,0,0,0,3,0.0
2024,CE,Nordeste,Animais na Pista,Madrugada,6,1,0,1,5,0.166667
2024,CE,Nordeste,Animais na Pista,Manhã,7,1,0,1,8,0.142857
2024,CE,Nordeste,Animais na Pista,Noite,31,8,1,11,43,0.258065
2024,CE,Nordeste,Animais na Pista,Tarde,7,2,0,3,9,0.285714
2024,CE,Nordeste,Ausência de reação do condutor,Madrugada,21,14,12,4,21,0.666667
2024,CE,Nordeste,Ausência de reação do condutor,Manhã,46,8,0,8,51,0.173913
2024,CE,Nordeste,Ausência de reação do condutor,Noite,51,22,8,17,70,0.431373
2024,CE,Nordeste,Ausência de reação do condutor,Tarde,43,12,4,9,41,0.27907
2024,CE,Nordeste,Ausência de sinalização,Manhã,1,1,0,1,1,1.0
2024,CE,Nordeste,Ausência de sinalização,Noite,4,3,0,5,10,0.75
2024,CE,Nordeste,Ausência de sinalização,Tarde,1,0,0,0,2,0.0
2024,CE,Nordeste,Avarias e/ou desgaste excessivo no pneu,Madrugada,2,0,0,0,4,0.0
2024,CE,Nordeste,Avarias e/ou desgaste excessivo no pneu,Manhã,6,2,0,2,11,0.333333
2024,CE,Nordeste,Avarias e/ou desgaste excessivo no pneu,Noite,6,2,0,2,8,0.333333
2024,CE,Nordeste,Avarias e/ou desgaste excessivo no pneu,Tarde,9,2,0,3,11,0.222222
2024,CE,Nordeste,Carga excessiva e/ou mal acondicionada,Manhã,3,1,0,1,3,0.333333
2024,CE,Nordeste,Carga excessiva e/ou mal acondicionada,Noite,1,0,0,0,0,0.0
2024,CE,Nordeste,Carga excessiva e/ou mal acondicionada,Tarde,5,1,0,1,5,0.2
2024,CE,Nordeste,Chuva,Madrugada,2,1,1,0,1,0.5
2024,CE,Nordeste,Chuva,Manhã,3,0,0,0,4,0.0
2024,CE,Nordeste,Chuva,Noite,2,1,0,1,1,0.5
2024,CE,Nordeste,Condutor Dormindo,Madrugada,21,11,4,8,31,0.52381
2024,CE,Nordeste,Condutor Dormindo,Manhã,12,2,0,2,11,0.166667
2024,CE,Nordeste,Condutor Dormindo,Noite,3,2,1,1,4,0.666667
2024,CE,Nordeste,Condutor Dormindo,Tarde,3,1,0,1,2,0.333333
2024,CE,Nordeste,Condutor deixou de manter distância do veículo da frente,Madrugada,7,4,1,4,6,0.571429
2024,CE,Nordeste,Condutor deixou de manter distância do veículo da frente,Manhã,73,17,1,16,85,0.232877
2024,CE,Nordeste,Condutor deixou de manter distância do veículo da frente,Noite,44,13,1,14,55,0.295455
2024,CE,Nordeste,Condutor deixou de manter distância do veículo da frente,Tarde,63,11,2,11,67,0.174603
2024,CE,Nordeste,Condutor desrespeitou a iluminação vermelha do semáforo,Madrugada,5,3,0,6,8,0.6
2024,CE,Nordeste,Condutor desrespeitou a iluminação vermelha do semáforo,Manhã,4,0,0,0,5,0.0
2024,CE,Nordeste,Condutor desrespeitou a iluminação vermelha do semáforo,Noite,2,0,0,0,2,0.0
2024,CE,Nordeste,Condutor desrespeitou a iluminação vermelha do semáforo,Tarde,2,1,0,1,1,0.5
2024,CE,Nordeste,Condutor usando celular,Manhã,1,0,0,0,1,0.0
2024,CE,Nordeste,Condutor usando celular,Noite,2,0,0,0,3,0.0
2024,CE,Nordeste,Condutor usando celular,Tarde,2,1,0,2,3,0.5
2024,CE,Nordeste,Conversão proibida,Madrugada,1,0,0,0,1,0.0
2024,CE,Nordeste,Conversão proibida,Manhã,1,1,1,0,1,1.0
2024,CE,Nordeste,Conversão proibida,Noite,3,2,1,3,4,0.666667
2024,CE,Nordeste,Conversão proibida,Tarde,3,1,1,0,5,0.333333
2024,CE,Nordeste,Curva acentuada,Noite,1,1,0,1,1,1.0
2024,CE,Nordeste,Curva acentuada,Tarde,3,1,0,2,3,0.333333
2024,CE,Nordeste,Declive acentuado,Noite,1,0,0,0,0,0.0
2024,CE,Nordeste,Deficiência do Sistema de Iluminação/Sinalização,Madrugada,2,2,0,3,8,1.0
2024,CE,Nordeste,Deficiência do Sistema de Iluminação/Sinalização,Noite,7,5,5,5,13,0.714286
2024,CE,Nordeste,Demais Fenômenos da natureza,Tarde,1,0,0,0,1,0.0
2024,CE,Nordeste,Demais falhas mecânicas ou elétricas,Madrugada,5,1,0,1,6,0.2
2024,CE,Nordeste,Demais falhas mecânicas ou elétricas,Manhã,27,5,0,5,27,0.185185
2024,CE,Nordeste,Demais falhas mecânicas ou elétricas,Noite,13,0,0,0,8,0.0
2024,CE,Nordeste,Demais falhas mecânicas ou elétricas,Tarde,21,5,0,7,12,0.238095
2024,CE,Nordeste,Demais falhas na via,Manhã,1,0,0,0,1,0.0
2024,CE,Nordeste,Demais falhas na via,Noite,3,1,0,1,5,0.333333
2024,CE,Nordeste,Demais falhas na via,Tarde,4,2,0,2,6,0.5
2024,CE,Nordeste,Desrespeitar a preferência no cruzamento,Madrugada,3,2,0,2,6,0.666667
2024,CE,Nordeste,Desrespeitar a preferência no cruzamento,Manhã,6,1,0,1,6,0.166667
2024,CE,Nordeste,Desrespeitar a preferência no cruzamento,Noite,5,2,2,4,10,0.4
2024,CE,Nordeste,Desrespeitar a preferência no cruzamento,Tarde,8,5,1,4,13,0.625
2024,CE,Nordeste,Entrada inopinada do pedestre,Madrugada,1,0,0,0,3,0.0
2024,CE,Nordeste,Entrada inopinada do pedestre,Manhã,5,5,3,5,9,1.0
2024,CE,Nordeste,Entrada inopinada do pedestre,Noite,14,11,6,7,16,0.785714
2024,CE,Nordeste,Entrada inopinada do pedestre,Tarde,6,5,1,4,9,0.833333
2024,CE,Nordeste,Estacionar ou parar em local proibido,Manhã,1,0,0,0,1,0.0
2024,CE,Nordeste,Estacionar ou parar em local proibido,Tarde,2,0,0,0,1,0.0
2024,CE,Nordeste,Faixas de trânsito com largura insuficiente,Noite,1,0,0,0,2,0.0
2024,CE,Nordeste,Falta de elemento de contenção que evite a saída do leito carroçável,Noite,1,0,0,0,0,0.0
2024,CE,Nordeste,Frear bruscamente,Manhã,4,1,0,2,5,0.25
2024,CE,Nordeste,Frear bruscamente,Tarde,4,0,0,0,6,0.0
2024,CE,Nordeste,Fumaça,Tarde,1,1,0,1,4,1.0
2024,CE,Nordeste,Iluminação deficiente,Madrugada,1,1,0,1,2,1.0
2024,CE,Nordeste,Iluminação deficiente,Noite,1,1,1,0,1,1.0
2024,CE,Nordeste,Iluminação deficiente,Tarde,1,0,0,0,1,0.0
2024,CE,Nordeste,Ingestão de substâncias psicoativas pelo condutor,Madrugada,1,1,0,2,2,1.0
2024,CE,Nordeste,Ingestão de substâncias psicoativas pelo condutor,Noite,1,0,0,0,0,0.0
2024,CE,Nordeste,Ingestão de álcool pelo condutor,Madrugada,24,10,2,10,27,0.416667
2024,CE,Nordeste,Ingestão de álcool pelo condutor,Manhã,6,1,0,1,4,0.166667
2024,CE,Nordeste,Ingestão de álcool pelo condutor,Noite,34,16,6,14,36,0.470588
2024,CE,Nordeste,Ingestão de álcool pelo condutor,Tarde,16,6,1,6,17,0.375
2024,CE,Nordeste,Mal súbito do condutor,Manhã,5,4,1,3,4,0.8
2024,CE,Nordeste,Mal súbito do condutor,Noite,2,1,0,1,2,0.5
2024,CE,Nordeste,Mal súbito do condutor,Tarde,2,1,1,0,3,0.5
2024,CE,Nordeste,Manobra de mudança de faixa,Madrugada,6,3,2,2,6,0.5
2024,CE,Nordeste,Manobra de mudança de faixa,Manhã,47,14,4,13,66,0.297872
2024,CE,Nordeste,Manobra de mudança de faixa,Noite,31,13,4,13,44,0.419355
2024,CE,Nordeste,Manobra de mudança de faixa,Tarde,39,15,4,12,43,0.384615
2024,CE,Nordeste,Objeto estático sobre o leito carroçável,Madrugada,3,1,1,0,2,0.333333
2024,CE,Nordeste,Objeto estático sobre o leito carroçável,Manhã,2,1,0,1,2,0.5
2024,CE,Nordeste,Objeto estático sobre o leito carroçável,Noite,3,2,1,1,3,0.666667
2024,CE,Nordeste,Objeto estático sobre o leito carroçável,Tarde,3,1,1,0,3,0.333333
2024,CE,Nordeste,Pedestre - Ingestão de álcool/ substâncias psicoativas,Madrugada,1,1,1,1,3,1.0
2024,CE,Nordeste,Pedestre - Ingestão de álcool/ substâncias psicoativas,Noite,3,3,0,3,4,1.0
2024,CE,Nordeste,Pedestre andava na pista,Madrugada,5,4,1,4,7,0.8
2024,CE,Nordeste,Pedestre andava na pista,Manhã,1,0,0,0,1,0.0
2024,CE,Nordeste,Pedestre andava na pista,Noite,7,7,6,2,9,1.0
2024,CE,Nordeste,Pedestre cruzava a pista fora da faixa,Madrugada,3,2,1,1,3,0.666667
2024,CE,Nordeste,Pedestre cruzava a pista fora da faixa,Manhã,8,4,1,3,12,0.5
2024,CE,Nordeste,Pedestre cruzava a pista fora da faixa,Noite,20,17,9,11,33,0.85
2024,CE,Nordeste,Pedestre cruzava a pista fora da faixa,Tarde,4,2,0,4,6,0.5
2024,CE,Nordeste,Pista Escorregadia,Madrugada,1,0,0,0,1,0.0
2024,CE,Nordeste,Pista Escorregadia,Manhã,3,2,0,2,4,0.666667
2024,CE,Nordeste,Pista Escorregadia,Noite,3,1,0,1,4,0.333333
2024,CE,Nordeste,Pista esburacada,Madrugada,4,1,0,1,7,0.25
2024,CE,Nordeste,Pista esburacada,Manhã,5,1,0,1,5,0.2
2024,CE,Nordeste,Pista esburacada,Noite,6,3,2,1,8,0.5
2024,CE,Nordeste,Pista esburacada,Tarde,11,4,1,4,17,0.363636
2024,CE,Nordeste,Problema com o freio,Manhã,4,1,0,1,5,0.25
2024,CE,Nordeste,Problema com o freio,Noite,2,0,0,0,0,0.0
2024,CE,Nordeste,Problema com o freio,Tarde,1,1,0,1,2,1.0
2024,CE,Nordeste,Problema na suspensão,Tarde,2,0,0,0,3,0.0
2024,CE,Nordeste,Reação tardia ou ineficiente do condutor,Madrugada,13,4,4,3,19,0.307692
2024,CE,Nordeste,Reação tardia ou ineficiente do condutor,Manhã,37,17,5,18,54,0.459459
2024,CE,Nordeste,Reação tardia ou ineficiente do condutor,Noite,34,10,6,6,41,0.294118
2024,CE,Nordeste,Reação tardia ou ineficiente do condutor,Tarde,35,9,2,11,46,0.257143
2024,CE,Nordeste,Retorno proibido,Manhã,2,0,0,0,2,0.0
2024,CE,Nordeste,Retorno proibido,Noite,2,0,0,0,3,0.0
2024,CE,Nordeste,Sinalização mal posicionada,Manhã,1,0,0,0,1,0.0
2024,CE,Nordeste,Suicídio (presumido),Manhã,2,1,1,0,2,0.5
2024,CE,Nordeste,Suicídio (presumido),Noite,3,2,1,1,3,0.666667
2024,CE,Nordeste,Suicídio (presumido),Tarde,1,1,1,0,1,1.0
2024,CE,Nordeste,Trafegar com motocicleta (ou similar) entre as faixas,Manhã,4,2,1,1,4,0.5
2024,CE,Nordeste,Trafegar com motocicleta (ou similar) entre as faixas,Noite,2,1,0,1,2,0.5
2024,CE,Nordeste,Trafegar com motocicleta (ou similar) entre as faixas,Tarde,5,3,0,3,8,0.6
2024,CE,Nordeste,Transitar na contramão,Madrugada,12,8,7,6,30,0.666667
2024,CE,Nordeste,Transitar na contramão,Manhã,9,8,3,10,20,0.888889
2024,CE,Nordeste,Transitar na contramão,Noite,17,15,10,9,33,0.882353
2024,CE,Nordeste,Transitar na contramão,Tarde,16,9,5,5,22,0.5625
2024,CE,Nordeste,Transitar no acostamento,Madrugada,2,1,1,1,4,0.5
2024,CE,Nordeste,Transitar no acostamento,Manhã,8,3,1,2,9,0.375
2024,CE,Nordeste,Transitar no acostamento,Noite,2,1,0,2,3,0.5
2024,CE,Nordeste,Transitar no acostamento,Tarde,4,0,0,0,7,0.0
2024,CE,Nordeste,Transtornos Mentais (exceto suicidio),Madrugada,1,0,0,0,1,0.0
2024,CE,Nordeste,Transtornos Mentais (exceto suicidio),Noite,1,1,1,0,1,1.0
2024,CE,Nordeste,Ultrapassagem Indevida,Manhã,3,0,0,0,4,0.0
2024,CE,Nordeste,Ultrapassagem Indevida,Noite,4,4,3,1,5,1.0
2024,CE,Nordeste,Ultrapassagem Indevida,Tarde,18,13,4,11,26,0.722222
2024,CE,Nordeste,Velocidade Incompatível,Madrugada,16,8,0,15,27,0.5
2024,CE,Nordeste,Velocidade Incompatível,Manhã,12,3,2,2,16,0.25
2024,CE,Nordeste,Velocidade Incompatível,Noite,15,8,1,7,14,0.533333
2024,CE,Nordeste,Velocidade Incompatível,Tarde,12,3,1,3,12,0.25
2024,CE,Nordeste,Área urbana sem a presença de local apropriado para a travessia de pedestres,Manhã,1,1,0,2,2,1.0
2024,DF,Centro-Oeste,Acessar a via sem observar a presença dos outros veículos,Madrugada,6,3,0,4,11,0.5
2024,DF,Centro-Oeste,Acessar a via sem observar a presença dos outros veículos,Manhã,38,9,2,9,58,0.236842
2024,DF,Centro-Oeste,Acessar a via sem observar a presença dos outros veículos,Noite,24,8,2,8,29,0.333333
2024,DF,Centro-Oeste,Acessar a via sem observar a presença dos outros veículos,Tarde,37,3,0,3,46,0.081081
2024,DF,Centro-Oeste,Acesso irregular,Manhã,2,0,0,0,1,0.0
2024,DF,Centro-Oeste,Acesso irregular,Noite,4,1,0,4,9,0.25
2024,DF,Centro-Oeste,Acumulo de areia ou detritos sobre o pavimento,Manhã,2,0,0,0,2,0.0
2024,DF,Centro-Oeste,Acumulo de água sobre o pavimento,Madrugada,2,0,0,0,3,0.0
2024,DF,Centro-Oeste,Acumulo de água sobre o pavimento,Noite,4,0,0,0,11,0.0
2024,DF,Centro-Oeste,Acumulo de água sobre o pavimento,Tarde,7,1,0,1,10,0.142857
2024,DF,Centro-Oeste,Acumulo de óleo sobre o pavimento,Madrugada,1,0,0,0,0,0.0
2024,DF,Centro-Oeste,Acumulo de óleo sobre o pavimento,Manhã,2,0,0,0,2,0.0
2024,DF,Centro-Oeste,Acumulo de óleo sobre o pavimento,Tarde,4,0,0,0,1,0.0
2024,DF,Centro-Oeste,Afundamento ou ondulação no pavimento,Manhã,1,0,0,0,1,0.0
2024,DF,Centro-Oeste,Animais na Pista,Madrugada,5,0,0,0,2,0.0
2024,DF,Centro-Oeste,Animais na Pista,Manhã,1,0,0,0,2,0.0
2024,DF,Centro-Oeste,Animais na Pista,Noite,4,0,0,0,4,0.0
2024,DF,Centro-Oeste,Ausência de reação do condutor,Madrugada,21,2,1,4,20,0.095238
2024,DF,Centro-Oeste,Ausência de reação do condutor,Manhã,61,7,1,8,66,0.114754
2024,DF,Centro-Oeste,Ausência de reação do condutor,Noite,37,5,0,6,41,0.135135
2024,DF,Centro-Oeste,Ausência de reação do condutor,Tarde,44,8,1,9,42,0.181818
2024,DF,Centro-Oeste,Ausência de sinalização,Tarde,1,1,0,1,1,1.0
2024,DF,Centro-Oeste,Avarias e/ou desgaste excessivo no pneu,Manhã,3,0,0,0,3,0.0
2024,DF,Centro-Oeste,Avarias e/ou desgaste excessivo no pneu,Noite,1,1,0,1,2,1.0
2024,DF,Centro-Oeste,Avarias e/ou desgaste excessivo no pneu,Tarde,5,1,0,1,11,0.2
2024,DF,Centro-Oeste,Carga excessiva e/ou mal acondicionada,Noite,1,1,0,1,2,1.0
2024,DF,Centro-Oeste,Carga excessiva e/ou mal acondicionada,Tarde,1,0,0,0,1,0.0
2024,DF,Centro-Oeste,Chuva,Madrugada,3,0,0,0,2,0.0
2024,DF,Centro-Oeste,Chuva,Manhã,3,0,0,0,4,0.0
2024,DF,Centro-Oeste,Chuva,Noite,9,1,0,1,12,0.111111
2024,DF,Centro-Oeste,Chuva,Tarde,8,0,0,0,10,0.0
2024,DF,Centro-Oeste,Condutor Dormindo,Madrugada,9,0,0,0,7,0.0
2024,DF,Centro-Oeste,Condutor Dormindo,Manhã,9,1,0,1,8,0.111111
2024,DF,Centro-Oeste,Condutor Dormindo,Noite,4,1,0,1,4,0.25
2024,DF,Centro-Oeste,Condutor Dormindo,Tarde,5,0,0,0,5,0.0
2024,DF,Centro-Oeste,Condutor deixou de manter distância do veículo da frente,Madrugada,6,1,0,1,6,0.166667
2024,DF,Centro-Oeste,Condutor deixou de manter distância do veículo da frente,Manhã,45,0,0,0,43,0.0
2024,DF,Centro-Oeste,Condutor deixou de manter distância do veículo da frente,Noite,7,0,0,0,12,0.0
2024,DF,Centro-Oeste,Condutor deixou de manter distância do veículo da frente,Tarde,20,4,0,5,24,0.2
2024,DF,Centro-Oeste,Condutor desrespeitou a iluminação vermelha do semáforo,Madrugada,1,1,1,0,2,1.0
2024,DF,Centro-Oeste,Condutor desrespeitou a iluminação vermelha do semáforo,Noite,1,0,0,0,1,0.0
2024,DF,Centro-Oeste,Condutor usando celular,Noite,3,1,0,1,3,0.333333
2024,DF,Centro-Oeste,Conversão proibida,Manhã,2,1,0,1,2,0.5
2024,DF,Centro-Oeste,Conversão proibida,Noite,5,2,1,2,6,0.4
2024,DF,Centro-Oeste,Conversão proibida,Tarde,5,4,1,4,11,0.8
2024,DF,Centro-Oeste,Curva acentuada,Tarde,2,0,0,0,3,0.0
2024,DF,Centro-Oeste,Deficiência do Sistema de Iluminação/Sinalização,Noite,3,0,0,0,3,0.0
2024,DF,Centro-Oeste,Demais falhas mecânicas ou elétricas,Madrugada,4,0,0,0,1,0.0
2024,DF,Centro-Oeste,Demais falhas mecânicas ou elétricas,Manhã,8,0,0,0,6,0.0
2024,DF,Centro-Oeste,Demais falhas mecânicas ou elétricas,Noite,5,0,0,0,2,0.0
2024,DF,Centro-Oeste,Demais falhas mecânicas ou elétricas,Tarde,9,0,0,0,5,0.0
2024,DF,Centro-Oeste,Desrespeitar a preferência no cruzamento,Manhã,1,0,0,0,0,0.0
2024,DF,Centro-Oeste,Desrespeitar a preferência no cruzamento,Tarde,1,0,0,0,2,0.0
2024,DF,Centro-Oeste,Entrada inopinada do pedestre,Madrugada,1,0,0,0,1,0.0
2024,DF,Centro-Oeste,Entrada inopinada do pedestre,Manhã,2,0,0,0,2,0.0
2024,DF,Centro-Oeste,Entrada inopinada do pedestre,Noite,2,1,0,1,4,0.5
2024,DF,Centro-Oeste,Entrada inopinada do pedestre,Tarde,5,2,0,2,7,0.4
2024,DF,Centro-Oeste,Estacionar ou parar em local proibido,Manhã,1,0,0,0,1,0.0
2024,DF,Centro-Oeste,Estacionar ou parar em local proibido,Noite,3,1,0,2,6,0.333333
2024,DF,Centro-Oeste,Falta de elemento de contenção que evite a saída do leito carroçável,Manhã,2,1,0,1,2,0.5
2024,DF,Centro-Oeste,Falta de elemento de contenção que evite a saída do leito carroçável,Tarde,2,0,0,0,1,0.0
2024,DF,Centro-Oeste,Frear bruscamente,Madrugada,1,0,0,0,1,0.0
2024,DF,Centro-Oeste,Frear bruscamente,Manhã,3,0,0,0,2,0.0
2024,DF,Centro-Oeste,Frear bruscamente,Noite,1,0,0,0,5,0.0
2024,DF,Centro-Oeste,Frear bruscamente,Tarde,2,1,0,1,2,0.5
2024,DF,Centro-Oeste,Fumaça,Tarde,1,0,0,0,0,0.0
2024,DF,Centro-Oeste,Iluminação deficiente,Madrugada,1,0,0,0,2,0.0
2024,DF,Centro-Oeste,Iluminação deficiente,Noite,3,1,0,1,2,0.333333
2024,DF,Centro-Oeste,Ingestão de álcool pelo condutor,Madrugada,9,1,0,1,4,0.111111
2024,DF,Centro-Oeste,Ingestão de álcool pelo condutor,Manhã,8,0,0,0,3,0.0
2024,DF,Centro-Oeste,Ingestão de álcool pelo condutor,Noite,23,0,0,0,15,0.0
2024,DF,Centro-Oeste,Ingestão de álcool pelo condutor,Tarde,14,1,0,1,10,0.071429
2024,DF,Centro-Oeste,Mal súbito do condutor,Manhã,4,0,0,0,2,0.0
2024,DF,Centro-Oeste,Mal súbito do condutor,Tarde,3,1,0,3,5,0.333333
2024,DF,Centro-Oeste,Manobra de mudança de faixa,Madrugada,1,0,0,0,1,0.0
2024,DF,Centro-Oeste,Manobra de mudança de faixa,Manhã,71,13,0,13,76,0.183099
2024,DF,Centro-Oeste,Manobra de mudança de faixa,Noite,30,6,4,3,34,0.2
2024,DF,Centro-Oeste,Manobra de mudança de faixa,Tarde,45,5,0,5,51,0.111111
2024,DF,Centro-Oeste,Pedestre - Ingestão de álcool/ substâncias psicoativas,Noite,2,0,0,0,2,0.0
2024,DF,Centro-Oeste,Pedestre andava na pista,Manhã,2,0,0,0,3,0.0
2024,DF,Centro-Oeste,Pedestre andava na pista,Noite,6,5,3,2,6,0.833333
2024,DF,Centro-Oeste,Pedestre cruzava a pista fora da faixa,Madrugada,1,1,0,2,2,1.0
2024,DF,Centro-Oeste,Pedestre cruzava a pista fora da faixa,Manhã,2,1,0,1,3,0.5
2024,DF,Centro-Oeste,Pedestre cruzava a pista fora da faixa,Noite,4,4,0,4,5,1.0
2024,DF,Centro-Oeste,Pedestre cruzava a pista fora da faixa,Tarde,3,2,0,2,4,0.666667
2024,DF,Centro-Oeste,Pista Escorregadia,Manhã,1,0,0,0,0,0.0
2024,DF,Centro-Oeste,Pista Escorregadia,Noite,1,1,0,1,1,1.0
2024,DF,Centro-Oeste,Pista Escorregadia,Tarde,8,1,0,1,6,0.125
2024,DF,Centro-Oeste,Pista esburacada,Noite,1,0,0,0,1,0.0
2024,DF,Centro-Oeste,Problema com o freio,Manhã,2,1,0,1,2,0.5
2024,DF,Centro-Oeste,Reação tardia ou ineficiente do condutor,Madrugada,16,1,1,0,16,0.0625
2024,DF,Centro-Oeste,Reação tardia ou ineficiente do condutor,Manhã,52,7,1,8,58,0.134615
2024,DF,Centro-Oeste,Reação tardia ou ineficiente do condutor,Noite,39,13,1,13,44,0.333333
2024,DF,Centro-Oeste,Reação tardia ou ineficiente do condutor,Tarde,46,7,0,8,51,0.152174
2024,DF,Centro-Oeste,Suicídio (presumido),Manhã,1,0,0,0,1,0.0
2024,DF,Centro-Oeste,Suicídio (presumido),Noite,1,1,0,1,1,1.0
2024,DF,Centro-Oeste,Suicídio (presumido),Tarde,1,1,0,1,1,1.0
2024,DF,Centro-Oeste,Trafegar com motocicleta (ou similar) entre as faixas,Manhã,19,8,0,8,23,0.421053
2024,DF,Centro-Oeste,Trafegar com motocicleta (ou similar) entre as faixas,Noite,11,1,1,1,12,0.090909
2024,DF,Centro-Oeste,Trafegar com motocicleta (ou similar) entre as faixas,Tarde,8,1,0,1,9,0.125
2024,DF,Centro-Oeste,Transitar na contramão,Manhã,2,1,1,0,3,0.5
2024,DF,Centro-Oeste,Transitar na contramão,Noite,2,1,1,0,4,0.5
2024,DF,Centro-Oeste,Transitar na contramão,Tarde,1,0,0,0,1,0.0
2024,DF,Centro-Oeste,Transitar no acostamento,Manhã,1,0,0,0,0,0.0
2024,DF,Centro-Oeste,Transitar no acostamento,Noite,11,5,1,5,14,0.454545
2024,DF,Centro-Oeste,Transitar no acostamento,Tarde,5,3,0,3,5,0.6
2024,DF,Centro-Oeste,Ultrapassagem Indevida,Madrugada,1,0,0,0,2,0.0
2024,DF,Centro-Oeste,Ultrapassagem Indevida,Manhã,2,0,0,0,4,0.0
2024,DF,Centro-Oeste,Ultrapassagem Indevida,Noite,8,5,2,6,19,0.625
2024,DF,Centro-Oeste,Ultrapassagem Indevida,Tarde,4,0,0,0,2,0.0
2024,DF,Centro-Oeste,Velocidade Incompatível,Madrugada,6,1,0,1,5,0.166667
2024,DF,Centro-Oeste,Velocidade Incompatível,Manhã,14,2,0,3,18,0.142857
2024,DF,Centro-Oeste,Velocidade Incompatível,Noite,20,7,1,7,26,0.35
2024,DF,Centro-Oeste,Velocidade Incompatível,Tarde,14,2,1,1,9,0.142857
2024,DF,Centro-Oeste,Área urbana sem a presença de local apropriado para a travessia de pedestres,Noite,2,2,0,2,3,1.0
2024,DF,Centro-Oeste,Área urbana sem a presença de local apropriado para a travessia de pedestres,Tarde,1,1,0,1,1,1.0
2024,ES,Sudeste,Acessar a via sem observar a presença dos outros veículos,Madrugada,8,3,0,3,9,0.375
2024,ES,Sudeste,Acessar a via sem observar a presença dos outros veículos,Manhã,80,31,2,32,106,0.3875
2024,ES,Sudeste,Acessar a via sem observar a presença dos outros veículos,Noite,89,36,8,39,127,0.404494
2024,ES,Sudeste,Acessar a via sem observar a presença dos outros veículos,Tarde,92,32,4,35,121,0.347826
2024,ES,Sudeste,Acesso irregular,Manhã,12,4,1,3,11,0.333333
2024,ES,Sudeste,Acesso irregular,Noite,10,4,1,8,17,0.4
2024,ES,Sudeste,Acesso irregular,Tarde,9,2,0,2,10,0.222222
2024,ES,Sudeste,Acostamento em desnível,Manhã,1,0,0,0,1,0.0
2024,ES,Sudeste,Acumulo de areia ou detritos sobre o pavimento,Madrugada,2,0,0,0,3,0.0
2024,ES,Sudeste,Acumulo de areia ou detritos sobre o pavimento,Manhã,4,2,0,2,7,0.5
2024,ES,Sudeste,Acumulo de areia ou detritos sobre o pavimento,Noite,3,1,0,1,4,0.333333
2024,ES,Sudeste,Acumulo de areia ou detritos sobre o pavimento,Tarde,6,3,0,3,7,0.5
2024,ES,Sudeste,Acumulo de água sobre o pavimento,Madrugada,2,0,0,0,1,0.0
2024,ES,Sudeste,Acumulo de água sobre o pavimento,Manhã,5,0,0,0,8,0.0
2024,ES,Sudeste,Acumulo de água sobre o pavimento,Noite,2,0,0,0,4,0.0
2024,ES,Sudeste,Acumulo de água sobre o pavimento,Tarde,5,3,2,3,6,0.6
2024,ES,Sudeste,Acumulo de óleo sobre o pavimento,Madrugada,1,0,0,0,1,0.0
2024,ES,Sudeste,Acumulo de óleo sobre o pavimento,Manhã,4,3,0,3,6,0.75
2024,ES,Sudeste,Acumulo de óleo sobre o pavimento,Noite,1,1,0,1,1,1.0
2024,ES,Sudeste,Acumulo de óleo sobre o pavimento,Tarde,4,0,0,0,5,0.0
2024,ES,Sudeste,Animais na Pista,Madrugada,3,1,1,1,2,0.333333
2024,ES,Sudeste,Animais na Pista,Manhã,5,2,0,2,8,0.4
2024,ES,Sudeste,Animais na Pista,Noite,18,3,1,3,23,0.166667
2024,ES,Sudeste,Animais na Pista,Tarde,5,1,0,1,6,0.2
2024,ES,Sudeste,Ausência de reação do condutor,Madrugada,30,5,3,3,33,0.166667
2024,ES,Sudeste,Ausência de reação do condutor,Manhã,98,28,5,31,128,0.285714
2024,ES,Sudeste,Ausência de reação do condutor,Noite,78,31,10,26,98,0.397436
2024,ES,Sudeste,Ausência de reação do condutor,Tarde,111,31,6,38,147,0.279279
2024,ES,Sudeste,Ausência de sinalização,Madrugada,3,1,0,1,3,0.333333
2024,ES,Sudeste,Ausência de sinalização,Manhã,3,2,1,3,6,0.666667
2024,ES,Sudeste,Ausência de sinalização,Noite,3,0,0,0,2,0.0
2024,ES,Sudeste,Ausência de sinalização,Tarde,1,1,0,1,1,1.0
2024,ES,Sudeste,Avarias e/ou desgaste excessivo no pneu,Madrugada,3,0,0,0,5,0.0
2024,ES,Sudeste,Avarias e/ou desgaste excessivo no pneu,Manhã,21,3,2,3,37,0.142857
2024,ES,Sudeste,Avarias e/ou desgaste excessivo no pneu,Noite,8,3,1,5,17,0.375
2024,ES,Sudeste,Avarias e/ou desgaste excessivo no pneu,Tarde,19,5,1,6,31,0.263158
2024,ES,Sudeste,Carga excessiva e/ou mal acondicionada,Madrugada,3,1,0,1,3,0.333333
2024,ES,Sudeste,Carga excessiva e/ou mal acondicionada,Noite,3,2,0,2,3,0.666667
2024,ES,Sudeste,Carga excessiva e/ou mal acondicionada,Tarde,5,2,1,2,6,0.4
2024,ES,Sudeste,Chuva,Madrugada,3,1,0,1,4,0.333333
2024,ES,Sudeste,Chuva,Manhã,5,2,1,3,11,0.4
2024,ES,Sudeste,Chuva,Noite,7,3,0,4,10,0.428571
2024,ES,Sudeste,Chuva,Tarde,16,5,0,5,22,0.3125
2024,ES,Sudeste,Condutor Dormindo,Madrugada,24,8,7,8,41,0.333333
2024,ES,Sudeste,Condutor Dormindo,Manhã,13,3,2,1,20,0.230769
2024,ES,Sudeste,Condutor Dormindo,Noite,6,0,0,0,8,0.0
2024,ES,Sudeste,Condutor Dormindo,Tarde,15,6,1,6,37,0.4
2024,ES,Sudeste,Condutor deixou de manter distância do veículo da frente,Madrugada,6,2,0,2,6,0.333333
2024,ES,Sudeste,Condutor deixou de manter distância do veículo da frente,Manhã,70,12,1,12,79,0.171429
2024,ES,Sudeste,Condutor deixou de manter distância do veículo da frente,Noite,37,8,0,13,50,0.216216
2024,ES,Sudeste,Condutor deixou de manter distância do veículo da frente,Tarde,56,15,3,13,74,0.267857
2024,ES,Sudeste,Condutor desrespeitou a iluminação vermelha do semáforo,Madrugada,10,4,0,4,11,0.4
2024,ES,Sudeste,Condutor desrespeitou a iluminação vermelha do semáforo,Manhã,19,6,0,7,22,0.315789
2024,ES,Sudeste,Condutor desrespeitou a iluminação vermelha do semáforo,Noite,24,8,0,9,36,0.333333
2024,ES,Sudeste,Condutor desrespeitou a iluminação vermelha do semáforo,Tarde,28,9,0,9,41,0.321429
2024,ES,Sudeste,Condutor usando celular,Noite,1,0,0,0,2,0.0
2024,ES,Sudeste,Conversão proibida,Madrugada,3,0,0,0,4,0.0
2024,ES,Sudeste,Conversão proibida,Manhã,11,3,0,3,18,0.272727
2024,ES,Sudeste,Conversão proibida,Noite,17,10,0,10,17,0.588235
2024,ES,Sudeste,Conversão proibida,Tarde,24,11,2,14,42,0.458333
2024,ES,Sudeste,Curva acentuada,Manhã,3,0,0,0,3,0.0
2024,ES,Sudeste,Curva acentuada,Noite,1,0,0,0,0,0.0
2024,ES,Sudeste,Curva acentuada,Tarde,7,2,0,2,10,0.285714
2024,ES,Sudeste,Deficiência do Sistema de Iluminação/Sinalização,Noite,4,2,0,2,5,0.5
2024,ES,Sudeste,Demais Fenômenos da natureza,Manhã,2,0,0,0,1,0.0
2024,ES,Sudeste,Demais Fenômenos da natureza,Noite,1,0,0,0,1,0.0
2024,ES,Sudeste,Demais Fenômenos da natureza,Tarde,2,0,0,0,2,0.0
2024,ES,Sudeste,Demais falhas mecânicas ou elétricas,Madrugada,15,0,0,0,8,0.0
2024,ES,Sudeste,Demais falhas mecânicas ou elétricas,Manhã,37,6,0,7,36,0.162162
2024,ES,Sudeste,Demais falhas mecânicas ou elétricas,Noite,17,4,1,3,17,0.235294
2024,ES,Sudeste,Demais falhas mecânicas ou elétricas,Tarde,34,10,0,12,34,0.294118
2024,ES,Sudeste,Demais falhas na via,Manhã,2,1,0,1,2,0.5
2024,ES,Sudeste,Demais falhas na via,Noite,5,1,0,1,5,0.2
2024,ES,Sudeste,Demais falhas na via,Tarde,1,0,0,0,1,0.0
2024,ES,Sudeste,Desrespeitar a preferência no cruzamento,Madrugada,4,1,0,1,4,0.25
2024,ES,Sudeste,Desrespeitar a preferência no cruzamento,Manhã,17,4,1,3,21,0.235294
2024,ES,Sudeste,Desrespeitar a preferência no cruzamento,Noite,20,8,0,9,26,0.4
2024,ES,Sudeste,Desrespeitar a preferência no cruzamento,Tarde,19,7,0,8,27,0.368421
2024,ES,Sudeste,Desvio temporário,Noite,1,0,0,0,2,0.0
2024,ES,Sudeste,Entrada inopinada do pedestre,Madrugada,1,0,0,0,2,0.0
2024,ES,Sudeste,Entrada inopinada do pedestre,Manhã,5,1,0,1,7,0.2
2024,ES,Sudeste,Entrada inopinada do pedestre,Noite,15,11,4,8,18,0.733333
2024,ES,Sudeste,Entrada inopinada do pedestre,Tarde,7,2,0,2,7,0.285714
2024,ES,Sudeste,Estacionar ou parar em local proibido,Tarde,2,0,0,0,2,0.0
2024,ES,Sudeste,Falta de acostamento,Manhã,2,0,0,0,2,0.0
2024,ES,Sudeste,Falta de acostamento,Tarde,1,0,0,0,1,0.0
2024,ES,Sudeste,Frear bruscamente,Manhã,6,0,0,0,6,0.0
2024,ES,Sudeste,Frear bruscamente,Noite,3,0,0,0,4,0.0
2024,ES,Sudeste,Frear bruscamente,Tarde,4,1,0,1,5,0.25
2024,ES,Sudeste,Iluminação deficiente,Noite,3,2,1,1,4,0.666667
2024,ES,Sudeste,Ingestão de substâncias psicoativas pelo condutor,Noite,1,0,0,0,0,0.0
2024,ES,Sudeste,Ingestão de substâncias psicoativas pelo condutor,Tarde,1,0,0,0,0,0.0
2024,ES,Sudeste,Ingestão de álcool pelo condutor,Madrugada,22,4,0,4,20,0.181818
2024,ES,Sudeste,Ingestão de álcool pelo condutor,Manhã,13,3,1,4,11,0.230769
2024,ES,Sudeste,Ingestão de álcool pelo condutor,Noite,36,10,4,8,35,0.277778
2024,ES,Sudeste,Ingestão de álcool pelo condutor,Tarde,29,8,3,7,26,0.275862
2024,ES,Sudeste,Mal súbito do condutor,Madrugada,2,2,1,1,2,1.0
2024,ES,Sudeste,Mal súbito do condutor,Manhã,6,4,2,2,7,0.666667
2024,ES,Sudeste,Mal súbito do condutor,Noite,4,1,0,1,4,0.25
2024,ES,Sudeste,Mal súbito do condutor,Tarde,5,1,0,1,6,0.2
2024,ES,Sudeste,Manobra de mudança de faixa,Madrugada,5,2,0,2,4,0.4
2024,ES,Sudeste,Manobra de mudança de faixa,Manhã,51,14,4,15,72,0.27451
2024,ES,Sudeste,Manobra de mudança de faixa,Noite,25,5,0,6,29,0.2
2024,ES,Sudeste,Manobra de mudança de faixa,Tarde,45,11,0,12,55,0.244444
2024,ES,Sudeste,Neblina,Madrugada,1,1,0,1,1,1.0
2024,ES,Sudeste,Neblina,Manhã,1,0,0,0,2,0.0
2024,ES,Sudeste,Objeto estático sobre o leito carroçável,Madrugada,1,1,1,0,1,1.0
2024,ES,Sudeste,Objeto estático sobre o leito carroçável,Manhã,2,2,1,1,2,1.0
2024,ES,Sudeste,Objeto estático sobre o leito carroçável,Noite,4,0,0,0,4,0.0
2024,ES,Sudeste,Objeto estático sobre o leito carroçável,Tarde,1,0,0,0,1,0.0
2024,ES,Sudeste,Pedestre - Ingestão de álcool/ substâncias psicoativas,Madrugada,3,1,0,1,3,0.333333
2024,ES,Sudeste,Pedestre - Ingestão de álcool/ substâncias psicoativas,Noite,6,3,0,3,6,0.5
2024,ES,Sudeste,Pedestre - Ingestão de álcool/ substâncias psicoativas,Tarde,1,1,0,1,2,1.0
2024,ES,Sudeste,Pedestre andava na pista,Madrugada,2,2,2,0,2,1.0
2024,ES,Sudeste,Pedestre andava na pista,Manhã,1,0,0,0,1,0.0
2024,ES,Sudeste,Pedestre andava na pista,Noite,8,6,1,5,13,0.75
2024,ES,Sudeste,Pedestre andava na pista,Tarde,1,0,0,0,2,0.0
2024,ES,Sudeste,Pedestre cruzava a pista fora da faixa,Madrugada,2,1,0,1,2,0.5
2024,ES,Sudeste,Pedestre cruzava a pista fora da faixa,Manhã,6,2,0,2,7,0.333333
2024,ES,Sudeste,Pedestre cruzava a pista fora da faixa,Noite,7,6,0,6,9,0.857143
2024,ES,Sudeste,Pedestre cruzava a pista fora da faixa,Tarde,7,4,0,4,7,0.571429
2024,ES,Sudeste,Pista Escorregadia,Madrugada,1,0,0,0,1,0.0
2024,ES,Sudeste,Pista Escorregadia,Manhã,5,1,0,1,8,0.2
2024,ES,Sudeste,Pista Escorregadia,Tarde,5,1,0,1,7,0.2
2024,ES,Sudeste,Pista esburacada,Noite,1,0,0,0,1,0.0
2024,ES,Sudeste,Pista esburacada,Tarde,2,0,0,0,2,0.0
2024,ES,Sudeste,Problema com o freio,Manhã,2,0,0,0,0,0.0
2024,ES,Sudeste,Problema com o freio,Tarde,2,0,0,0,3,0.0
2024,ES,Sudeste,Problema na suspensão,Noite,1,1,0,1,2,1.0
2024,ES,Sudeste,Problema na suspensão,Tarde,1,0,0,0,0,0.0
2024,ES,Sudeste,Reação tardia ou ineficiente do condutor,Madrugada,31,13,2,16,37,0.419355
2024,ES,Sudeste,Reação tardia ou ineficiente do condutor,Manhã,110,32,7,29,154,0.290909
2024,ES,Sudeste,Reação tardia ou ineficiente do condutor,Noite,83,32,6,32,103,0.385542
2024,ES,Sudeste,Reação tardia ou ineficiente do condutor,Tarde,97,20,6,16,117,0.206186
2024,ES,Sudeste,Redutor de velocidade em desacordo,Tarde,1,0,0,0,2,0.0
2024,ES,Sudeste,Retorno proibido,Manhã,3,1,0,1,5,0.333333
2024,ES,Sudeste,Retorno proibido,Noite,7,3,0,3,12,0.428571
2024,ES,Sudeste,Retorno proibido,Tarde,1,0,0,0,1,0.0
2024,ES,Sudeste,Semáforo com defeito,Manhã,1,0,0,0,1,0.0
2024,ES,Sudeste,Semáforo com defeito,Noite,1,0,0,0,0,0.0
2024,ES,Sudeste,Sinalização mal posicionada,Manhã,1,0,0,0,1,0.0
2024,ES,Sudeste,Sinalização mal posicionada,Tarde,1,0,0,0,1,0.0
2024,ES,Sudeste,Suicídio (presumido),Manhã,1,1,1,0,1,1.0
2024,ES,Sudeste,Suicídio (presumido),Tarde,1,1,0,1,1,1.0
2024,ES,Sudeste,Trafegar com motocicleta (ou similar) entre as faixas,Manhã,13,5,0,6,19,0.384615
2024,ES,Sudeste,Trafegar com motocicleta (ou similar) entre as faixas,Noite,7,4,2,2,7,0.571429
2024,ES,Sudeste,Trafegar com motocicleta (ou similar) entre as faixas,Tarde,11,5,0,6,13,0.454545
2024,ES,Sudeste,Transitar na calçada,Noite,1,0,0,0,1,0.0
2024,ES,Sudeste,Transitar na calçada,Tarde,1,1,0,1,1,1.0
2024,ES,Sudeste,Transitar na contramão,Madrugada,11,6,3,7,32,0.545455
2024,ES,Sudeste,Transitar na contramão,Manhã,22,11,5,16,46,0.5
2024,ES,Sudeste,Transitar na contramão,Noite,40,25,13,25,81,0.625
2024,ES,Sudeste,Transitar na contramão,Tarde,31,17,7,19,53,0.548387
2024,ES,Sudeste,Transitar no acostamento,Madrugada,1,1,0,1,3,1.0
2024,ES,Sudeste,Transitar no acostamento,Manhã,3,3,0,3,3,1.0
2024,ES,Sudeste,Transitar no acostamento,Noite,3,2,0,3,6,0.666667
2024,ES,Sudeste,Transitar no acostamento,Tarde,4,2,0,2,4,0.5
2024,ES,Sudeste,Ultrapassagem Indevida,Madrugada,6,6,5,5,11,1.0
2024,ES,Sudeste,Ultrapassagem Indevida,Manhã,18,9,0,9,33,0.5
2024,ES,Sudeste,Ultrapassagem Indevida,Noite,18,12,8,16,50,0.666667
2024,ES,Sudeste,Ultrapassagem Indevida,Tarde,11,3,0,4,14,0.272727
2024,ES,Sudeste,Velocidade Incompatível,Madrugada,19,10,2,11,19,0.526316
2024,ES,Sudeste,Velocidade Incompatível,Manhã,49,15,4,11,49,0.306122
2024,ES,Sudeste,Velocidade Incompatível,Noite,29,12,6,8,40,0.413793
2024,ES,Sudeste,Velocidade Incompatível,Tarde,40,18,4,19,47,0.45
2024,ES,Sudeste,Área urbana sem a presença de local apropriado para a travessia de pedestres,Manhã,2,2,0,2,2,1.0
2024,ES,Sudeste,Área urbana sem a presença de local apropriado para a travessia de pedestres,Tarde,1,1,1,0,3,1.0
2024,GO,Centro-Oeste,Acessar a via sem observar a presença dos outros veículos,Madrugada,15,6,1,8,17,0.4
2024,GO,Centro-Oeste,Acessar a via sem observar a presença dos outros veículos,Manhã,93,26,6,30,125,0.27957
2024,GO,Centro-Oeste,Acessar a via sem observar a presença dos outros veículos,Noite,71,25,4,23,85,0.352113
2024,GO,Centro-Oeste,Acessar a via sem observar a presença dos outros veículos,Tarde,81,20,1,23,87,0.246914
2024,GO,Centro-Oeste,Acesso irregular,Madrugada,6,2,0,3,6,0.333333
2024,GO,Centro-Oeste,Acesso irregular,Manhã,7,3,0,4,9,0.428571
2024,GO,Centro-Oeste,Acesso irregular,Noite,12,4,0,4,13,0.333333
2024,GO,Centro-Oeste,Acesso irregular,Tarde,13,5,0,6,16,0.384615
2024,GO,Centro-Oeste,Acostamento em desnível,Manhã,5,0,0,0,3,0.0
2024,GO,Centro-Oeste,Acostamento em desnível,Noite,1,1,0,1,2,1.0
2024,GO,Centro-Oeste,Acostamento em desnível,Tarde,3,0,0,0,4,0.0
2024,GO,Centro-Oeste,Acumulo de areia ou detritos sobre o pavimento,Manhã,3,1,0,1,4,0.333333
2024,GO,Centro-Oeste,Acumulo de areia ou detritos sobre o pavimento,Noite,3,1,0,1,3,0.333333
2024,GO,Centro-Oeste,Acumulo de areia ou detritos sobre o pavimento,Tarde,4,2,0,2,4,0.5
2024,GO,Centro-Oeste,Acumulo de água sobre o pavimento,Madrugada,4,0,0,0,2,0.0
2024,GO,Centro-Oeste,Acumulo de água sobre o pavimento,Manhã,12,1,0,2,17,0.083333
2024,GO,Centro-Oeste,Acumulo de água sobre o pavimento,Noite,9,1,0,1,12,0.111111
2024,GO,Centro-Oeste,Acumulo de água sobre o pavimento,Tarde,18,4,3,3,28,0.222222
2024,GO,Centro-Oeste,Acumulo de óleo sobre o pavimento,Manhã,4,0,0,0,5,0.0
2024,GO,Centro-Oeste,Acumulo de óleo sobre o pavimento,Noite,1,0,0,0,1,0.0
2024,GO,Centro-Oeste,Acumulo de óleo sobre o pavimento,Tarde,4,2,1,2,5,0.5
2024,GO,Centro-Oeste,Afundamento ou ondulação no pavimento,Madrugada,2,1,0,2,6,0.5
2024,GO,Centro-Oeste,Afundamento ou ondulação no pavimento,Manhã,4,2,0,2,4,0.5
2024,GO,Centro-Oeste,Afundamento ou ondulação no pavimento,Tarde,1,0,0,0,1,0.0
2024,GO,Centro-Oeste,Animais na Pista,Madrugada,18,8,4,8,28,0.444444
2024,GO,Centro-Oeste,Animais na Pista,Manhã,17,3,0,3,16,0.176471
2024,GO,Centro-Oeste,Animais na Pista,Noite,41,7,1,6,49,0.170732
2024,GO,Centro-Oeste,Animais na Pista,Tarde,7,1,0,1,7,0.142857
2024,GO,Centro-Oeste,Ausência de reação do condutor,Madrugada,84,24,12,19,91,0.285714
2024,GO,Centro-Oeste,Ausência de reação do condutor,Manhã,122,35,16,30,152,0.286885
2024,GO,Centro-Oeste,Ausência de reação do condutor,Noite,143,46,11,48,147,0.321678
2024,GO,Centro-Oeste,Ausência de reação do condutor,Tarde,129,35,9,33,159,0.271318
2024,GO,Centro-Oeste,Ausência de sinalização,Madrugada,1,0,0,0,5,0.0
2024,GO,Centro-Oeste,Ausência de sinalização,Manhã,3,1,0,1,3,0.333333
2024,GO,Centro-Oeste,Ausência de sinalização,Noite,2,0,0,0,3,0.0
2024,GO,Centro-Oeste,Ausência de sinalização,Tarde,4,1,0,1,5,0.25
2024,GO,Centro-Oeste,Avarias e/ou desgaste excessivo no pneu,Madrugada,5,0,0,0,6,0.0
2024,GO,Centro-Oeste,Avarias e/ou desgaste excessivo no pneu,Manhã,24,2,0,2,34,0.083333
2024,GO,Centro-Oeste,Avarias e/ou desgaste excessivo no pneu,Noite,18,5,1,4,21,0.277778
2024,GO,Centro-Oeste,Avarias e/ou desgaste excessivo no pneu,Tarde,38,11,1,16,70,0.289474
2024,GO,Centro-Oeste,Carga excessiva e/ou mal acondicionada,Madrugada,2,0,0,0,1,0.0
2024,GO,Centro-Oeste,Carga excessiva e/ou mal acondicionada,Manhã,5,1,0,1,4,0.2
2024,GO,Centro-Oeste,Carga excessiva e/ou mal acondicionada,Noite,2,0,0,0,0,0.0
2024,GO,Centro-Oeste,Carga excessiva e/ou mal acondicionada,Tarde,6,1,1,1,3,0.166667
2024,GO,Centro-Oeste,Chuva,Madrugada,7,2,1,1,6,0.285714
2024,GO,Centro-Oeste,Chuva,Manhã,14,2,1,2,19,0.142857
2024,GO,Centro-Oeste,Chuva,Noite,16,6,3,3,15,0.375
2024,GO,Centro-Oeste,Chuva,Tarde,23,5,2,3,33,0.217391
2024,GO,Centro-Oeste,Condutor Dormindo,Madrugada,74,25,16,26,120,0.337838
2024,GO,Centro-Oeste,Condutor Dormindo,Manhã,62,19,5,15,90,0.306452
2024,GO,Centro-Oeste,Condutor Dormindo,Noite,15,6,2,4,17,0.4
2024,GO,Centro-Oeste,Condutor Dormindo,Tarde,34,12,7,10,54,0.352941
2024,GO,Centro-Oeste,Condutor deixou de manter distância do veículo da frente,Madrugada,12,1,0,1,9,0.083333
2024,GO,Centro-Oeste,Condutor deixou de manter distância do veículo da frente,Manhã,74,17,0,18,71,0.22973
2024,GO,Centro-Oeste,Condutor deixou de manter distância do veículo da frente,Noite,43,7,1,6,37,0.162791
2024,GO,Centro-Oeste,Condutor deixou de manter distância do veículo da frente,Tarde,69,14,3,15,75,0.202899
2024,GO,Centro-Oeste,Condutor usando celular,Manhã,3,0,0,0,6,0.0
2024,GO,Centro-Oeste,Condutor usando celular,Noite,2,1,0,1,2,0.5
2024,GO,Centro-Oeste,Condutor usando celular,Tarde,1,0,0,0,1,0.0
2024,GO,Centro-Oeste,Conversão proibida,Madrugada,2,0,0,0,4,0.0
2024,GO,Centro-Oeste,Conversão proibida,Manhã,13,7,1,7,20,0.538462
2024,GO,Centro-Oeste,Conversão proibida,Noite,9,3,0,3,12,0.333333
2024,GO,Centro-Oeste,Conversão proibida,Tarde,4,0,0,0,2,0.0
2024,GO,Centro-Oeste,Curva acentuada,Madrugada,3,0,0,0,1,0.0
2024,GO,Centro-Oeste,Curva acentuada,Tarde,2,0,0,0,0,0.0
2024,GO,Centro-Oeste,Deficiência do Sistema de Iluminação/Sinalização,Madrugada,3,1,1,0,2,0.333333
2024,GO,Centro-Oeste,Deficiência do Sistema de Iluminação/Sinalização,Manhã,1,0,0,0,0,0.0
2024,GO,Centro-Oeste,Deficiência do Sistema de Iluminação/Sinalização,Noite,8,3,0,3,8,0.375
2024,GO,Centro-Oeste,Deixar de acionar o farol da motocicleta (ou similar),Noite,1,0,0,0,1,0.0
2024,GO,Centro-Oeste,Demais Fenômenos da natureza,Manhã,1,0,0,0,0,0.0
2024,GO,Centro-Oeste,Demais Fenômenos da natureza,Noite,1,0,0,0,2,0.0
2024,GO,Centro-Oeste,Demais falhas mecânicas ou elétricas,Madrugada,18,0,0,0,6,0.0
2024,GO,Centro-Oeste,Demais falhas mecânicas ou elétricas,Manhã,43,2,0,2,27,0.046512
2024,GO,Centro-Oeste,Demais falhas mecânicas ou elétricas,Noite,46,4,1,4,23,0.086957
2024,GO,Centro-Oeste,Demais falhas mecânicas ou elétricas,Tarde,57,10,3,11,43,0.175439
2024,GO,Centro-Oeste,Demais falhas na via,Madrugada,1,0,0,0,1,0.0
2024,GO,Centro-Oeste,Demais falhas na via,Manhã,5,1,1,0,5,0.2
2024,GO,Centro-Oeste,Demais falhas na via,Noite,3,0,0,0,3,0.0
2024,GO,Centro-Oeste,Demais falhas na via,Tarde,1,0,0,0,0,0.0
2024,GO,Centro-Oeste,Desrespeitar a preferência no cruzamento,Madrugada,1,0,0,0,0,0.0
2024,GO,Centro-Oeste,Desrespeitar a preferência no cruzamento,Manhã,8,1,0,1,8,0.125
2024,GO,Centro-Oeste,Desrespeitar a preferência no cruzamento,Noite,11,4,0,9,16,0.363636
2024,GO,Centro-Oeste,Desrespeitar a preferência no cruzamento,Tarde,14,3,0,3,15,0.214286
2024,GO,Centro-Oeste,Entrada inopinada do pedestre,Madrugada,6,4,3,2,7,0.666667
2024,GO,Centro-Oeste,Entrada inopinada do pedestre,Manhã,7,4,2,3,10,0.571429
2024,GO,Centro-Oeste,Entrada inopinada do pedestre,Noite,16,13,8,7,21,0.8125
2024,GO,Centro-Oeste,Entrada inopinada do pedestre,Tarde,10,6,2,4,11,0.6
2024,GO,Centro-Oeste,Estacionar ou parar em local proibido,Madrugada,2,2,0,2,3,1.0
2024,GO,Centro-Oeste,Estacionar ou parar em local proibido,Manhã,5,1,0,1,9,0.2
2024,GO,Centro-Oeste,Estacionar ou parar em local proibido,Noite,2,1,1,0,3,0.5
2024,GO,Centro-Oeste,Estacionar ou parar em local proibido,Tarde,7,6,0,6,9,0.857143
2024,GO,Centro-Oeste,Falta de acostamento,Noite,1,1,1,0,1,1.0
2024,GO,Centro-Oeste,Falta de elemento de contenção que evite a saída do leito carroçável,Madrugada,3,2,0,2,4,0.666667
2024,GO,Centro-Oeste,Falta de elemento de contenção que evite a saída do leito carroçável,Manhã,1,1,0,1,1,1.0
2024,GO,Centro-Oeste,Falta de elemento de contenção que evite a saída do leito carroçável,Noite,1,0,0,0,0,0.0
2024,GO,Centro-Oeste,Falta de elemento de contenção que evite a saída do leito carroçável,Tarde,1,1,0,1,2,1.0
2024,GO,Centro-Oeste,Frear bruscamente,Manhã,3,0,0,0,2,0.0
2024,GO,Centro-Oeste,Frear bruscamente,Noite,2,0,0,0,1,0.0
2024,GO,Centro-Oeste,Frear bruscamente,Tarde,6,2,0,2,12,0.333333
2024,GO,Centro-Oeste,Fumaça,Tarde,1,0,0,0,1,0.0
2024,GO,Centro-Oeste,Iluminação deficiente,Noite,4,1,0,1,4,0.25
2024,GO,Centro-Oeste,Ingestão de substâncias psicoativas pelo condutor,Madrugada,1,0,0,0,1,0.0
2024,GO,Centro-Oeste,Ingestão de substâncias psicoativas pelo condutor,Tarde,2,1,1,2,4,0.5
2024,GO,Centro-Oeste,Ingestão de álcool pelo condutor,Madrugada,59,16,2,18,49,0.271186
2024,GO,Centro-Oeste,Ingestão de álcool pelo condutor,Manhã,27,6,3,5,19,0.222222
2024,GO,Centro-Oeste,Ingestão de álcool pelo condutor,Noite,127,30,5,35,120,0.23622
2024,GO,Centro-Oeste,Ingestão de álcool pelo condutor,Tarde,56,11,0,13,42,0.196429
2024,GO,Centro-Oeste,Mal súbito do condutor,Madrugada,1,1,0,1,1,1.0
2024,GO,Centro-Oeste,Mal súbito do condutor,Manhã,7,1,0,1,5,0.142857
2024,GO,Centro-Oeste,Mal súbito do condutor,Noite,3,0,0,0,3,0.0
2024,GO,Centro-Oeste,Mal súbito do condutor,Tarde,10,2,0,2,10,0.2
2024,GO,Centro-Oeste,Manobra de mudança de faixa,Madrugada,8,3,1,2,12,0.375
2024,GO,Centro-Oeste,Manobra de mudança de faixa,Manhã,52,14,1,19,60,0.269231
2024,GO,Centro-Oeste,Manobra de mudança de faixa,Noite,39,10,2,8,43,0.25641
2024,GO,Centro-Oeste,Manobra de mudança de faixa,Tarde,62,18,10,12,76,0.290323
2024,GO,Centro-Oeste,Neblina,Madrugada,2,0,0,0,1,0.0
2024,GO,Centro-Oeste,Neblina,Manhã,1,0,0,0,1,0.0
2024,GO,Centro-Oeste,Objeto estático sobre o leito carroçável,Madrugada,2,0,0,0,1,0.0
2024,GO,Centro-Oeste,Objeto estático sobre o leito carroçável,Manhã,5,1,0,2,7,0.2
2024,GO,Centro-Oeste,Objeto estático sobre o leito carroçável,Noite,9,4,0,4,10,0.444444
2024,GO,Centro-Oeste,Objeto estático sobre o leito carroçável,Tarde,7,4,0,4,8,0.571429
2024,GO,Centro-Oeste,Participar de racha,Noite,1,1,0,1,3,1.0
2024,GO,Centro-Oeste,Pedestre - Ingestão de álcool/ substâncias psicoativas,Madrugada,1,1,0,2,2,1.0
2024,GO,Centro-Oeste,Pedestre - Ingestão de álcool/ substâncias psicoativas,Noite,7,3,2,1,7,0.428571
2024,GO,Centro-Oeste,Pedestre - Ingestão de álcool/ substâncias psicoativas,Tarde,2,0,0,0,2,0.0
2024,GO,Centro-Oeste,Pedestre andava na pista,Madrugada,4,4,2,3,6,1.0
2024,GO,Centro-Oeste,Pedestre andava na pista,Manhã,3,1,1,0,1,0.333333
2024,GO,Centro-Oeste,Pedestre andava na pista,Noite,10,8,5,3,12,0.8
2024,GO,Centro-Oeste,Pedestre andava na pista,Tarde,3,3,1,2,4,1.0
2024,GO,Centro-Oeste,Pedestre cruzava a pista fora da faixa,Madrugada,3,2,2,0,3,0.666667
2024,GO,Centro-Oeste,Pedestre cruzava a pista fora da faixa,Manhã,6,1,0,1,6,0.166667
2024,GO,Centro-Oeste,Pedestre cruzava a pista fora da faixa,Noite,11,7,6,1,11,0.636364
2024,GO,Centro-Oeste,Pedestre cruzava a pista fora da faixa,Tarde,5,4,1,3,6,0.8
2024,GO,Centro-Oeste,Pista Escorregadia,Madrugada,1,0,0,0,0,0.0
2024,GO,Centro-Oeste,Pista Escorregadia,Manhã,4,1,0,1,3,0.25
2024,GO,Centro-Oeste,Pista Escorregadia,Noite,7,1,0,1,12,0.142857
2024,GO,Centro-Oeste,Pista Escorregadia,Tarde,5,2,0,2,6,0.4
2024,GO,Centro-Oeste,Pista esburacada,Madrugada,2,2,0,2,2,1.0
2024,GO,Centro-Oeste,Pista esburacada,Manhã,2,0,0,0,2,0.0
2024,GO,Centro-Oeste,Pista esburacada,Tarde,3,1,0,1,2,0.333333
2024,GO,Centro-Oeste,Problema com o freio,Madrugada,1,0,0,0,1,0.0
2024,GO,Centro-Oeste,Problema com o freio,Manhã,8,1,0,1,11,0.125
2024,GO,Centro-Oeste,Problema com o freio,Noite,4,1,1,0,1,0.25
2024,GO,Centro-Oeste,Problema com o freio,Tarde,2,0,0,0,1,0.0
2024,GO,Centro-Oeste,Problema na suspensão,Manhã,2,0,0,0,1,0.0
2024,GO,Centro-Oeste,Problema na suspensão,Noite,1,0,0,0,2,0.0
2024,GO,Centro-Oeste,Problema na suspensão,Tarde,3,0,0,0,1,0.0
2024,GO,Centro-Oeste,Reação tardia ou ineficiente do condutor,Madrugada,58,11,4,9,54,0.189655
2024,GO,Centro-Oeste,Reação tardia ou ineficiente do condutor,Manhã,143,29,5,29,172,0.202797
2024,GO,Centro-Oeste,Reação tardia ou ineficiente do condutor,Noite,139,39,6,42,163,0.280576
2024,GO,Centro-Oeste,Reação tardia ou ineficiente do condutor,Tarde,137,30,3,28,167,0.218978
2024,GO,Centro-Oeste,Restrição de visibilidade em curvas horizontais,Manhã,1,0,0,0,2,0.0
2024,GO,Centro-Oeste,Restrição de visibilidade em curvas horizontais,Noite,1,1,0,2,3,1.0
2024,GO,Centro-Oeste,Restrição de visibilidade em curvas horizontais,Tarde,1,1,0,2,3,1.0
2024,GO,Centro-Oeste,Retorno proibido,Madrugada,1,1,1,0,2,1.0
2024,GO,Centro-Oeste,Retorno proibido,Manhã,2,1,0,2,6,0.5
2024,GO,Centro-Oeste,Retorno proibido,Noite,2,0,0,0,1,0.0
2024,GO,Centro-Oeste,Retorno proibido,Tarde,4,1,0,3,8,0.25
2024,GO,Centro-Oeste,Sinalização mal posicionada,Madrugada,1,0,0,0,2,0.0
2024,GO,Centro-Oeste,Sinalização mal posicionada,Noite,3,2,0,2,4,0.666667
2024,GO,Centro-Oeste,Sinalização mal posicionada,Tarde,1,0,0,0,2,0.0
2024,GO,Centro-Oeste,Sistema de drenagem ineficiente,Tarde,1,0,0,0,1,0.0
2024,GO,Centro-Oeste,Suicídio (presumido),Madrugada,4,4,3,1,5,1.0
2024,GO,Centro-Oeste,Suicídio (presumido),Manhã,1,0,0,0,1,0.0
2024,GO,Centro-Oeste,Suicídio (presumido),Noite,3,1,1,0,3,0.333333
2024,GO,Centro-Oeste,Suicídio (presumido),Tarde,1,0,0,0,1,0.0
2024,GO,Centro-Oeste,Trafegar com motocicleta (ou similar) entre as faixas,Manhã,7,1,0,1,8,0.142857
2024,GO,Centro-Oeste,Trafegar com motocicleta (ou similar) entre as faixas,Noite,6,4,0,4,6,0.666667
2024,GO,Centro-Oeste,Trafegar com motocicleta (ou similar) entre as faixas,Tarde,10,5,0,5,14,0.5
2024,GO,Centro-Oeste,Transitar na contramão,Madrugada,8,7,4,5,12,0.875
2024,GO,Centro-Oeste,Transitar na contramão,Manhã,14,6,4,6,21,0.428571
2024,GO,Centro-Oeste,Transitar na contramão,Noite,30,17,23,12,60,0.566667
2024,GO,Centro-Oeste,Transitar na contramão,Tarde,16,12,7,12,38,0.75
2024,GO,Centro-Oeste,Transitar no acostamento,Madrugada,4,1,1,0,3,0.25
2024,GO,Centro-Oeste,Transitar no acostamento,Manhã,3,2,0,2,3,0.666667
2024,GO,Centro-Oeste,Transitar no acostamento,Noite,4,2,2,1,9,0.5
2024,GO,Centro-Oeste,Transitar no acostamento,Tarde,8,3,1,4,12,0.375
2024,GO,Centro-Oeste,Transtornos Mentais (exceto suicidio),Madrugada,1,1,1,0,1,1.0
2024,GO,Centro-Oeste,Transtornos Mentais (exceto suicidio),Manhã,2,2,1,1,2,1.0
2024,GO,Centro-Oeste,Transtornos Mentais (exceto suicidio),Noite,1,0,0,0,1,0.0
2024,GO,Centro-Oeste,Ultrapassagem Indevida,Madrugada,4,2,1,2,13,0.5
2024,GO,Centro-Oeste,Ultrapassagem Indevida,Manhã,12,4,1,5,24,0.333333
2024,GO,Centro-Oeste,Ultrapassagem Indevida,Noite,28,17,13,24,72,0.607143
2024,GO,Centro-Oeste,Ultrapassagem Indevida,Tarde,27,8,6,5,40,0.296296
2024,GO,Centro-Oeste,Velocidade Incompatível,Madrugada,21,6,3,5,19,0.285714
2024,GO,Centro-Oeste,Velocidade Incompatível,Manhã,41,11,2,11,50,0.268293
2024,GO,Centro-Oeste,Velocidade Incompatível,Noite,62,19,12,19,73,0.306452
2024,GO,Centro-Oeste,Velocidade Incompatível,Tarde,77,35,7,40,107,0.454545
2024,GO,Centro-Oeste,Área urbana sem a presença de local apropriado para a travessia de pedestres,Manhã,1,1,1,0,1,1.0
2024,GO,Centro-Oeste,Área urbana sem a presença de local apropriado para a travessia de pedestres,Noite,2,1,1,0,2,0.5
2024,GO,Centro-Oeste,Área urbana sem a presença de local apropriado para a travessia de pedestres,Tarde,1,1,0,2,2,1.0
2024,MA,Nordeste,Acessar a via sem observar a presença dos outros veículos,Madrugada,5,1,0,1,4,0.2
2024,MA,Nordeste,Acessar a via sem observar a presença dos outros veículos,Manhã,48,25,7,22,53,0.520833
2024,MA,Nordeste,Acessar a via sem observar a presença dos outros veículos,Noite,37,24,8,20,43,0.648649
2024,MA,Nordeste,Acessar a via sem observar a presença dos outros veículos,Tarde,57,28,5,26,66,0.491228
2024,MA,Nordeste,Acesso irregular,Manhã,6,2,1,1,4,0.333333
2024,MA,Nordeste,Acesso irregular,Noite,3,3,1,2,4,1.0
2024,MA,Nordeste,Acesso irregular,Tarde,8,5,2,5,11,0.625
2024,MA,Nordeste,Acostamento em desnível,Madrugada,1,1,0,1,1,1.0
2024,MA,Nordeste,Acostamento em desnível,Manhã,2,1,1,0,2,0.5
2024,MA,Nordeste,Acostamento em desnível,Noite,1,1,0,1,1,1.0
2024,MA,Nordeste,Acostamento em desnível,Tarde,3,2,1,1,5,0.666667
2024,MA,Nordeste,Acumulo de areia ou detritos sobre o pavimento,Manhã,1,1,0,1,4,1.0
2024,MA,Nordeste,Acumulo de areia ou detritos sobre o pavimento,Tarde,1,0,0,0,0,0.0
2024,MA,Nordeste,Acumulo de água sobre o pavimento,Madrugada,1,1,1,0,1,1.0
2024,MA,Nordeste,Acumulo de água sobre o pavimento,Manhã,2,0,0,0,5,0.0
2024,MA,Nordeste,Acumulo de óleo sobre o pavimento,Manhã,1,0,0,0,0,0.0
2024,MA,Nordeste,Afundamento ou ondulação no pavimento,Noite,2,1,0,1,2,0.5
2024,MA,Nordeste,Animais na Pista,Madrugada,10,4,2,6,13,0.4
2024,MA,Nordeste,Animais na Pista,Noite,17,6,3,6,24,0.352941
2024,MA,Nordeste,Animais na Pista,Tarde,2,1,0,1,3,0.5
2024,MA,Nordeste,Ausência de reação do condutor,Madrugada,26,16,13,5,34,0.615385
2024,MA,Nordeste,Ausência de reação do condutor,Manhã,17,7,3,4,17,0.411765
2024,MA,Nordeste,Ausência de reação do condutor,Noite,57,38,25,26,77,0.666667
2024,MA,Nordeste,Ausência de reação do condutor,Tarde,37,14,5,12,44,0.378378
2024,MA,Nordeste,Ausência de sinalização,Madrugada,2,1,0,1,1,0.5
2024,MA,Nordeste,Ausência de sinalização,Noite,1,0,0,0,1,0.0
2024,MA,Nordeste,Ausência de sinalização,Tarde,1,0,0,0,1,0.0
2024,MA,Nordeste,Avarias e/ou desgaste excessivo no pneu,Manhã,1,0,0,0,1,0.0
2024,MA,Nordeste,Avarias e/ou desgaste excessivo no pneu,Noite,1,0,0,0,1,0.0
2024,MA,Nordeste,Avarias e/ou desgaste excessivo no pneu,Tarde,7,1,0,1,11,0.142857
2024,MA,Nordeste,Carga excessiva e/ou mal acondicionada,Noite,1,0,0,0,1,0.0
2024,MA,Nordeste,Carga excessiva e/ou mal acondicionada,Tarde,1,1,0,1,1,1.0
2024,MA,Nordeste,Chuva,Noite,4,1,1,1,5,0.25
2024,MA,Nordeste,Chuva,Tarde,5,1,0,1,5,0.2
2024,MA,Nordeste,Condutor Dormindo,Madrugada,11,5,3,4,16,0.454545
2024,MA,Nordeste,Condutor Dormindo,Manhã,8,4,1,3,9,0.5
2024,MA,Nordeste,Condutor Dormindo,Noite,5,4,1,3,5,0.8
2024,MA,Nordeste,Condutor Dormindo,Tarde,4,2,0,2,4,0.5
2024,MA,Nordeste,Condutor deixou de manter distância do veículo da frente,Madrugada,6,3,1,2,7,0.5
2024,MA,Nordeste,Condutor deixou de manter distância do veículo da frente,Manhã,25,9,2,7,26,0.36
2024,MA,Nordeste,Condutor deixou de manter distância do veículo da frente,Noite,17,8,4,6,21,0.470588
2024,MA,Nordeste,Condutor deixou de manter distância do veículo da frente,Tarde,20,8,1,7,22,0.4
2024,MA,Nordeste,Condutor desrespeitou a iluminação vermelha do semáforo,Manhã,1,0,0,0,0,0.0
2024,MA,Nordeste,Condutor desrespeitou a iluminação vermelha do semáforo,Noite,6,4,0,4,6,0.666667
2024,MA,Nordeste,Condutor desrespeitou a iluminação vermelha do semáforo,Tarde,3,0,0,0,2,0.0
2024,MA,Nordeste,Condutor usando celular,Manhã,1,0,0,0,0,0.0
2024,MA,Nordeste,Conversão proibida,Madrugada,1,1,0,1,1,1.0
2024,MA,Nordeste,Conversão proibida,Manhã,5,4,1,5,13,0.8
2024,MA,Nordeste,Conversão proibida,Noite,6,0,0,0,5,0.0
2024,MA,Nordeste,Conversão proibida,Tarde,9,7,7,5,16,0.777778
2024,MA,Nordeste,Curva acentuada,Madrugada,1,0,0,0,1,0.0
2024,MA,Nordeste,Curva acentuada,Manhã,2,1,0,1,1,0.5
2024,MA,Nordeste,Deficiência do Sistema de Iluminação/Sinalização,Madrugada,1,1,0,2,2,1.0
2024,MA,Nordeste,Deficiência do Sistema de Iluminação/Sinalização,Noite,3,3,3,2,6,1.0
2024,MA,Nordeste,Deixar de acionar o farol da motocicleta (ou similar),Noite,1,1,0,1,1,1.0
2024,MA,Nordeste,Demais falhas mecânicas ou elétricas,Madrugada,4,0,0,0,0,0.0
2024,MA,Nordeste,Demais falhas mecânicas ou elétricas,Manhã,8,2,0,3,10,0.25
2024,MA,Nordeste,Demais falhas mecânicas ou elétricas,Noite,8,0,0,0,0,0.0
2024,MA,Nordeste,Demais falhas mecânicas ou elétricas,Tarde,11,3,1,3,8,0.272727
2024,MA,Nordeste,Demais falhas na via,Madrugada,2,1,0,1,2,0.5
2024,MA,Nordeste,Demais falhas na via,Manhã,4,2,1,1,5,0.5
2024,MA,Nordeste,Demais falhas na via,Tarde,4,1,0,1,4,0.25
2024,MA,Nordeste,Desrespeitar a preferência no cruzamento,Manhã,5,1,0,1,8,0.2
2024,MA,Nordeste,Desrespeitar a preferência no cruzamento,Noite,1,0,0,0,1,0.0
2024,MA,Nordeste,Desrespeitar a preferência no cruzamento,Tarde,7,3,0,3,10,0.428571
2024,MA,Nordeste,Entrada inopinada do pedestre,Madrugada,3,1,1,0,3,0.333333
2024,MA,Nordeste,Entrada inopinada do pedestre,Manhã,4,3,0,3,5,0.75
2024,MA,Nordeste,Entrada inopinada do pedestre,Noite,6,6,6,0,6,1.0
2024,MA,Nordeste,Entrada inopinada do pedestre,Tarde,3,1,0,1,3,0.333333
2024,MA,Nordeste,Estacionar ou parar em local proibido,Madrugada,2,0,0,0,2,0.0
2024,MA,Nordeste,Estacionar ou parar em local proibido,Tarde,1,0,0,0,2,0.0
2024,MA,Nordeste,Falta de elemento de contenção que evite a saída do leito carroçável,Madrugada,1,0,0,0,0,0.0
2024,MA,Nordeste,Falta de elemento de contenção que evite a saída do leito carroçável,Noite,1,1,0,1,1,1.0
2024,MA,Nordeste,Frear bruscamente,Manhã,3,0,0,0,2,0.0
2024,MA,Nordeste,Frear bruscamente,Tarde,2,0,0,0,0,0.0
2024,MA,Nordeste,Fumaça,Tarde,1,0,0,0,0,0.0
2024,MA,Nordeste,Iluminação deficiente,Noite,1,1,1,0,1,1.0
2024,MA,Nordeste,Ingestão de substâncias psicoativas pelo condutor,Noite,2,1,1,0,1,0.5
2024,MA,Nordeste,Ingestão de substâncias psicoativas pelo condutor,Tarde,1,0,0,0,0,0.0
2024,MA,Nordeste,Ingestão de álcool pelo condutor,Madrugada,13,4,4,2,13,0.307692
2024,MA,Nordeste,Ingestão de álcool pelo condutor,Manhã,6,2,2,0,6,0.333333
2024,MA,Nordeste,Ingestão de álcool pelo condutor,Noite,28,9,5,6,32,0.321429
2024,MA,Nordeste,Ingestão de álcool pelo condutor,Tarde,14,9,3,7,13,0.642857
2024,MA,Nordeste,Mal súbito do condutor,Madrugada,1,1,1,0,2,1.0
2024,MA,Nordeste,Mal súbito do condutor,Tarde,4,2,1,1,4,0.5
2024,MA,Nordeste,Manobra de mudança de faixa,Madrugada,9,6,4,4,21,0.666667
2024,MA,Nordeste,Manobra de mudança de faixa,Manhã,26,10,2,9,34,0.384615
2024,MA,Nordeste,Manobra de mudança de faixa,Noite,24,16,11,12,34,0.666667
2024,MA,Nordeste,Manobra de mudança de faixa,Tarde,21,8,4,15,29,0.380952
2024,MA,Nordeste,Neblina,Noite,1,1,1,0,1,1.0
2024,MA,Nordeste,Objeto estático sobre o leito carroçável,Noite,2,1,0,1,4,0.5
2024,MA,Nordeste,Pedestre - Ingestão de álcool/ substâncias psicoativas,Madrugada,1,1,1,0,1,1.0
2024,MA,Nordeste,Pedestre - Ingestão de álcool/ substâncias psicoativas,Noite,2,2,1,1,2,1.0
2024,MA,Nordeste,Pedestre andava na pista,Madrugada,6,5,4,1,7,0.833333
2024,MA,Nordeste,Pedestre andava na pista,Noite,4,4,3,1,4,1.0
2024,MA,Nordeste,Pedestre cruzava a pista fora da faixa,Manhã,2,1,0,1,2,0.5
2024,MA,Nordeste,Pedestre cruzava a pista fora da faixa,Noite,3,3,2,2,4,1.0
2024,MA,Nordeste,Pista Escorregadia,Madrugada,1,0,0,0,0,0.0
2024,MA,Nordeste,Pista Escorregadia,Manhã,1,0,0,0,1,0.0
2024,MA,Nordeste,Pista Escorregadia,Tarde,3,1,0,2,4,0.333333
2024,MA,Nordeste,Pista esburacada,Manhã,3,1,2,1,4,0.333333
2024,MA,Nordeste,Pista esburacada,Noite,2,1,1,0,2,0.5
2024,MA,Nordeste,Pista esburacada,Tarde,7,5,3,4,11,0.714286
2024,MA,Nordeste,Problema com o freio,Manhã,2,0,0,0,1,0.0
2024,MA,Nordeste,Problema com o freio,Noite,1,0,0,0,0,0.0
2024,MA,Nordeste,Problema com o freio,Tarde,1,0,0,0,0,0.0
2024,MA,Nordeste,Reação tardia ou ineficiente do condutor,Madrugada,18,8,5,9,22,0.444444
2024,MA,Nordeste,Reação tardia ou ineficiente do condutor,Manhã,51,21,8,16,62,0.411765
2024,MA,Nordeste,Reação tardia ou ineficiente do condutor,Noite,35,21,9,23,50,0.6
2024,MA,Nordeste,Reação tardia ou ineficiente do condutor,Tarde,47,16,6,16,73,0.340426
2024,MA,Nordeste,Retorno proibido,Madrugada,1,1,0,1,1,1.0
2024,MA,Nordeste,Retorno proibido,Manhã,1,0,0,0,1,0.0
2024,MA,Nordeste,Retorno proibido,Noite,2,0,0,0,1,0.0
2024,MA,Nordeste,Retorno proibido,Tarde,6,5,1,10,14,0.833333
2024,MA,Nordeste,Suicídio (presumido),Manhã,1,1,1,0,1,1.0
2024,MA,Nordeste,Suicídio (presumido),Tarde,1,1,1,0,3,1.0
2024,MA,Nordeste,Trafegar com motocicleta (ou similar) entre as faixas,Manhã,3,1,0,1,4,0.333333
2024,MA,Nordeste,Transitar na contramão,Madrugada,11,8,8,4,19,0.727273
2024,MA,Nordeste,Transitar na contramão,Manhã,12,7,4,10,26,0.583333
2024,MA,Nordeste,Transitar na contramão,Noite,52,40,30,35,91,0.769231
2024,MA,Nordeste,Transitar na contramão,Tarde,26,21,9,27,56,0.807692
2024,MA,Nordeste,Transitar no acostamento,Manhã,4,2,1,1,4,0.5
2024,MA,Nordeste,Transitar no acostamento,Noite,3,1,0,1,4,0.333333
2024,MA,Nordeste,Transitar no acostamento,Tarde,8,2,2,1,11,0.25
2024,MA,Nordeste,Transtornos Mentais (exceto suicidio),Tarde,1,1,0,1,1,1.0
2024,MA,Nordeste,Ultrapassagem Indevida,Madrugada,6,4,1,3,8,0.666667
2024,MA,Nordeste,Ultrapassagem Indevida,Manhã,13,7,5,9,24,0.538462
2024,MA,Nordeste,Ultrapassagem Indevida,Noite,13,9,7,11,22,0.692308
2024,MA,Nordeste,Ultrapassagem Indevida,Tarde,23,13,5,9,32,0.565217
2024,MA,Nordeste,Velocidade Incompatível,Madrugada,2,1,3,0,5,0.5
2024,MA,Nordeste,Velocidade Incompatível,Manhã,6,3,4,1,9,0.5
2024,MA,Nordeste,Velocidade Incompatível,Noite,9,3,1,2,12,0.333333
2024,MA,Nordeste,Velocidade Incompatível,Tarde,5,2,0,3,8,0.4
2024,MG,Sudeste,Acessar a via sem observar a presença dos outros veículos,Madrugada,29,16,8,12,49,0.551724
2024,MG,Sudeste,Acessar a via sem observar a presença dos outros veículos,Manhã,185,67,5,72,273,0.362162
2024,MG,Sudeste,Acessar a via sem observar a presença dos outros veículos,Noite,197,82,16,98,287,0.416244
2024,MG,Sudeste,Acessar a via sem observar a presença dos outros veículos,Tarde,216,61,9,69,317,0.282407
2024,MG,Sudeste,Acesso irregular,Madrugada,7,5,1,7,10,0.714286
2024,MG,Sudeste,Acesso irregular,Manhã,26,10,2,10,38,0.384615
2024,MG,Sudeste,Acesso irregular,Noite,20,7,0,8,22,0.35
2024,MG,Sudeste,Acesso irregular,Tarde,29,12,1,11,44,0.413793
2024,MG,Sudeste,Acostamento em desnível,Madrugada,2,1,1,1,3,0.5
2024,MG,Sudeste,Acostamento em desnível,Manhã,2,0,0,0,1,0.0
2024,MG,Sudeste,Acostamento em desnível,Noite,3,0,0,0,3,0.0
2024,MG,Sudeste,Acostamento em desnível,Tarde,1,1,1,0,1,1.0
2024,MG,Sudeste,Acumulo de areia ou detritos sobre o pavimento,Madrugada,3,0,0,0,4,0.0
2024,MG,Sudeste,Acumulo de areia ou detritos sobre o pavimento,Manhã,6,1,0,2,9,0.166667
2024,MG,Sudeste,Acumulo de areia ou detritos sobre o pavimento,Noite,11,2,0,2,11,0.181818
2024,MG,Sudeste,Acumulo de areia ou detritos sobre o pavimento,Tarde,6,1,0,2,7,0.166667
2024,MG,Sudeste,Acumulo de água sobre o pavimento,Madrugada,10,3,3,1,21,0.3
2024,MG,Sudeste,Acumulo de água sobre o pavimento,Manhã,16,3,0,5,28,0.1875
2024,MG,Sudeste,Acumulo de água sobre o pavimento,Noite,10,6,1,9,14,0.6
2024,MG,Sudeste,Acumulo de água sobre o pavimento,Tarde,36,11,1,16,63,0.305556
2024,MG,Sudeste,Acumulo de óleo sobre o pavimento,Madrugada,2,1,0,1,2,0.5
2024,MG,Sudeste,Acumulo de óleo sobre o pavimento,Manhã,17,2,0,2,27,0.117647
2024,MG,Sudeste,Acumulo de óleo sobre o pavimento,Noite,2,0,0,0,2,0.0
2024,MG,Sudeste,Acumulo de óleo sobre o pavimento,Tarde,21,1,0,2,26,0.047619
2024,MG,Sudeste,Afundamento ou ondulação no pavimento,Madrugada,2,2,0,2,2,1.0
2024,MG,Sudeste,Afundamento ou ondulação no pavimento,Manhã,7,4,1,3,10,0.571429
2024,MG,Sudeste,Afundamento ou ondulação no pavimento,Noite,10,2,0,2,15,0.2
2024,MG,Sudeste,Afundamento ou ondulação no pavimento,Tarde,22,3,2,1,26,0.136364
2024,MG,Sudeste,Animais na Pista,Madrugada,54,13,3,13,62,0.240741
2024,MG,Sudeste,Animais na Pista,Manhã,19,4,0,5,20,0.210526
2024,MG,Sudeste,Animais na Pista,Noite,82,22,5,19,99,0.268293
2024,MG,Sudeste,Animais na Pista,Tarde,12,4,0,4,12,0.333333
2024,MG,Sudeste,Ausência de reação do condutor,Madrugada,222,68,20,65,334,0.306306
2024,MG,Sudeste,Ausência de reação do condutor,Manhã,454,123,27,130,582,0.270925
2024,MG,Sudeste,Ausência de reação do condutor,Noite,399,100,27,96,460,0.250627
2024,MG,Sudeste,Ausência de reação do condutor,Tarde,477,119,24,117,630,0.249476
2024,MG,Sudeste,Ausência de sinalização,Madrugada,3,1,1,0,4,0.333333
2024,MG,Sudeste,Ausência de sinalização,Manhã,4,2,0,2,5,0.5
2024,MG,Sudeste,Ausência de sinalização,Noite,10,6,1,5,11,0.6
2024,MG,Sudeste,Ausência de sinalização,Tarde,2,1,0,1,2,0.5
2024,MG,Sudeste,Avarias e/ou desgaste excessivo no pneu,Madrugada,8,2,0,3,14,0.25
2024,MG,Sudeste,Avarias e/ou desgaste excessivo no pneu,Manhã,42,8,0,12,55,0.190476
2024,MG,Sudeste,Avarias e/ou desgaste excessivo no pneu,Noite,21,4,0,5,24,0.190476
2024,MG,Sudeste,Avarias e/ou desgaste excessivo no pneu,Tarde,60,12,1,16,94,0.2
2024,MG,Sudeste,Carga excessiva e/ou mal acondicionada,Madrugada,8,3,37,7,53,0.375
2024,MG,Sudeste,Carga excessiva e/ou mal acondicionada,Manhã,10,1,0,1,5,0.1
2024,MG,Sudeste,Carga excessiva e/ou mal acondicionada,Noite,11,0,0,0,9,0.0
2024,MG,Sudeste,Carga excessiva e/ou mal acondicionada,Tarde,21,2,2,1,18,0.095238
2024,MG,Sudeste,Chuva,Madrugada,12,2,1,1,15,0.166667
2024,MG,Sudeste,Chuva,Manhã,75,12,0,13,101,0.16
2024,MG,Sudeste,Chuva,Noite,39,6,1,5,43,0.153846
2024,MG,Sudeste,Chuva,Tarde,108,17,6,24,177,0.157407
2024,MG,Sudeste,Condutor Dormindo,Madrugada,155,52,13,47,227,0.335484
2024,MG,Sudeste,Condutor Dormindo,Manhã,101,28,7,35,166,0.277228
2024,MG,Sudeste,Condutor Dormindo,Noite,66,19,15,18,103,0.287879
2024,MG,Sudeste,Condutor Dormindo,Tarde,80,18,2,23,123,0.225
2024,MG,Sudeste,Condutor deixou de manter distância do veículo da frente,Madrugada,11,1,0,1,9,0.090909
2024,MG,Sudeste,Condutor deixou de manter distância do veículo da frente,Manhã,171,38,1,43,215,0.222222
2024,MG,Sudeste,Condutor deixou de manter distância do veículo da frente,Noite,68,14,3,12,90,0.205882
2024,MG,Sudeste,Condutor deixou de manter distância do veículo da frente,Tarde,152,32,1,33,178,0.210526
2024,MG,Sudeste,Condutor desrespeitou a iluminação vermelha do semáforo,Tarde,1,0,0,0,2,0.0
2024,MG,Sudeste,Condutor usando celular,Manhã,5,2,0,3,6,0.4
2024,MG,Sudeste,Condutor usando celular,Tarde,6,2,0,4,9,0.333333
2024,MG,Sudeste,Conversão proibida,Madrugada,3,0,0,0,2,0.0
2024,MG,Sudeste,Conversão proibida,Manhã,36,19,4,19,50,0.527778
2024,MG,Sudeste,Conversão proibida,Noite,39,12,1,11,53,0.307692
2024,MG,Sudeste,Conversão proibida,Tarde,46,17,4,20,65,0.369565
2024,MG,Sudeste,Curva acentuada,Madrugada,7,1,0,2,8,0.142857
2024,MG,Sudeste,Curva acentuada,Manhã,17,2,0,2,30,0.117647
2024,MG,Sudeste,Curva acentuada,Noite,4,0,0,0,3,0.0
2024,MG,Sudeste,Curva acentuada,Tarde,14,3,1,3,17,0.214286
2024,MG,Sudeste,Declive acentuado,Manhã,1,0,0,0,1,0.0
2024,MG,Sudeste,Declive acentuado,Tarde,2,1,1,0,2,0.5
2024,MG,Sudeste,Deficiência do Sistema de Iluminação/Sinalização,Madrugada,3,1,1,0,5,0.333333
2024,MG,Sudeste,Deficiência do Sistema de Iluminação/Sinalização,Noite,9,2,1,2,10,0.222222
2024,MG,Sudeste,Deficiência do Sistema de Iluminação/Sinalização,Tarde,2,1,0,2,3,0.5
2024,MG,Sudeste,Deixar de acionar o farol da motocicleta (ou similar),Noite,1,1,0,1,1,1.0
2024,MG,Sudeste,Demais Fenômenos da natureza,Madrugada,2,0,0,0,3,0.0
2024,MG,Sudeste,Demais Fenômenos da natureza,Manhã,2,0,0,0,3,0.0
2024,MG,Sudeste,Demais Fenômenos da natureza,Noite,2,1,3,2,6,0.5
2024,MG,Sudeste,Demais Fenômenos da natureza,Tarde,5,1,0,1,4,0.2
2024,MG,Sudeste,Demais falhas mecânicas ou elétricas,Madrugada,72,7,0,10,38,0.097222
2024,MG,Sudeste,Demais falhas mecânicas ou elétricas,Manhã,147,20,2,19,126,0.136054
2024,MG,Sudeste,Demais falhas mecânicas ou elétricas,Noite,130,11,0,14,73,0.084615
2024,MG,Sudeste,Demais falhas mecânicas ou elétricas,Tarde,183,24,9,57,216,0.131148
2024,MG,Sudeste,Demais falhas na via,Madrugada,2,0,0,0,2,0.0
2024,MG,Sudeste,Demais falhas na via,Manhã,8,1,0,1,9,0.125
2024,MG,Sudeste,Demais falhas na via,Noite,9,2,2,1,12,0.222222
2024,MG,Sudeste,Demais falhas na via,Tarde,11,3,0,3,14,0.272727
2024,MG,Sudeste,Desrespeitar a preferência no cruzamento,Madrugada,3,1,0,1,5,0.333333
2024,MG,Sudeste,Desrespeitar a preferência no cruzamento,Manhã,40,10,0,11,52,0.25
2024,MG,Sudeste,Desrespeitar a preferência no cruzamento,Noite,36,11,1,11,46,0.305556
2024,MG,Sudeste,Desrespeitar a preferência no cruzamento,Tarde,40,12,0,13,52,0.3
2024,MG,Sudeste,Desvio temporário,Madrugada,1,1,0,1,1,1.0
2024,MG,Sudeste,Desvio temporário,Tarde,1,1,0,1,1,1.0
2024,MG,Sudeste,Entrada inopinada do pedestre,Madrugada,9,6,2,4,10,0.666667
2024,MG,Sudeste,Entrada inopinada do pedestre,Manhã,12,8,0,8,14,0.666667
2024,MG,Sudeste,Entrada inopinada do pedestre,Noite,31,22,12,10,41,0.709677
2024,MG,Sudeste,Entrada inopinada do pedestre,Tarde,14,11,4,9,16,0.785714
2024,MG,Sudeste,Estacionar ou parar em local proibido,Madrugada,3,0,0,0,3,0.0
2024,MG,Sudeste,Estacionar ou parar em local proibido,Manhã,5,4,0,5,7,0.8
2024,MG,Sudeste,Estacionar ou parar em local proibido,Noite,7,3,0,3,10,0.428571
2024,MG,Sudeste,Estacionar ou parar em local proibido,Tarde,6,4,1,3,9,0.666667
2024,MG,Sudeste,Falta de acostamento,Manhã,2,2,0,2,2,1.0
2024,MG,Sudeste,Falta de acostamento,Noite,3,3,3,0,3,1.0
2024,MG,Sudeste,Falta de acostamento,Tarde,4,0,0,0,4,0.0
2024,MG,Sudeste,Falta de elemento de contenção que evite a saída do leito carroçável,Madrugada,6,1,1,0,9,0.166667
2024,MG,Sudeste,Falta de elemento de contenção que evite a saída do leito carroçável,Manhã,4,1,1,0,3,0.25
2024,MG,Sudeste,Falta de elemento de contenção que evite a saída do leito carroçável,Noite,1,0,0,0,1,0.0
2024,MG,Sudeste,Falta de elemento de contenção que evite a saída do leito carroçável,Tarde,1,1,1,1,2,1.0
2024,MG,Sudeste,Frear bruscamente,Manhã,6,1,0,1,10,0.166667
2024,MG,Sudeste,Frear bruscamente,Noite,4,1,0,1,4,0.25
2024,MG,Sudeste,Frear bruscamente,Tarde,12,2,0,4,15,0.166667
2024,MG,Sudeste,Fumaça,Madrugada,3,1,0,1,5,0.333333
2024,MG,Sudeste,Fumaça,Manhã,4,1,0,1,7,0.25
2024,MG,Sudeste,Fumaça,Tarde,3,0,0,0,5,0.0
2024,MG,Sudeste,Iluminação deficiente,Madrugada,3,3,0,3,3,1.0
2024,MG,Sudeste,Iluminação deficiente,Noite,5,3,2,1,10,0.6
2024,MG,Sudeste,Ingestão de substâncias psicoativas pelo condutor,Madrugada,6,0,0,0,3,0.0
2024,MG,Sudeste,Ingestão de substâncias psicoativas pelo condutor,Manhã,2,0,0,0,2,0.0
2024,MG,Sudeste,Ingestão de substâncias psicoativas pelo condutor,Noite,2,0,0,0,3,0.0
2024,MG,Sudeste,Ingestão de substâncias psicoativas pelo condutor,Tarde,1,0,0,0,0,0.0
2024,MG,Sudeste,Ingestão de álcool pelo condutor,Madrugada,80,19,3,20,79,0.2375
2024,MG,Sudeste,Ingestão de álcool pelo condutor,Manhã,27,3,0,3,25,0.111111
2024,MG,Sudeste,Ingestão de álcool pelo condutor,Noite,167,34,10,37,142,0.203593
2024,MG,Sudeste,Ingestão de álcool pelo condutor,Tarde,74,12,4,13,64,0.162162
2024,MG,Sudeste,Mal súbito do condutor,Madrugada,4,1,1,0,4,0.25
2024,MG,Sudeste,Mal súbito do condutor,Manhã,29,7,1,6,35,0.241379
2024,MG,Sudeste,Mal súbito do condutor,Noite,10,2,0,2,13,0.2
2024,MG,Sudeste,Mal súbito do condutor,Tarde,47,18,8,23,87,0.382979
2024,MG,Sudeste,Manobra de mudança de faixa,Madrugada,18,6,1,6,18,0.333333
2024,MG,Sudeste,Manobra de mudança de faixa,Manhã,145,23,4,22,171,0.158621
2024,MG,Sudeste,Manobra de mudança de faixa,Noite,80,17,5,17,109,0.2125
2024,MG,Sudeste,Manobra de mudança de faixa,Tarde,151,35,10,38,182,0.231788
2024,MG,Sudeste,Neblina,Madrugada,5,1,0,1,6,0.2
2024,MG,Sudeste,Neblina,Manhã,5,2,1,1,5,0.4
2024,MG,Sudeste,Neblina,Noite,2,1,0,1,2,0.5
2024,MG,Sudeste,Objeto estático sobre o leito carroçável,Madrugada,9,4,2,6,17,0.444444
2024,MG,Sudeste,Objeto estático sobre o leito carroçável,Manhã,15,5,0,5,21,0.333333
2024,MG,Sudeste,Objeto estático sobre o leito carroçável,Noite,28,9,2,8,39,0.321429
2024,MG,Sudeste,Objeto estático sobre o leito carroçável,Tarde,16,3,0,3,18,0.1875
2024,MG,Sudeste,Participar de racha,Noite,3,2,1,1,2,0.666667
2024,MG,Sudeste,Pedestre - Ingestão de álcool/ substâncias psicoativas,Madrugada,2,2,0,2,2,1.0
2024,MG,Sudeste,Pedestre - Ingestão de álcool/ substâncias psicoativas,Manhã,1,1,0,1,2,1.0
2024,MG,Sudeste,Pedestre - Ingestão de álcool/ substâncias psicoativas,Noite,12,6,1,5,13,0.5
2024,MG,Sudeste,Pedestre - Ingestão de álcool/ substâncias psicoativas,Tarde,1,0,0,0,1,0.0
2024,MG,Sudeste,Pedestre andava na pista,Madrugada,20,15,9,7,27,0.75
2024,MG,Sudeste,Pedestre andava na pista,Manhã,16,11,6,5,16,0.6875
2024,MG,Sudeste,Pedestre andava na pista,Noite,48,40,24,19,60,0.833333
2024,MG,Sudeste,Pedestre andava na pista,Tarde,15,8,1,7,16,0.533333
2024,MG,Sudeste,Pedestre cruzava a pista fora da faixa,Madrugada,8,8,4,4,9,1.0
2024,MG,Sudeste,Pedestre cruzava a pista fora da faixa,Manhã,9,3,0,3,10,0.333333
2024,MG,Sudeste,Pedestre cruzava a pista fora da faixa,Noite,26,18,9,12,29,0.692308
2024,MG,Sudeste,Pedestre cruzava a pista fora da faixa,Tarde,14,7,2,5,19,0.5
2024,MG,Sudeste,Pista Escorregadia,Madrugada,13,4,0,4,14,0.307692
2024,MG,Sudeste,Pista Escorregadia,Manhã,35,7,3,7,59,0.2
2024,MG,Sudeste,Pista Escorregadia,Noite,15,5,0,7,22,0.333333
2024,MG,Sudeste,Pista Escorregadia,Tarde,45,7,1,6,73,0.155556
2024,MG,Sudeste,Pista esburacada,Madrugada,2,0,0,0,5,0.0
2024,MG,Sudeste,Pista esburacada,Manhã,11,3,0,3,12,0.272727
2024,MG,Sudeste,Pista esburacada,Noite,8,2,0,2,12,0.25
2024,MG,Sudeste,Pista esburacada,Tarde,11,2,0,4,16,0.181818
2024,MG,Sudeste,Problema com o freio,Madrugada,7,3,2,1,6,0.428571
2024,MG,Sudeste,Problema com o freio,Manhã,10,3,1,2,7,0.3
2024,MG,Sudeste,Problema com o freio,Noite,5,2,0,3,9,0.4
2024,MG,Sudeste,Problema com o freio,Tarde,15,4,0,9,22,0.266667
2024,MG,Sudeste,Problema na suspensão,Manhã,2,0,0,0,3,0.0
2024,MG,Sudeste,Problema na suspensão,Noite,4,3,0,3,5,0.75
2024,MG,Sudeste,Problema na suspensão,Tarde,6,2,1,1,13,0.333333
2024,MG,Sudeste,Reação tardia ou ineficiente do condutor,Madrugada,146,33,22,35,210,0.226027
2024,MG,Sudeste,Reação tardia ou ineficiente do condutor,Manhã,336,60,14,60,434,0.178571
2024,MG,Sudeste,Reação tardia ou ineficiente do condutor,Noite,268,77,19,74,316,0.287313
2024,MG,Sudeste,Reação tardia ou ineficiente do condutor,Tarde,382,101,20,109,492,0.264398
2024,MG,Sudeste,Restrição de visibilidade em curvas horizontais,Madrugada,1,0,0,0,0,0.0
2024,MG,Sudeste,Restrição de visibilidade em curvas horizontais,Manhã,3,1,0,1,4,0.333333
2024,MG,Sudeste,Restrição de visibilidade em curvas horizontais,Noite,1,0,0,0,2,0.0
2024,MG,Sudeste,Restrição de visibilidade em curvas horizontais,Tarde,1,0,0,0,1,0.0
2024,MG,Sudeste,Retorno proibido,Madrugada,3,1,0,1,1,0.333333
2024,MG,Sudeste,Retorno proibido,Manhã,22,8,1,9,29,0.363636
2024,MG,Sudeste,Retorno proibido,Noite,15,2,0,2,22,0.133333
2024,MG,Sudeste,Retorno proibido,Tarde,19,11,1,13,33,0.578947
2024,MG,Sudeste,Sinalização mal posicionada,Madrugada,1,1,0,1,1,1.0
2024,MG,Sudeste,Sinalização mal posicionada,Manhã,1,0,0,0,0,0.0
2024,MG,Sudeste,Sinalização mal posicionada,Noite,3,0,0,0,3,0.0
2024,MG,Sudeste,Sistema de drenagem ineficiente,Tarde,1,0,0,0,1,0.0
2024,MG,Sudeste,Suicídio (presumido),Madrugada,3,2,1,2,3,0.666667
2024,MG,Sudeste,Suicídio (presumido),Manhã,4,4,2,2,4,1.0
2024,MG,Sudeste,Suicídio (presumido),Noite,7,5,1,4,8,0.714286
2024,MG,Sudeste,Suicídio (presumido),Tarde,12,10,6,4,12,0.833333
2024,MG,Sudeste,Trafegar com motocicleta (ou similar) entre as faixas,Madrugada,1,0,0,0,1,0.0
2024,MG,Sudeste,Trafegar com motocicleta (ou similar) entre as faixas,Manhã,48,21,9,14,57,0.4375
2024,MG,Sudeste,Trafegar com motocicleta (ou similar) entre as faixas,Noite,18,9,2,8,21,0.5
2024,MG,Sudeste,Trafegar com motocicleta (ou similar) entre as faixas,Tarde,34,8,1,8,41,0.235294
2024,MG,Sudeste,Transitar na contramão,Madrugada,46,26,20,40,130,0.565217
2024,MG,Sudeste,Transitar na contramão,Manhã,59,37,17,32,140,0.627119
2024,MG,Sudeste,Transitar na contramão,Noite,101,71,43,63,190,0.70297
2024,MG,Sudeste,Transitar na contramão,Tarde,78,41,29,47,165,0.525641
2024,MG,Sudeste,Transitar no acostamento,Madrugada,6,3,3,0,5,0.5
2024,MG,Sudeste,Transitar no acostamento,Manhã,28,13,1,15,35,0.464286
2024,MG,Sudeste,Transitar no acostamento,Noite,27,14,4,15,31,0.518519
2024,MG,Sudeste,Transitar no acostamento,Tarde,19,6,0,6,18,0.315789
2024,MG,Sudeste,Transtornos Mentais (exceto suicidio),Madrugada,1,1,1,0,1,1.0
2024,MG,Sudeste,Transtornos Mentais (exceto suicidio),Manhã,1,0,0,0,0,0.0
2024,MG,Sudeste,Transtornos Mentais (exceto suicidio),Noite,4,2,0,2,5,0.5
2024,MG,Sudeste,Transtornos Mentais (exceto suicidio),Tarde,2,0,0,0,2,0.0
2024,MG,Sudeste,Ultrapassagem Indevida,Madrugada,11,5,1,7,23,0.454545
2024,MG,Sudeste,Ultrapassagem Indevida,Manhã,53,30,12,32,95,0.566038
2024,MG,Sudeste,Ultrapassagem Indevida,Noite,60,30,20,31,116,0.5
2024,MG,Sudeste,Ultrapassagem Indevida,Tarde,87,36,15,46,177,0.413793
2024,MG,Sudeste,Velocidade Incompatível,Madrugada,137,41,12,46,194,0.29927
2024,MG,Sudeste,Velocidade Incompatível,Manhã,408,126,24,143,608,0.308824
2024,MG,Sudeste,Velocidade Incompatível,Noite,242,79,33,73,383,0.326446
2024,MG,Sudeste,Velocidade Incompatível,Tarde,412,110,35,114,625,0.26699
2024,MG,Sudeste,Área urbana sem a presença de local apropriado para a travessia de pedestres,Noite,3,3,1,2,3,1.0
2024,MG,Sudeste,Área urbana sem a presença de local apropriado para a travessia de pedestres,Tarde,1,0,0,0,1,0.0
2024,MS,Centro-Oeste,Acessar a via sem observar a presença dos outros veículos,Madrugada,7,5,3,4,8,0.714286
2024,MS,Centro-Oeste,Acessar a via sem observar a presença dos outros veículos,Manhã,63,20,2,20,77,0.31746
2024,MS,Centro-Oeste,Acessar a via sem observar a presença dos outros veículos,Noite,67,26,1,34,98,0.38806
2024,MS,Centro-Oeste,Acessar a via sem observar a presença dos outros veículos,Tarde,67,23,4,22,84,0.343284
2024,MS,Centro-Oeste,Acesso irregular,Madrugada,1,1,0,1,1,1.0
2024,MS,Centro-Oeste,Acesso irregular,Manhã,7,3,0,4,8,0.428571
2024,MS,Centro-Oeste,Acesso irregular,Noite,7,6,1,5,11,0.857143
2024,MS,Centro-Oeste,Acesso irregular,Tarde,7,2,0,2,8,0.285714
2024,MS,Centro-Oeste,Acostamento em desnível,Tarde,2,1,0,1,2,0.5
2024,MS,Centro-Oeste,Acumulo de areia ou detritos sobre o pavimento,Madrugada,1,0,0,0,0,0.0
2024,MS,Centro-Oeste,Acumulo de areia ou detritos sobre o pavimento,Manhã,2,0,0,0,1,0.0
2024,MS,Centro-Oeste,Acumulo de areia ou detritos sobre o pavimento,Noite,1,1,0,1,1,1.0
2024,MS,Centro-Oeste,Acumulo de areia ou detritos sobre o pavimento,Tarde,1,0,0,0,1,0.0
2024,MS,Centro-Oeste,Acumulo de água sobre o pavimento,Manhã,2,0,0,0,3,0.0
2024,MS,Centro-Oeste,Acumulo de água sobre o pavimento,Tarde,5,0,0,0,6,0.0
2024,MS,Centro-Oeste,Acumulo de óleo sobre o pavimento,Noite,1,0,0,0,1,0.0
2024,MS,Centro-Oeste,Acumulo de óleo sobre o pavimento,Tarde,1,0,0,0,1,0.0
2024,MS,Centro-Oeste,Afundamento ou ondulação no pavimento,Manhã,1,0,0,0,1,0.0
2024,MS,Centro-Oeste,Afundamento ou ondulação no pavimento,Tarde,3,1,0,1,4,0.333333
2024,MS,Centro-Oeste,Animais na Pista,Madrugada,26,8,3,7,25,0.307692
2024,MS,Centro-Oeste,Animais na Pista,Manhã,6,1,0,1,4,0.166667
2024,MS,Centro-Oeste,Animais na Pista,Noite,50,15,3,15,58,0.3
2024,MS,Centro-Oeste,Animais na Pista,Tarde,9,1,0,1,10,0.111111
2024,MS,Centro-Oeste,Ausência de reação do condutor,Madrugada,59,13,1,14,40,0.220339
2024,MS,Centro-Oeste,Ausência de reação do condutor,Manhã,88,23,5,24,107,0.261364
2024,MS,Centro-Oeste,Ausência de reação do condutor,Noite,100,37,14,37,116,0.37
2024,MS,Centro-Oeste,Ausência de reação do condutor,Tarde,103,26,5,30,132,0.252427
2024,MS,Centro-Oeste,Ausência de sinalização,Noite,3,2,1,2,4,0.666667
2024,MS,Centro-Oeste,Avarias e/ou desgaste excessivo no pneu,Madrugada,4,0,0,0,1,0.0
2024,MS,Centro-Oeste,Avarias e/ou desgaste excessivo no pneu,Manhã,15,5,3,5,24,0.333333
2024,MS,Centro-Oeste,Avarias e/ou desgaste excessivo no pneu,Noite,7,1,0,1,9,0.142857
2024,MS,Centro-Oeste,Avarias e/ou desgaste excessivo no pneu,Tarde,14,5,1,4,20,0.357143
2024,MS,Centro-Oeste,Carga excessiva e/ou mal acondicionada,Madrugada,1,0,0,0,0,0.0
2024,MS,Centro-Oeste,Carga excessiva e/ou mal acondicionada,Manhã,5,1,1,1,5,0.2
2024,MS,Centro-Oeste,Carga excessiva e/ou mal acondicionada,Tarde,5,1,0,1,3,0.2
2024,MS,Centro-Oeste,Chuva,Madrugada,1,0,0,0,1,0.0
2024,MS,Centro-Oeste,Chuva,Manhã,1,1,0,1,1,1.0
2024,MS,Centro-Oeste,Chuva,Tarde,6,2,2,3,8,0.333333
2024,MS,Centro-Oeste,Condutor Dormindo,Madrugada,31,8,8,7,35,0.258065
2024,MS,Centro-Oeste,Condutor Dormindo,Manhã,17,6,2,7,21,0.352941
2024,MS,Centro-Oeste,Condutor Dormindo,Noite,8,2,0,3,8,0.25
2024,MS,Centro-Oeste,Condutor Dormindo,Tarde,10,6,3,7,19,0.6
2024,MS,Centro-Oeste,Condutor deixou de manter distância do veículo da frente,Madrugada,4,1,0,1,4,0.25
2024,MS,Centro-Oeste,Condutor deixou de manter distância do veículo da frente,Manhã,17,4,0,4,20,0.235294
2024,MS,Centro-Oeste,Condutor deixou de manter distância do veículo da frente,Noite,11,1,0,2,15,0.090909
2024,MS,Centro-Oeste,Condutor deixou de manter distância do veículo da frente,Tarde,17,3,1,3,17,0.176471
2024,MS,Centro-Oeste,Condutor desrespeitou a iluminação vermelha do semáforo,Manhã,2,0,0,0,2,0.0
2024,MS,Centro-Oeste,Condutor desrespeitou a iluminação vermelha do semáforo,Noite,4,1,0,1,5,0.25
2024,MS,Centro-Oeste,Condutor desrespeitou a iluminação vermelha do semáforo,Tarde,3,1,0,1,3,0.333333
2024,MS,Centro-Oeste,Condutor usando celular,Noite,1,0,0,0,0,0.0
2024,MS,Centro-Oeste,Condutor usando celular,Tarde,1,0,0,0,1,0.0
2024,MS,Centro-Oeste,Conversão proibida,Manhã,6,1,0,1,12,0.166667
2024,MS,Centro-Oeste,Conversão proibida,Noite,3,1,0,1,5,0.333333
2024,MS,Centro-Oeste,Conversão proibida,Tarde,5,0,0,0,8,0.0
2024,MS,Centro-Oeste,Deficiência do Sistema de Iluminação/Sinalização,Noite,4,2,0,2,2,0.5
2024,MS,Centro-Oeste,Demais Fenômenos da natureza,Manhã,3,0,0,0,0,0.0
2024,MS,Centro-Oeste,Demais Fenômenos da natureza,Noite,2,0,0,0,1,0.0
2024,MS,Centro-Oeste,Demais Fenômenos da natureza,Tarde,4,0,0,0,1,0.0
2024,MS,Centro-Oeste,Demais falhas mecânicas ou elétricas,Madrugada,14,2,0,3,7,0.142857
2024,MS,Centro-Oeste,Demais falhas mecânicas ou elétricas,Manhã,35,7,0,9,24,0.2
2024,MS,Centro-Oeste,Demais falhas mecânicas ou elétricas,Noite,28,2,1,1,11,0.071429
2024,MS,Centro-Oeste,Demais falhas mecânicas ou elétricas,Tarde,52,6,2,11,37,0.115385
2024,MS,Centro-Oeste,Demais falhas na via,Manhã,3,0,0,0,3,0.0
2024,MS,Centro-Oeste,Demais falhas na via,Noite,2,0,0,0,2,0.0
2024,MS,Centro-Oeste,Demais falhas na via,Tarde,1,0,0,0,2,0.0
2024,MS,Centro-Oeste,Desrespeitar a preferência no cruzamento,Manhã,9,4,3,3,11,0.444444
2024,MS,Centro-Oeste,Desrespeitar a preferência no cruzamento,Noite,11,2,0,2,12,0.181818
2024,MS,Centro-Oeste,Desrespeitar a preferência no cruzamento,Tarde,13,6,1,5,17,0.461538
2024,MS,Centro-Oeste,Entrada inopinada do pedestre,Madrugada,1,0,0,0,2,0.0
2024,MS,Centro-Oeste,Entrada inopinada do pedestre,Noite,8,5,2,3,10,0.625
2024,MS,Centro-Oeste,Entrada inopinada do pedestre,Tarde,5,3,0,3,6,0.6
2024,MS,Centro-Oeste,Estacionar ou parar em local proibido,Noite,2,1,1,0,2,0.5
2024,MS,Centro-Oeste,Estacionar ou parar em local proibido,Tarde,1,0,0,0,1,0.0
2024,MS,Centro-Oeste,Falta de acostamento,Manhã,1,0,0,0,1,0.0
2024,MS,Centro-Oeste,Falta de acostamento,Noite,1,0,0,0,1,0.0
2024,MS,Centro-Oeste,Falta de elemento de contenção que evite a saída do leito carroçável,Madrugada,1,0,0,0,0,0.0
2024,MS,Centro-Oeste,Falta de elemento de contenção que evite a saída do leito carroçável,Tarde,1,0,0,0,1,0.0
2024,MS,Centro-Oeste,Frear bruscamente,Madrugada,1,1,0,1,1,1.0
2024,MS,Centro-Oeste,Frear bruscamente,Manhã,3,0,0,0,0,0.0
2024,MS,Centro-Oeste,Frear bruscamente,Tarde,1,0,0,0,1,0.0
2024,MS,Centro-Oeste,Fumaça,Manhã,1,1,0,1,1,1.0
2024,MS,Centro-Oeste,Iluminação deficiente,Madrugada,1,1,0,1,1,1.0
2024,MS,Centro-Oeste,Iluminação deficiente,Noite,10,4,2,3,13,0.4
2024,MS,Centro-Oeste,Ingestão de substâncias psicoativas pelo condutor,Madrugada,1,1,1,1,2,1.0
2024,MS,Centro-Oeste,Ingestão de álcool pelo condutor,Madrugada,40,4,0,4,19,0.1
2024,MS,Centro-Oeste,Ingestão de álcool pelo condutor,Manhã,10,4,0,4,8,0.4
2024,MS,Centro-Oeste,Ingestão de álcool pelo condutor,Noite,60,8,1,9,49,0.133333
2024,MS,Centro-Oeste,Ingestão de álcool pelo condutor,Tarde,19,2,2,4,16,0.105263
2024,MS,Centro-Oeste,Mal súbito do condutor,Madrugada,1,1,1,0,1,1.0
2024,MS,Centro-Oeste,Mal súbito do condutor,Manhã,4,0,0,0,6,0.0
2024,MS,Centro-Oeste,Mal súbito do condutor,Noite,4,2,0,2,4,0.5
2024,MS,Centro-Oeste,Mal súbito do condutor,Tarde,4,1,1,0,3,0.25
2024,MS,Centro-Oeste,Manobra de mudança de faixa,Madrugada,6,2,5,0,11,0.333333
2024,MS,Centro-Oeste,Manobra de mudança de faixa,Manhã,11,5,2,3,19,0.454545
2024,MS,Centro-Oeste,Manobra de mudança de faixa,Noite,12,4,2,7,25,0.333333
2024,MS,Centro-Oeste,Manobra de mudança de faixa,Tarde,20,5,1,11,48,0.25
2024,MS,Centro-Oeste,Objeto estático sobre o leito carroçável,Madrugada,2,0,0,0,1,0.0
2024,MS,Centro-Oeste,Objeto estático sobre o leito carroçável,Manhã,1,1,0,1,1,1.0
2024,MS,Centro-Oeste,Objeto estático sobre o leito carroçável,Noite,7,1,0,1,7,0.142857
2024,MS,Centro-Oeste,Objeto estático sobre o leito carroçável,Tarde,3,1,0,1,2,0.333333
2024,MS,Centro-Oeste,Pedestre - Ingestão de álcool/ substâncias psicoativas,Noite,1,0,0,0,1,0.0
2024,MS,Centro-Oeste,Pedestre - Ingestão de álcool/ substâncias psicoativas,Tarde,1,1,0,1,1,1.0
2024,MS,Centro-Oeste,Pedestre andava na pista,Madrugada,2,1,1,0,2,0.5
2024,MS,Centro-Oeste,Pedestre andava na pista,Manhã,2,2,0,2,2,1.0
2024,MS,Centro-Oeste,Pedestre andava na pista,Noite,15,11,5,6,18,0.733333
2024,MS,Centro-Oeste,Pedestre andava na pista,Tarde,3,1,1,0,3,0.333333
2024,MS,Centro-Oeste,Pedestre cruzava a pista fora da faixa,Manhã,2,2,1,1,2,1.0
2024,MS,Centro-Oeste,Pedestre cruzava a pista fora da faixa,Noite,5,3,0,3,6,0.6
2024,MS,Centro-Oeste,Pedestre cruzava a pista fora da faixa,Tarde,2,1,1,0,2,0.5
2024,MS,Centro-Oeste,Pista Escorregadia,Manhã,2,0,0,0,1,0.0
2024,MS,Centro-Oeste,Pista Escorregadia,Noite,2,0,0,0,2,0.0
2024,MS,Centro-Oeste,Pista Escorregadia,Tarde,1,0,0,0,1,0.0
2024,MS,Centro-Oeste,Pista esburacada,Madrugada,1,1,0,2,2,1.0
2024,MS,Centro-Oeste,Pista esburacada,Manhã,1,0,0,0,1,0.0
2024,MS,Centro-Oeste,Pista esburacada,Noite,2,0,0,0,2,0.0
2024,MS,Centro-Oeste,Problema com o freio,Manhã,1,0,0,0,0,0.0
2024,MS,Centro-Oeste,Problema com o freio,Noite,1,0,0,0,0,0.0
2024,MS,Centro-Oeste,Problema com o freio,Tarde,3,1,0,1,4,0.333333
2024,MS,Centro-Oeste,Problema na suspensão,Manhã,1,0,0,0,1,0.0
2024,MS,Centro-Oeste,Reação tardia ou ineficiente do condutor,Madrugada,38,7,4,8,39,0.184211
2024,MS,Centro-Oeste,Reação tardia ou ineficiente do condutor,Manhã,80,24,7,20,89,0.3
2024,MS,Centro-Oeste,Reação tardia ou ineficiente do condutor,Noite,63,22,7,18,73,0.349206
2024,MS,Centro-Oeste,Reação tardia ou ineficiente do condutor,Tarde,95,31,13,27,133,0.326316
2024,MS,Centro-Oeste,Restrição de visibilidade em curvas horizontais,Noite,1,0,0,0,0,0.0
2024,MS,Centro-Oeste,Retorno proibido,Manhã,1,0,0,0,0,0.0
2024,MS,Centro-Oeste,Retorno proibido,Noite,4,1,0,1,4,0.25
2024,MS,Centro-Oeste,Retorno proibido,Tarde,2,1,0,1,3,0.5
2024,MS,Centro-Oeste,Suicídio (presumido),Madrugada,2,2,2,0,2,1.0
2024,MS,Centro-Oeste,Suicídio (presumido),Manhã,3,2,2,0,4,0.666667
2024,MS,Centro-Oeste,Suicídio (presumido),Noite,2,0,0,0,2,0.0
2024,MS,Centro-Oeste,Suicídio (presumido),Tarde,2,1,0,1,1,0.5
2024,MS,Centro-Oeste,Transitar na contramão,Madrugada,10,5,5,2,16,0.5
2024,MS,Centro-Oeste,Transitar na contramão,Manhã,10,3,2,3,17,0.3
2024,MS,Centro-Oeste,Transitar na contramão,Noite,28,14,6,10,42,0.5
2024,MS,Centro-Oeste,Transitar na contramão,Tarde,9,7,5,9,24,0.777778
2024,MS,Centro-Oeste,Transitar no acostamento,Madrugada,1,0,0,0,0,0.0
2024,MS,Centro-Oeste,Transitar no acostamento,Manhã,2,1,0,1,4,0.5
2024,MS,Centro-Oeste,Transitar no acostamento,Noite,3,1,0,1,3,0.333333
2024,MS,Centro-Oeste,Transitar no acostamento,Tarde,4,1,1,0,5,0.25
2024,MS,Centro-Oeste,Ultrapassagem Indevida,Madrugada,4,2,3,5,13,0.5
2024,MS,Centro-Oeste,Ultrapassagem Indevida,Manhã,9,5,6,3,20,0.555556
2024,MS,Centro-Oeste,Ultrapassagem Indevida,Noite,13,9,5,14,33,0.692308
2024,MS,Centro-Oeste,Ultrapassagem Indevida,Tarde,16,8,6,13,37,0.5
2024,MS,Centro-Oeste,Velocidade Incompatível,Madrugada,7,3,2,3,7,0.428571
2024,MS,Centro-Oeste,Velocidade Incompatível,Manhã,13,4,0,5,17,0.307692
2024,MS,Centro-Oeste,Velocidade Incompatível,Noite,13,8,3,8,22,0.615385
2024,MS,Centro-Oeste,Velocidade Incompatível,Tarde,6,1,1,2,8,0.166667
2024,MS,Centro-Oeste,Área urbana sem a presença de local apropriado para a travessia de pedestres,Tarde,1,1,1,0,1,1.0
2024,MT,Centro-Oeste,Acessar a via sem observar a presença dos outros veículos,Madrugada,16,11,7,6,21,0.6875
2024,MT,Centro-Oeste,Acessar a via sem observar a presença dos outros veículos,Manhã,88,31,6,29,107,0.352273
2024,MT,Centro-Oeste,Acessar a via sem observar a presença dos outros veículos,Noite,86,24,8,27,106,0.27907
2024,MT,Centro-Oeste,Acessar a via sem observar a presença dos outros veículos,Tarde,87,20,6,20,102,0.229885
2024,MT,Centro-Oeste,Acesso irregular,Madrugada,4,3,1,2,5,0.75
2024,MT,Centro-Oeste,Acesso irregular,Manhã,12,4,0,5,16,0.333333
2024,MT,Centro-Oeste,Acesso irregular,Noite,4,0,0,0,4,0.0
2024,MT,Centro-Oeste,Acesso irregular,Tarde,17,9,1,11,26,0.529412
2024,MT,Centro-Oeste,Acostamento em desnível,Madrugada,2,1,0,1,1,0.5
2024,MT,Centro-Oeste,Acostamento em desnível,Manhã,4,0,0,0,4,0.0
2024,MT,Centro-Oeste,Acostamento em desnível,Noite,8,0,0,0,8,0.0
2024,MT,Centro-Oeste,Acostamento em desnível,Tarde,14,2,0,2,11,0.142857
2024,MT,Centro-Oeste,Acumulo de areia ou detritos sobre o pavimento,Manhã,4,0,0,0,4,0.0
2024,MT,Centro-Oeste,Acumulo de areia ou detritos sobre o pavimento,Noite,2,0,0,0,3,0.0
2024,MT,Centro-Oeste,Acumulo de água sobre o pavimento,Madrugada,3,0,0,0,4,0.0
2024,MT,Centro-Oeste,Acumulo de água sobre o pavimento,Manhã,13,3,2,2,16,0.230769
2024,MT,Centro-Oeste,Acumulo de água sobre o pavimento,Noite,1,0,0,0,1,0.0
2024,MT,Centro-Oeste,Acumulo de água sobre o pavimento,Tarde,23,6,3,4,32,0.26087
2024,MT,Centro-Oeste,Acumulo de óleo sobre o pavimento,Manhã,6,2,0,2,8,0.333333
2024,MT,Centro-Oeste,Acumulo de óleo sobre o pavimento,Noite,2,0,0,0,2,0.0
2024,MT,Centro-Oeste,Acumulo de óleo sobre o pavimento,Tarde,5,0,0,0,5,0.0
2024,MT,Centro-Oeste,Afundamento ou ondulação no pavimento,Manhã,2,1,0,1,2,0.5
2024,MT,Centro-Oeste,Animais na Pista,Madrugada,21,3,1,3,20,0.142857
2024,MT,Centro-Oeste,Animais na Pista,Manhã,4,0,0,0,5,0.0
2024,MT,Centro-Oeste,Animais na Pista,Noite,33,5,0,5,28,0.151515
2024,MT,Centro-Oeste,Animais na Pista,Tarde,2,0,0,0,1,0.0
2024,MT,Centro-Oeste,Ausência de reação do condutor,Madrugada,65,22,8,22,75,0.338462
2024,MT,Centro-Oeste,Ausência de reação do condutor,Manhã,107,28,11,32,120,0.261682
2024,MT,Centro-Oeste,Ausência de reação do condutor,Noite,119,40,8,41,161,0.336134
2024,MT,Centro-Oeste,Ausência de reação do condutor,Tarde,99,24,1,24,102,0.242424
2024,MT,Centro-Oeste,Ausência de sinalização,Manhã,2,1,0,1,1,0.5
2024,MT,Centro-Oeste,Ausência de sinalização,Noite,2,1,0,1,1,0.5
2024,MT,Centro-Oeste,Ausência de sinalização,Tarde,1,0,0,0,1,0.0
2024,MT,Centro-Oeste,Avarias e/ou desgaste excessivo no pneu,Madrugada,1,0,0,0,1,0.0
2024,MT,Centro-Oeste,Avarias e/ou desgaste excessivo no pneu,Manhã,14,2,1,2,22,0.142857
2024,MT,Centro-Oeste,Avarias e/ou desgaste excessivo no pneu,Noite,7,2,0,2,4,0.285714
2024,MT,Centro-Oeste,Avarias e/ou desgaste excessivo no pneu,Tarde,11,2,0,3,17,0.181818
2024,MT,Centro-Oeste,Carga excessiva e/ou mal acondicionada,Madrugada,1,0,0,0,1,0.0
2024,MT,Centro-Oeste,Carga excessiva e/ou mal acondicionada,Manhã,1,0,0,0,1,0.0
2024,MT,Centro-Oeste,Carga excessiva e/ou mal acondicionada,Noite,3,1,3,0,4,0.333333
2024,MT,Centro-Oeste,Carga excessiva e/ou mal acondicionada,Tarde,9,2,0,2,4,0.222222
2024,MT,Centro-Oeste,Chuva,Madrugada,4,2,1,1,3,0.5
2024,MT,Centro-Oeste,Chuva,Manhã,8,0,0,0,9,0.0
2024,MT,Centro-Oeste,Chuva,Noite,7,1,0,1,11,0.142857
2024,MT,Centro-Oeste,Chuva,Tarde,20,7,1,8,30,0.35
2024,MT,Centro-Oeste,Condutor Dormindo,Madrugada,38,7,2,10,52,0.184211
2024,MT,Centro-Oeste,Condutor Dormindo,Manhã,16,3,0,3,23,0.1875
2024,MT,Centro-Oeste,Condutor Dormindo,Noite,13,2,0,2,13,0.153846
2024,MT,Centro-Oeste,Condutor Dormindo,Tarde,15,1,0,1,15,0.066667
2024,MT,Centro-Oeste,Condutor deixou de manter distância do veículo da frente,Madrugada,9,3,0,6,8,0.333333
2024,MT,Centro-Oeste,Condutor deixou de manter distância do veículo da frente,Manhã,44,9,1,9,53,0.204545
2024,MT,Centro-Oeste,Condutor deixou de manter distância do veículo da frente,Noite,26,7,0,10,29,0.269231
2024,MT,Centro-Oeste,Condutor deixou de manter distância do veículo da frente,Tarde,41,9,3,8,36,0.219512
2024,MT,Centro-Oeste,Condutor desrespeitou a iluminação vermelha do semáforo,Tarde,3,1,0,3,4,0.333333
2024,MT,Centro-Oeste,Condutor usando celular,Manhã,1,0,0,0,1,0.0
2024,MT,Centro-Oeste,Condutor usando celular,Noite,3,0,0,0,2,0.0
2024,MT,Centro-Oeste,Conversão proibida,Madrugada,1,0,0,0,0,0.0
2024,MT,Centro-Oeste,Conversão proibida,Manhã,10,0,0,0,11,0.0
2024,MT,Centro-Oeste,Conversão proibida,Noite,7,4,2,3,9,0.571429
2024,MT,Centro-Oeste,Conversão proibida,Tarde,12,4,0,4,18,0.333333
2024,MT,Centro-Oeste,Curva acentuada,Manhã,2,1,0,1,1,0.5
2024,MT,Centro-Oeste,Curva acentuada,Noite,1,0,0,0,1,0.0
2024,MT,Centro-Oeste,Curva acentuada,Tarde,2,0,0,0,2,0.0
2024,MT,Centro-Oeste,Declive acentuado,Manhã,1,1,1,0,1,1.0
2024,MT,Centro-Oeste,Deficiência do Sistema de Iluminação/Sinalização,Madrugada,1,0,0,0,1,0.0
2024,MT,Centro-Oeste,Deficiência do Sistema de Iluminação/Sinalização,Noite,6,1,0,1,3,0.166667
2024,MT,Centro-Oeste,Demais Fenômenos da natureza,Madrugada,2,0,0,0,1,0.0
2024,MT,Centro-Oeste,Demais Fenômenos da natureza,Manhã,3,0,0,0,0,0.0
2024,MT,Centro-Oeste,Demais Fenômenos da natureza,Noite,2,0,0,0,0,0.0
2024,MT,Centro-Oeste,Demais Fenômenos da natureza,Tarde,4,0,0,0,0,0.0
2024,MT,Centro-Oeste,Demais falhas mecânicas ou elétricas,Madrugada,21,1,0,1,5,0.047619
2024,MT,Centro-Oeste,Demais falhas mecânicas ou elétricas,Manhã,36,3,4,1,21,0.083333
2024,MT,Centro-Oeste,Demais falhas mecânicas ou elétricas,Noite,30,3,1,3,15,0.1
2024,MT,Centro-Oeste,Demais falhas mecânicas ou elétricas,Tarde,57,7,1,7,41,0.122807
2024,MT,Centro-Oeste,Demais falhas na via,Noite,1,0,0,0,2,0.0
2024,MT,Centro-Oeste,Demais falhas na via,Tarde,3,0,0,0,4,0.0
2024,MT,Centro-Oeste,Desrespeitar a preferência no cruzamento,Manhã,13,4,0,5,18,0.307692
2024,MT,Centro-Oeste,Desrespeitar a preferência no cruzamento,Noite,7,5,0,7,15,0.714286
2024,MT,Centro-Oeste,Desrespeitar a preferência no cruzamento,Tarde,15,3,0,3,15,0.2
2024,MT,Centro-Oeste,Desvio temporário,Noite,1,0,0,0,1,0.0
2024,MT,Centro-Oeste,Desvio temporário,Tarde,1,0,0,0,1,0.0
2024,MT,Centro-Oeste,Entrada inopinada do pedestre,Noite,8,5,3,2,8,0.625
2024,MT,Centro-Oeste,Entrada inopinada do pedestre,Tarde,4,3,1,2,4,0.75
2024,MT,Centro-Oeste,Estacionar ou parar em local proibido,Madrugada,4,1,0,1,3,0.25
2024,MT,Centro-Oeste,Estacionar ou parar em local proibido,Manhã,1,0,0,0,1,0.0
2024,MT,Centro-Oeste,Estacionar ou parar em local proibido,Noite,3,1,0,1,6,0.333333
2024,MT,Centro-Oeste,Falta de acostamento,Madrugada,2,2,0,2,6,1.0
2024,MT,Centro-Oeste,Falta de acostamento,Manhã,5,1,0,1,3,0.2
2024,MT,Centro-Oeste,Falta de acostamento,Noite,2,1,0,1,2,0.5
2024,MT,Centro-Oeste,Falta de acostamento,Tarde,4,0,0,0,2,0.0
2024,MT,Centro-Oeste,Falta de elemento de contenção que evite a saída do leito carroçável,Manhã,1,0,0,0,0,0.0
2024,MT,Centro-Oeste,Falta de elemento de contenção que evite a saída do leito carroçável,Noite,1,1,1,0,1,1.0
2024,MT,Centro-Oeste,Falta de elemento de contenção que evite a saída do leito carroçável,Tarde,1,0,0,0,1,0.0
2024,MT,Centro-Oeste,Faróis desregulados,Noite,1,1,1,1,2,1.0
2024,MT,Centro-Oeste,Frear bruscamente,Manhã,5,0,0,0,4,0.0
2024,MT,Centro-Oeste,Frear bruscamente,Noite,6,2,0,2,7,0.333333
2024,MT,Centro-Oeste,Frear bruscamente,Tarde,5,0,0,0,9,0.0
2024,MT,Centro-Oeste,Fumaça,Manhã,1,0,0,0,0,0.0
2024,MT,Centro-Oeste,Fumaça,Noite,2,0,0,0,2,0.0
2024,MT,Centro-Oeste,Iluminação deficiente,Madrugada,1,0,0,0,0,0.0
2024,MT,Centro-Oeste,Iluminação deficiente,Noite,2,1,1,0,2,0.5
2024,MT,Centro-Oeste,Ingestão de substâncias psicoativas pelo condutor,Noite,1,0,0,0,0,0.0
2024,MT,Centro-Oeste,Ingestão de álcool pelo condutor,Madrugada,46,7,2,7,30,0.152174
2024,MT,Centro-Oeste,Ingestão de álcool pelo condutor,Manhã,10,1,0,1,9,0.1
2024,MT,Centro-Oeste,Ingestão de álcool pelo condutor,Noite,53,10,3,8,37,0.188679
2024,MT,Centro-Oeste,Ingestão de álcool pelo condutor,Tarde,34,5,1,7,27,0.147059
2024,MT,Centro-Oeste,Mal súbito do condutor,Manhã,10,3,7,5,33,0.3
2024,MT,Centro-Oeste,Mal súbito do condutor,Noite,3,0,0,0,2,0.0
2024,MT,Centro-Oeste,Mal súbito do condutor,Tarde,7,2,1,2,10,0.285714
2024,MT,Centro-Oeste,Manobra de mudança de faixa,Madrugada,2,0,0,0,2,0.0
2024,MT,Centro-Oeste,Manobra de mudança de faixa,Manhã,35,12,4,11,43,0.342857
2024,MT,Centro-Oeste,Manobra de mudança de faixa,Noite,26,14,6,10,31,0.538462
2024,MT,Centro-Oeste,Manobra de mudança de faixa,Tarde,33,4,1,4,39,0.121212
2024,MT,Centro-Oeste,Neblina,Madrugada,1,0,0,0,1,0.0
2024,MT,Centro-Oeste,Objeto estático sobre o leito carroçável,Madrugada,1,0,0,0,0,0.0
2024,MT,Centro-Oeste,Objeto estático sobre o leito carroçável,Manhã,1,1,0,1,1,1.0
2024,MT,Centro-Oeste,Objeto estático sobre o leito carroçável,Noite,6,2,0,2,6,0.333333
2024,MT,Centro-Oeste,Objeto estático sobre o leito carroçável,Tarde,1,0,0,0,0,0.0
2024,MT,Centro-Oeste,Pedestre - Ingestão de álcool/ substâncias psicoativas,Noite,2,1,0,1,2,0.5
2024,MT,Centro-Oeste,Pedestre - Ingestão de álcool/ substâncias psicoativas,Tarde,1,1,0,1,1,1.0
2024,MT,Centro-Oeste,Pedestre andava na pista,Madrugada,6,5,2,3,7,0.833333
2024,MT,Centro-Oeste,Pedestre andava na pista,Noite,4,1,1,0,5,0.25
2024,MT,Centro-Oeste,Pedestre andava na pista,Tarde,1,1,0,1,1,1.0
2024,MT,Centro-Oeste,Pedestre cruzava a pista fora da faixa,Manhã,3,0,0,0,4,0.0
2024,MT,Centro-Oeste,Pedestre cruzava a pista fora da faixa,Noite,2,2,0,2,2,1.0
2024,MT,Centro-Oeste,Pedestre cruzava a pista fora da faixa,Tarde,4,2,2,0,4,0.5
2024,MT,Centro-Oeste,Pista Escorregadia,Madrugada,1,0,0,0,2,0.0
2024,MT,Centro-Oeste,Pista Escorregadia,Manhã,3,0,0,0,4,0.0
2024,MT,Centro-Oeste,Pista Escorregadia,Noite,5,1,0,1,6,0.2
2024,MT,Centro-Oeste,Pista Escorregadia,Tarde,8,1,0,2,9,0.125
2024,MT,Centro-Oeste,Pista esburacada,Madrugada,3,0,0,0,11,0.0
2024,MT,Centro-Oeste,Pista esburacada,Manhã,2,1,0,1,1,0.5
2024,MT,Centro-Oeste,Pista esburacada,Tarde,3,1,0,1,3,0.333333
2024,MT,Centro-Oeste,Problema com o freio,Madrugada,6,2,1,1,2,0.333333
2024,MT,Centro-Oeste,Problema com o freio,Manhã,9,1,2,0,6,0.111111
2024,MT,Centro-Oeste,Problema com o freio,Noite,3,0,0,0,0,0.0
2024,MT,Centro-Oeste,Problema com o freio,Tarde,9,1,1,0,7,0.111111
2024,MT,Centro-Oeste,Problema na suspensão,Manhã,2,0,0,0,2,0.0
2024,MT,Centro-Oeste,Problema na suspensão,Tarde,1,0,0,0,1,0.0
2024,MT,Centro-Oeste,Reação tardia ou ineficiente do condutor,Madrugada,64,23,11,20,101,0.359375
2024,MT,Centro-Oeste,Reação tardia ou ineficiente do condutor,Manhã,117,25,8,34,132,0.213675
2024,MT,Centro-Oeste,Reação tardia ou ineficiente do condutor,Noite,110,32,10,29,130,0.290909
2024,MT,Centro-Oeste,Reação tardia ou ineficiente do condutor,Tarde,153,40,12,42,218,0.261438
2024,MT,Centro-Oeste,Redutor de velocidade em desacordo,Tarde,1,0,0,0,1,0.0
2024,MT,Centro-Oeste,Restrição de visibilidade em curvas horizontais,Noite,1,0,0,0,1,0.0
2024,MT,Centro-Oeste,Retorno proibido,Manhã,4,2,0,4,7,0.5
2024,MT,Centro-Oeste,Retorno proibido,Noite,3,3,0,3,8,1.0
2024,MT,Centro-Oeste,Retorno proibido,Tarde,5,0,0,0,4,0.0
2024,MT,Centro-Oeste,Semáforo com defeito,Tarde,1,0,0,0,1,0.0
2024,MT,Centro-Oeste,Suicídio (presumido),Noite,1,1,2,0,2,1.0
2024,MT,Centro-Oeste,Suicídio (presumido),Tarde,2,2,2,0,2,1.0
2024,MT,Centro-Oeste,Trafegar com motocicleta (ou similar) entre as faixas,Madrugada,1,0,0,0,1,0.0
2024,MT,Centro-Oeste,Trafegar com motocicleta (ou similar) entre as faixas,Manhã,3,2,1,1,3,0.666667
2024,MT,Centro-Oeste,Trafegar com motocicleta (ou similar) entre as faixas,Noite,2,2,0,4,6,1.0
2024,MT,Centro-Oeste,Trafegar com motocicleta (ou similar) entre as faixas,Tarde,1,0,0,0,1,0.0
2024,MT,Centro-Oeste,Transitar na calçada,Tarde,1,0,0,0,0,0.0
2024,MT,Centro-Oeste,Transitar na contramão,Madrugada,19,15,14,7,29,0.789474
2024,MT,Centro-Oeste,Transitar na contramão,Manhã,16,9,2,10,22,0.5625
2024,MT,Centro-Oeste,Transitar na contramão,Noite,25,17,7,15,36,0.68
2024,MT,Centro-Oeste,Transitar na contramão,Tarde,16,10,8,8,29,0.625
2024,MT,Centro-Oeste,Transitar no acostamento,Madrugada,1,0,0,0,1,0.0
2024,MT,Centro-Oeste,Transitar no acostamento,Manhã,6,3,1,2,6,0.5
2024,MT,Centro-Oeste,Transitar no acostamento,Noite,2,1,0,1,2,0.5
2024,MT,Centro-Oeste,Transitar no acostamento,Tarde,5,3,0,3,6,0.6
2024,MT,Centro-Oeste,Transtornos Mentais (exceto suicidio),Manhã,1,0,0,0,1,0.0
2024,MT,Centro-Oeste,Transtornos Mentais (exceto suicidio),Noite,1,0,0,0,1,0.0
2024,MT,Centro-Oeste,Ultrapassagem Indevida,Madrugada,12,4,3,3,25,0.333333
2024,MT,Centro-Oeste,Ultrapassagem Indevida,Manhã,31,14,6,14,42,0.451613
2024,MT,Centro-Oeste,Ultrapassagem Indevida,Noite,20,10,11,4,34,0.5
2024,MT,Centro-Oeste,Ultrapassagem Indevida,Tarde,43,17,9,17,62,0.395349
2024,MT,Centro-Oeste,Velocidade Incompatível,Madrugada,7,5,1,5,7,0.714286
2024,MT,Centro-Oeste,Velocidade Incompatível,Manhã,28,6,3,4,27,0.214286
2024,MT,Centro-Oeste,Velocidade Incompatível,Noite,19,10,4,7,27,0.526316
2024,MT,Centro-Oeste,Velocidade Incompatível,Tarde,30,12,4,11,36,0.4
2024,MT,Centro-Oeste,Área urbana sem a presença de local apropriado para a travessia de pedestres,Madrugada,1,1,0,1,2,1.0
2024,MT,Centro-Oeste,Área urbana sem a presença de local apropriado para a travessia de pedestres,Noite,1,1,0,1,1,1.0
2024,MT,Centro-Oeste,Área urbana sem a presença de local apropriado para a travessia de pedestres,Tarde,1,0,0,0,1,0.0
2024,PA,Norte,Acessar a via sem observar a presença dos outros veículos,Madrugada,7,5,1,6,11,0.714286
2024,PA,Norte,Acessar a via sem observar a presença dos outros veículos,Manhã,27,11,5,7,31,0.407407
2024,PA,Norte,Acessar a via sem observar a presença dos outros veículos,Noite,30,12,6,8,32,0.4
2024,PA,Norte,Acessar a via sem observar a presença dos outros veículos,Tarde,43,20,3,21,48,0.465116
2024,PA,Norte,Acesso irregular,Madrugada,2,1,0,2,2,0.5
2024,PA,Norte,Acesso irregular,Manhã,3,3,0,4,6,1.0
2024,PA,Norte,Acesso irregular,Noite,2,0,0,0,0,0.0
2024,PA,Norte,Acostamento em desnível,Manhã,2,0,0,0,2,0.0
2024,PA,Norte,Acostamento em desnível,Noite,3,1,0,1,3,0.333333
2024,PA,Norte,Acostamento em desnível,Tarde,1,0,0,0,1,0.0
2024,PA,Norte,Acumulo de areia ou detritos sobre o pavimento,Madrugada,1,0,0,0,1,0.0
2024,PA,Norte,Acumulo de areia ou detritos sobre o pavimento,Manhã,1,0,0,0,0,0.0
2024,PA,Norte,Acumulo de água sobre o pavimento,Madrugada,1,0,0,0,1,0.0
2024,PA,Norte,Acumulo de água sobre o pavimento,Manhã,1,0,0,0,2,0.0
2024,PA,Norte,Acumulo de água sobre o pavimento,Tarde,2,0,0,0,2,0.0
2024,PA,Norte,Acumulo de óleo sobre o pavimento,Tarde,1,0,0,0,0,0.0
2024,PA,Norte,Afundamento ou ondulação no pavimento,Manhã,2,0,0,0,4,0.0
2024,PA,Norte,Animais na Pista,Madrugada,6,2,1,1,4,0.333333
2024,PA,Norte,Animais na Pista,Noite,17,6,2,4,15,0.352941
2024,PA,Norte,Animais na Pista,Tarde,1,0,0,0,1,0.0
2024,PA,Norte,Ausência de reação do condutor,Madrugada,31,14,9,13,38,0.451613
2024,PA,Norte,Ausência de reação do condutor,Manhã,43,16,8,10,57,0.372093
2024,PA,Norte,Ausência de reação do condutor,Noite,53,24,9,18,55,0.45283
2024,PA,Norte,Ausência de reação do condutor,Tarde,51,19,8,24,63,0.372549
2024,PA,Norte,Ausência de sinalização,Madrugada,1,0,0,0,1,0.0
2024,PA,Norte,Ausência de sinalização,Manhã,1,1,1,0,1,1.0
2024,PA,Norte,Ausência de sinalização,Noite,1,1,0,1,1,1.0
2024,PA,Norte,Avarias e/ou desgaste excessivo no pneu,Manhã,4,3,0,3,6,0.75
2024,PA,Norte,Avarias e/ou desgaste excessivo no pneu,Tarde,6,3,1,8,14,0.5
2024,PA,Norte,Carga excessiva e/ou mal acondicionada,Manhã,1,0,0,0,1,0.0
2024,PA,Norte,Carga excessiva e/ou mal acondicionada,Noite,1,0,0,0,0,0.0
2024,PA,Norte,Carga excessiva e/ou mal acondicionada,Tarde,1,0,0,0,0,0.0
2024,PA,Norte,Chuva,Tarde,1,0,0,0,2,0.0
2024,PA,Norte,Condutor Dormindo,Madrugada,4,1,0,1,6,0.25
2024,PA,Norte,Condutor Dormindo,Manhã,3,1,0,1,4,0.333333
2024,PA,Norte,Condutor Dormindo,Noite,2,0,0,0,2,0.0
2024,PA,Norte,Condutor Dormindo,Tarde,3,0,0,0,3,0.0
2024,PA,Norte,Condutor deixou de manter distância do veículo da frente,Madrugada,2,1,0,1,2,0.5
2024,PA,Norte,Condutor deixou de manter distância do veículo da frente,Manhã,8,4,0,5,12,0.5
2024,PA,Norte,Condutor deixou de manter distância do veículo da frente,Noite,16,9,5,6,20,0.5625
2024,PA,Norte,Condutor deixou de manter distância do veículo da frente,Tarde,11,2,0,2,9,0.181818
2024,PA,Norte,Condutor desrespeitou a iluminação vermelha do semáforo,Madrugada,2,1,1,0,2,0.5
2024,PA,Norte,Condutor desrespeitou a iluminação vermelha do semáforo,Manhã,1,0,0,0,0,0.0
2024,PA,Norte,Condutor desrespeitou a iluminação vermelha do semáforo,Tarde,2,1,0,1,4,0.5
2024,PA,Norte,Condutor usando celular,Madrugada,1,0,0,0,0,0.0
2024,PA,Norte,Condutor usando celular,Noite,1,0,0,0,1,0.0
2024,PA,Norte,Conversão proibida,Manhã,5,3,0,3,7,0.6
2024,PA,Norte,Conversão proibida,Noite,5,3,2,4,8,0.6
2024,PA,Norte,Conversão proibida,Tarde,8,4,0,4,10,0.5
2024,PA,Norte,Curva acentuada,Madrugada,2,0,0,0,1,0.0
2024,PA,Norte,Curva acentuada,Manhã,2,0,0,0,2,0.0
2024,PA,Norte,Curva acentuada,Noite,2,1,0,1,4,0.5
2024,PA,Norte,Curva acentuada,Tarde,1,0,0,0,0,0.0
2024,PA,Norte,Deficiência do Sistema de Iluminação/Sinalização,Noite,10,4,2,3,10,0.4
2024,PA,Norte,Deixar de acionar o farol da motocicleta (ou similar),Madrugada,1,1,0,3,3,1.0
2024,PA,Norte,Deixar de acionar o farol da motocicleta (ou similar),Noite,1,0,0,0,2,0.0
2024,PA,Norte,Demais falhas mecânicas ou elétricas,Madrugada,3,0,0,0,0,0.0
2024,PA,Norte,Demais falhas mecânicas ou elétricas,Manhã,13,3,1,4,16,0.230769
2024,PA,Norte,Demais falhas mecânicas ou elétricas,Noite,6,0,0,0,0,0.0
2024,PA,Norte,Demais falhas mecânicas ou elétricas,Tarde,19,5,0,10,21,0.263158
2024,PA,Norte,Demais falhas na via,Manhã,3,1,0,1,2,0.333333
2024,PA,Norte,Demais falhas na via,Noite,1,0,0,0,1,0.0
2024,PA,Norte,Demais falhas na via,Tarde,2,0,0,0,2,0.0
2024,PA,Norte,Desrespeitar a preferência no cruzamento,Noite,1,1,0,2,2,1.0
2024,PA,Norte,Desrespeitar a preferência no cruzamento,Tarde,2,1,1,0,2,0.5
2024,PA,Norte,Desvio temporário,Manhã,1,1,0,3,3,1.0
2024,PA,Norte,Entrada inopinada do pedestre,Manhã,3,2,1,1,3,0.666667
2024,PA,Norte,Entrada inopinada do pedestre,Noite,3,3,2,1,3,1.0
2024,PA,Norte,Entrada inopinada do pedestre,Tarde,1,1,1,0,1,1.0
2024,PA,Norte,Estacionar ou parar em local proibido,Noite,3,2,1,2,4,0.666667
2024,PA,Norte,Falta de acostamento,Noite,1,1,1,0,1,1.0
2024,PA,Norte,Frear bruscamente,Tarde,1,1,0,1,2,1.0
2024,PA,Norte,Iluminação deficiente,Noite,2,1,2,0,3,0.5
2024,PA,Norte,Ingestão de substâncias psicoativas pelo condutor,Manhã,1,1,0,1,2,1.0
2024,PA,Norte,Ingestão de substâncias psicoativas pelo condutor,Noite,2,1,0,1,4,0.5
2024,PA,Norte,Ingestão de substâncias psicoativas pelo condutor,Tarde,1,1,0,1,3,1.0
2024,PA,Norte,Ingestão de álcool pelo condutor,Madrugada,11,3,2,1,7,0.272727
2024,PA,Norte,Ingestão de álcool pelo condutor,Manhã,7,5,3,5,9,0.714286
2024,PA,Norte,Ingestão de álcool pelo condutor,Noite,20,8,2,9,17,0.4
2024,PA,Norte,Ingestão de álcool pelo condutor,Tarde,10,4,0,4,12,0.4
2024,PA,Norte,Mal súbito do condutor,Manhã,1,1,1,0,1,1.0
2024,PA,Norte,Mal súbito do condutor,Noite,1,0,0,0,0,0.0
2024,PA,Norte,Mal súbito do condutor,Tarde,1,1,1,0,1,1.0
2024,PA,Norte,Manobra de mudança de faixa,Madrugada,6,2,1,1,7,0.333333
2024,PA,Norte,Manobra de mudança de faixa,Manhã,18,7,6,10,28,0.388889
2024,PA,Norte,Manobra de mudança de faixa,Noite,15,12,5,9,22,0.8
2024,PA,Norte,Manobra de mudança de faixa,Tarde,19,5,3,5,25,0.263158
2024,PA,Norte,Objeto estático sobre o leito carroçável,Madrugada,1,0,0,0,16,0.0
2024,PA,Norte,Objeto estático sobre o leito carroçável,Tarde,1,0,0,0,1,0.0
2024,PA,Norte,Pedestre - Ingestão de álcool/ substâncias psicoativas,Madrugada,1,1,1,0,1,1.0
2024,PA,Norte,Pedestre - Ingestão de álcool/ substâncias psicoativas,Noite,1,1,0,1,1,1.0
2024,PA,Norte,Pedestre - Ingestão de álcool/ substâncias psicoativas,Tarde,1,0,0,0,2,0.0
2024,PA,Norte,Pedestre andava na pista,Madrugada,3,3,2,1,3,1.0
2024,PA,Norte,Pedestre andava na pista,Noite,4,3,3,0,4,0.75
2024,PA,Norte,Pedestre cruzava a pista fora da faixa,Madrugada,1,1,1,0,1,1.0
2024,PA,Norte,Pista Escorregadia,Manhã,3,2,2,0,2,0.666667
2024,PA,Norte,Pista Escorregadia,Tarde,3,2,1,2,6,0.666667
2024,PA,Norte,Pista esburacada,Madrugada,1,1,1,0,1,1.0
2024,PA,Norte,Pista esburacada,Manhã,1,0,0,0,0,0.0
2024,PA,Norte,Pista esburacada,Noite,1,0,0,0,1,0.0
2024,PA,Norte,Pista esburacada,Tarde,1,1,0,2,2,1.0
2024,PA,Norte,Problema com o freio,Manhã,3,2,0,3,7,0.666667
2024,PA,Norte,Problema com o freio,Noite,1,0,0,0,0,0.0
2024,PA,Norte,Reação tardia ou ineficiente do condutor,Madrugada,17,6,3,6,18,0.352941
2024,PA,Norte,Reação tardia ou ineficiente do condutor,Manhã,51,11,5,6,51,0.215686
2024,PA,Norte,Reação tardia ou ineficiente do condutor,Noite,51,29,13,26,71,0.568627
2024,PA,Norte,Reação tardia ou ineficiente do condutor,Tarde,47,21,10,19,62,0.446809
2024,PA,Norte,Retorno proibido,Manhã,1,0,0,0,1,0.0
2024,PA,Norte,Retorno proibido,Noite,3,2,1,2,3,0.666667
2024,PA,Norte,Sinalização encoberta,Noite,1,1,0,1,1,1.0
2024,PA,Norte,Suicídio (presumido),Manhã,2,1,0,1,2,0.5
2024,PA,Norte,Suicídio (presumido),Noite,1,1,1,0,1,1.0
2024,PA,Norte,Trafegar com motocicleta (ou similar) entre as faixas,Manhã,1,0,0,0,1,0.0
2024,PA,Norte,Trafegar com motocicleta (ou similar) entre as faixas,Tarde,2,1,0,1,2,0.5
2024,PA,Norte,Transitar na contramão,Madrugada,13,11,10,5,16,0.846154
2024,PA,Norte,Transitar na contramão,Manhã,14,11,13,15,51,0.785714
2024,PA,Norte,Transitar na contramão,Noite,33,24,16,26,68,0.727273
2024,PA,Norte,Transitar na contramão,Tarde,22,15,14,8,36,0.681818
2024,PA,Norte,Transitar no acostamento,Manhã,1,1,0,1,2,1.0
2024,PA,Norte,Transitar no acostamento,Noite,3,2,1,1,3,0.666667
2024,PA,Norte,Transitar no acostamento,Tarde,2,2,1,1,2,1.0
2024,PA,Norte,Ultrapassagem Indevida,Madrugada,2,2,2,4,7,1.0
2024,PA,Norte,Ultrapassagem Indevida,Manhã,11,6,3,4,18,0.545455
2024,PA,Norte,Ultrapassagem Indevida,Noite,9,7,3,4,8,0.777778
2024,PA,Norte,Ultrapassagem Indevida,Tarde,16,9,6,4,26,0.5625
2024,PA,Norte,Velocidade Incompatível,Madrugada,2,1,0,1,1,0.5
2024,PA,Norte,Velocidade Incompatível,Manhã,7,5,1,5,11,0.714286
2024,PA,Norte,Velocidade Incompatível,Noite,3,2,1,4,10,0.666667
2024,PA,Norte,Velocidade Incompatível,Tarde,9,3,3,2,14,0.333333
2024,PB,Nordeste,Acessar a via sem observar a presença dos outros veículos,Madrugada,7,4,2,2,8,0.571429
2024,PB,Nordeste,Acessar a via sem observar a presença dos outros veículos,Manhã,60,23,4,24,92,0.383333
2024,PB,Nordeste,Acessar a via sem observar a presença dos outros veículos,Noite,47,16,2,17,65,0.340426
2024,PB,Nordeste,Acessar a via sem observar a presença dos outros veículos,Tarde,69,23,1,26,92,0.333333
2024,PB,Nordeste,Acesso irregular,Madrugada,1,0,0,0,2,0.0
2024,PB,Nordeste,Acesso irregular,Manhã,6,5,1,5,12,0.833333
2024,PB,Nordeste,Acesso irregular,Noite,5,3,1,4,7,0.6
2024,PB,Nordeste,Acesso irregular,Tarde,5,2,0,2,7,0.4
2024,PB,Nordeste,Acostamento em desnível,Madrugada,2,0,0,0,2,0.0
2024,PB,Nordeste,Acostamento em desnível,Manhã,1,0,0,0,1,0.0
2024,PB,Nordeste,Acostamento em desnível,Noite,9,1,0,2,13,0.111111
2024,PB,Nordeste,Acostamento em desnível,Tarde,8,3,0,3,9,0.375
2024,PB,Nordeste,Acumulo de areia ou detritos sobre o pavimento,Madrugada,1,0,0,0,1,0.0
2024,PB,Nordeste,Acumulo de areia ou detritos sobre o pavimento,Manhã,6,2,0,2,8,0.333333
2024,PB,Nordeste,Acumulo de areia ou detritos sobre o pavimento,Noite,10,1,0,1,14,0.1
2024,PB,Nordeste,Acumulo de areia ou detritos sobre o pavimento,Tarde,6,1,0,1,6,0.166667
2024,PB,Nordeste,Acumulo de água sobre o pavimento,Madrugada,2,1,0,1,2,0.5
2024,PB,Nordeste,Acumulo de água sobre o pavimento,Manhã,9,2,0,3,12,0.222222
2024,PB,Nordeste,Acumulo de água sobre o pavimento,Noite,3,1,0,2,5,0.333333
2024,PB,Nordeste,Acumulo de água sobre o pavimento,Tarde,3,1,0,1,3,0.333333
2024,PB,Nordeste,Acumulo de óleo sobre o pavimento,Manhã,4,1,0,1,4,0.25
2024,PB,Nordeste,Acumulo de óleo sobre o pavimento,Noite,4,0,0,0,6,0.0
2024,PB,Nordeste,Acumulo de óleo sobre o pavimento,Tarde,2,0,0,0,3,0.0
2024,PB,Nordeste,Afundamento ou ondulação no pavimento,Manhã,1,1,0,1,4,1.0
2024,PB,Nordeste,Afundamento ou ondulação no pavimento,Noite,1,1,0,1,1,1.0
2024,PB,Nordeste,Afundamento ou ondulação no pavimento,Tarde,2,1,0,1,2,0.5
2024,PB,Nordeste,Animais na Pista,Madrugada,19,5,2,4,17,0.263158
2024,PB,Nordeste,Animais na Pista,Manhã,11,2,0,2,9,0.181818
2024,PB,Nordeste,Animais na Pista,Noite,25,12,3,13,33,0.48
2024,PB,Nordeste,Animais na Pista,Tarde,5,2,0,2,5,0.4
2024,PB,Nordeste,Ausência de reação do condutor,Madrugada,43,15,4,14,37,0.348837
2024,PB,Nordeste,Ausência de reação do condutor,Manhã,102,26,5,27,115,0.254902
2024,PB,Nordeste,Ausência de reação do condutor,Noite,88,32,10,28,103,0.363636
2024,PB,Nordeste,Ausência de reação do condutor,Tarde,87,28,0,32,95,0.321839
2024,PB,Nordeste,Ausência de sinalização,Noite,3,1,0,1,2,0.333333
2024,PB,Nordeste,Ausência de sinalização,Tarde,3,1,1,3,8,0.333333
2024,PB,Nordeste,Avarias e/ou desgaste excessivo no pneu,Madrugada,1,0,0,0,0,0.0
2024,PB,Nordeste,Avarias e/ou desgaste excessivo no pneu,Manhã,15,3,0,3,19,0.2
2024,PB,Nordeste,Avarias e/ou desgaste excessivo no pneu,Noite,9,3,0,3,13,0.333333
2024,PB,Nordeste,Avarias e/ou desgaste excessivo no pneu,Tarde,11,3,0,3,15,0.272727
2024,PB,Nordeste,Carga excessiva e/ou mal acondicionada,Manhã,2,1,0,1,2,0.5
2024,PB,Nordeste,Carga excessiva e/ou mal acondicionada,Tarde,2,0,0,0,3,0.0
2024,PB,Nordeste,Chuva,Madrugada,3,1,0,1,2,0.333333
2024,PB,Nordeste,Chuva,Manhã,2,1,1,0,1,0.5
2024,PB,Nordeste,Chuva,Noite,3,1,0,1,4,0.333333
2024,PB,Nordeste,Chuva,Tarde,5,1,0,1,8,0.2
2024,PB,Nordeste,Condutor Dormindo,Madrugada,27,9,1,8,25,0.333333
2024,PB,Nordeste,Condutor Dormindo,Manhã,25,5,0,5,32,0.2
2024,PB,Nordeste,Condutor Dormindo,Noite,8,1,0,1,4,0.125
2024,PB,Nordeste,Condutor Dormindo,Tarde,19,7,1,8,27,0.368421
2024,PB,Nordeste,Condutor deixou de manter distância do veículo da frente,Madrugada,7,1,1,0,7,0.142857
2024,PB,Nordeste,Condutor deixou de manter distância do veículo da frente,Manhã,74,27,1,31,90,0.364865
2024,PB,Nordeste,Condutor deixou de manter distância do veículo da frente,Noite,19,5,0,5,24,0.263158
2024,PB,Nordeste,Condutor deixou de manter distância do veículo da frente,Tarde,54,10,0,10,56,0.185185
2024,PB,Nordeste,Condutor usando celular,Manhã,3,3,1,3,5,1.0
2024,PB,Nordeste,Condutor usando celular,Tarde,2,1,0,1,3,0.5
2024,PB,Nordeste,Conversão proibida,Manhã,12,6,0,6,17,0.5
2024,PB,Nordeste,Conversão proibida,Noite,6,4,0,4,6,0.666667
2024,PB,Nordeste,Conversão proibida,Tarde,11,7,0,8,15,0.636364
2024,PB,Nordeste,Curva acentuada,Manhã,1,0,0,0,2,0.0
2024,PB,Nordeste,Curva acentuada,Tarde,1,0,0,0,2,0.0
2024,PB,Nordeste,Deficiência do Sistema de Iluminação/Sinalização,Madrugada,2,2,0,3,4,1.0
2024,PB,Nordeste,Deficiência do Sistema de Iluminação/Sinalização,Noite,6,5,2,5,9,0.833333
2024,PB,Nordeste,Demais Fenômenos da natureza,Tarde,1,0,0,0,1,0.0
2024,PB,Nordeste,Demais falhas mecânicas ou elétricas,Madrugada,11,1,0,2,6,0.090909
2024,PB,Nordeste,Demais falhas mecânicas ou elétricas,Manhã,31,4,0,4,35,0.129032
2024,PB,Nordeste,Demais falhas mecânicas ou elétricas,Noite,19,2,0,2,17,0.105263
2024,PB,Nordeste,Demais falhas mecânicas ou elétricas,Tarde,27,6,0,6,39,0.222222
2024,PB,Nordeste,Demais falhas na via,Manhã,5,2,1,1,7,0.4
2024,PB,Nordeste,Demais falhas na via,Tarde,3,1,0,1,4,0.333333
2024,PB,Nordeste,Desrespeitar a preferência no cruzamento,Manhã,4,0,0,0,5,0.0
2024,PB,Nordeste,Desrespeitar a preferência no cruzamento,Noite,5,3,0,7,10,0.6
2024,PB,Nordeste,Desrespeitar a preferência no cruzamento,Tarde,6,4,0,5,6,0.666667
2024,PB,Nordeste,Desvio temporário,Manhã,1,0,0,0,0,0.0
2024,PB,Nordeste,Desvio temporário,Noite,1,1,0,1,1,1.0
2024,PB,Nordeste,Desvio temporário,Tarde,2,1,0,1,5,0.5
2024,PB,Nordeste,Entrada inopinada do pedestre,Madrugada,1,1,0,1,2,1.0
2024,PB,Nordeste,Entrada inopinada do pedestre,Manhã,3,2,0,2,3,0.666667
2024,PB,Nordeste,Entrada inopinada do pedestre,Noite,4,2,2,1,7,0.5
2024,PB,Nordeste,Entrada inopinada do pedestre,Tarde,2,1,1,0,2,0.5
2024,PB,Nordeste,Estacionar ou parar em local proibido,Noite,4,2,1,1,4,0.5
2024,PB,Nordeste,Estacionar ou parar em local proibido,Tarde,1,0,0,0,0,0.0
2024,PB,Nordeste,Falta de elemento de contenção que evite a saída do leito carroçável,Tarde,1,1,0,1,1,1.0
2024,PB,Nordeste,Frear bruscamente,Manhã,2,0,0,0,1,0.0
2024,PB,Nordeste,Frear bruscamente,Noite,3,0,0,0,3,0.0
2024,PB,Nordeste,Frear bruscamente,Tarde,2,0,0,0,1,0.0
2024,PB,Nordeste,Iluminação deficiente,Noite,5,2,0,2,7,0.4
2024,PB,Nordeste,Ingestão de substâncias psicoativas pelo condutor,Madrugada,1,0,0,0,1,0.0
2024,PB,Nordeste,Ingestão de substâncias psicoativas pelo condutor,Manhã,1,0,0,0,0,0.0
2024,PB,Nordeste,Ingestão de substâncias psicoativas pelo condutor,Noite,1,0,0,0,0,0.0
2024,PB,Nordeste,Ingestão de álcool pelo condutor,Madrugada,25,10,5,6,16,0.4
2024,PB,Nordeste,Ingestão de álcool pelo condutor,Manhã,10,5,1,6,9,0.5
2024,PB,Nordeste,Ingestão de álcool pelo condutor,Noite,49,14,7,12,44,0.285714
2024,PB,Nordeste,Ingestão de álcool pelo condutor,Tarde,22,6,1,7,17,0.272727
2024,PB,Nordeste,Mal súbito do condutor,Manhã,2,0,0,0,3,0.0
2024,PB,Nordeste,Mal súbito do condutor,Noite,7,3,0,3,7,0.428571
2024,PB,Nordeste,Mal súbito do condutor,Tarde,7,2,1,1,6,0.285714
2024,PB,Nordeste,Manobra de mudança de faixa,Madrugada,7,2,0,2,8,0.285714
2024,PB,Nordeste,Manobra de mudança de faixa,Manhã,42,6,1,5,50,0.142857
2024,PB,Nordeste,Manobra de mudança de faixa,Noite,25,8,1,7,29,0.32
2024,PB,Nordeste,Manobra de mudança de faixa,Tarde,43,11,3,11,65,0.255814
2024,PB,Nordeste,Objeto estático sobre o leito carroçável,Manhã,2,0,0,0,2,0.0
2024,PB,Nordeste,Objeto estático sobre o leito carroçável,Noite,5,3,0,12,14,0.6
2024,PB,Nordeste,Objeto estático sobre o leito carroçável,Tarde,2,1,0,1,3,0.5
2024,PB,Nordeste,Pedestre - Ingestão de álcool/ substâncias psicoativas,Madrugada,1,1,0,1,1,1.0
2024,PB,Nordeste,Pedestre - Ingestão de álcool/ substâncias psicoativas,Noite,2,0,0,0,2,0.0
2024,PB,Nordeste,Pedestre - Ingestão de álcool/ substâncias psicoativas,Tarde,1,0,0,0,1,0.0
2024,PB,Nordeste,Pedestre andava na pista,Madrugada,3,3,2,1,3,1.0
2024,PB,Nordeste,Pedestre andava na pista,Manhã,1,0,0,0,1,0.0
2024,PB,Nordeste,Pedestre andava na pista,Noite,15,12,6,6,21,0.8
2024,PB,Nordeste,Pedestre andava na pista,Tarde,6,4,3,1,8,0.666667
2024,PB,Nordeste,Pedestre cruzava a pista fora da faixa,Madrugada,1,1,0,1,2,1.0
2024,PB,Nordeste,Pedestre cruzava a pista fora da faixa,Manhã,4,2,0,2,6,0.5
2024,PB,Nordeste,Pedestre cruzava a pista fora da faixa,Noite,6,6,3,4,8,1.0
2024,PB,Nordeste,Pedestre cruzava a pista fora da faixa,Tarde,3,3,0,4,6,1.0
2024,PB,Nordeste,Pista Escorregadia,Madrugada,2,0,0,0,2,0.0
2024,PB,Nordeste,Pista Escorregadia,Manhã,8,1,1,0,9,0.125
2024,PB,Nordeste,Pista Escorregadia,Noite,5,1,0,1,7,0.2
2024,PB,Nordeste,Pista Escorregadia,Tarde,6,1,3,1,10,0.166667
2024,PB,Nordeste,Pista esburacada,Madrugada,1,0,0,0,1,0.0
2024,PB,Nordeste,Pista esburacada,Manhã,1,1,0,1,1,1.0
2024,PB,Nordeste,Pista esburacada,Noite,3,2,0,2,3,0.666667
2024,PB,Nordeste,Problema com o freio,Noite,2,0,0,0,0,0.0
2024,PB,Nordeste,Problema com o freio,Tarde,3,0,0,0,1,0.0
2024,PB,Nordeste,Reação tardia ou ineficiente do condutor,Madrugada,26,12,2,11,26,0.461538
2024,PB,Nordeste,Reação tardia ou ineficiente do condutor,Manhã,75,15,3,15,89,0.2
2024,PB,Nordeste,Reação tardia ou ineficiente do condutor,Noite,60,18,3,21,73,0.3
2024,PB,Nordeste,Reação tardia ou ineficiente do condutor,Tarde,81,22,4,22,104,0.271605
2024,PB,Nordeste,Redutor de velocidade em desacordo,Noite,1,0,0,0,2,0.0
2024,PB,Nordeste,Retorno proibido,Manhã,5,3,0,3,10,0.6
2024,PB,Nordeste,Retorno proibido,Tarde,2,0,0,0,0,0.0
2024,PB,Nordeste,Sinalização mal posicionada,Manhã,1,0,0,0,0,0.0
2024,PB,Nordeste,Sinalização mal posicionada,Noite,1,0,0,0,1,0.0
2024,PB,Nordeste,Suicídio (presumido),Noite,3,3,1,2,4,1.0
2024,PB,Nordeste,Suicídio (presumido),Tarde,1,1,0,1,1,1.0
2024,PB,Nordeste,Trafegar com motocicleta (ou similar) entre as faixas,Madrugada,2,2,2,0,3,1.0
2024,PB,Nordeste,Trafegar com motocicleta (ou similar) entre as faixas,Manhã,22,3,0,3,34,0.136364
2024,PB,Nordeste,Trafegar com motocicleta (ou similar) entre as faixas,Noite,5,3,0,4,6,0.6
2024,PB,Nordeste,Trafegar com motocicleta (ou similar) entre as faixas,Tarde,12,3,0,3,15,0.25
2024,PB,Nordeste,Transitar na contramão,Madrugada,13,6,3,8,23,0.461538
2024,PB,Nordeste,Transitar na contramão,Manhã,8,4,3,4,12,0.5
2024,PB,Nordeste,Transitar na contramão,Noite,28,11,4,11,40,0.392857
2024,PB,Nordeste,Transitar na contramão,Tarde,8,5,7,7,22,0.625
2024,PB,Nordeste,Transitar no acostamento,Manhã,1,1,1,0,1,1.0
2024,PB,Nordeste,Transitar no acostamento,Noite,1,0,0,0,2,0.0
2024,PB,Nordeste,Transitar no acostamento,Tarde,2,0,0,0,2,0.0
2024,PB,Nordeste,Transtornos Mentais (exceto suicidio),Madrugada,1,1,0,1,1,1.0
2024,PB,Nordeste,Transtornos Mentais (exceto suicidio),Noite,1,0,0,0,2,0.0
2024,PB,Nordeste,Transtornos Mentais (exceto suicidio),Tarde,1,0,0,0,1,0.0
2024,PB,Nordeste,Ultrapassagem Indevida,Madrugada,1,1,1,1,2,1.0
2024,PB,Nordeste,Ultrapassagem Indevida,Manhã,9,3,1,2,9,0.333333
2024,PB,Nordeste,Ultrapassagem Indevida,Noite,8,3,5,6,17,0.375
2024,PB,Nordeste,Ultrapassagem Indevida,Tarde,8,4,0,4,9,0.5
2024,PB,Nordeste,Velocidade Incompatível,Madrugada,5,2,1,1,5,0.4
2024,PB,Nordeste,Velocidade Incompatível,Manhã,19,6,0,6,20,0.315789
2024,PB,Nordeste,Velocidade Incompatível,Noite,15,5,3,3,14,0.333333
2024,PB,Nordeste,Velocidade Incompatível,Tarde,31,10,1,9,45,0.322581
2024,PB,Nordeste,Área urbana sem a presença de local apropriado para a travessia de pedestres,Madrugada,2,1,0,1,3,0.5
2024,PB,Nordeste,Área urbana sem a presença de local apropriado para a travessia de pedestres,Manhã,1,1,0,1,1,1.0
2024,PB,Nordeste,Área urbana sem a presença de local apropriado para a travessia de pedestres,Noite,1,1,2,0,2,1.0
2024,PE,Nordeste,Acessar a via sem observar a presença dos outros veículos,Madrugada,17,10,6,6,20,0.588235
2024,PE,Nordeste,Acessar a via sem observar a presença dos outros veículos,Manhã,101,44,5,51,132,0.435644
2024,PE,Nordeste,Acessar a via sem observar a presença dos outros veículos,Noite,98,40,6,46,126,0.408163
2024,PE,Nordeste,Acessar a via sem observar a presença dos outros veículos,Tarde,143,61,5,71,181,0.426573
2024,PE,Nordeste,Acesso irregular,Madrugada,3,1,0,2,5,0.333333
2024,PE,Nordeste,Acesso irregular,Manhã,11,3,0,3,14,0.272727
2024,PE,Nordeste,Acesso irregular,Noite,10,5,0,7,14,0.5
2024,PE,Nordeste,Acesso irregular,Tarde,21,3,0,6,25,0.142857
2024,PE,Nordeste,Acostamento em desnível,Manhã,5,1,0,1,10,0.2
2024,PE,Nordeste,Acostamento em desnível,Noite,5,2,0,2,7,0.4
2024,PE,Nordeste,Acostamento em desnível,Tarde,9,2,0,2,11,0.222222
2024,PE,Nordeste,Acumulo de areia ou detritos sobre o pavimento,Manhã,7,0,0,0,7,0.0
2024,PE,Nordeste,Acumulo de areia ou detritos sobre o pavimento,Noite,8,2,0,2,7,0.25
2024,PE,Nordeste,Acumulo de areia ou detritos sobre o pavimento,Tarde,3,0,0,0,2,0.0
2024,PE,Nordeste,Acumulo de água sobre o pavimento,Madrugada,4,1,0,1,6,0.25
2024,PE,Nordeste,Acumulo de água sobre o pavimento,Manhã,7,0,0,0,4,0.0
2024,PE,Nordeste,Acumulo de água sobre o pavimento,Noite,4,0,0,0,3,0.0
2024,PE,Nordeste,Acumulo de água sobre o pavimento,Tarde,8,2,0,2,10,0.25
2024,PE,Nordeste,Acumulo de óleo sobre o pavimento,Manhã,7,3,1,2,14,0.428571
2024,PE,Nordeste,Acumulo de óleo sobre o pavimento,Noite,2,0,0,0,3,0.0
2024,PE,Nordeste,Acumulo de óleo sobre o pavimento,Tarde,2,0,0,0,3,0.0
2024,PE,Nordeste,Afundamento ou ondulação no pavimento,Madrugada,2,0,0,0,2,0.0
2024,PE,Nordeste,Afundamento ou ondulação no pavimento,Manhã,2,0,0,0,3,0.0
2024,PE,Nordeste,Afundamento ou ondulação no pavimento,Noite,2,0,0,0,2,0.0
2024,PE,Nordeste,Animais na Pista,Madrugada,26,9,3,11,36,0.346154
2024,PE,Nordeste,Animais na Pista,Manhã,10,4,1,4,10,0.4
2024,PE,Nordeste,Animais na Pista,Noite,55,19,5,23,72,0.345455
2024,PE,Nordeste,Animais na Pista,Tarde,14,2,1,1,14,0.142857
2024,PE,Nordeste,Ausência de reação do condutor,Madrugada,64,29,13,21,76,0.453125
2024,PE,Nordeste,Ausência de reação do condutor,Manhã,132,29,4,29,135,0.219697
2024,PE,Nordeste,Ausência de reação do condutor,Noite,114,44,10,49,139,0.385965
2024,PE,Nordeste,Ausência de reação do condutor,Tarde,128,46,8,47,151,0.359375
2024,PE,Nordeste,Ausência de sinalização,Madrugada,1,0,0,0,1,0.0
2024,PE,Nordeste,Ausência de sinalização,Manhã,1,1,0,1,2,1.0
2024,PE,Nordeste,Ausência de sinalização,Noite,7,3,0,3,6,0.428571
2024,PE,Nordeste,Ausência de sinalização,Tarde,3,0,0,0,3,0.0
2024,PE,Nordeste,Avarias e/ou desgaste excessivo no pneu,Madrugada,2,0,0,0,2,0.0
2024,PE,Nordeste,Avarias e/ou desgaste excessivo no pneu,Manhã,22,9,2,9,34,0.409091
2024,PE,Nordeste,Avarias e/ou desgaste excessivo no pneu,Noite,8,2,0,3,16,0.25
2024,PE,Nordeste,Avarias e/ou desgaste excessivo no pneu,Tarde,11,3,0,4,14,0.272727
2024,PE,Nordeste,Carga excessiva e/ou mal acondicionada,Madrugada,1,0,0,0,0,0.0
2024,PE,Nordeste,Carga excessiva e/ou mal acondicionada,Manhã,2,0,0,0,2,0.0
2024,PE,Nordeste,Carga excessiva e/ou mal acondicionada,Noite,5,2,0,3,7,0.4
2024,PE,Nordeste,Carga excessiva e/ou mal acondicionada,Tarde,7,2,0,2,6,0.285714
2024,PE,Nordeste,Chuva,Madrugada,4,0,0,0,5,0.0
2024,PE,Nordeste,Chuva,Manhã,9,5,1,4,8,0.555556
2024,PE,Nordeste,Chuva,Noite,3,1,0,3,6,0.333333
2024,PE,Nordeste,Chuva,Tarde,11,2,0,2,14,0.181818
2024,PE,Nordeste,Condutor Dormindo,Madrugada,27,8,2,11,28,0.296296
2024,PE,Nordeste,Condutor Dormindo,Manhã,13,4,0,6,18,0.307692
2024,PE,Nordeste,Condutor Dormindo,Noite,11,2,3,0,10,0.181818
2024,PE,Nordeste,Condutor Dormindo,Tarde,15,4,1,3,25,0.266667
2024,PE,Nordeste,Condutor deixou de manter distância do veículo da frente,Madrugada,16,3,1,2,14,0.1875
2024,PE,Nordeste,Condutor deixou de manter distância do veículo da frente,Manhã,105,24,2,28,128,0.228571
2024,PE,Nordeste,Condutor deixou de manter distância do veículo da frente,Noite,58,16,1,18,67,0.275862
2024,PE,Nordeste,Condutor deixou de manter distância do veículo da frente,Tarde,100,25,1,33,131,0.25
2024,PE,Nordeste,Condutor desrespeitou a iluminação vermelha do semáforo,Madrugada,5,2,0,2,7,0.4
2024,PE,Nordeste,Condutor desrespeitou a iluminação vermelha do semáforo,Manhã,3,2,0,3,5,0.666667
2024,PE,Nordeste,Condutor desrespeitou a iluminação vermelha do semáforo,Noite,5,2,0,2,9,0.4
2024,PE,Nordeste,Condutor desrespeitou a iluminação vermelha do semáforo,Tarde,3,0,0,0,4,0.0
2024,PE,Nordeste,Condutor usando celular,Manhã,2,2,0,3,4,1.0
2024,PE,Nordeste,Condutor usando celular,Noite,1,0,0,0,1,0.0
2024,PE,Nordeste,Condutor usando celular,Tarde,2,1,0,1,2,0.5
2024,PE,Nordeste,Conversão proibida,Manhã,14,5,0,7,20,0.357143
2024,PE,Nordeste,Conversão proibida,Noite,8,4,1,3,8,0.5
2024,PE,Nordeste,Conversão proibida,Tarde,6,2,0,2,5,0.333333
2024,PE,Nordeste,Curva acentuada,Madrugada,1,0,0,0,1,0.0
2024,PE,Nordeste,Curva acentuada,Manhã,1,1,0,2,2,1.0
2024,PE,Nordeste,Curva acentuada,Noite,1,1,1,1,2,1.0
2024,PE,Nordeste,Curva acentuada,Tarde,2,0,0,0,1,0.0
2024,PE,Nordeste,Declive acentuado,Noite,1,1,0,1,3,1.0
2024,PE,Nordeste,Deficiência do Sistema de Iluminação/Sinalização,Madrugada,1,1,1,1,2,1.0
2024,PE,Nordeste,Deficiência do Sistema de Iluminação/Sinalização,Noite,3,2,1,2,6,0.666667
2024,PE,Nordeste,Deficiência do Sistema de Iluminação/Sinalização,Tarde,1,1,0,1,1,1.0
2024,PE,Nordeste,Demais falhas mecânicas ou elétricas,Madrugada,16,1,0,2,10,0.0625
2024,PE,Nordeste,Demais falhas mecânicas ou elétricas,Manhã,51,11,0,12,44,0.215686
2024,PE,Nordeste,Demais falhas mecânicas ou elétricas,Noite,33,3,0,3,16,0.090909
2024,PE,Nordeste,Demais falhas mecânicas ou elétricas,Tarde,46,11,0,15,51,0.23913
2024,PE,Nordeste,Demais falhas na via,Manhã,5,2,0,2,6,0.4
2024,PE,Nordeste,Demais falhas na via,Noite,6,3,1,2,7,0.5
2024,PE,Nordeste,Demais falhas na via,Tarde,6,2,0,2,7,0.333333
2024,PE,Nordeste,Desrespeitar a preferência no cruzamento,Madrugada,1,0,0,0,0,0.0
2024,PE,Nordeste,Desrespeitar a preferência no cruzamento,Manhã,12,4,1,5,14,0.333333
2024,PE,Nordeste,Desrespeitar a preferência no cruzamento,Noite,7,5,0,8,10,0.714286
2024,PE,Nordeste,Desrespeitar a preferência no cruzamento,Tarde,12,5,1,5,16,0.416667
2024,PE,Nordeste,Desvio temporário,Tarde,1,0,0,0,1,0.0
2024,PE,Nordeste,Entrada inopinada do pedestre,Madrugada,3,3,3,0,3,1.0
2024,PE,Nordeste,Entrada inopinada do pedestre,Manhã,11,8,1,8,15,0.727273
2024,PE,Nordeste,Entrada inopinada do pedestre,Noite,20,13,5,11,30,0.65
2024,PE,Nordeste,Entrada inopinada do pedestre,Tarde,8,6,4,2,9,0.75
2024,PE,Nordeste,Estacionar ou parar em local proibido,Madrugada,2,1,0,2,2,0.5
2024,PE,Nordeste,Estacionar ou parar em local proibido,Manhã,5,3,0,4,5,0.6
2024,PE,Nordeste,Estacionar ou parar em local proibido,Tarde,4,2,0,2,3,0.5
2024,PE,Nordeste,Faixas de trânsito com largura insuficiente,Madrugada,1,0,0,0,0,0.0
2024,PE,Nordeste,Faixas de trânsito com largura insuficiente,Tarde,1,0,0,0,0,0.0
2024,PE,Nordeste,Falta de acostamento,Madrugada,1,0,0,0,1,0.0
2024,PE,Nordeste,Falta de acostamento,Manhã,1,0,0,0,2,0.0
2024,PE,Nordeste,Falta de elemento de contenção que evite a saída do leito carroçável,Madrugada,1,0,0,0,1,0.0
2024,PE,Nordeste,Falta de elemento de contenção que evite a saída do leito carroçável,Manhã,2,0,0,0,5,0.0
2024,PE,Nordeste,Faróis desregulados,Noite,1,1,0,1,1,1.0
2024,PE,Nordeste,Frear bruscamente,Madrugada,2,1,0,1,1,0.5
2024,PE,Nordeste,Frear bruscamente,Manhã,10,1,0,1,13,0.1
2024,PE,Nordeste,Frear bruscamente,Noite,5,2,0,2,4,0.4
2024,PE,Nordeste,Frear bruscamente,Tarde,4,1,0,1,2,0.25
2024,PE,Nordeste,Fumaça,Madrugada,1,0,0,0,0,0.0
2024,PE,Nordeste,Fumaça,Tarde,2,0,0,0,2,0.0
2024,PE,Nordeste,Iluminação deficiente,Madrugada,2,0,0,0,2,0.0
2024,PE,Nordeste,Iluminação deficiente,Noite,10,4,3,1,9,0.4
2024,PE,Nordeste,Ingestão de substâncias psicoativas pelo condutor,Noite,3,1,1,0,4,0.333333
2024,PE,Nordeste,Ingestão de álcool pelo condutor,Madrugada,28,9,1,9,29,0.321429
2024,PE,Nordeste,Ingestão de álcool pelo condutor,Manhã,19,7,1,8,15,0.368421
2024,PE,Nordeste,Ingestão de álcool pelo condutor,Noite,78,23,6,23,66,0.294872
2024,PE,Nordeste,Ingestão de álcool pelo condutor,Tarde,29,3,0,4,21,0.103448
2024,PE,Nordeste,Mal súbito do condutor,Manhã,6,2,0,2,5,0.333333
2024,PE,Nordeste,Mal súbito do condutor,Noite,2,1,0,1,3,0.5
2024,PE,Nordeste,Mal súbito do condutor,Tarde,9,5,3,3,15,0.555556
2024,PE,Nordeste,Manobra de mudança de faixa,Madrugada,15,5,1,5,18,0.333333
2024,PE,Nordeste,Manobra de mudança de faixa,Manhã,84,20,3,21,108,0.238095
2024,PE,Nordeste,Manobra de mudança de faixa,Noite,74,21,3,22,92,0.283784
2024,PE,Nordeste,Manobra de mudança de faixa,Tarde,94,24,2,29,118,0.255319
2024,PE,Nordeste,Modificação proibida,Madrugada,1,1,0,1,1,1.0
2024,PE,Nordeste,Modificação proibida,Noite,1,1,1,1,2,1.0
2024,PE,Nordeste,Modificação proibida,Tarde,1,0,0,0,1,0.0
2024,PE,Nordeste,Objeto estático sobre o leito carroçável,Madrugada,4,3,1,2,5,0.75
2024,PE,Nordeste,Objeto estático sobre o leito carroçável,Noite,8,4,1,4,10,0.5
2024,PE,Nordeste,Objeto estático sobre o leito carroçável,Tarde,2,1,0,1,5,0.5
2024,PE,Nordeste,Participar de racha,Madrugada,1,0,0,0,3,0.0
2024,PE,Nordeste,Pedestre - Ingestão de álcool/ substâncias psicoativas,Madrugada,1,1,1,0,2,1.0
2024,PE,Nordeste,Pedestre - Ingestão de álcool/ substâncias psicoativas,Manhã,2,1,0,1,2,0.5
2024,PE,Nordeste,Pedestre - Ingestão de álcool/ substâncias psicoativas,Noite,4,3,1,2,4,0.75
2024,PE,Nordeste,Pedestre - Ingestão de álcool/ substâncias psicoativas,Tarde,3,0,0,0,3,0.0
2024,PE,Nordeste,Pedestre andava na pista,Madrugada,13,13,13,3,16,1.0
2024,PE,Nordeste,Pedestre andava na pista,Manhã,2,1,1,0,2,0.5
2024,PE,Nordeste,Pedestre andava na pista,Noite,24,19,11,11,32,0.791667
2024,PE,Nordeste,Pedestre andava na pista,Tarde,3,1,1,0,3,0.333333
2024,PE,Nordeste,Pedestre cruzava a pista fora da faixa,Madrugada,2,2,1,1,2,1.0
2024,PE,Nordeste,Pedestre cruzava a pista fora da faixa,Manhã,15,6,3,4,17,0.4
2024,PE,Nordeste,Pedestre cruzava a pista fora da faixa,Noite,17,13,9,8,24,0.764706
2024,PE,Nordeste,Pedestre cruzava a pista fora da faixa,Tarde,16,10,4,8,20,0.625
2024,PE,Nordeste,Pista Escorregadia,Manhã,8,2,0,2,11,0.25
2024,PE,Nordeste,Pista Escorregadia,Noite,2,0,0,0,2,0.0
2024,PE,Nordeste,Pista Escorregadia,Tarde,4,1,0,2,4,0.25
2024,PE,Nordeste,Pista esburacada,Manhã,2,1,0,1,3,0.5
2024,PE,Nordeste,Pista esburacada,Noite,1,0,0,0,1,0.0
2024,PE,Nordeste,Pista esburacada,Tarde,2,0,0,0,2,0.0
2024,PE,Nordeste,Problema com o freio,Manhã,2,1,0,1,1,0.5
2024,PE,Nordeste,Problema com o freio,Noite,1,0,0,0,2,0.0
2024,PE,Nordeste,Problema com o freio,Tarde,6,2,0,2,4,0.333333
2024,PE,Nordeste,Problema na suspensão,Tarde,1,0,0,0,1,0.0
2024,PE,Nordeste,Reação tardia ou ineficiente do condutor,Madrugada,39,13,6,12,38,0.333333
2024,PE,Nordeste,Reação tardia ou ineficiente do condutor,Manhã,132,34,6,35,159,0.257576
2024,PE,Nordeste,Reação tardia ou ineficiente do condutor,Noite,95,33,14,26,87,0.347368
2024,PE,Nordeste,Reação tardia ou ineficiente do condutor,Tarde,122,40,11,37,134,0.327869
2024,PE,Nordeste,Restrição de visibilidade em curvas horizontais,Manhã,1,0,0,0,0,0.0
2024,PE,Nordeste,Retorno proibido,Madrugada,1,0,0,0,2,0.0
2024,PE,Nordeste,Retorno proibido,Manhã,8,4,1,5,12,0.5
2024,PE,Nordeste,Retorno proibido,Noite,3,2,1,1,6,0.666667
2024,PE,Nordeste,Retorno proibido,Tarde,9,2,1,1,10,0.222222
2024,PE,Nordeste,Semáforo com defeito,Manhã,2,1,0,1,2,0.5
2024,PE,Nordeste,Sinalização mal posicionada,Noite,2,1,1,0,3,0.5
2024,PE,Nordeste,Suicídio (presumido),Manhã,1,1,1,0,1,1.0
2024,PE,Nordeste,Suicídio (presumido),Noite,3,2,2,0,4,0.666667
2024,PE,Nordeste,Suicídio (presumido),Tarde,1,1,0,1,1,1.0
2024,PE,Nordeste,Trafegar com motocicleta (ou similar) entre as faixas,Madrugada,1,0,0,0,0,0.0
2024,PE,Nordeste,Trafegar com motocicleta (ou similar) entre as faixas,Manhã,27,9,5,5,41,0.333333
2024,PE,Nordeste,Trafegar com motocicleta (ou similar) entre as faixas,Noite,14,6,3,4,16,0.428571
2024,PE,Nordeste,Trafegar com motocicleta (ou similar) entre as faixas,Tarde,23,7,0,7,27,0.304348
2024,PE,Nordeste,Transitar na calçada,Tarde,1,0,0,0,1,0.0
2024,PE,Nordeste,Transitar na contramão,Madrugada,30,16,15,14,42,0.533333
2024,PE,Nordeste,Transitar na contramão,Manhã,22,13,6,8,26,0.590909
2024,PE,Nordeste,Transitar na contramão,Noite,81,59,32,60,134,0.728395
2024,PE,Nordeste,Transitar na contramão,Tarde,19,13,7,11,42,0.684211
2024,PE,Nordeste,Transitar no acostamento,Madrugada,4,4,3,1,4,1.0
2024,PE,Nordeste,Transitar no acostamento,Manhã,12,6,1,7,15,0.5
2024,PE,Nordeste,Transitar no acostamento,Noite,6,3,0,3,7,0.5
2024,PE,Nordeste,Transitar no acostamento,Tarde,9,4,2,3,11,0.444444
2024,PE,Nordeste,Transtornos Mentais (exceto suicidio),Madrugada,1,0,0,0,1,0.0
2024,PE,Nordeste,Transtornos Mentais (exceto suicidio),Noite,2,1,0,1,2,0.5
2024,PE,Nordeste,Ultrapassagem Indevida,Madrugada,2,1,0,1,3,0.5
2024,PE,Nordeste,Ultrapassagem Indevida,Manhã,16,9,5,5,21,0.5625
2024,PE,Nordeste,Ultrapassagem Indevida,Noite,16,9,3,10,34,0.5625
2024,PE,Nordeste,Ultrapassagem Indevida,Tarde,26,9,2,10,40,0.346154
2024,PE,Nordeste,Velocidade Incompatível,Madrugada,17,9,3,13,26,0.529412
2024,PE,Nordeste,Velocidade Incompatível,Manhã,21,8,2,8,28,0.380952
2024,PE,Nordeste,Velocidade Incompatível,Noite,22,12,4,11,27,0.545455
2024,PE,Nordeste,Velocidade Incompatível,Tarde,23,10,1,11,31,0.434783
2024,PE,Nordeste,Área urbana sem a presença de local apropriado para a travessia de pedestres,Madrugada,1,0,0,0,2,0.0
2024,PE,Nordeste,Área urbana sem a presença de local apropriado para a travessia de pedestres,Noite,3,2,0,3,5,0.666667
2024,PE,Nordeste,Área urbana sem a presença de local apropriado para a travessia de pedestres,Tarde,3,2,0,2,3,0.666667
2024,PI,Nordeste,Acessar a via sem observar a presença dos outros veículos,Madrugada,5,2,2,0,3,0.4
2024,PI,Nordeste,Acessar a via sem observar a presença dos outros veículos,Manhã,65,26,1,29,83,0.4
2024,PI,Nordeste,Acessar a via sem observar a presença dos outros veículos,Noite,65,37,8,43,95,0.569231
2024,PI,Nordeste,Acessar a via sem observar a presença dos outros veículos,Tarde,60,25,3,27,68,0.416667
2024,PI,Nordeste,Acesso irregular,Madrugada,2,0,0,0,0,0.0
2024,PI,Nordeste,Acesso irregular,Manhã,9,6,1,8,17,0.666667
2024,PI,Nordeste,Acesso irregular,Noite,6,2,0,2,7,0.333333
2024,PI,Nordeste,Acesso irregular,Tarde,7,1,0,1,9,0.142857
2024,PI,Nordeste,Acostamento em desnível,Manhã,4,2,0,2,6,0.5
2024,PI,Nordeste,Acostamento em desnível,Noite,3,0,0,0,3,0.0
2024,PI,Nordeste,Acostamento em desnível,Tarde,1,0,0,0,0,0.0
2024,PI,Nordeste,Acumulo de areia ou detritos sobre o pavimento,Manhã,2,0,0,0,2,0.0
2024,PI,Nordeste,Acumulo de areia ou detritos sobre o pavimento,Noite,1,0,0,0,1,0.0
2024,PI,Nordeste,Acumulo de areia ou detritos sobre o pavimento,Tarde,3,2,1,1,4,0.666667
2024,PI,Nordeste,Acumulo de água sobre o pavimento,Madrugada,1,0,0,0,3,0.0
2024,PI,Nordeste,Acumulo de água sobre o pavimento,Manhã,4,2,1,1,5,0.5
2024,PI,Nordeste,Acumulo de água sobre o pavimento,Noite,1,0,0,0,2,0.0
2024,PI,Nordeste,Acumulo de água sobre o pavimento,Tarde,3,1,1,0,5,0.333333
2024,PI,Nordeste,Acumulo de óleo sobre o pavimento,Tarde,1,0,0,0,1,0.0
2024,PI,Nordeste,Afundamento ou ondulação no pavimento,Madrugada,1,0,0,0,1,0.0
2024,PI,Nordeste,Afundamento ou ondulação no pavimento,Manhã,3,1,0,1,4,0.333333
2024,PI,Nordeste,Afundamento ou ondulação no pavimento,Noite,3,2,0,3,4,0.666667
2024,PI,Nordeste,Afundamento ou ondulação no pavimento,Tarde,2,1,0,2,3,0.5
2024,PI,Nordeste,Animais na Pista,Madrugada,13,4,2,5,18,0.307692
2024,PI,Nordeste,Animais na Pista,Manhã,4,2,1,1,3,0.5
2024,PI,Nordeste,Animais na Pista,Noite,45,14,5,13,49,0.311111
2024,PI,Nordeste,Animais na Pista,Tarde,6,1,0,1,6,0.166667
2024,PI,Nordeste,Ausência de reação do condutor,Madrugada,46,26,11,20,48,0.565217
2024,PI,Nordeste,Ausência de reação do condutor,Manhã,57,22,3,26,59,0.385965
2024,PI,Nordeste,Ausência de reação do condutor,Noite,111,55,17,58,138,0.495495
2024,PI,Nordeste,Ausência de reação do condutor,Tarde,71,28,9,32,90,0.394366
2024,PI,Nordeste,Ausência de sinalização,Madrugada,1,0,0,0,1,0.0
2024,PI,Nordeste,Ausência de sinalização,Manhã,1,0,0,0,1,0.0
2024,PI,Nordeste,Ausência de sinalização,Noite,3,0,0,0,4,0.0
2024,PI,Nordeste,Ausência de sinalização,Tarde,1,0,0,0,2,0.0
2024,PI,Nordeste,Avarias e/ou desgaste excessivo no pneu,Madrugada,2,0,0,0,3,0.0
2024,PI,Nordeste,Avarias e/ou desgaste excessivo no pneu,Manhã,7,1,0,2,13,0.142857
2024,PI,Nordeste,Avarias e/ou desgaste excessivo no pneu,Noite,3,2,1,4,7,0.666667
2024,PI,Nordeste,Avarias e/ou desgaste excessivo no pneu,Tarde,3,1,0,1,5,0.333333
2024,PI,Nordeste,Carga excessiva e/ou mal acondicionada,Manhã,1,1,0,1,1,1.0
2024,PI,Nordeste,Carga excessiva e/ou mal acondicionada,Tarde,2,1,0,1,2,0.5
2024,PI,Nordeste,Chuva,Madrugada,1,0,0,0,0,0.0
2024,PI,Nordeste,Chuva,Noite,3,0,0,0,2,0.0
2024,PI,Nordeste,Chuva,Tarde,6,1,1,0,9,0.166667
2024,PI,Nordeste,Condutor Dormindo,Madrugada,11,5,0,5,13,0.454545
2024,PI,Nordeste,Condutor Dormindo,Manhã,6,1,0,1,9,0.166667
2024,PI,Nordeste,Condutor Dormindo,Noite,4,1,0,1,3,0.25
2024,PI,Nordeste,Condutor Dormindo,Tarde,4,0,0,0,5,0.0
2024,PI,Nordeste,Condutor deixou de manter distância do veículo da frente,Madrugada,3,1,0,1,4,0.333333
2024,PI,Nordeste,Condutor deixou de manter distância do veículo da frente,Manhã,36,10,1,10,42,0.277778
2024,PI,Nordeste,Condutor deixou de manter distância do veículo da frente,Noite,20,9,3,6,20,0.45
2024,PI,Nordeste,Condutor deixou de manter distância do veículo da frente,Tarde,34,12,1,11,28,0.352941
2024,PI,Nordeste,Condutor desrespeitou a iluminação vermelha do semáforo,Madrugada,10,4,0,4,11,0.4
2024,PI,Nordeste,Condutor desrespeitou a iluminação vermelha do semáforo,Manhã,6,3,0,3,7,0.5
2024,PI,Nordeste,Condutor desrespeitou a iluminação vermelha do semáforo,Noite,4,2,0,2,5,0.5
2024,PI,Nordeste,Condutor desrespeitou a iluminação vermelha do semáforo,Tarde,10,2,1,2,17,0.2
2024,PI,Nordeste,Conversão proibida,Madrugada,1,1,0,1,1,1.0
2024,PI,Nordeste,Conversão proibida,Manhã,8,5,0,5,9,0.625
2024,PI,Nordeste,Conversão proibida,Noite,7,3,0,4,12,0.428571
2024,PI,Nordeste,Conversão proibida,Tarde,4,1,0,1,8,0.25
2024,PI,Nordeste,Curva acentuada,Manhã,1,1,0,1,1,1.0
2024,PI,Nordeste,Curva acentuada,Noite,1,0,0,0,1,0.0
2024,PI,Nordeste,Deficiência do Sistema de Iluminação/Sinalização,Manhã,1,1,0,1,1,1.0
2024,PI,Nordeste,Deficiência do Sistema de Iluminação/Sinalização,Noite,3,0,0,0,2,0.0
2024,PI,Nordeste,Demais Fenômenos da natureza,Noite,1,1,0,1,1,1.0
2024,PI,Nordeste,Demais falhas mecânicas ou elétricas,Madrugada,4,0,0,0,0,0.0
2024,PI,Nordeste,Demais falhas mecânicas ou elétricas,Manhã,14,3,0,4,17,0.214286
2024,PI,Nordeste,Demais falhas mecânicas ou elétricas,Noite,9,1,0,1,8,0.111111
2024,PI,Nordeste,Demais falhas mecânicas ou elétricas,Tarde,23,4,0,5,13,0.173913
2024,PI,Nordeste,Demais falhas na via,Manhã,1,0,0,0,0,0.0
2024,PI,Nordeste,Demais falhas na via,Noite,4,1,0,1,4,0.25
2024,PI,Nordeste,Demais falhas na via,Tarde,1,0,0,0,2,0.0
2024,PI,Nordeste,Desrespeitar a preferência no cruzamento,Madrugada,1,0,0,0,0,0.0
2024,PI,Nordeste,Desrespeitar a preferência no cruzamento,Manhã,17,6,1,5,16,0.352941
2024,PI,Nordeste,Desrespeitar a preferência no cruzamento,Noite,8,4,0,4,10,0.5
2024,PI,Nordeste,Desrespeitar a preferência no cruzamento,Tarde,15,3,0,5,21,0.2
2024,PI,Nordeste,Entrada inopinada do pedestre,Madrugada,1,1,1,0,1,1.0
2024,PI,Nordeste,Entrada inopinada do pedestre,Manhã,5,4,0,4,8,0.8
2024,PI,Nordeste,Entrada inopinada do pedestre,Noite,13,10,5,7,15,0.769231
2024,PI,Nordeste,Entrada inopinada do pedestre,Tarde,5,5,4,2,9,1.0
2024,PI,Nordeste,Estacionar ou parar em local proibido,Manhã,1,1,1,0,1,1.0
2024,PI,Nordeste,Estacionar ou parar em local proibido,Noite,3,2,0,3,4,0.666667
2024,PI,Nordeste,Estacionar ou parar em local proibido,Tarde,4,0,0,0,6,0.0
2024,PI,Nordeste,Faixas de trânsito com largura insuficiente,Manhã,1,1,0,1,1,1.0
2024,PI,Nordeste,Falta de elemento de contenção que evite a saída do leito carroçável,Manhã,1,1,0,1,1,1.0
2024,PI,Nordeste,Frear bruscamente,Manhã,4,1,0,1,2,0.25
2024,PI,Nordeste,Frear bruscamente,Noite,1,0,0,0,1,0.0
2024,PI,Nordeste,Frear bruscamente,Tarde,4,2,0,3,5,0.5
2024,PI,Nordeste,Fumaça,Manhã,1,0,0,0,0,0.0
2024,PI,Nordeste,Iluminação deficiente,Noite,2,1,0,1,1,0.5
2024,PI,Nordeste,Ingestão de substâncias psicoativas pelo condutor,Noite,1,1,1,0,2,1.0
2024,PI,Nordeste,Ingestão de álcool pelo condutor,Madrugada,19,6,1,6,14,0.315789
2024,PI,Nordeste,Ingestão de álcool pelo condutor,Manhã,6,1,0,1,1,0.166667
2024,PI,Nordeste,Ingestão de álcool pelo condutor,Noite,26,6,2,6,16,0.230769
2024,PI,Nordeste,Ingestão de álcool pelo condutor,Tarde,18,5,1,5,18,0.277778
2024,PI,Nordeste,Mal súbito do condutor,Tarde,4,1,1,0,3,0.25
2024,PI,Nordeste,Manobra de mudança de faixa,Madrugada,8,4,2,3,14,0.5
2024,PI,Nordeste,Manobra de mudança de faixa,Manhã,28,8,5,9,39,0.285714
2024,PI,Nordeste,Manobra de mudança de faixa,Noite,29,16,5,18,46,0.551724
2024,PI,Nordeste,Manobra de mudança de faixa,Tarde,35,9,0,10,45,0.257143
2024,PI,Nordeste,Objeto estático sobre o leito carroçável,Madrugada,2,2,0,2,2,1.0
2024,PI,Nordeste,Objeto estático sobre o leito carroçável,Manhã,1,1,2,3,7,1.0
2024,PI,Nordeste,Objeto estático sobre o leito carroçável,Noite,4,3,0,4,5,0.75
2024,PI,Nordeste,Objeto estático sobre o leito carroçável,Tarde,3,1,0,1,3,0.333333
2024,PI,Nordeste,Participar de racha,Noite,1,1,0,2,2,1.0
2024,PI,Nordeste,Pedestre - Ingestão de álcool/ substâncias psicoativas,Noite,2,1,1,0,1,0.5
2024,PI,Nordeste,Pedestre andava na pista,Madrugada,5,5,4,1,5,1.0
2024,PI,Nordeste,Pedestre andava na pista,Manhã,1,1,0,1,1,1.0
2024,PI,Nordeste,Pedestre andava na pista,Noite,13,12,5,9,18,0.923077
2024,PI,Nordeste,Pedestre andava na pista,Tarde,2,1,0,1,2,0.5
2024,PI,Nordeste,Pedestre cruzava a pista fora da faixa,Noite,2,0,0,0,2,0.0
2024,PI,Nordeste,Pedestre cruzava a pista fora da faixa,Tarde,2,2,0,2,3,1.0
2024,PI,Nordeste,Pista Escorregadia,Noite,1,0,0,0,0,0.0
2024,PI,Nordeste,Pista Escorregadia,Tarde,5,1,2,2,13,0.2
2024,PI,Nordeste,Pista esburacada,Madrugada,1,0,0,0,1,0.0
2024,PI,Nordeste,Pista esburacada,Noite,6,1,0,1,7,0.166667
2024,PI,Nordeste,Problema com o freio,Manhã,1,0,0,0,1,0.0
2024,PI,Nordeste,Problema com o freio,Tarde,1,0,0,0,1,0.0
2024,PI,Nordeste,Reação tardia ou ineficiente do condutor,Madrugada,14,3,0,3,14,0.214286
2024,PI,Nordeste,Reação tardia ou ineficiente do condutor,Manhã,40,14,2,15,46,0.35
2024,PI,Nordeste,Reação tardia ou ineficiente do condutor,Noite,44,14,3,14,61,0.318182
2024,PI,Nordeste,Reação tardia ou ineficiente do condutor,Tarde,49,11,1,14,53,0.22449
2024,PI,Nordeste,Retorno proibido,Madrugada,2,1,0,1,2,0.5
2024,PI,Nordeste,Retorno proibido,Manhã,2,2,0,2,3,1.0
2024,PI,Nordeste,Retorno proibido,Noite,3,1,0,2,6,0.333333
2024,PI,Nordeste,Retorno proibido,Tarde,5,3,0,3,6,0.6
2024,PI,Nordeste,Semáforo com defeito,Manhã,1,1,0,1,1,1.0
2024,PI,Nordeste,Sinalização mal posicionada,Tarde,2,1,0,1,2,0.5
2024,PI,Nordeste,Trafegar com motocicleta (ou similar) entre as faixas,Manhã,1,1,1,0,1,1.0
2024,PI,Nordeste,Trafegar com motocicleta (ou similar) entre as faixas,Noite,1,0,0,0,1,0.0
2024,PI,Nordeste,Transitar na contramão,Madrugada,20,13,12,4,23,0.65
2024,PI,Nordeste,Transitar na contramão,Manhã,19,12,6,10,30,0.631579
2024,PI,Nordeste,Transitar na contramão,Noite,32,25,11,23,49,0.78125
2024,PI,Nordeste,Transitar na contramão,Tarde,16,8,6,4,15,0.5
2024,PI,Nordeste,Transitar no acostamento,Madrugada,1,0,0,0,1,0.0
2024,PI,Nordeste,Transitar no acostamento,Manhã,6,4,1,3,6,0.666667
2024,PI,Nordeste,Transitar no acostamento,Noite,6,3,1,2,8,0.5
2024,PI,Nordeste,Transitar no acostamento,Tarde,5,2,0,2,3,0.4
2024,PI,Nordeste,Transtornos Mentais (exceto suicidio),Noite,1,0,0,0,2,0.0
2024,PI,Nordeste,Transtornos Mentais (exceto suicidio),Tarde,1,0,0,0,1,0.0
2024,PI,Nordeste,Ultrapassagem Indevida,Madrugada,4,3,2,1,5,0.75
2024,PI,Nordeste,Ultrapassagem Indevida,Manhã,10,4,0,4,11,0.4
2024,PI,Nordeste,Ultrapassagem Indevida,Noite,12,8,2,6,19,0.666667
2024,PI,Nordeste,Ultrapassagem Indevida,Tarde,11,5,1,7,20,0.454545
2024,PI,Nordeste,Velocidade Incompatível,Madrugada,9,3,2,1,8,0.333333
2024,PI,Nordeste,Velocidade Incompatível,Manhã,5,2,0,2,5,0.4
2024,PI,Nordeste,Velocidade Incompatível,Noite,4,4,1,4,5,1.0
2024,PI,Nordeste,Velocidade Incompatível,Tarde,9,5,1,8,20,0.555556
2024,PI,Nordeste,Área urbana sem a presença de local apropriado para a travessia de pedestres,Manhã,1,0,0,0,1,0.0
2024,PR,Sul,Acessar a via sem observar a presença dos outros veículos,Madrugada,30,10,3,14,45,0.333333
2024,PR,Sul,Acessar a via sem observar a presença dos outros veículos,Manhã,182,51,10,60,237,0.28022
2024,PR,Sul,Acessar a via sem observar a presença dos outros veículos,Noite,216,62,16,56,295,0.287037
2024,PR,Sul,Acessar a via sem observar a presença dos outros veículos,Tarde,221,73,13,78,302,0.330317
2024,PR,Sul,Acesso irregular,Madrugada,8,1,0,1,4,0.125
2024,PR,Sul,Acesso irregular,Manhã,21,6,0,7,31,0.285714
2024,PR,Sul,Acesso irregular,Noite,25,10,2,8,31,0.4
2024,PR,Sul,Acesso irregular,Tarde,20,0,0,0,19,0.0
2024,PR,Sul,Acostamento em desnível,Madrugada,2,1,0,1,2,0.5
2024,PR,Sul,Acostamento em desnível,Manhã,1,1,0,1,1,1.0
2024,PR,Sul,Acostamento em desnível,Noite,2,0,0,0,1,0.0
2024,PR,Sul,Acostamento em desnível,Tarde,1,0,0,0,1,0.0
2024,PR,Sul,Acumulo de areia ou detritos sobre o pavimento,Madrugada,2,1,0,2,3,0.5
2024,PR,Sul,Acumulo de areia ou detritos sobre o pavimento,Manhã,8,2,0,4,9,0.25
2024,PR,Sul,Acumulo de areia ou detritos sobre o pavimento,Noite,6,3,0,3,7,0.5
2024,PR,Sul,Acumulo de areia ou detritos sobre o pavimento,Tarde,8,2,2,0,4,0.25
2024,PR,Sul,Acumulo de água sobre o pavimento,Madrugada,2,0,0,0,1,0.0
2024,PR,Sul,Acumulo de água sobre o pavimento,Manhã,16,4,3,4,24,0.25
2024,PR,Sul,Acumulo de água sobre o pavimento,Noite,8,1,0,1,9,0.125
2024,PR,Sul,Acumulo de água sobre o pavimento,Tarde,33,6,2,4,43,0.181818
2024,PR,Sul,Acumulo de óleo sobre o pavimento,Madrugada,2,0,0,0,1,0.0
2024,PR,Sul,Acumulo de óleo sobre o pavimento,Manhã,6,0,0,0,9,0.0
2024,PR,Sul,Acumulo de óleo sobre o pavimento,Noite,1,1,0,1,1,1.0
2024,PR,Sul,Acumulo de óleo sobre o pavimento,Tarde,8,2,0,3,15,0.25
2024,PR,Sul,Afundamento ou ondulação no pavimento,Madrugada,1,0,0,0,1,0.0
2024,PR,Sul,Afundamento ou ondulação no pavimento,Manhã,11,1,0,1,11,0.090909
2024,PR,Sul,Afundamento ou ondulação no pavimento,Noite,7,0,0,0,5,0.0
2024,PR,Sul,Afundamento ou ondulação no pavimento,Tarde,6,1,0,1,5,0.166667
2024,PR,Sul,Animais na Pista,Madrugada,9,0,0,0,4,0.0
2024,PR,Sul,Animais na Pista,Manhã,13,3,0,3,11,0.230769
2024,PR,Sul,Animais na Pista,Noite,30,4,0,4,32,0.133333
2024,PR,Sul,Animais na Pista,Tarde,9,4,0,5,18,0.444444
2024,PR,Sul,Ausência de reação do condutor,Madrugada,191,46,20,37,183,0.240838
2024,PR,Sul,Ausência de reação do condutor,Manhã,290,61,12,61,345,0.210345
2024,PR,Sul,Ausência de reação do condutor,Noite,299,74,16,64,299,0.247492
2024,PR,Sul,Ausência de reação do condutor,Tarde,268,60,16,62,338,0.223881
2024,PR,Sul,Ausência de sinalização,Madrugada,3,1,1,0,3,0.333333
2024,PR,Sul,Ausência de sinalização,Manhã,6,2,2,1,7,0.333333
2024,PR,Sul,Ausência de sinalização,Noite,7,1,1,0,9,0.142857
2024,PR,Sul,Ausência de sinalização,Tarde,3,0,0,0,4,0.0
2024,PR,Sul,Avarias e/ou desgaste excessivo no pneu,Madrugada,5,0,0,0,3,0.0
2024,PR,Sul,Avarias e/ou desgaste excessivo no pneu,Manhã,39,9,1,9,55,0.230769
2024,PR,Sul,Avarias e/ou desgaste excessivo no pneu,Noite,23,5,0,5,27,0.217391
2024,PR,Sul,Avarias e/ou desgaste excessivo no pneu,Tarde,62,16,5,19,106,0.258065
2024,PR,Sul,Carga excessiva e/ou mal acondicionada,Madrugada,3,0,0,0,3,0.0
2024,PR,Sul,Carga excessiva e/ou mal acondicionada,Manhã,5,1,1,0,4,0.2
2024,PR,Sul,Carga excessiva e/ou mal acondicionada,Noite,4,1,1,1,8,0.25
2024,PR,Sul,Carga excessiva e/ou mal acondicionada,Tarde,8,3,0,3,15,0.375
2024,PR,Sul,Chuva,Madrugada,16,4,2,3,16,0.25
2024,PR,Sul,Chuva,Manhã,41,7,0,9,50,0.170732
2024,PR,Sul,Chuva,Noite,35,9,1,9,52,0.257143
2024,PR,Sul,Chuva,Tarde,79,16,8,20,113,0.202532
2024,PR,Sul,Condutor Dormindo,Madrugada,75,13,4,10,83,0.173333
2024,PR,Sul,Condutor Dormindo,Manhã,48,11,3,14,73,0.229167
2024,PR,Sul,Condutor Dormindo,Noite,26,6,3,7,27,0.230769
2024,PR,Sul,Condutor Dormindo,Tarde,28,7,0,9,41,0.25
2024,PR,Sul,Condutor deixou de manter distância do veículo da frente,Madrugada,23,6,2,9,42,0.26087
2024,PR,Sul,Condutor deixou de manter distância do veículo da frente,Manhã,139,20,1,19,163,0.143885
2024,PR,Sul,Condutor deixou de manter distância do veículo da frente,Noite,108,14,1,15,112,0.12963
2024,PR,Sul,Condutor deixou de manter distância do veículo da frente,Tarde,137,20,0,24,158,0.145985
2024,PR,Sul,Condutor desrespeitou a iluminação vermelha do semáforo,Madrugada,2,1,0,1,2,0.5
2024,PR,Sul,Condutor desrespeitou a iluminação vermelha do semáforo,Manhã,10,3,0,3,12,0.3
2024,PR,Sul,Condutor desrespeitou a iluminação vermelha do semáforo,Noite,13,3,0,3,16,0.230769
2024,PR,Sul,Condutor desrespeitou a iluminação vermelha do semáforo,Tarde,14,5,1,7,16,0.357143
2024,PR,Sul,Condutor usando celular,Madrugada,2,1,0,1,4,0.5
2024,PR,Sul,Condutor usando celular,Manhã,3,0,0,0,8,0.0
2024,PR,Sul,Condutor usando celular,Noite,6,0,0,0,6,0.0
2024,PR,Sul,Condutor usando celular,Tarde,5,1,0,1,5,0.2
2024,PR,Sul,Conversão proibida,Madrugada,3,1,0,1,4,0.333333
2024,PR,Sul,Conversão proibida,Manhã,18,2,1,1,21,0.111111
2024,PR,Sul,Conversão proibida,Noite,26,10,2,14,43,0.384615
2024,PR,Sul,Conversão proibida,Tarde,22,10,2,15,33,0.454545
2024,PR,Sul,Curva acentuada,Madrugada,1,0,0,0,0,0.0
2024,PR,Sul,Curva acentuada,Manhã,5,1,0,1,6,0.2
2024,PR,Sul,Curva acentuada,Noite,3,1,0,1,3,0.333333
2024,PR,Sul,Curva acentuada,Tarde,11,4,0,8,17,0.363636
2024,PR,Sul,Declive acentuado,Manhã,2,1,1,1,2,0.5
2024,PR,Sul,Declive acentuado,Tarde,1,0,0,0,1,0.0
2024,PR,Sul,Deficiência do Sistema de Iluminação/Sinalização,Madrugada,2,0,0,0,2,0.0
2024,PR,Sul,Deficiência do Sistema de Iluminação/Sinalização,Noite,8,4,2,2,12,0.5
2024,PR,Sul,Deixar de acionar o farol da motocicleta (ou similar),Madrugada,1,1,0,1,1,1.0
2024,PR,Sul,Demais Fenômenos da natureza,Manhã,3,2,0,2,5,0.666667
2024,PR,Sul,Demais Fenômenos da natureza,Noite,2,1,0,1,3,0.5
2024,PR,Sul,Demais Fenômenos da natureza,Tarde,2,1,0,1,1,0.5
2024,PR,Sul,Demais falhas mecânicas ou elétricas,Madrugada,38,3,3,3,17,0.078947
2024,PR,Sul,Demais falhas mecânicas ou elétricas,Manhã,87,12,4,16,69,0.137931
2024,PR,Sul,Demais falhas mecânicas ou elétricas,Noite,101,8,0,10,71,0.079208
2024,PR,Sul,Demais falhas mecânicas ou elétricas,Tarde,115,7,3,4,66,0.06087
2024,PR,Sul,Demais falhas na via,Manhã,6,0,0,0,8,0.0
2024,PR,Sul,Demais falhas na via,Noite,7,2,0,2,8,0.285714
2024,PR,Sul,Demais falhas na via,Tarde,9,1,0,1,7,0.111111
2024,PR,Sul,Desrespeitar a preferência no cruzamento,Madrugada,4,1,0,1,5,0.25
2024,PR,Sul,Desrespeitar a preferência no cruzamento,Manhã,34,11,4,10,50,0.323529
2024,PR,Sul,Desrespeitar a preferência no cruzamento,Noite,60,22,4,21,90,0.366667
2024,PR,Sul,Desrespeitar a preferência no cruzamento,Tarde,62,17,1,23,108,0.274194
2024,PR,Sul,Desvio temporário,Tarde,1,0,0,0,0,0.0
2024,PR,Sul,Entrada inopinada do pedestre,Madrugada,9,8,2,6,9,0.888889
2024,PR,Sul,Entrada inopinada do pedestre,Manhã,8,7,0,8,10,0.875
2024,PR,Sul,Entrada inopinada do pedestre,Noite,34,26,11,17,40,0.764706
2024,PR,Sul,Entrada inopinada do pedestre,Tarde,15,11,3,10,17,0.733333
2024,PR,Sul,Estacionar ou parar em local proibido,Madrugada,5,0,0,0,5,0.0
2024,PR,Sul,Estacionar ou parar em local proibido,Manhã,3,1,0,1,6,0.333333
2024,PR,Sul,Estacionar ou parar em local proibido,Noite,7,5,2,4,7,0.714286
2024,PR,Sul,Estacionar ou parar em local proibido,Tarde,5,3,0,3,10,0.6
2024,PR,Sul,Faixas de trânsito com largura insuficiente,Manhã,1,0,0,0,0,0.0
2024,PR,Sul,Falta de acostamento,Tarde,2,1,0,1,8,0.5
2024,PR,Sul,Falta de elemento de contenção que evite a saída do leito carroçável,Madrugada,1,0,0,0,0,0.0
2024,PR,Sul,Falta de elemento de contenção que evite a saída do leito carroçável,Manhã,1,1,2,4,6,1.0
2024,PR,Sul,Frear bruscamente,Madrugada,1,0,0,0,1,0.0
2024,PR,Sul,Frear bruscamente,Manhã,13,2,0,2,14,0.153846
2024,PR,Sul,Frear bruscamente,Noite,8,0,0,0,10,0.0
2024,PR,Sul,Frear bruscamente,Tarde,16,2,1,1,17,0.125
2024,PR,Sul,Fumaça,Tarde,2,0,0,0,0,0.0
2024,PR,Sul,Iluminação deficiente,Noite,11,6,2,5,14,0.545455
2024,PR,Sul,Ingestão de substâncias psicoativas pelo condutor,Madrugada,2,0,0,0,1,0.0
2024,PR,Sul,Ingestão de substâncias psicoativas pelo condutor,Manhã,3,2,0,2,3,0.666667
2024,PR,Sul,Ingestão de substâncias psicoativas pelo condutor,Noite,1,0,0,0,1,0.0
2024,PR,Sul,Ingestão de substâncias psicoativas pelo condutor,Tarde,2,1,0,2,3,0.5
2024,PR,Sul,Ingestão de álcool pelo condutor,Madrugada,127,20,5,22,104,0.15748
2024,PR,Sul,Ingestão de álcool pelo condutor,Manhã,52,7,1,11,44,0.134615
2024,PR,Sul,Ingestão de álcool pelo condutor,Noite,192,34,8,47,167,0.177083
2024,PR,Sul,Ingestão de álcool pelo condutor,Tarde,74,14,3,17,59,0.189189
2024,PR,Sul,Mal súbito do condutor,Madrugada,7,1,0,1,8,0.142857
2024,PR,Sul,Mal súbito do condutor,Manhã,20,6,2,5,23,0.3
2024,PR,Sul,Mal súbito do condutor,Noite,15,4,1,4,14,0.266667
2024,PR,Sul,Mal súbito do condutor,Tarde,26,9,3,9,36,0.346154
2024,PR,Sul,Manobra de mudança de faixa,Madrugada,19,5,3,3,18,0.263158
2024,PR,Sul,Manobra de mudança de faixa,Manhã,159,27,1,33,203,0.169811
2024,PR,Sul,Manobra de mudança de faixa,Noite,93,22,7,26,127,0.236559
2024,PR,Sul,Manobra de mudança de faixa,Tarde,125,29,5,29,148,0.232
2024,PR,Sul,Modificação proibida,Manhã,1,0,0,0,1,0.0
2024,PR,Sul,Modificação proibida,Noite,1,1,0,3,3,1.0
2024,PR,Sul,Neblina,Madrugada,8,2,1,2,12,0.25
2024,PR,Sul,Neblina,Manhã,7,3,3,9,17,0.428571
2024,PR,Sul,Objeto estático sobre o leito carroçável,Madrugada,6,2,4,2,12,0.333333
2024,PR,Sul,Objeto estático sobre o leito carroçável,Manhã,7,2,0,2,8,0.285714
2024,PR,Sul,Objeto estático sobre o leito carroçável,Noite,11,1,0,1,12,0.090909
2024,PR,Sul,Objeto estático sobre o leito carroçável,Tarde,12,3,1,3,16,0.25
2024,PR,Sul,Pedestre - Ingestão de álcool/ substâncias psicoativas,Madrugada,3,2,1,1,4,0.666667
2024,PR,Sul,Pedestre - Ingestão de álcool/ substâncias psicoativas,Noite,14,6,1,5,14,0.428571
2024,PR,Sul,Pedestre - Ingestão de álcool/ substâncias psicoativas,Tarde,1,1,0,1,1,1.0
2024,PR,Sul,Pedestre andava na pista,Madrugada,17,12,8,4,17,0.705882
2024,PR,Sul,Pedestre andava na pista,Manhã,9,7,3,4,9,0.777778
2024,PR,Sul,Pedestre andava na pista,Noite,33,30,22,8,36,0.909091
2024,PR,Sul,Pedestre andava na pista,Tarde,4,4,0,4,5,1.0
2024,PR,Sul,Pedestre cruzava a pista fora da faixa,Madrugada,7,5,4,2,8,0.714286
2024,PR,Sul,Pedestre cruzava a pista fora da faixa,Manhã,9,6,1,7,12,0.666667
2024,PR,Sul,Pedestre cruzava a pista fora da faixa,Noite,37,31,15,17,44,0.837838
2024,PR,Sul,Pedestre cruzava a pista fora da faixa,Tarde,16,8,1,7,20,0.5
2024,PR,Sul,Pista Escorregadia,Madrugada,6,1,0,1,5,0.166667
2024,PR,Sul,Pista Escorregadia,Manhã,17,2,1,1,22,0.117647
2024,PR,Sul,Pista Escorregadia,Noite,8,0,0,0,6,0.0
2024,PR,Sul,Pista Escorregadia,Tarde,24,4,1,4,34,0.166667
2024,PR,Sul,Pista esburacada,Madrugada,1,0,0,0,1,0.0
2024,PR,Sul,Pista esburacada,Manhã,4,1,0,1,4,0.25
2024,PR,Sul,Pista esburacada,Noite,9,1,0,1,11,0.111111
2024,PR,Sul,Pista esburacada,Tarde,4,1,0,1,5,0.25
2024,PR,Sul,Problema com o freio,Madrugada,4,2,0,3,5,0.5
2024,PR,Sul,Problema com o freio,Manhã,12,3,2,1,14,0.25
2024,PR,Sul,Problema com o freio,Noite,9,2,0,2,4,0.222222
2024,PR,Sul,Problema com o freio,Tarde,17,3,3,8,28,0.176471
2024,PR,Sul,Problema na suspensão,Tarde,1,0,0,0,2,0.0
2024,PR,Sul,Reação tardia ou ineficiente do condutor,Madrugada,153,34,11,34,176,0.222222
2024,PR,Sul,Reação tardia ou ineficiente do condutor,Manhã,351,78,22,78,404,0.222222
2024,PR,Sul,Reação tardia ou ineficiente do condutor,Noite,374,71,34,62,409,0.18984
2024,PR,Sul,Reação tardia ou ineficiente do condutor,Tarde,403,90,24,91,489,0.223325
2024,PR,Sul,Restrição de visibilidade em curvas horizontais,Tarde,1,1,0,2,2,1.0
2024,PR,Sul,Restrição de visibilidade em curvas verticais,Tarde,1,1,0,1,1,1.0
2024,PR,Sul,Retorno proibido,Madrugada,1,0,0,0,0,0.0
2024,PR,Sul,Retorno proibido,Manhã,9,3,0,8,15,0.333333
2024,PR,Sul,Retorno proibido,Noite,17,4,2,3,28,0.235294
2024,PR,Sul,Retorno proibido,Tarde,11,6,2,5,18,0.545455
2024,PR,Sul,Semáforo com defeito,Tarde,1,0,0,0,1,0.0
2024,PR,Sul,Sinalização mal posicionada,Manhã,2,1,0,2,4,0.5
2024,PR,Sul,Sinalização mal posicionada,Tarde,4,1,0,2,5,0.25
2024,PR,Sul,Sistema de drenagem ineficiente,Noite,1,1,1,2,3,1.0
2024,PR,Sul,Suicídio (presumido),Madrugada,1,1,1,0,1,1.0
2024,PR,Sul,Suicídio (presumido),Manhã,5,4,4,0,5,0.8
2024,PR,Sul,Suicídio (presumido),Noite,8,6,4,2,8,0.75
2024,PR,Sul,Suicídio (presumido),Tarde,9,6,2,4,10,0.666667
2024,PR,Sul,Trafegar com motocicleta (ou similar) entre as faixas,Madrugada,1,1,1,0,1,1.0
2024,PR,Sul,Trafegar com motocicleta (ou similar) entre as faixas,Manhã,79,21,4,21,96,0.265823
2024,PR,Sul,Trafegar com motocicleta (ou similar) entre as faixas,Noite,46,12,3,9,50,0.26087
2024,PR,Sul,Trafegar com motocicleta (ou similar) entre as faixas,Tarde,43,17,2,16,55,0.395349
2024,PR,Sul,Transitar na calçada,Tarde,1,1,0,1,1,1.0
2024,PR,Sul,Transitar na contramão,Madrugada,44,25,13,21,65,0.568182
2024,PR,Sul,Transitar na contramão,Manhã,48,27,15,24,83,0.5625
2024,PR,Sul,Transitar na contramão,Noite,84,45,31,40,131,0.535714
2024,PR,Sul,Transitar na contramão,Tarde,42,24,15,28,78,0.571429
2024,PR,Sul,Transitar no acostamento,Madrugada,2,1,0,1,1,0.5
2024,PR,Sul,Transitar no acostamento,Manhã,11,4,1,4,16,0.363636
2024,PR,Sul,Transitar no acostamento,Noite,12,5,1,4,15,0.416667
2024,PR,Sul,Transitar no acostamento,Tarde,13,5,3,3,14,0.384615
2024,PR,Sul,Transtornos Mentais (exceto suicidio),Manhã,2,0,0,0,2,0.0
2024,PR,Sul,Transtornos Mentais (exceto suicidio),Noite,1,0,0,0,1,0.0
2024,PR,Sul,Ultrapassagem Indevida,Madrugada,11,5,5,6,27,0.454545
2024,PR,Sul,Ultrapassagem Indevida,Manhã,52,19,5,20,79,0.365385
2024,PR,Sul,Ultrapassagem Indevida,Noite,55,28,18,29,104,0.509091
2024,PR,Sul,Ultrapassagem Indevida,Tarde,43,15,6,18,80,0.348837
2024,PR,Sul,Velocidade Incompatível,Madrugada,98,28,10,23,105,0.285714
2024,PR,Sul,Velocidade Incompatível,Manhã,195,47,19,50,235,0.241026
2024,PR,Sul,Velocidade Incompatível,Noite,156,50,8,58,188,0.320513
2024,PR,Sul,Velocidade Incompatível,Tarde,226,71,23,62,280,0.314159
2024,PR,Sul,Área urbana sem a presença de local apropriado para a travessia de pedestres,Madrugada,1,1,1,0,1,1.0
2024,PR,Sul,Área urbana sem a presença de local apropriado para a travessia de pedestres,Manhã,1,0,0,0,2,0.0
2024,PR,Sul,Área urbana sem a presença de local apropriado para a travessia de pedestres,Noite,2,2,1,1,2,1.0
2024,PR,Sul,Área urbana sem a presença de local apropriado para a travessia de pedestres,Tarde,2,2,1,3,4,1.0
2024,RJ,Sudeste,Acessar a via sem observar a presença dos outros veículos,Madrugada,22,6,2,4,24,0.272727
2024,RJ,Sudeste,Acessar a via sem observar a presença dos outros veículos,Manhã,141,33,2,33,171,0.234043
2024,RJ,Sudeste,Acessar a via sem observar a presença dos outros veículos,Noite,156,46,13,40,202,0.294872
2024,RJ,Sudeste,Acessar a via sem observar a presença dos outros veículos,Tarde,137,36,8,32,194,0.262774
2024,RJ,Sudeste,Acesso irregular,Madrugada,8,2,1,1,12,0.25
2024,RJ,Sudeste,Acesso irregular,Manhã,22,7,1,7,25,0.318182
2024,RJ,Sudeste,Acesso irregular,Noite,34,10,3,7,45,0.294118
2024,RJ,Sudeste,Acesso irregular,Tarde,26,5,1,6,34,0.192308
2024,RJ,Sudeste,Acostamento em desnível,Madrugada,1,0,0,0,1,0.0
2024,RJ,Sudeste,Acostamento em desnível,Manhã,1,0,0,0,1,0.0
2024,RJ,Sudeste,Acostamento em desnível,Noite,1,0,0,0,1,0.0
2024,RJ,Sudeste,Acostamento em desnível,Tarde,1,0,0,0,1,0.0
2024,RJ,Sudeste,Acumulo de areia ou detritos sobre o pavimento,Manhã,6,0,0,0,6,0.0
2024,RJ,Sudeste,Acumulo de areia ou detritos sobre o pavimento,Noite,8,1,0,1,9,0.125
2024,RJ,Sudeste,Acumulo de areia ou detritos sobre o pavimento,Tarde,8,1,0,1,10,0.125
2024,RJ,Sudeste,Acumulo de água sobre o pavimento,Madrugada,7,0,0,0,9,0.0
2024,RJ,Sudeste,Acumulo de água sobre o pavimento,Manhã,12,1,0,1,11,0.083333
2024,RJ,Sudeste,Acumulo de água sobre o pavimento,Noite,12,0,0,0,14,0.0
2024,RJ,Sudeste,Acumulo de água sobre o pavimento,Tarde,20,5,1,5,34,0.25
2024,RJ,Sudeste,Acumulo de óleo sobre o pavimento,Madrugada,2,1,0,1,3,0.5
2024,RJ,Sudeste,Acumulo de óleo sobre o pavimento,Manhã,16,2,0,2,21,0.125
2024,RJ,Sudeste,Acumulo de óleo sobre o pavimento,Noite,9,0,0,0,12,0.0
2024,RJ,Sudeste,Acumulo de óleo sobre o pavimento,Tarde,13,3,0,4,21,0.230769
2024,RJ,Sudeste,Afundamento ou ondulação no pavimento,Manhã,3,0,0,0,2,0.0
2024,RJ,Sudeste,Afundamento ou ondulação no pavimento,Tarde,2,0,0,0,3,0.0
2024,RJ,Sudeste,Animais na Pista,Madrugada,29,2,2,0,32,0.068966
2024,RJ,Sudeste,Animais na Pista,Manhã,15,1,0,1,17,0.066667
2024,RJ,Sudeste,Animais na Pista,Noite,43,8,2,8,44,0.186047
2024,RJ,Sudeste,Animais na Pista,Tarde,8,4,0,4,13,0.5
2024,RJ,Sudeste,Ausência de reação do condutor,Madrugada,146,31,8,27,149,0.212329
2024,RJ,Sudeste,Ausência de reação do condutor,Manhã,291,37,9,33,326,0.127148
2024,RJ,Sudeste,Ausência de reação do condutor,Noite,318,70,20,76,436,0.220126
2024,RJ,Sudeste,Ausência de reação do condutor,Tarde,305,54,7,51,367,0.177049
2024,RJ,Sudeste,Ausência de sinalização,Madrugada,3,0,0,0,3,0.0
2024,RJ,Sudeste,Ausência de sinalização,Manhã,1,0,0,0,1,0.0
2024,RJ,Sudeste,Ausência de sinalização,Noite,3,0,0,0,3,0.0
2024,RJ,Sudeste,Ausência de sinalização,Tarde,3,0,0,0,2,0.0
2024,RJ,Sudeste,Avarias e/ou desgaste excessivo no pneu,Madrugada,3,0,0,0,3,0.0
2024,RJ,Sudeste,Avarias e/ou desgaste excessivo no pneu,Manhã,58,1,0,2,81,0.017241
2024,RJ,Sudeste,Avarias e/ou desgaste excessivo no pneu,Noite,29,6,0,6,38,0.206897
2024,RJ,Sudeste,Avarias e/ou desgaste excessivo no pneu,Tarde,58,7,1,8,94,0.12069
2024,RJ,Sudeste,Carga excessiva e/ou mal acondicionada,Manhã,4,0,0,0,1,0.0
2024,RJ,Sudeste,Carga excessiva e/ou mal acondicionada,Noite,1,0,0,0,0,0.0
2024,RJ,Sudeste,Carga excessiva e/ou mal acondicionada,Tarde,13,2,0,2,13,0.153846
2024,RJ,Sudeste,Chuva,Madrugada,11,1,1,0,12,0.090909
2024,RJ,Sudeste,Chuva,Manhã,39,5,0,6,50,0.128205
2024,RJ,Sudeste,Chuva,Noite,38,6,2,5,49,0.157895
2024,RJ,Sudeste,Chuva,Tarde,57,9,1,11,88,0.157895
2024,RJ,Sudeste,Condutor Dormindo,Madrugada,82,13,3,12,89,0.158537
2024,RJ,Sudeste,Condutor Dormindo,Manhã,55,7,4,10,70,0.127273
2024,RJ,Sudeste,Condutor Dormindo,Noite,27,6,2,4,30,0.222222
2024,RJ,Sudeste,Condutor Dormindo,Tarde,32,7,0,8,44,0.21875
2024,RJ,Sudeste,Condutor deixou de manter distância do veículo da frente,Madrugada,20,3,2,3,27,0.15
2024,RJ,Sudeste,Condutor deixou de manter distância do veículo da frente,Manhã,143,14,1,13,156,0.097902
2024,RJ,Sudeste,Condutor deixou de manter distância do veículo da frente,Noite,108,17,1,23,131,0.157407
2024,RJ,Sudeste,Condutor deixou de manter distância do veículo da frente,Tarde,128,15,3,14,159,0.117188
2024,RJ,Sudeste,Condutor desrespeitou a iluminação vermelha do semáforo,Manhã,5,0,0,0,5,0.0
2024,RJ,Sudeste,Condutor desrespeitou a iluminação vermelha do semáforo,Noite,2,0,0,0,3,0.0
2024,RJ,Sudeste,Condutor desrespeitou a iluminação vermelha do semáforo,Tarde,2,0,0,0,2,0.0
2024,RJ,Sudeste,Condutor usando celular,Madrugada,1,1,0,1,1,1.0
2024,RJ,Sudeste,Condutor usando celular,Manhã,4,0,0,0,6,0.0
2024,RJ,Sudeste,Condutor usando celular,Noite,2,1,0,1,3,0.5
2024,RJ,Sudeste,Condutor usando celular,Tarde,6,1,0,1,5,0.166667
2024,RJ,Sudeste,Conversão proibida,Madrugada,3,1,0,1,6,0.333333
2024,RJ,Sudeste,Conversão proibida,Manhã,27,10,0,11,35,0.37037
2024,RJ,Sudeste,Conversão proibida,Noite,33,14,3,13,43,0.424242
2024,RJ,Sudeste,Conversão proibida,Tarde,46,11,0,11,61,0.23913
2024,RJ,Sudeste,Curva acentuada,Madrugada,3,0,0,0,3,0.0
2024,RJ,Sudeste,Curva acentuada,Manhã,8,0,0,0,7,0.0
2024,RJ,Sudeste,Curva acentuada,Noite,3,3,1,2,3,1.0
2024,RJ,Sudeste,Curva acentuada,Tarde,11,3,1,3,16,0.272727
2024,RJ,Sudeste,Declive acentuado,Manhã,2,0,0,0,0,0.0
2024,RJ,Sudeste,Declive acentuado,Tarde,1,0,0,0,0,0.0
2024,RJ,Sudeste,Deficiência do Sistema de Iluminação/Sinalização,Madrugada,1,1,1,0,2,1.0
2024,RJ,Sudeste,Deficiência do Sistema de Iluminação/Sinalização,Manhã,1,0,0,0,1,0.0
2024,RJ,Sudeste,Deficiência do Sistema de Iluminação/Sinalização,Noite,8,3,1,2,7,0.375
2024,RJ,Sudeste,Demais Fenômenos da natureza,Madrugada,3,2,1,2,4,0.666667
2024,RJ,Sudeste,Demais Fenômenos da natureza,Manhã,4,2,0,2,4,0.5
2024,RJ,Sudeste,Demais Fenômenos da natureza,Noite,3,0,0,0,9,0.0
2024,RJ,Sudeste,Demais Fenômenos da natureza,Tarde,2,1,0,1,3,0.5
2024,RJ,Sudeste,Demais falhas mecânicas ou elétricas,Madrugada,39,2,0,2,19,0.051282
2024,RJ,Sudeste,Demais falhas mecânicas ou elétricas,Manhã,94,7,0,10,92,0.074468
2024,RJ,Sudeste,Demais falhas mecânicas ou elétricas,Noite,98,9,1,9,82,0.091837
2024,RJ,Sudeste,Demais falhas mecânicas ou elétricas,Tarde,120,15,3,15,103,0.125
2024,RJ,Sudeste,Demais falhas na via,Madrugada,2,1,0,1,2,0.5
2024,RJ,Sudeste,Demais falhas na via,Manhã,7,2,0,2,5,0.285714
2024,RJ,Sudeste,Demais falhas na via,Noite,9,0,0,0,8,0.0
2024,RJ,Sudeste,Demais falhas na via,Tarde,7,2,0,2,8,0.285714
2024,RJ,Sudeste,Desrespeitar a preferência no cruzamento,Madrugada,1,0,0,0,2,0.0
2024,RJ,Sudeste,Desrespeitar a preferência no cruzamento,Manhã,15,5,0,6,20,0.333333
2024,RJ,Sudeste,Desrespeitar a preferência no cruzamento,Noite,12,2,0,3,15,0.166667
2024,RJ,Sudeste,Desrespeitar a preferência no cruzamento,Tarde,14,2,0,3,23,0.142857
2024,RJ,Sudeste,Desvio temporário,Madrugada,1,0,0,0,0,0.0
2024,RJ,Sudeste,Entrada inopinada do pedestre,Madrugada,6,3,1,2,7,0.5
2024,RJ,Sudeste,Entrada inopinada do pedestre,Manhã,9,5,0,6,11,0.555556
2024,RJ,Sudeste,Entrada inopinada do pedestre,Noite,23,12,6,7,26,0.521739
2024,RJ,Sudeste,Entrada inopinada do pedestre,Tarde,11,7,4,4,16,0.636364
2024,RJ,Sudeste,Estacionar ou parar em local proibido,Madrugada,1,0,0,0,0,0.0
2024,RJ,Sudeste,Estacionar ou parar em local proibido,Manhã,5,1,0,1,5,0.2
2024,RJ,Sudeste,Estacionar ou parar em local proibido,Noite,5,2,1,1,6,0.4
2024,RJ,Sudeste,Estacionar ou parar em local proibido,Tarde,6,2,1,2,6,0.333333
2024,RJ,Sudeste,Faixas de trânsito com largura insuficiente,Tarde,1,0,0,0,4,0.0
2024,RJ,Sudeste,Falta de acostamento,Manhã,2,0,0,0,2,0.0
2024,RJ,Sudeste,Falta de acostamento,Noite,2,1,0,1,2,0.5
2024,RJ,Sudeste,Falta de acostamento,Tarde,1,1,0,1,1,1.0
2024,RJ,Sudeste,Falta de elemento de contenção que evite a saída do leito carroçável,Noite,2,0,0,0,2,0.0
2024,RJ,Sudeste,Frear bruscamente,Madrugada,3,0,0,0,3,0.0
2024,RJ,Sudeste,Frear bruscamente,Manhã,16,0,0,0,13,0.0
2024,RJ,Sudeste,Frear bruscamente,Noite,14,1,0,1,15,0.071429
2024,RJ,Sudeste,Frear bruscamente,Tarde,15,3,0,4,17,0.2
2024,RJ,Sudeste,Fumaça,Madrugada,4,0,0,0,4,0.0
2024,RJ,Sudeste,Fumaça,Manhã,1,0,0,0,0,0.0
2024,RJ,Sudeste,Fumaça,Noite,3,0,0,0,0,0.0
2024,RJ,Sudeste,Fumaça,Tarde,2,1,2,2,6,0.5
2024,RJ,Sudeste,Iluminação deficiente,Madrugada,9,7,6,2,10,0.777778
2024,RJ,Sudeste,Iluminação deficiente,Noite,27,8,3,8,34,0.296296
2024,RJ,Sudeste,Iluminação deficiente,Tarde,1,1,0,1,1,1.0
2024,RJ,Sudeste,Ingestão de substâncias psicoativas pelo condutor,Madrugada,2,1,1,0,6,0.5
2024,RJ,Sudeste,Ingestão de álcool pelo condutor,Madrugada,51,11,3,12,62,0.215686
2024,RJ,Sudeste,Ingestão de álcool pelo condutor,Manhã,15,3,1,3,15,0.2
2024,RJ,Sudeste,Ingestão de álcool pelo condutor,Noite,69,16,2,17,74,0.231884
2024,RJ,Sudeste,Ingestão de álcool pelo condutor,Tarde,27,3,0,3,17,0.111111
2024,RJ,Sudeste,Mal súbito do condutor,Madrugada,4,0,0,0,8,0.0
2024,RJ,Sudeste,Mal súbito do condutor,Manhã,22,6,1,7,27,0.272727
2024,RJ,Sudeste,Mal súbito do condutor,Noite,12,5,2,3,11,0.416667
2024,RJ,Sudeste,Mal súbito do condutor,Tarde,25,5,2,4,26,0.2
2024,RJ,Sudeste,Manobra de mudança de faixa,Madrugada,7,1,0,2,6,0.142857
2024,RJ,Sudeste,Manobra de mudança de faixa,Manhã,132,16,4,14,152,0.121212
2024,RJ,Sudeste,Manobra de mudança de faixa,Noite,100,14,0,16,125,0.14
2024,RJ,Sudeste,Manobra de mudança de faixa,Tarde,150,15,1,16,196,0.1
2024,RJ,Sudeste,Modificação proibida,Manhã,1,0,0,0,2,0.0
2024,RJ,Sudeste,Modificação proibida,Noite,2,0,0,0,1,0.0
2024,RJ,Sudeste,Modificação proibida,Tarde,1,0,0,0,3,0.0
2024,RJ,Sudeste,Neblina,Madrugada,3,2,1,1,3,0.666667
2024,RJ,Sudeste,Neblina,Manhã,3,1,0,1,5,0.333333
2024,RJ,Sudeste,Neblina,Noite,1,0,0,0,1,0.0
2024,RJ,Sudeste,Objeto estático sobre o leito carroçável,Manhã,9,0,0,0,11,0.0
2024,RJ,Sudeste,Objeto estático sobre o leito carroçável,Noite,8,3,0,4,8,0.375
2024,RJ,Sudeste,Objeto estático sobre o leito carroçável,Tarde,9,2,1,1,6,0.222222
2024,RJ,Sudeste,Pedestre - Ingestão de álcool/ substâncias psicoativas,Madrugada,2,2,0,2,2,1.0
2024,RJ,Sudeste,Pedestre - Ingestão de álcool/ substâncias psicoativas,Manhã,1,0,0,0,1,0.0
2024,RJ,Sudeste,Pedestre - Ingestão de álcool/ substâncias psicoativas,Noite,13,5,1,5,18,0.384615
2024,RJ,Sudeste,Pedestre - Ingestão de álcool/ substâncias psicoativas,Tarde,2,0,0,0,2,0.0
2024,RJ,Sudeste,Pedestre andava na pista,Madrugada,10,8,5,4,11,0.8
2024,RJ,Sudeste,Pedestre andava na pista,Manhã,9,2,0,3,12,0.222222
2024,RJ,Sudeste,Pedestre andava na pista,Noite,35,25,17,9,36,0.714286
2024,RJ,Sudeste,Pedestre andava na pista,Tarde,9,4,1,3,11,0.444444
2024,RJ,Sudeste,Pedestre cruzava a pista fora da faixa,Madrugada,8,6,5,1,8,0.75
2024,RJ,Sudeste,Pedestre cruzava a pista fora da faixa,Manhã,16,9,2,7,24,0.5625
2024,RJ,Sudeste,Pedestre cruzava a pista fora da faixa,Noite,46,29,16,16,57,0.630435
2024,RJ,Sudeste,Pedestre cruzava a pista fora da faixa,Tarde,12,6,2,4,12,0.5
2024,RJ,Sudeste,Pista Escorregadia,Madrugada,10,3,0,4,17,0.3
2024,RJ,Sudeste,Pista Escorregadia,Manhã,34,4,2,3,41,0.117647
2024,RJ,Sudeste,Pista Escorregadia,Noite,18,1,1,2,22,0.055556
2024,RJ,Sudeste,Pista Escorregadia,Tarde,35,10,2,15,62,0.285714
2024,RJ,Sudeste,Pista esburacada,Manhã,1,0,0,0,1,0.0
2024,RJ,Sudeste,Pista esburacada,Noite,1,0,0,0,1,0.0
2024,RJ,Sudeste,Pista esburacada,Tarde,2,0,0,0,2,0.0
2024,RJ,Sudeste,Problema com o freio,Madrugada,9,2,1,2,10,0.222222
2024,RJ,Sudeste,Problema com o freio,Manhã,9,4,3,3,29,0.444444
2024,RJ,Sudeste,Problema com o freio,Noite,2,2,0,3,3,1.0
2024,RJ,Sudeste,Problema com o freio,Tarde,8,0,0,0,11,0.0
2024,RJ,Sudeste,Problema na suspensão,Noite,1,0,0,0,0,0.0
2024,RJ,Sudeste,Reação tardia ou ineficiente do condutor,Madrugada,128,35,12,29,149,0.273438
2024,RJ,Sudeste,Reação tardia ou ineficiente do condutor,Manhã,315,50,11,56,419,0.15873
2024,RJ,Sudeste,Reação tardia ou ineficiente do condutor,Noite,274,49,7,50,346,0.178832
2024,RJ,Sudeste,Reação tardia ou ineficiente do condutor,Tarde,305,53,12,54,383,0.17377
2024,RJ,Sudeste,Restrição de visibilidade em curvas horizontais,Noite,1,0,0,0,1,0.0
2024,RJ,Sudeste,Restrição de visibilidade em curvas horizontais,Tarde,1,0,0,0,2,0.0
2024,RJ,Sudeste,Retorno proibido,Madrugada,3,0,0,0,3,0.0
2024,RJ,Sudeste,Retorno proibido,Manhã,10,3,0,3,14,0.3
2024,RJ,Sudeste,Retorno proibido,Noite,12,4,0,5,19,0.333333
2024,RJ,Sudeste,Retorno proibido,Tarde,14,5,0,6,19,0.357143
2024,RJ,Sudeste,Sinalização mal posicionada,Manhã,1,1,0,1,1,1.0
2024,RJ,Sudeste,Sinalização mal posicionada,Noite,1,0,0,0,2,0.0
2024,RJ,Sudeste,Sinalização mal posicionada,Tarde,1,0,0,0,2,0.0
2024,RJ,Sudeste,Sistema de drenagem ineficiente,Noite,1,0,0,0,1,0.0
2024,RJ,Sudeste,Suicídio (presumido),Madrugada,4,3,2,1,4,0.75
2024,RJ,Sudeste,Suicídio (presumido),Manhã,2,2,0,2,2,1.0
2024,RJ,Sudeste,Suicídio (presumido),Noite,4,2,0,2,4,0.5
2024,RJ,Sudeste,Suicídio (presumido),Tarde,7,6,6,0,7,0.857143
2024,RJ,Sudeste,Trafegar com motocicleta (ou similar) entre as faixas,Madrugada,1,1,1,0,1,1.0
2024,RJ,Sudeste,Trafegar com motocicleta (ou similar) entre as faixas,Manhã,74,11,2,10,89,0.148649
2024,RJ,Sudeste,Trafegar com motocicleta (ou similar) entre as faixas,Noite,38,4,1,3,49,0.105263
2024,RJ,Sudeste,Trafegar com motocicleta (ou similar) entre as faixas,Tarde,60,14,5,10,69,0.233333
2024,RJ,Sudeste,Transitar na calçada,Manhã,1,1,0,1,2,1.0
2024,RJ,Sudeste,Transitar na contramão,Madrugada,30,17,7,20,64,0.566667
2024,RJ,Sudeste,Transitar na contramão,Manhã,21,10,0,14,40,0.47619
2024,RJ,Sudeste,Transitar na contramão,Noite,60,29,7,34,99,0.483333
2024,RJ,Sudeste,Transitar na contramão,Tarde,30,13,4,13,49,0.433333
2024,RJ,Sudeste,Transitar no acostamento,Madrugada,4,3,1,4,10,0.75
2024,RJ,Sudeste,Transitar no acostamento,Manhã,16,2,1,1,18,0.125
2024,RJ,Sudeste,Transitar no acostamento,Noite,22,5,1,7,27,0.227273
2024,RJ,Sudeste,Transitar no acostamento,Tarde,28,11,0,12,37,0.392857
2024,RJ,Sudeste,Transtornos Mentais (exceto suicidio),Manhã,1,0,0,0,1,0.0
2024,RJ,Sudeste,Transtornos Mentais (exceto suicidio),Tarde,2,0,0,0,2,0.0
2024,RJ,Sudeste,Ultrapassagem Indevida,Madrugada,4,1,1,1,10,0.25
2024,RJ,Sudeste,Ultrapassagem Indevida,Manhã,52,13,4,10,66,0.25
2024,RJ,Sudeste,Ultrapassagem Indevida,Noite,30,15,6,15,46,0.5
2024,RJ,Sudeste,Ultrapassagem Indevida,Tarde,42,11,4,20,64,0.261905
2024,RJ,Sudeste,Velocidade Incompatível,Madrugada,50,12,2,13,47,0.24
2024,RJ,Sudeste,Velocidade Incompatível,Manhã,111,26,7,28,141,0.234234
2024,RJ,Sudeste,Velocidade Incompatível,Noite,68,21,5,25,93,0.308824
2024,RJ,Sudeste,Velocidade Incompatível,Tarde,98,21,9,19,112,0.214286
2024,RJ,Sudeste,Área urbana sem a presença de local apropriado para a travessia de pedestres,Madrugada,1,1,0,1,1,1.0
2024,RJ,Sudeste,Área urbana sem a presença de local apropriado para a travessia de pedestres,Manhã,2,0,0,0,2,0.0
2024,RJ,Sudeste,Área urbana sem a presença de local apropriado para a travessia de pedestres,Noite,1,0,0,0,1,0.0
2024,RJ,Sudeste,Área urbana sem a presença de local apropriado para a travessia de pedestres,Tarde,4,1,1,0,12,0.25
2024,RN,Nordeste,Acessar a via sem observar a presença dos outros veículos,Madrugada,2,1,0,1,3,0.5
2024,RN,Nordeste,Acessar a via sem observar a presença dos outros veículos,Manhã,74,32,5,31,124,0.432432
2024,RN,Nordeste,Acessar a via sem observar a presença dos outros veículos,Noite,58,25,5,26,87,0.431034
2024,RN,Nordeste,Acessar a via sem observar a presença dos outros veículos,Tarde,86,31,3,34,99,0.360465
2024,RN,Nordeste,Acesso irregular,Madrugada,2,0,0,0,1,0.0
2024,RN,Nordeste,Acesso irregular,Manhã,10,2,0,3,14,0.2
2024,RN,Nordeste,Acesso irregular,Noite,1,0,0,0,1,0.0
2024,RN,Nordeste,Acesso irregular,Tarde,8,3,0,3,10,0.375
2024,RN,Nordeste,Acostamento em desnível,Manhã,1,0,0,0,1,0.0
2024,RN,Nordeste,Acostamento em desnível,Noite,2,2,0,2,3,1.0
2024,RN,Nordeste,Acostamento em desnível,Tarde,1,0,0,0,2,0.0
2024,RN,Nordeste,Acumulo de areia ou detritos sobre o pavimento,Manhã,2,0,0,0,3,0.0
2024,RN,Nordeste,Acumulo de areia ou detritos sobre o pavimento,Noite,2,1,0,1,2,0.5
2024,RN,Nordeste,Acumulo de areia ou detritos sobre o pavimento,Tarde,3,0,0,0,3,0.0
2024,RN,Nordeste,Acumulo de água sobre o pavimento,Madrugada,1,0,0,0,1,0.0
2024,RN,Nordeste,Acumulo de água sobre o pavimento,Manhã,5,1,1,0,5,0.2
2024,RN,Nordeste,Acumulo de água sobre o pavimento,Noite,2,0,0,0,2,0.0
2024,RN,Nordeste,Acumulo de água sobre o pavimento,Tarde,4,0,0,0,3,0.0
2024,RN,Nordeste,Acumulo de óleo sobre o pavimento,Noite,1,0,0,0,1,0.0
2024,RN,Nordeste,Acumulo de óleo sobre o pavimento,Tarde,1,0,0,0,1,0.0
2024,RN,Nordeste,Afundamento ou ondulação no pavimento,Manhã,1,0,0,0,1,0.0
2024,RN,Nordeste,Afundamento ou ondulação no pavimento,Noite,1,0,0,0,1,0.0
2024,RN,Nordeste,Afundamento ou ondulação no pavimento,Tarde,2,0,0,0,2,0.0
2024,RN,Nordeste,Animais na Pista,Madrugada,27,10,5,6,35,0.37037
2024,RN,Nordeste,Animais na Pista,Manhã,7,2,0,2,4,0.285714
2024,RN,Nordeste,Animais na Pista,Noite,45,11,2,11,44,0.244444
2024,RN,Nordeste,Animais na Pista,Tarde,8,3,1,2,9,0.375
2024,RN,Nordeste,Ausência de reação do condutor,Madrugada,16,8,3,8,19,0.5
2024,RN,Nordeste,Ausência de reação do condutor,Manhã,60,20,4,22,72,0.333333
2024,RN,Nordeste,Ausência de reação do condutor,Noite,46,15,5,12,53,0.326087
2024,RN,Nordeste,Ausência de reação do condutor,Tarde,45,6,0,6,46,0.133333
2024,RN,Nordeste,Ausência de sinalização,Madrugada,2,1,0,1,2,0.5
2024,RN,Nordeste,Ausência de sinalização,Manhã,1,0,0,0,2,0.0
2024,RN,Nordeste,Ausência de sinalização,Noite,4,2,0,2,4,0.5
2024,RN,Nordeste,Ausência de sinalização,Tarde,1,0,0,0,1,0.0
2024,RN,Nordeste,Avarias e/ou desgaste excessivo no pneu,Madrugada,4,1,0,1,9,0.25
2024,RN,Nordeste,Avarias e/ou desgaste excessivo no pneu,Manhã,10,3,0,3,18,0.3
2024,RN,Nordeste,Avarias e/ou desgaste excessivo no pneu,Noite,6,1,0,1,9,0.166667
2024,RN,Nordeste,Avarias e/ou desgaste excessivo no pneu,Tarde,9,2,0,3,15,0.222222
2024,RN,Nordeste,Carga excessiva e/ou mal acondicionada,Noite,1,0,0,0,1,0.0
2024,RN,Nordeste,Carga excessiva e/ou mal acondicionada,Tarde,3,1,0,2,3,0.333333
2024,RN,Nordeste,Chuva,Madrugada,1,0,0,0,0,0.0
2024,RN,Nordeste,Chuva,Manhã,6,1,0,2,8,0.166667
2024,RN,Nordeste,Chuva,Noite,6,0,0,0,7,0.0
2024,RN,Nordeste,Chuva,Tarde,2,0,0,0,4,0.0
2024,RN,Nordeste,Condutor Dormindo,Madrugada,14,4,2,3,10,0.285714
2024,RN,Nordeste,Condutor Dormindo,Manhã,7,2,1,1,15,0.285714
2024,RN,Nordeste,Condutor Dormindo,Noite,6,1,0,1,8,0.166667
2024,RN,Nordeste,Condutor Dormindo,Tarde,17,6,0,9,34,0.352941
2024,RN,Nordeste,Condutor deixou de manter distância do veículo da frente,Madrugada,5,1,0,1,7,0.2
2024,RN,Nordeste,Condutor deixou de manter distância do veículo da frente,Manhã,66,11,0,12,69,0.166667
2024,RN,Nordeste,Condutor deixou de manter distância do veículo da frente,Noite,53,9,3,9,58,0.169811
2024,RN,Nordeste,Condutor deixou de manter distância do veículo da frente,Tarde,73,12,0,15,84,0.164384
2024,RN,Nordeste,Condutor desrespeitou a iluminação vermelha do semáforo,Madrugada,1,1,0,1,1,1.0
2024,RN,Nordeste,Condutor desrespeitou a iluminação vermelha do semáforo,Manhã,3,1,0,1,2,0.333333
2024,RN,Nordeste,Condutor usando celular,Manhã,2,1,0,1,2,0.5
2024,RN,Nordeste,Condutor usando celular,Noite,1,1,1,1,2,1.0
2024,RN,Nordeste,Condutor usando celular,Tarde,2,0,0,0,3,0.0
2024,RN,Nordeste,Conversão proibida,Manhã,9,3,0,3,11,0.333333
2024,RN,Nordeste,Conversão proibida,Noite,10,4,0,6,16,0.4
2024,RN,Nordeste,Conversão proibida,Tarde,12,4,0,5,20,0.333333
2024,RN,Nordeste,Curva acentuada,Madrugada,3,2,0,4,4,0.666667
2024,RN,Nordeste,Curva acentuada,Manhã,1,0,0,0,1,0.0
2024,RN,Nordeste,Curva acentuada,Noite,2,1,0,1,6,0.5
2024,RN,Nordeste,Deficiência do Sistema de Iluminação/Sinalização,Noite,3,0,0,0,3,0.0
2024,RN,Nordeste,Deixar de acionar o farol da motocicleta (ou similar),Noite,2,1,0,1,4,0.5
2024,RN,Nordeste,Demais Fenômenos da natureza,Manhã,1,0,0,0,1,0.0
2024,RN,Nordeste,Demais falhas mecânicas ou elétricas,Madrugada,6,1,0,1,4,0.166667
2024,RN,Nordeste,Demais falhas mecânicas ou elétricas,Manhã,17,6,0,6,14,0.352941
2024,RN,Nordeste,Demais falhas mecânicas ou elétricas,Noite,20,5,1,4,16,0.25
2024,RN,Nordeste,Demais falhas mecânicas ou elétricas,Tarde,24,5,0,12,44,0.208333
2024,RN,Nordeste,Demais falhas na via,Madrugada,1,0,0,0,1,0.0
2024,RN,Nordeste,Demais falhas na via,Manhã,3,0,0,0,4,0.0
2024,RN,Nordeste,Demais falhas na via,Noite,5,1,0,1,6,0.2
2024,RN,Nordeste,Demais falhas na via,Tarde,5,2,0,2,5,0.4
2024,RN,Nordeste,Desrespeitar a preferência no cruzamento,Madrugada,1,1,0,1,2,1.0
2024,RN,Nordeste,Desrespeitar a preferência no cruzamento,Manhã,8,3,0,3,12,0.375
2024,RN,Nordeste,Desrespeitar a preferência no cruzamento,Noite,6,1,0,1,5,0.166667
2024,RN,Nordeste,Desrespeitar a preferência no cruzamento,Tarde,4,2,1,2,6,0.5
2024,RN,Nordeste,Entrada inopinada do pedestre,Madrugada,1,1,0,1,2,1.0
2024,RN,Nordeste,Entrada inopinada do pedestre,Manhã,3,2,1,1,4,0.666667
2024,RN,Nordeste,Entrada inopinada do pedestre,Noite,11,8,1,8,17,0.727273
2024,RN,Nordeste,Entrada inopinada do pedestre,Tarde,9,4,0,4,14,0.444444
2024,RN,Nordeste,Estacionar ou parar em local proibido,Manhã,1,0,0,0,1,0.0
2024,RN,Nordeste,Estacionar ou parar em local proibido,Noite,4,2,1,1,4,0.5
2024,RN,Nordeste,Faixas de trânsito com largura insuficiente,Tarde,1,0,0,0,2,0.0
2024,RN,Nordeste,Falta de elemento de contenção que evite a saída do leito carroçável,Tarde,1,1,0,1,1,1.0
2024,RN,Nordeste,Frear bruscamente,Manhã,1,0,0,0,1,0.0
2024,RN,Nordeste,Frear bruscamente,Noite,3,1,0,1,2,0.333333
2024,RN,Nordeste,Frear bruscamente,Tarde,2,0,0,0,1,0.0
2024,RN,Nordeste,Fumaça,Madrugada,1,0,0,0,0,0.0
2024,RN,Nordeste,Iluminação deficiente,Noite,4,3,2,1,6,0.75
2024,RN,Nordeste,Ingestão de álcool pelo condutor,Madrugada,21,8,3,5,16,0.380952
2024,RN,Nordeste,Ingestão de álcool pelo condutor,Manhã,11,6,1,6,12,0.545455
2024,RN,Nordeste,Ingestão de álcool pelo condutor,Noite,46,9,2,9,51,0.195652
2024,RN,Nordeste,Ingestão de álcool pelo condutor,Tarde,16,5,1,5,15,0.3125
2024,RN,Nordeste,Mal súbito do condutor,Manhã,3,1,0,1,5,0.333333
2024,RN,Nordeste,Mal súbito do condutor,Noite,6,3,1,2,6,0.5
2024,RN,Nordeste,Mal súbito do condutor,Tarde,1,1,0,2,2,1.0
2024,RN,Nordeste,Manobra de mudança de faixa,Madrugada,4,2,1,1,4,0.5
2024,RN,Nordeste,Manobra de mudança de faixa,Manhã,44,9,0,10,61,0.204545
2024,RN,Nordeste,Manobra de mudança de faixa,Noite,30,7,1,9,37,0.233333
2024,RN,Nordeste,Manobra de mudança de faixa,Tarde,46,5,1,6,52,0.108696
2024,RN,Nordeste,Objeto estático sobre o leito carroçável,Madrugada,1,1,0,1,1,1.0
2024,RN,Nordeste,Objeto estático sobre o leito carroçável,Manhã,2,0,0,0,1,0.0
2024,RN,Nordeste,Objeto estático sobre o leito carroçável,Noite,4,1,1,0,8,0.25
2024,RN,Nordeste,Objeto estático sobre o leito carroçável,Tarde,1,1,0,1,1,1.0
2024,RN,Nordeste,Pedestre - Ingestão de álcool/ substâncias psicoativas,Madrugada,1,0,0,0,0,0.0
2024,RN,Nordeste,Pedestre - Ingestão de álcool/ substâncias psicoativas,Manhã,1,0,0,0,1,0.0
2024,RN,Nordeste,Pedestre - Ingestão de álcool/ substâncias psicoativas,Noite,2,2,0,2,3,1.0
2024,RN,Nordeste,Pedestre andava na pista,Madrugada,4,4,3,1,5,1.0
2024,RN,Nordeste,Pedestre andava na pista,Manhã,2,0,0,0,2,0.0
2024,RN,Nordeste,Pedestre andava na pista,Noite,11,7,6,3,15,0.636364
2024,RN,Nordeste,Pedestre andava na pista,Tarde,1,1,0,1,1,1.0
2024,RN,Nordeste,Pedestre cruzava a pista fora da faixa,Manhã,6,5,0,6,9,0.833333
2024,RN,Nordeste,Pedestre cruzava a pista fora da faixa,Noite,8,7,1,7,13,0.875
2024,RN,Nordeste,Pedestre cruzava a pista fora da faixa,Tarde,7,3,0,4,10,0.428571
2024,RN,Nordeste,Pista Escorregadia,Madrugada,2,0,0,0,2,0.0
2024,RN,Nordeste,Pista Escorregadia,Manhã,4,1,0,1,4,0.25
2024,RN,Nordeste,Pista Escorregadia,Noite,1,0,0,0,1,0.0
2024,RN,Nordeste,Pista Escorregadia,Tarde,1,0,0,0,2,0.0
2024,RN,Nordeste,Pista esburacada,Manhã,3,0,0,0,3,0.0
2024,RN,Nordeste,Pista esburacada,Noite,2,2,2,3,10,1.0
2024,RN,Nordeste,Pista esburacada,Tarde,4,2,1,2,8,0.5
2024,RN,Nordeste,Problema com o freio,Manhã,2,0,0,0,2,0.0
2024,RN,Nordeste,Problema com o freio,Tarde,1,0,0,0,1,0.0
2024,RN,Nordeste,Problema na suspensão,Madrugada,1,0,0,0,1,0.0
2024,RN,Nordeste,Reação tardia ou ineficiente do condutor,Madrugada,13,1,1,0,13,0.076923
2024,RN,Nordeste,Reação tardia ou ineficiente do condutor,Manhã,39,10,3,8,50,0.25641
2024,RN,Nordeste,Reação tardia ou ineficiente do condutor,Noite,33,11,2,10,35,0.333333
2024,RN,Nordeste,Reação tardia ou ineficiente do condutor,Tarde,52,11,1,10,61,0.211538
2024,RN,Nordeste,Restrição de visibilidade em curvas verticais,Manhã,2,1,1,1,4,0.5
2024,RN,Nordeste,Retorno proibido,Manhã,3,0,0,0,4,0.0
2024,RN,Nordeste,Retorno proibido,Noite,4,1,0,1,4,0.25
2024,RN,Nordeste,Retorno proibido,Tarde,1,1,0,1,1,1.0
2024,RN,Nordeste,Sinalização mal posicionada,Noite,1,0,0,0,1,0.0
2024,RN,Nordeste,Suicídio (presumido),Noite,3,3,3,0,3,1.0
2024,RN,Nordeste,Suicídio (presumido),Tarde,1,1,1,0,1,1.0
2024,RN,Nordeste,Trafegar com motocicleta (ou similar) entre as faixas,Manhã,4,0,0,0,5,0.0
2024,RN,Nordeste,Trafegar com motocicleta (ou similar) entre as faixas,Noite,2,0,0,0,1,0.0
2024,RN,Nordeste,Trafegar com motocicleta (ou similar) entre as faixas,Tarde,5,1,0,1,4,0.2
2024,RN,Nordeste,Transitar na contramão,Madrugada,9,6,3,3,13,0.666667
2024,RN,Nordeste,Transitar na contramão,Manhã,13,8,7,12,28,0.615385
2024,RN,Nordeste,Transitar na contramão,Noite,16,9,5,5,24,0.5625
2024,RN,Nordeste,Transitar na contramão,Tarde,10,7,6,8,19,0.7
2024,RN,Nordeste,Transitar no acostamento,Manhã,7,4,3,1,8,0.571429
2024,RN,Nordeste,Transitar no acostamento,Noite,3,2,0,2,3,0.666667
2024,RN,Nordeste,Transitar no acostamento,Tarde,3,1,0,1,2,0.333333
2024,RN,Nordeste,Transtornos Mentais (exceto suicidio),Madrugada,1,0,0,0,1,0.0
2024,RN,Nordeste,Transtornos Mentais (exceto suicidio),Noite,1,0,0,0,1,0.0
2024,RN,Nordeste,Ultrapassagem Indevida,Madrugada,2,2,2,2,8,1.0
2024,RN,Nordeste,Ultrapassagem Indevida,Manhã,7,4,0,5,8,0.571429
2024,RN,Nordeste,Ultrapassagem Indevida,Noite,6,4,0,6,17,0.666667
2024,RN,Nordeste,Ultrapassagem Indevida,Tarde,11,7,5,5,19,0.636364
2024,RN,Nordeste,Velocidade Incompatível,Madrugada,5,1,0,1,8,0.2
2024,RN,Nordeste,Velocidade Incompatível,Manhã,14,6,1,6,18,0.428571
2024,RN,Nordeste,Velocidade Incompatível,Noite,10,1,0,1,13,0.1
2024,RN,Nordeste,Velocidade Incompatível,Tarde,8,1,0,1,9,0.125
2024,RN,Nordeste,Área urbana sem a presença de local apropriado para a travessia de pedestres,Manhã,1,0,0,0,1,0.0
2024,RN,Nordeste,Área urbana sem a presença de local apropriado para a travessia de pedestres,Noite,1,1,1,0,2,1.0
2024,RO,Norte,Acessar a via sem observar a presença dos outros veículos,Madrugada,7,4,0,6,10,0.571429
2024,RO,Norte,Acessar a via sem observar a presença dos outros veículos,Manhã,74,12,0,15,86,0.162162
2024,RO,Norte,Acessar a via sem observar a presença dos outros veículos,Noite,54,13,5,10,86,0.240741
2024,RO,Norte,Acessar a via sem observar a presença dos outros veículos,Tarde,68,21,2,22,93,0.308824
2024,RO,Norte,Acesso irregular,Madrugada,2,2,1,1,2,1.0
2024,RO,Norte,Acesso irregular,Manhã,5,0,0,0,6,0.0
2024,RO,Norte,Acesso irregular,Noite,1,0,0,0,2,0.0
2024,RO,Norte,Acesso irregular,Tarde,12,3,1,4,21,0.25
2024,RO,Norte,Acostamento em desnível,Manhã,2,1,0,1,2,0.5
2024,RO,Norte,Acostamento em desnível,Noite,2,0,0,0,3,0.0
2024,RO,Norte,Acostamento em desnível,Tarde,1,1,0,1,1,1.0
2024,RO,Norte,Acumulo de areia ou detritos sobre o pavimento,Noite,4,1,0,1,8,0.25
2024,RO,Norte,Acumulo de areia ou detritos sobre o pavimento,Tarde,2,2,0,2,2,1.0
2024,RO,Norte,Acumulo de água sobre o pavimento,Madrugada,1,0,0,0,1,0.0
2024,RO,Norte,Acumulo de água sobre o pavimento,Manhã,3,0,0,0,3,0.0
2024,RO,Norte,Acumulo de água sobre o pavimento,Noite,4,1,1,1,7,0.25
2024,RO,Norte,Acumulo de água sobre o pavimento,Tarde,6,2,0,4,8,0.333333
2024,RO,Norte,Acumulo de óleo sobre o pavimento,Manhã,2,1,0,1,3,0.5
2024,RO,Norte,Afundamento ou ondulação no pavimento,Noite,1,0,0,0,1,0.0
2024,RO,Norte,Afundamento ou ondulação no pavimento,Tarde,2,0,0,0,2,0.0
2024,RO,Norte,Animais na Pista,Madrugada,14,5,0,6,24,0.357143
2024,RO,Norte,Animais na Pista,Manhã,3,1,1,0,5,0.333333
2024,RO,Norte,Animais na Pista,Noite,23,6,0,7,26,0.26087
2024,RO,Norte,Animais na Pista,Tarde,1,0,0,0,1,0.0
2024,RO,Norte,Ausência de reação do condutor,Madrugada,31,19,4,15,32,0.612903
2024,RO,Norte,Ausência de reação do condutor,Manhã,54,15,3,13,62,0.277778
2024,RO,Norte,Ausência de reação do condutor,Noite,47,18,3,22,58,0.382979
2024,RO,Norte,Ausência de reação do condutor,Tarde,49,12,1,13,54,0.244898
2024,RO,Norte,Ausência de sinalização,Madrugada,2,0,0,0,7,0.0
2024,RO,Norte,Ausência de sinalização,Noite,2,0,0,0,3,0.0
2024,RO,Norte,Ausência de sinalização,Tarde,1,0,0,0,0,0.0
2024,RO,Norte,Avarias e/ou desgaste excessivo no pneu,Manhã,5,0,0,0,6,0.0
2024,RO,Norte,Avarias e/ou desgaste excessivo no pneu,Noite,3,0,0,0,5,0.0
2024,RO,Norte,Avarias e/ou desgaste excessivo no pneu,Tarde,5,4,1,7,12,0.8
2024,RO,Norte,Carga excessiva e/ou mal acondicionada,Manhã,3,0,0,0,4,0.0
2024,RO,Norte,Carga excessiva e/ou mal acondicionada,Noite,2,0,0,0,1,0.0
2024,RO,Norte,Carga excessiva e/ou mal acondicionada,Tarde,2,0,0,0,1,0.0
2024,RO,Norte,Chuva,Madrugada,1,0,0,0,0,0.0
2024,RO,Norte,Chuva,Manhã,2,1,0,1,2,0.5
2024,RO,Norte,Chuva,Tarde,1,0,0,0,0,0.0
2024,RO,Norte,Condutor Dormindo,Madrugada,7,0,0,0,6,0.0
2024,RO,Norte,Condutor Dormindo,Manhã,6,1,0,2,10,0.166667
2024,RO,Norte,Condutor Dormindo,Noite,2,1,0,1,2,0.5
2024,RO,Norte,Condutor Dormindo,Tarde,2,2,0,2,5,1.0
2024,RO,Norte,Condutor deixou de manter distância do veículo da frente,Madrugada,5,0,0,0,4,0.0
2024,RO,Norte,Condutor deixou de manter distância do veículo da frente,Manhã,27,4,2,5,35,0.148148
2024,RO,Norte,Condutor deixou de manter distância do veículo da frente,Noite,23,9,3,7,24,0.391304
2024,RO,Norte,Condutor deixou de manter distância do veículo da frente,Tarde,43,7,0,7,35,0.162791
2024,RO,Norte,Condutor desrespeitou a iluminação vermelha do semáforo,Madrugada,6,2,1,2,9,0.333333
2024,RO,Norte,Condutor desrespeitou a iluminação vermelha do semáforo,Manhã,12,1,0,2,17,0.083333
2024,RO,Norte,Condutor desrespeitou a iluminação vermelha do semáforo,Noite,8,0,0,0,6,0.0
2024,RO,Norte,Condutor desrespeitou a iluminação vermelha do semáforo,Tarde,9,4,0,5,9,0.444444
2024,RO,Norte,Conversão proibida,Madrugada,4,2,0,2,5,0.5
2024,RO,Norte,Conversão proibida,Manhã,7,3,1,2,8,0.428571
2024,RO,Norte,Conversão proibida,Noite,8,2,0,2,10,0.25
2024,RO,Norte,Conversão proibida,Tarde,8,2,0,2,8,0.25
2024,RO,Norte,Curva acentuada,Tarde,3,1,0,1,4,0.333333
2024,RO,Norte,Deficiência do Sistema de Iluminação/Sinalização,Madrugada,2,1,0,1,3,0.5
2024,RO,Norte,Deficiência do Sistema de Iluminação/Sinalização,Manhã,1,0,0,0,2,0.0
2024,RO,Norte,Deficiência do Sistema de Iluminação/Sinalização,Noite,7,5,3,2,10,0.714286
2024,RO,Norte,Deixar de acionar o farol da motocicleta (ou similar),Noite,1,1,1,1,2,1.0
2024,RO,Norte,Demais Fenômenos da natureza,Noite,1,1,0,1,1,1.0
2024,RO,Norte,Demais falhas mecânicas ou elétricas,Madrugada,2,0,0,0,0,0.0
2024,RO,Norte,Demais falhas mecânicas ou elétricas,Manhã,13,3,2,3,16,0.230769
2024,RO,Norte,Demais falhas mecânicas ou elétricas,Noite,6,1,0,4,6,0.166667
2024,RO,Norte,Demais falhas mecânicas ou elétricas,Tarde,17,2,1,1,9,0.117647
2024,RO,Norte,Demais falhas na via,Madrugada,1,0,0,0,1,0.0
2024,RO,Norte,Demais falhas na via,Manhã,3,2,0,2,9,0.666667
2024,RO,Norte,Demais falhas na via,Noite,4,2,0,2,4,0.5
2024,RO,Norte,Demais falhas na via,Tarde,2,0,0,0,1,0.0
2024,RO,Norte,Desrespeitar a preferência no cruzamento,Madrugada,2,0,0,0,1,0.0
2024,RO,Norte,Desrespeitar a preferência no cruzamento,Manhã,28,1,0,1,36,0.035714
2024,RO,Norte,Desrespeitar a preferência no cruzamento,Noite,19,4,0,4,23,0.210526
2024,RO,Norte,Desrespeitar a preferência no cruzamento,Tarde,29,8,1,8,34,0.275862
2024,RO,Norte,Entrada inopinada do pedestre,Madrugada,2,1,0,1,4,0.5
2024,RO,Norte,Entrada inopinada do pedestre,Manhã,2,2,1,1,2,1.0
2024,RO,Norte,Entrada inopinada do pedestre,Noite,8,8,3,6,10,1.0
2024,RO,Norte,Entrada inopinada do pedestre,Tarde,4,4,0,4,4,1.0
2024,RO,Norte,Estacionar ou parar em local proibido,Madrugada,4,2,0,2,4,0.5
2024,RO,Norte,Estacionar ou parar em local proibido,Manhã,2,0,0,0,1,0.0
2024,RO,Norte,Estacionar ou parar em local proibido,Noite,1,0,0,0,3,0.0
2024,RO,Norte,Estacionar ou parar em local proibido,Tarde,2,0,0,0,2,0.0
2024,RO,Norte,Falta de acostamento,Manhã,1,0,0,0,2,0.0
2024,RO,Norte,Falta de acostamento,Noite,1,0,0,0,1,0.0
2024,RO,Norte,Falta de elemento de contenção que evite a saída do leito carroçável,Manhã,1,0,0,0,1,0.0
2024,RO,Norte,Falta de elemento de contenção que evite a saída do leito carroçável,Noite,1,0,0,0,1,0.0
2024,RO,Norte,Falta de elemento de contenção que evite a saída do leito carroçável,Tarde,1,1,0,1,1,1.0
2024,RO,Norte,Frear bruscamente,Madrugada,2,0,0,0,1,0.0
2024,RO,Norte,Frear bruscamente,Manhã,3,1,0,1,3,0.333333
2024,RO,Norte,Frear bruscamente,Noite,2,0,0,0,2,0.0
2024,RO,Norte,Frear bruscamente,Tarde,5,0,0,0,3,0.0
2024,RO,Norte,Fumaça,Manhã,1,1,0,1,1,1.0
2024,RO,Norte,Iluminação deficiente,Madrugada,2,0,0,0,2,0.0
2024,RO,Norte,Iluminação deficiente,Noite,5,2,0,2,6,0.4
2024,RO,Norte,Ingestão de álcool pelo condutor,Madrugada,25,3,0,3,22,0.12
2024,RO,Norte,Ingestão de álcool pelo condutor,Manhã,6,1,2,0,7,0.166667
2024,RO,Norte,Ingestão de álcool pelo condutor,Noite,29,4,0,6,29,0.137931
2024,RO,Norte,Ingestão de álcool pelo condutor,Tarde,12,2,1,1,8,0.166667
2024,RO,Norte,Mal súbito do condutor,Manhã,3,0,0,0,3,0.0
2024,RO,Norte,Mal súbito do condutor,Tarde,4,0,0,0,5,0.0
2024,RO,Norte,Manobra de mudança de faixa,Madrugada,3,1,0,2,4,0.333333
2024,RO,Norte,Manobra de mudança de faixa,Manhã,31,8,3,6,35,0.258065
2024,RO,Norte,Manobra de mudança de faixa,Noite,25,5,5,3,38,0.2
2024,RO,Norte,Manobra de mudança de faixa,Tarde,34,6,1,6,35,0.176471
2024,RO,Norte,Neblina,Tarde,1,0,0,0,1,0.0
2024,RO,Norte,Objeto estático sobre o leito carroçável,Madrugada,2,1,0,1,1,0.5
2024,RO,Norte,Objeto estático sobre o leito carroçável,Manhã,1,0,0,0,1,0.0
2024,RO,Norte,Objeto estático sobre o leito carroçável,Noite,4,2,0,2,3,0.5
2024,RO,Norte,Objeto estático sobre o leito carroçável,Tarde,2,0,0,0,2,0.0
2024,RO,Norte,Pedestre - Ingestão de álcool/ substâncias psicoativas,Manhã,1,0,0,0,1,0.0
2024,RO,Norte,Pedestre andava na pista,Madrugada,2,2,2,0,2,1.0
2024,RO,Norte,Pedestre andava na pista,Manhã,1,1,0,1,1,1.0
2024,RO,Norte,Pedestre andava na pista,Noite,3,2,2,0,4,0.666667
2024,RO,Norte,Pedestre cruzava a pista fora da faixa,Noite,5,3,1,5,12,0.6
2024,RO,Norte,Pista Escorregadia,Noite,3,0,0,0,3,0.0
2024,RO,Norte,Pista Escorregadia,Tarde,3,1,1,0,2,0.333333
2024,RO,Norte,Pista esburacada,Madrugada,1,0,0,0,1,0.0
2024,RO,Norte,Pista esburacada,Manhã,4,1,0,1,4,0.25
2024,RO,Norte,Pista esburacada,Noite,5,1,0,1,6,0.2
2024,RO,Norte,Pista esburacada,Tarde,2,1,1,0,2,0.5
2024,RO,Norte,Problema com o freio,Manhã,1,0,0,0,1,0.0
2024,RO,Norte,Problema com o freio,Noite,2,0,0,0,0,0.0
2024,RO,Norte,Problema com o freio,Tarde,1,0,0,0,0,0.0
2024,RO,Norte,Reação tardia ou ineficiente do condutor,Madrugada,29,9,1,9,28,0.310345
2024,RO,Norte,Reação tardia ou ineficiente do condutor,Manhã,58,19,3,25,69,0.327586
2024,RO,Norte,Reação tardia ou ineficiente do condutor,Noite,37,11,2,10,42,0.297297
2024,RO,Norte,Reação tardia ou ineficiente do condutor,Tarde,84,27,4,30,108,0.321429
2024,RO,Norte,Retorno proibido,Manhã,4,2,0,3,7,0.5
2024,RO,Norte,Retorno proibido,Noite,2,1,0,1,3,0.5
2024,RO,Norte,Retorno proibido,Tarde,6,1,0,1,6,0.166667
2024,RO,Norte,Semáforo com defeito,Tarde,1,0,0,0,1,0.0
2024,RO,Norte,Sinalização mal posicionada,Tarde,1,0,0,0,2,0.0
2024,RO,Norte,Suicídio (presumido),Noite,2,2,1,1,2,1.0
2024,RO,Norte,Suicídio (presumido),Tarde,3,3,0,3,3,1.0
2024,RO,Norte,Trafegar com motocicleta (ou similar) entre as faixas,Manhã,4,3,2,1,5,0.75
2024,RO,Norte,Trafegar com motocicleta (ou similar) entre as faixas,Noite,2,1,1,0,2,0.5
2024,RO,Norte,Trafegar com motocicleta (ou similar) entre as faixas,Tarde,1,0,0,0,1,0.0
2024,RO,Norte,Transitar na contramão,Madrugada,4,3,3,4,21,0.75
2024,RO,Norte,Transitar na contramão,Manhã,19,14,4,17,31,0.736842
2024,RO,Norte,Transitar na contramão,Noite,20,11,4,10,23,0.55
2024,RO,Norte,Transitar na contramão,Tarde,13,10,11,10,36,0.769231
2024,RO,Norte,Transitar no acostamento,Madrugada,1,0,0,0,2,0.0
2024,RO,Norte,Transitar no acostamento,Manhã,1,0,0,0,2,0.0
2024,RO,Norte,Transitar no acostamento,Noite,2,1,0,2,3,0.5
2024,RO,Norte,Transitar no acostamento,Tarde,2,1,0,1,2,0.5
2024,RO,Norte,Transtornos Mentais (exceto suicidio),Manhã,1,0,0,0,1,0.0
2024,RO,Norte,Ultrapassagem Indevida,Madrugada,4,1,0,1,4,0.25
2024,RO,Norte,Ultrapassagem Indevida,Manhã,22,5,2,5,30,0.227273
2024,RO,Norte,Ultrapassagem Indevida,Noite,17,9,6,7,46,0.529412
2024,RO,Norte,Ultrapassagem Indevida,Tarde,18,8,3,7,30,0.444444
2024,RO,Norte,Velocidade Incompatível,Madrugada,8,4,1,3,9,0.5
2024,RO,Norte,Velocidade Incompatível,Manhã,7,0,0,0,8,0.0
2024,RO,Norte,Velocidade Incompatível,Noite,14,5,2,4,15,0.357143
2024,RO,Norte,Velocidade Incompatível,Tarde,7,1,0,1,12,0.142857
2024,RO,Norte,Área urbana sem a presença de local apropriado para a travessia de pedestres,Noite,1,1,0,1,1,1.0
2024,RR,Norte,Acessar a via sem observar a presença dos outros veículos,Manhã,2,0,0,0,2,0.0
2024,RR,Norte,Acessar a via sem observar a presença dos outros veículos,Noite,2,1,0,1,2,0.5
2024,RR,Norte,Acesso irregular,Manhã,2,2,1,1,2,1.0
2024,RR,Norte,Acesso irregular,Noite,1,1,0,1,1,1.0
2024,RR,Norte,Acesso irregular,Tarde,1,1,0,4,4,1.0
2024,RR,Norte,Acumulo de água sobre o pavimento,Manhã,1,1,1,1,5,1.0
2024,RR,Norte,Animais na Pista,Madrugada,2,0,0,0,0,0.0
2024,RR,Norte,Animais na Pista,Noite,5,1,0,1,6,0.2
2024,RR,Norte,Ausência de reação do condutor,Madrugada,1,0,0,0,0,0.0
2024,RR,Norte,Ausência de reação do condutor,Manhã,4,2,1,1,7,0.5
2024,RR,Norte,Ausência de reação do condutor,Noite,5,4,1,4,8,0.8
2024,RR,Norte,Ausência de reação do condutor,Tarde,2,1,2,0,3,0.5
2024,RR,Norte,Ausência de sinalização,Noite,1,1,1,1,2,1.0
2024,RR,Norte,Avarias e/ou desgaste excessivo no pneu,Manhã,2,0,0,0,4,0.0
2024,RR,Norte,Avarias e/ou desgaste excessivo no pneu,Noite,2,1,0,1,3,0.5
2024,RR,Norte,Avarias e/ou desgaste excessivo no pneu,Tarde,1,0,0,0,2,0.0
2024,RR,Norte,Carga excessiva e/ou mal acondicionada,Tarde,2,0,0,0,0,0.0
2024,RR,Norte,Chuva,Noite,1,0,0,0,1,0.0
2024,RR,Norte,Condutor Dormindo,Madrugada,2,1,0,2,4,0.5
2024,RR,Norte,Condutor Dormindo,Manhã,2,2,0,4,4,1.0
2024,RR,Norte,Condutor Dormindo,Noite,2,0,0,0,1,0.0
2024,RR,Norte,Condutor Dormindo,Tarde,3,0,0,0,2,0.0
2024,RR,Norte,Condutor deixou de manter distância do veículo da frente,Madrugada,1,0,0,0,0,0.0
2024,RR,Norte,Condutor deixou de manter distância do veículo da frente,Noite,3,1,0,1,4,0.333333
2024,RR,Norte,Condutor deixou de manter distância do veículo da frente,Tarde,2,2,0,3,4,1.0
2024,RR,Norte,Conversão proibida,Tarde,1,0,0,0,2,0.0
2024,RR,Norte,Curva acentuada,Tarde,1,1,1,0,1,1.0
2024,RR,Norte,Deficiência do Sistema de Iluminação/Sinalização,Noite,2,1,0,1,2,0.5
2024,RR,Norte,Demais falhas mecânicas ou elétricas,Manhã,2,0,0,0,2,0.0
2024,RR,Norte,Demais falhas mecânicas ou elétricas,Noite,3,1,1,0,4,0.333333
2024,RR,Norte,Demais falhas mecânicas ou elétricas,Tarde,1,0,0,0,0,0.0
2024,RR,Norte,Demais falhas na via,Manhã,1,0,0,0,1,0.0
2024,RR,Norte,Demais falhas na via,Tarde,1,1,0,1,1,1.0
2024,RR,Norte,Desrespeitar a preferência no cruzamento,Noite,3,1,0,1,2,0.333333
2024,RR,Norte,Entrada inopinada do pedestre,Noite,1,0,0,0,2,0.0
2024,RR,Norte,Ingestão de álcool pelo condutor,Madrugada,1,1,1,0,3,1.0
2024,RR,Norte,Ingestão de álcool pelo condutor,Manhã,1,0,0,0,0,0.0
2024,RR,Norte,Ingestão de álcool pelo condutor,Noite,3,2,2,2,7,0.666667
2024,RR,Norte,Ingestão de álcool pelo condutor,Tarde,2,0,0,0,1,0.0
2024,RR,Norte,Mal súbito do condutor,Manhã,1,0,0,0,2,0.0
2024,RR,Norte,Manobra de mudança de faixa,Madrugada,2,2,3,1,8,1.0
2024,RR,Norte,Manobra de mudança de faixa,Manhã,3,1,0,1,3,0.333333
2024,RR,Norte,Manobra de mudança de faixa,Noite,4,3,1,2,12,0.75
2024,RR,Norte,Manobra de mudança de faixa,Tarde,3,1,0,1,1,0.333333
2024,RR,Norte,Pedestre andava na pista,Madrugada,1,1,0,1,1,1.0
2024,RR,Norte,Pedestre andava na pista,Noite,2,1,1,0,3,0.5
2024,RR,Norte,Pista Escorregadia,Manhã,2,0,0,0,2,0.0
2024,RR,Norte,Pista esburacada,Manhã,1,0,0,0,1,0.0
2024,RR,Norte,Pista esburacada,Noite,4,3,1,2,5,0.75
2024,RR,Norte,Pista esburacada,Tarde,1,0,0,0,0,0.0
2024,RR,Norte,Problema com o freio,Madrugada,1,1,0,1,1,1.0
2024,RR,Norte,Reação tardia ou ineficiente do condutor,Manhã,5,3,2,11,49,0.6
2024,RR,Norte,Reação tardia ou ineficiente do condutor,Noite,2,0,0,0,4,0.0
2024,RR,Norte,Reação tardia ou ineficiente do condutor,Tarde,7,1,0,5,40,0.142857
2024,RR,Norte,Restrição de visibilidade em curvas verticais,Manhã,1,0,0,0,4,0.0
2024,RR,Norte,Trafegar com motocicleta (ou similar) entre as faixas,Manhã,1,0,0,0,0,0.0
2024,RR,Norte,Transitar na contramão,Madrugada,2,2,1,2,4,1.0
2024,RR,Norte,Transitar na contramão,Manhã,1,1,1,0,2,1.0
2024,RR,Norte,Transitar na contramão,Noite,4,3,2,2,7,0.75
2024,RR,Norte,Transitar no acostamento,Noite,1,1,1,0,1,1.0
2024,RR,Norte,Ultrapassagem Indevida,Manhã,1,0,0,0,1,0.0
2024,RR,Norte,Ultrapassagem Indevida,Noite,2,2,0,2,5,1.0
2024,RR,Norte,Ultrapassagem Indevida,Tarde,1,1,0,2,2,1.0
2024,RR,Norte,Velocidade Incompatível,Manhã,3,2,2,1,12,0.666667
2024,RR,Norte,Velocidade Incompatível,Noite,1,1,1,1,2,1.0
2024,RR,Norte,Velocidade Incompatível,Tarde,3,2,1,2,5,0.666667
2024,RS,Sul,Acessar a via sem observar a presença dos outros veículos,Madrugada,14,7,2,8,21,0.5
2024,RS,Sul,Acessar a via sem observar a presença dos outros veículos,Manhã,190,41,7,42,254,0.215789
2024,RS,Sul,Acessar a via sem observar a presença dos outros veículos,Noite,205,52,5,60,272,0.253659
2024,RS,Sul,Acessar a via sem observar a presença dos outros veículos,Tarde,270,46,4,49,387,0.17037
2024,RS,Sul,Acesso irregular,Madrugada,3,0,0,0,5,0.0
2024,RS,Sul,Acesso irregular,Manhã,15,2,0,2,20,0.133333
2024,RS,Sul,Acesso irregular,Noite,20,4,0,5,18,0.2
2024,RS,Sul,Acesso irregular,Tarde,15,4,0,4,21,0.266667
2024,RS,Sul,Acostamento em desnível,Madrugada,1,0,0,0,0,0.0
2024,RS,Sul,Acostamento em desnível,Manhã,6,3,1,5,11,0.5
2024,RS,Sul,Acostamento em desnível,Noite,5,0,0,0,4,0.0
2024,RS,Sul,Acostamento em desnível,Tarde,3,2,0,2,4,0.666667
2024,RS,Sul,Acumulo de areia ou detritos sobre o pavimento,Madrugada,4,1,0,1,3,0.25
2024,RS,Sul,Acumulo de areia ou detritos sobre o pavimento,Manhã,6,0,0,0,8,0.0
2024,RS,Sul,Acumulo de areia ou detritos sobre o pavimento,Noite,6,2,0,2,8,0.333333
2024,RS,Sul,Acumulo de areia ou detritos sobre o pavimento,Tarde,3,1,0,1,3,0.333333
2024,RS,Sul,Acumulo de água sobre o pavimento,Madrugada,3,0,0,0,2,0.0
2024,RS,Sul,Acumulo de água sobre o pavimento,Manhã,21,1,0,1,24,0.047619
2024,RS,Sul,Acumulo de água sobre o pavimento,Noite,9,1,1,1,13,0.111111
2024,RS,Sul,Acumulo de água sobre o pavimento,Tarde,26,4,0,7,35,0.153846
2024,RS,Sul,Acumulo de óleo sobre o pavimento,Madrugada,4,0,0,0,7,0.0
2024,RS,Sul,Acumulo de óleo sobre o pavimento,Manhã,5,0,0,0,5,0.0
2024,RS,Sul,Acumulo de óleo sobre o pavimento,Noite,4,0,0,0,7,0.0
2024,RS,Sul,Acumulo de óleo sobre o pavimento,Tarde,6,0,0,0,7,0.0
2024,RS,Sul,Afundamento ou ondulação no pavimento,Madrugada,1,0,0,0,0,0.0
2024,RS,Sul,Afundamento ou ondulação no pavimento,Manhã,5,1,0,1,6,0.2
2024,RS,Sul,Afundamento ou ondulação no pavimento,Noite,5,1,0,1,5,0.2
2024,RS,Sul,Afundamento ou ondulação no pavimento,Tarde,6,0,0,0,5,0.0
2024,RS,Sul,Animais na Pista,Madrugada,24,3,0,4,24,0.125
2024,RS,Sul,Animais na Pista,Manhã,20,1,1,0,17,0.05
2024,RS,Sul,Animais na Pista,Noite,50,11,2,11,58,0.22
2024,RS,Sul,Animais na Pista,Tarde,9,1,0,1,11,0.111111
2024,RS,Sul,Ausência de reação do condutor,Madrugada,130,22,11,18,106,0.169231
2024,RS,Sul,Ausência de reação do condutor,Manhã,205,48,13,42,224,0.234146
2024,RS,Sul,Ausência de reação do condutor,Noite,221,45,13,43,246,0.20362
2024,RS,Sul,Ausência de reação do condutor,Tarde,190,40,13,32,222,0.210526
2024,RS,Sul,Ausência de sinalização,Madrugada,4,0,0,0,3,0.0
2024,RS,Sul,Ausência de sinalização,Manhã,2,1,0,1,1,0.5
2024,RS,Sul,Ausência de sinalização,Noite,7,1,0,2,8,0.142857
2024,RS,Sul,Ausência de sinalização,Tarde,2,2,1,4,5,1.0
2024,RS,Sul,Avarias e/ou desgaste excessivo no pneu,Madrugada,5,0,0,0,3,0.0
2024,RS,Sul,Avarias e/ou desgaste excessivo no pneu,Manhã,30,5,0,5,36,0.166667
2024,RS,Sul,Avarias e/ou desgaste excessivo no pneu,Noite,18,1,0,1,24,0.055556
2024,RS,Sul,Avarias e/ou desgaste excessivo no pneu,Tarde,17,5,0,7,28,0.294118
2024,RS,Sul,Carga excessiva e/ou mal acondicionada,Madrugada,1,0,0,0,1,0.0
2024,RS,Sul,Carga excessiva e/ou mal acondicionada,Manhã,4,0,0,0,3,0.0
2024,RS,Sul,Carga excessiva e/ou mal acondicionada,Noite,3,0,0,0,3,0.0
2024,RS,Sul,Carga excessiva e/ou mal acondicionada,Tarde,8,3,0,5,10,0.375
2024,RS,Sul,Chuva,Madrugada,7,1,0,1,4,0.142857
2024,RS,Sul,Chuva,Manhã,10,3,3,1,14,0.3
2024,RS,Sul,Chuva,Noite,11,2,0,2,9,0.181818
2024,RS,Sul,Chuva,Tarde,18,1,1,0,25,0.055556
2024,RS,Sul,Condutor Dormindo,Madrugada,54,10,6,5,53,0.185185
2024,RS,Sul,Condutor Dormindo,Manhã,39,10,6,8,59,0.25641
2024,RS,Sul,Condutor Dormindo,Noite,20,4,2,4,21,0.2
2024,RS,Sul,Condutor Dormindo,Tarde,30,2,0,2,35,0.066667
2024,RS,Sul,Condutor deixou de manter distância do veículo da frente,Madrugada,6,1,0,1,4,0.166667
2024,RS,Sul,Condutor deixou de manter distância do veículo da frente,Manhã,86,9,0,9,91,0.104651
2024,RS,Sul,Condutor deixou de manter distância do veículo da frente,Noite,54,4,1,5,59,0.074074
2024,RS,Sul,Condutor deixou de manter distância do veículo da frente,Tarde,93,13,3,12,106,0.139785
2024,RS,Sul,Condutor desrespeitou a iluminação vermelha do semáforo,Madrugada,5,0,0,0,6,0.0
2024,RS,Sul,Condutor desrespeitou a iluminação vermelha do semáforo,Manhã,3,0,0,0,2,0.0
2024,RS,Sul,Condutor desrespeitou a iluminação vermelha do semáforo,Noite,6,0,0,0,6,0.0
2024,RS,Sul,Condutor desrespeitou a iluminação vermelha do semáforo,Tarde,9,3,0,3,10,0.333333
2024,RS,Sul,Condutor usando celular,Madrugada,1,0,0,0,0,0.0
2024,RS,Sul,Condutor usando celular,Noite,2,1,0,1,2,0.5
2024,RS,Sul,Condutor usando celular,Tarde,5,2,1,1,4,0.4
2024,RS,Sul,Conversão proibida,Madrugada,2,0,0,0,0,0.0
2024,RS,Sul,Conversão proibida,Manhã,22,6,1,5,28,0.272727
2024,RS,Sul,Conversão proibida,Noite,26,3,0,3,32,0.115385
2024,RS,Sul,Conversão proibida,Tarde,29,10,3,9,44,0.344828
2024,RS,Sul,Curva acentuada,Manhã,1,0,0,0,1,0.0
2024,RS,Sul,Curva acentuada,Tarde,8,0,0,0,8,0.0
2024,RS,Sul,Deficiência do Sistema de Iluminação/Sinalização,Noite,11,1,1,0,12,0.090909
2024,RS,Sul,Deficiência do Sistema de Iluminação/Sinalização,Tarde,2,2,0,2,3,1.0
2024,RS,Sul,Demais Fenômenos da natureza,Madrugada,1,0,0,0,1,0.0
2024,RS,Sul,Demais Fenômenos da natureza,Manhã,4,0,0,0,3,0.0
2024,RS,Sul,Demais Fenômenos da natureza,Tarde,2,1,0,1,2,0.5
2024,RS,Sul,Demais falhas mecânicas ou elétricas,Madrugada,31,1,0,1,14,0.032258
2024,RS,Sul,Demais falhas mecânicas ou elétricas,Manhã,50,5,0,6,27,0.1
2024,RS,Sul,Demais falhas mecânicas ou elétricas,Noite,62,7,1,6,38,0.112903
2024,RS,Sul,Demais falhas mecânicas ou elétricas,Tarde,81,4,0,4,60,0.049383
2024,RS,Sul,Demais falhas na via,Madrugada,1,0,0,0,2,0.0
2024,RS,Sul,Demais falhas na via,Manhã,9,4,1,3,11,0.444444
2024,RS,Sul,Demais falhas na via,Noite,6,2,1,1,6,0.333333
2024,RS,Sul,Demais falhas na via,Tarde,6,3,0,3,8,0.5
2024,RS,Sul,Desrespeitar a preferência no cruzamento,Madrugada,8,3,0,4,6,0.375
2024,RS,Sul,Desrespeitar a preferência no cruzamento,Manhã,49,16,1,17,68,0.326531
2024,RS,Sul,Desrespeitar a preferência no cruzamento,Noite,61,10,0,10,82,0.163934
2024,RS,Sul,Desrespeitar a preferência no cruzamento,Tarde,73,17,1,18,93,0.232877
2024,RS,Sul,Desvio temporário,Madrugada,2,1,0,1,2,0.5
2024,RS,Sul,Desvio temporário,Noite,1,1,0,1,1,1.0
2024,RS,Sul,Desvio temporário,Tarde,2,0,0,0,3,0.0
2024,RS,Sul,Entrada inopinada do pedestre,Madrugada,6,4,1,3,6,0.666667
2024,RS,Sul,Entrada inopinada do pedestre,Manhã,5,5,3,2,7,1.0
2024,RS,Sul,Entrada inopinada do pedestre,Noite,18,12,7,5,23,0.666667
2024,RS,Sul,Entrada inopinada do pedestre,Tarde,12,6,3,3,16,0.5
2024,RS,Sul,Estacionar ou parar em local proibido,Noite,5,0,0,0,7,0.0
2024,RS,Sul,Estacionar ou parar em local proibido,Tarde,2,0,0,0,2,0.0
2024,RS,Sul,Faixas de trânsito com largura insuficiente,Noite,1,0,0,0,0,0.0
2024,RS,Sul,Faixas de trânsito com largura insuficiente,Tarde,1,0,0,0,1,0.0
2024,RS,Sul,Falta de acostamento,Noite,1,0,0,0,3,0.0
2024,RS,Sul,Falta de acostamento,Tarde,3,1,0,1,6,0.333333
2024,RS,Sul,Falta de elemento de contenção que evite a saída do leito carroçável,Manhã,1,0,0,0,1,0.0
2024,RS,Sul,Falta de elemento de contenção que evite a saída do leito carroçável,Noite,3,0,0,0,3,0.0
2024,RS,Sul,Falta de elemento de contenção que evite a saída do leito carroçável,Tarde,1,1,0,2,3,1.0
2024,RS,Sul,Frear bruscamente,Madrugada,1,0,0,0,0,0.0
2024,RS,Sul,Frear bruscamente,Manhã,2,0,0,0,4,0.0
2024,RS,Sul,Frear bruscamente,Noite,3,1,0,2,4,0.333333
2024,RS,Sul,Frear bruscamente,Tarde,13,1,0,1,14,0.076923
2024,RS,Sul,Fumaça,Manhã,1,0,0,0,0,0.0
2024,RS,Sul,Fumaça,Noite,1,0,0,0,0,0.0
2024,RS,Sul,Iluminação deficiente,Madrugada,1,0,0,0,0,0.0
2024,RS,Sul,Iluminação deficiente,Noite,7,4,1,5,12,0.571429
2024,RS,Sul,Ingestão de substâncias psicoativas pelo condutor,Manhã,1,0,0,0,2,0.0
2024,RS,Sul,Ingestão de substâncias psicoativas pelo condutor,Tarde,1,0,0,0,1,0.0
2024,RS,Sul,Ingestão de álcool pelo condutor,Madrugada,124,18,6,18,100,0.145161
2024,RS,Sul,Ingestão de álcool pelo condutor,Manhã,71,7,2,5,49,0.098592
2024,RS,Sul,Ingestão de álcool pelo condutor,Noite,137,19,2,33,102,0.138686
2024,RS,Sul,Ingestão de álcool pelo condutor,Tarde,37,11,4,12,36,0.297297
2024,RS,Sul,Mal súbito do condutor,Madrugada,2,1,0,1,2,0.5
2024,RS,Sul,Mal súbito do condutor,Manhã,13,3,2,1,12,0.230769
2024,RS,Sul,Mal súbito do condutor,Noite,5,2,1,1,6,0.4
2024,RS,Sul,Mal súbito do condutor,Tarde,14,4,1,5,20,0.285714
2024,RS,Sul,Manobra de mudança de faixa,Madrugada,10,3,3,2,14,0.3
2024,RS,Sul,Manobra de mudança de faixa,Manhã,106,16,1,19,114,0.150943
2024,RS,Sul,Manobra de mudança de faixa,Noite,82,17,3,18,96,0.207317
2024,RS,Sul,Manobra de mudança de faixa,Tarde,93,15,4,16,105,0.16129
2024,RS,Sul,Modificação proibida,Tarde,1,0,0,0,1,0.0
2024,RS,Sul,Neblina,Madrugada,3,1,1,0,4,0.333333
2024,RS,Sul,Neblina,Manhã,1,0,0,0,0,0.0
2024,RS,Sul,Neblina,Noite,1,1,0,1,1,1.0
2024,RS,Sul,Neblina,Tarde,1,0,0,0,3,0.0
2024,RS,Sul,Objeto estático sobre o leito carroçável,Madrugada,1,0,0,0,1,0.0
2024,RS,Sul,Objeto estático sobre o leito carroçável,Manhã,8,2,0,2,8,0.25
2024,RS,Sul,Objeto estático sobre o leito carroçável,Noite,13,2,1,1,13,0.153846
2024,RS,Sul,Objeto estático sobre o leito carroçável,Tarde,4,1,0,1,4,0.25
2024,RS,Sul,Participar de racha,Madrugada,1,0,0,0,2,0.0
2024,RS,Sul,Participar de racha,Noite,2,1,0,1,1,0.5
2024,RS,Sul,Pedestre - Ingestão de álcool/ substâncias psicoativas,Madrugada,2,2,0,2,2,1.0
2024,RS,Sul,Pedestre - Ingestão de álcool/ substâncias psicoativas,Manhã,2,2,0,2,2,1.0
2024,RS,Sul,Pedestre - Ingestão de álcool/ substâncias psicoativas,Noite,6,5,2,5,9,0.833333
2024,RS,Sul,Pedestre - Ingestão de álcool/ substâncias psicoativas,Tarde,1,0,0,0,1,0.0
2024,RS,Sul,Pedestre andava na pista,Madrugada,10,9,6,3,10,0.9
2024,RS,Sul,Pedestre andava na pista,Manhã,4,4,3,2,6,1.0
2024,RS,Sul,Pedestre andava na pista,Noite,34,22,10,12,40,0.647059
2024,RS,Sul,Pedestre andava na pista,Tarde,4,3,1,2,4,0.75
2024,RS,Sul,Pedestre cruzava a pista fora da faixa,Madrugada,4,2,3,0,5,0.5
2024,RS,Sul,Pedestre cruzava a pista fora da faixa,Manhã,7,4,1,3,7,0.571429
2024,RS,Sul,Pedestre cruzava a pista fora da faixa,Noite,19,12,8,5,24,0.631579
2024,RS,Sul,Pedestre cruzava a pista fora da faixa,Tarde,7,4,3,1,9,0.571429
2024,RS,Sul,Pista Escorregadia,Madrugada,3,1,0,1,3,0.333333
2024,RS,Sul,Pista Escorregadia,Manhã,17,3,0,3,21,0.176471
2024,RS,Sul,Pista Escorregadia,Noite,10,3,1,2,12,0.3
2024,RS,Sul,Pista Escorregadia,Tarde,8,1,0,2,9,0.125
2024,RS,Sul,Pista esburacada,Manhã,4,0,0,0,6,0.0
2024,RS,Sul,Pista esburacada,Noite,5,0,0,0,5,0.0
2024,RS,Sul,Pista esburacada,Tarde,2,0,0,0,3,0.0
2024,RS,Sul,Problema com o freio,Madrugada,2,0,0,0,0,0.0
2024,RS,Sul,Problema com o freio,Manhã,4,0,0,0,2,0.0
2024,RS,Sul,Problema com o freio,Noite,3,0,0,0,3,0.0
2024,RS,Sul,Problema com o freio,Tarde,5,3,1,3,6,0.6
2024,RS,Sul,Problema na suspensão,Madrugada,1,0,0,0,1,0.0
2024,RS,Sul,Problema na suspensão,Manhã,2,0,0,0,1,0.0
2024,RS,Sul,Problema na suspensão,Tarde,1,0,0,0,2,0.0
2024,RS,Sul,Reação tardia ou ineficiente do condutor,Madrugada,95,26,5,49,112,0.273684
2024,RS,Sul,Reação tardia ou ineficiente do condutor,Manhã,217,37,12,31,231,0.170507
2024,RS,Sul,Reação tardia ou ineficiente do condutor,Noite,217,53,6,56,247,0.24424
2024,RS,Sul,Reação tardia ou ineficiente do condutor,Tarde,251,51,8,63,294,0.203187
2024,RS,Sul,Restrição de visibilidade em curvas horizontais,Tarde,1,0,0,0,0,0.0
2024,RS,Sul,Retorno proibido,Madrugada,1,0,0,0,0,0.0
2024,RS,Sul,Retorno proibido,Manhã,5,2,2,3,8,0.4
2024,RS,Sul,Retorno proibido,Noite,14,3,0,4,18,0.214286
2024,RS,Sul,Retorno proibido,Tarde,18,2,0,2,31,0.111111
2024,RS,Sul,Semáforo com defeito,Manhã,1,0,0,0,1,0.0
2024,RS,Sul,Sinalização mal posicionada,Madrugada,1,0,0,0,0,0.0
2024,RS,Sul,Sinalização mal posicionada,Manhã,1,0,0,0,1,0.0
2024,RS,Sul,Sinalização mal posicionada,Noite,2,0,0,0,2,0.0
2024,RS,Sul,Suicídio (presumido),Manhã,1,0,0,0,1,0.0
2024,RS,Sul,Suicídio (presumido),Noite,1,0,0,0,1,0.0
2024,RS,Sul,Suicídio (presumido),Tarde,6,5,5,1,6,0.833333
2024,RS,Sul,Trafegar com motocicleta (ou similar) entre as faixas,Manhã,18,1,0,1,17,0.055556
2024,RS,Sul,Trafegar com motocicleta (ou similar) entre as faixas,Noite,5,2,0,2,5,0.4
2024,RS,Sul,Trafegar com motocicleta (ou similar) entre as faixas,Tarde,17,5,1,4,21,0.294118
2024,RS,Sul,Transitar na calçada,Noite,1,0,0,0,0,0.0
2024,RS,Sul,Transitar na contramão,Madrugada,29,14,14,9,49,0.482759
2024,RS,Sul,Transitar na contramão,Manhã,42,17,13,9,61,0.404762
2024,RS,Sul,Transitar na contramão,Noite,63,30,13,33,115,0.47619
2024,RS,Sul,Transitar na contramão,Tarde,50,26,16,38,117,0.52
2024,RS,Sul,Transitar no acostamento,Madrugada,2,1,0,1,3,0.5
2024,RS,Sul,Transitar no acostamento,Manhã,4,0,0,0,4,0.0
2024,RS,Sul,Transitar no acostamento,Noite,5,3,2,1,6,0.6
2024,RS,Sul,Transitar no acostamento,Tarde,9,2,0,2,12,0.222222
2024,RS,Sul,Transtornos Mentais (exceto suicidio),Manhã,1,0,0,0,0,0.0
2024,RS,Sul,Transtornos Mentais (exceto suicidio),Noite,2,2,0,2,5,1.0
2024,RS,Sul,Transtornos Mentais (exceto suicidio),Tarde,1,1,0,1,1,1.0
2024,RS,Sul,Ultrapassagem Indevida,Madrugada,3,2,5,1,6,0.666667
2024,RS,Sul,Ultrapassagem Indevida,Manhã,34,13,11,13,54,0.382353
2024,RS,Sul,Ultrapassagem Indevida,Noite,22,12,8,16,41,0.545455
2024,RS,Sul,Ultrapassagem Indevida,Tarde,31,12,5,12,52,0.387097
2024,RS,Sul,Velocidade Incompatível,Madrugada,37,7,4,8,59,0.189189
2024,RS,Sul,Velocidade Incompatível,Manhã,69,17,4,15,87,0.246377
2024,RS,Sul,Velocidade Incompatível,Noite,49,17,13,13,68,0.346939
2024,RS,Sul,Velocidade Incompatível,Tarde,69,23,6,20,81,0.333333
2024,RS,Sul,Área urbana sem a presença de local apropriado para a travessia de pedestres,Manhã,2,1,1,0,2,0.5
2024,RS,Sul,Área urbana sem a presença de local apropriado para a travessia de pedestres,Noite,1,0,0,0,1,0.0
2024,RS,Sul,Área urbana sem a presença de local apropriado para a travessia de pedestres,Tarde,1,1,0,1,1,1.0
2024,SC,Sul,Acessar a via sem observar a presença dos outros veículos,Madrugada,49,17,4,17,62,0.346939
2024,SC,Sul,Acessar a via sem observar a presença dos outros veículos,Manhã,278,65,6,67,325,0.233813
2024,SC,Sul,Acessar a via sem observar a presença dos outros veículos,Noite,266,82,8,86,325,0.308271
2024,SC,Sul,Acessar a via sem observar a presença dos outros veículos,Tarde,307,63,1,70,403,0.205212
2024,SC,Sul,Acesso irregular,Madrugada,2,1,0,1,1,0.5
2024,SC,Sul,Acesso irregular,Manhã,37,7,3,7,52,0.189189
2024,SC,Sul,Acesso irregular,Noite,26,7,0,7,36,0.269231
2024,SC,Sul,Acesso irregular,Tarde,30,9,0,12,35,0.3
2024,SC,Sul,Acostamento em desnível,Manhã,2,0,0,0,4,0.0
2024,SC,Sul,Acostamento em desnível,Noite,1,0,0,0,1,0.0
2024,SC,Sul,Acumulo de areia ou detritos sobre o pavimento,Madrugada,4,2,0,2,6,0.5
2024,SC,Sul,Acumulo de areia ou detritos sobre o pavimento,Manhã,9,2,0,2,10,0.222222
2024,SC,Sul,Acumulo de areia ou detritos sobre o pavimento,Noite,6,0,0,0,9,0.0
2024,SC,Sul,Acumulo de areia ou detritos sobre o pavimento,Tarde,10,1,0,1,10,0.1
2024,SC,Sul,Acumulo de água sobre o pavimento,Madrugada,6,0,0,0,8,0.0
2024,SC,Sul,Acumulo de água sobre o pavimento,Manhã,25,2,0,2,31,0.08
2024,SC,Sul,Acumulo de água sobre o pavimento,Noite,15,1,0,1,21,0.066667
2024,SC,Sul,Acumulo de água sobre o pavimento,Tarde,18,5,0,6,18,0.277778
2024,SC,Sul,Acumulo de óleo sobre o pavimento,Madrugada,4,0,0,0,10,0.0
2024,SC,Sul,Acumulo de óleo sobre o pavimento,Manhã,8,1,0,1,15,0.125
2024,SC,Sul,Acumulo de óleo sobre o pavimento,Noite,3,0,0,0,6,0.0
2024,SC,Sul,Acumulo de óleo sobre o pavimento,Tarde,9,2,1,1,16,0.222222
2024,SC,Sul,Afundamento ou ondulação no pavimento,Madrugada,1,1,1,0,3,1.0
2024,SC,Sul,Afundamento ou ondulação no pavimento,Manhã,4,1,0,1,7,0.25
2024,SC,Sul,Afundamento ou ondulação no pavimento,Noite,7,3,0,3,7,0.428571
2024,SC,Sul,Afundamento ou ondulação no pavimento,Tarde,1,0,0,0,1,0.0
2024,SC,Sul,Animais na Pista,Madrugada,11,0,0,0,4,0.0
2024,SC,Sul,Animais na Pista,Manhã,11,3,0,3,10,0.272727
2024,SC,Sul,Animais na Pista,Noite,23,7,1,7,28,0.304348
2024,SC,Sul,Animais na Pista,Tarde,9,1,2,4,14,0.111111
2024,SC,Sul,Ausência de reação do condutor,Madrugada,173,44,15,40,154,0.254335
2024,SC,Sul,Ausência de reação do condutor,Manhã,270,49,7,49,298,0.181481
2024,SC,Sul,Ausência de reação do condutor,Noite,282,80,17,75,310,0.283688
2024,SC,Sul,Ausência de reação do condutor,Tarde,342,82,8,85,405,0.239766
2024,SC,Sul,Ausência de sinalização,Madrugada,6,2,3,4,14,0.333333
2024,SC,Sul,Ausência de sinalização,Manhã,3,0,0,0,5,0.0
2024,SC,Sul,Ausência de sinalização,Noite,5,2,0,2,9,0.4
2024,SC,Sul,Ausência de sinalização,Tarde,7,3,0,3,7,0.428571
2024,SC,Sul,Avarias e/ou desgaste excessivo no pneu,Madrugada,14,3,1,5,19,0.214286
2024,SC,Sul,Avarias e/ou desgaste excessivo no pneu,Manhã,37,8,2,7,56,0.216216
2024,SC,Sul,Avarias e/ou desgaste excessivo no pneu,Noite,36,6,0,6,60,0.166667
2024,SC,Sul,Avarias e/ou desgaste excessivo no pneu,Tarde,48,7,0,12,81,0.145833
2024,SC,Sul,Carga excessiva e/ou mal acondicionada,Manhã,7,2,0,2,5,0.285714
2024,SC,Sul,Carga excessiva e/ou mal acondicionada,Noite,3,0,0,0,3,0.0
2024,SC,Sul,Carga excessiva e/ou mal acondicionada,Tarde,9,1,0,1,8,0.111111
2024,SC,Sul,Chuva,Madrugada,14,1,1,0,16,0.071429
2024,SC,Sul,Chuva,Manhã,32,5,2,3,38,0.15625
2024,SC,Sul,Chuva,Noite,35,11,1,12,44,0.314286
2024,SC,Sul,Chuva,Tarde,32,2,0,2,31,0.0625
2024,SC,Sul,Condutor Dormindo,Madrugada,91,19,4,18,98,0.208791
2024,SC,Sul,Condutor Dormindo,Manhã,40,10,2,9,44,0.25
2024,SC,Sul,Condutor Dormindo,Noite,18,7,1,8,22,0.388889
2024,SC,Sul,Condutor Dormindo,Tarde,25,6,1,7,34,0.24
2024,SC,Sul,Condutor deixou de manter distância do veículo da frente,Madrugada,24,11,1,12,35,0.458333
2024,SC,Sul,Condutor deixou de manter distância do veículo da frente,Manhã,187,27,2,31,225,0.144385
2024,SC,Sul,Condutor deixou de manter distância do veículo da frente,Noite,128,24,1,25,131,0.1875
2024,SC,Sul,Condutor deixou de manter distância do veículo da frente,Tarde,218,36,3,36,263,0.165138
2024,SC,Sul,Condutor desrespeitou a iluminação vermelha do semáforo,Manhã,2,1,0,1,2,0.5
2024,SC,Sul,Condutor desrespeitou a iluminação vermelha do semáforo,Noite,3,1,0,1,5,0.333333
2024,SC,Sul,Condutor desrespeitou a iluminação vermelha do semáforo,Tarde,1,0,0,0,1,0.0
2024,SC,Sul,Condutor usando celular,Madrugada,2,0,0,0,1,0.0
2024,SC,Sul,Condutor usando celular,Manhã,8,4,0,4,10,0.5
2024,SC,Sul,Condutor usando celular,Noite,6,3,0,4,8,0.5
2024,SC,Sul,Condutor usando celular,Tarde,6,2,0,4,8,0.333333
2024,SC,Sul,Conversão proibida,Madrugada,2,0,0,0,2,0.0
2024,SC,Sul,Conversão proibida,Manhã,35,6,0,6,41,0.171429
2024,SC,Sul,Conversão proibida,Noite,35,14,3,13,60,0.4
2024,SC,Sul,Conversão proibida,Tarde,42,7,0,8,56,0.166667
2024,SC,Sul,Curva acentuada,Madrugada,1,0,0,0,1,0.0
2024,SC,Sul,Curva acentuada,Manhã,4,0,0,0,4,0.0
2024,SC,Sul,Curva acentuada,Tarde,2,0,0,0,4,0.0
2024,SC,Sul,Declive acentuado,Tarde,1,0,0,0,1,0.0
2024,SC,Sul,Deficiência do Sistema de Iluminação/Sinalização,Manhã,1,0,0,0,1,0.0
2024,SC,Sul,Deficiência do Sistema de Iluminação/Sinalização,Noite,5,2,0,2,6,0.4
2024,SC,Sul,Deficiência do Sistema de Iluminação/Sinalização,Tarde,1,0,0,0,0,0.0
2024,SC,Sul,Demais Fenômenos da natureza,Manhã,3,0,0,0,2,0.0
2024,SC,Sul,Demais Fenômenos da natureza,Tarde,2,1,0,1,2,0.5
2024,SC,Sul,Demais falhas mecânicas ou elétricas,Madrugada,31,2,1,1,13,0.064516
2024,SC,Sul,Demais falhas mecânicas ou elétricas,Manhã,77,9,2,11,65,0.116883
2024,SC,Sul,Demais falhas mecânicas ou elétricas,Noite,80,12,4,11,59,0.15
2024,SC,Sul,Demais falhas mecânicas ou elétricas,Tarde,88,13,0,13,75,0.147727
2024,SC,Sul,Demais falhas na via,Madrugada,3,0,0,0,3,0.0
2024,SC,Sul,Demais falhas na via,Manhã,5,0,0,0,6,0.0
2024,SC,Sul,Demais falhas na via,Noite,8,4,1,3,6,0.5
2024,SC,Sul,Demais falhas na via,Tarde,8,0,0,0,11,0.0
2024,SC,Sul,Desrespeitar a preferência no cruzamento,Madrugada,9,2,0,2,12,0.222222
2024,SC,Sul,Desrespeitar a preferência no cruzamento,Manhã,102,17,1,17,136,0.166667
2024,SC,Sul,Desrespeitar a preferência no cruzamento,Noite,74,23,2,25,108,0.310811
2024,SC,Sul,Desrespeitar a preferência no cruzamento,Tarde,118,16,0,18,142,0.135593
2024,SC,Sul,Desvio temporário,Manhã,1,0,0,0,1,0.0
2024,SC,Sul,Entrada inopinada do pedestre,Madrugada,4,2,1,1,5,0.5
2024,SC,Sul,Entrada inopinada do pedestre,Manhã,5,1,0,1,6,0.2
2024,SC,Sul,Entrada inopinada do pedestre,Noite,18,14,6,8,20,0.777778
2024,SC,Sul,Entrada inopinada do pedestre,Tarde,14,10,3,8,16,0.714286
2024,SC,Sul,Estacionar ou parar em local proibido,Madrugada,4,2,0,2,6,0.5
2024,SC,Sul,Estacionar ou parar em local proibido,Noite,8,3,1,2,7,0.375
2024,SC,Sul,Estacionar ou parar em local proibido,Tarde,4,1,0,1,6,0.25
2024,SC,Sul,Faixas de trânsito com largura insuficiente,Manhã,1,1,2,2,4,1.0
2024,SC,Sul,Faixas de trânsito com largura insuficiente,Noite,1,0,0,0,3,0.0
2024,SC,Sul,Falta de acostamento,Madrugada,1,0,0,0,1,0.0
2024,SC,Sul,Falta de acostamento,Manhã,1,0,0,0,2,0.0
2024,SC,Sul,Falta de acostamento,Noite,4,1,0,1,6,0.25
2024,SC,Sul,Falta de elemento de contenção que evite a saída do leito carroçável,Madrugada,1,0,0,0,1,0.0
2024,SC,Sul,Falta de elemento de contenção que evite a saída do leito carroçável,Manhã,4,2,2,2,8,0.5
2024,SC,Sul,Falta de elemento de contenção que evite a saída do leito carroçável,Noite,3,0,0,0,3,0.0
2024,SC,Sul,Frear bruscamente,Madrugada,4,1,0,1,4,0.25
2024,SC,Sul,Frear bruscamente,Manhã,12,2,0,3,16,0.166667
2024,SC,Sul,Frear bruscamente,Noite,8,2,0,3,10,0.25
2024,SC,Sul,Frear bruscamente,Tarde,14,0,0,0,16,0.0
2024,SC,Sul,Fumaça,Madrugada,1,0,0,0,0,0.0
2024,SC,Sul,Iluminação deficiente,Madrugada,3,1,1,0,3,0.333333
2024,SC,Sul,Iluminação deficiente,Noite,6,3,0,3,6,0.5
2024,SC,Sul,Ingestão de substâncias psicoativas pelo condutor,Madrugada,6,0,0,0,8,0.0
2024,SC,Sul,Ingestão de substâncias psicoativas pelo condutor,Manhã,2,0,0,0,4,0.0
2024,SC,Sul,Ingestão de substâncias psicoativas pelo condutor,Noite,7,0,0,0,6,0.0
2024,SC,Sul,Ingestão de substâncias psicoativas pelo condutor,Tarde,3,1,0,2,4,0.333333
2024,SC,Sul,Ingestão de álcool pelo condutor,Madrugada,241,33,3,37,169,0.136929
2024,SC,Sul,Ingestão de álcool pelo condutor,Manhã,65,5,1,5,37,0.076923
2024,SC,Sul,Ingestão de álcool pelo condutor,Noite,220,30,4,38,184,0.136364
2024,SC,Sul,Ingestão de álcool pelo condutor,Tarde,70,16,4,18,73,0.228571
2024,SC,Sul,Mal súbito do condutor,Madrugada,5,2,0,2,5,0.4
2024,SC,Sul,Mal súbito do condutor,Manhã,23,7,4,4,28,0.304348
2024,SC,Sul,Mal súbito do condutor,Noite,14,2,1,1,12,0.142857
2024,SC,Sul,Mal súbito do condutor,Tarde,20,5,2,4,23,0.25
2024,SC,Sul,Manobra de mudança de faixa,Madrugada,18,5,2,5,23,0.277778
2024,SC,Sul,Manobra de mudança de faixa,Manhã,185,29,1,31,209,0.156757
2024,SC,Sul,Manobra de mudança de faixa,Noite,156,36,8,31,204,0.230769
2024,SC,Sul,Manobra de mudança de faixa,Tarde,186,36,2,44,234,0.193548
2024,SC,Sul,Modificação proibida,Noite,1,0,0,0,1,0.0
2024,SC,Sul,Neblina,Madrugada,3,0,0,0,2,0.0
2024,SC,Sul,Neblina,Manhã,3,0,0,0,3,0.0
2024,SC,Sul,Neblina,Noite,1,1,1,0,1,1.0
2024,SC,Sul,Neblina,Tarde,4,1,0,1,9,0.25
2024,SC,Sul,Objeto estático sobre o leito carroçável,Madrugada,3,0,0,0,3,0.0
2024,SC,Sul,Objeto estático sobre o leito carroçável,Manhã,7,2,0,2,7,0.285714
2024,SC,Sul,Objeto estático sobre o leito carroçável,Noite,14,6,1,5,15,0.428571
2024,SC,Sul,Objeto estático sobre o leito carroçável,Tarde,11,2,0,2,11,0.181818
2024,SC,Sul,Participar de racha,Madrugada,3,1,0,1,3,0.333333
2024,SC,Sul,Participar de racha,Noite,1,1,1,1,2,1.0
2024,SC,Sul,Participar de racha,Tarde,1,1,0,1,1,1.0
2024,SC,Sul,Pedestre - Ingestão de álcool/ substâncias psicoativas,Madrugada,4,2,2,0,5,0.5
2024,SC,Sul,Pedestre - Ingestão de álcool/ substâncias psicoativas,Noite,8,3,1,2,7,0.375
2024,SC,Sul,Pedestre - Ingestão de álcool/ substâncias psicoativas,Tarde,4,3,0,3,5,0.75
2024,SC,Sul,Pedestre andava na pista,Madrugada,4,4,3,2,6,1.0
2024,SC,Sul,Pedestre andava na pista,Manhã,4,3,1,2,4,0.75
2024,SC,Sul,Pedestre andava na pista,Noite,37,28,15,15,41,0.756757
2024,SC,Sul,Pedestre andava na pista,Tarde,6,3,1,2,7,0.5
2024,SC,Sul,Pedestre cruzava a pista fora da faixa,Madrugada,3,2,2,0,2,0.666667
2024,SC,Sul,Pedestre cruzava a pista fora da faixa,Manhã,8,5,1,5,11,0.625
2024,SC,Sul,Pedestre cruzava a pista fora da faixa,Noite,21,16,13,5,30,0.761905
2024,SC,Sul,Pedestre cruzava a pista fora da faixa,Tarde,6,6,3,5,9,1.0
2024,SC,Sul,Pista Escorregadia,Madrugada,11,2,0,2,12,0.181818
2024,SC,Sul,Pista Escorregadia,Manhã,36,7,1,6,45,0.194444
2024,SC,Sul,Pista Escorregadia,Noite,18,2,0,2,23,0.111111
2024,SC,Sul,Pista Escorregadia,Tarde,31,4,3,7,48,0.129032
2024,SC,Sul,Pista esburacada,Manhã,3,0,0,0,3,0.0
2024,SC,Sul,Pista esburacada,Noite,4,0,0,0,5,0.0
2024,SC,Sul,Pista esburacada,Tarde,2,1,0,1,5,0.5
2024,SC,Sul,Problema com o freio,Madrugada,1,0,0,0,0,0.0
2024,SC,Sul,Problema com o freio,Manhã,8,2,0,2,9,0.25
2024,SC,Sul,Problema com o freio,Noite,3,0,0,0,2,0.0
2024,SC,Sul,Problema com o freio,Tarde,7,2,0,2,4,0.285714
2024,SC,Sul,Problema na suspensão,Manhã,2,0,0,0,1,0.0
2024,SC,Sul,Problema na suspensão,Noite,2,0,0,0,2,0.0
2024,SC,Sul,Problema na suspensão,Tarde,2,0,0,0,2,0.0
2024,SC,Sul,Reação tardia ou ineficiente do condutor,Madrugada,175,44,11,43,212,0.251429
2024,SC,Sul,Reação tardia ou ineficiente do condutor,Manhã,419,80,13,87,483,0.190931
2024,SC,Sul,Reação tardia ou ineficiente do condutor,Noite,311,68,10,62,348,0.21865
2024,SC,Sul,Reação tardia ou ineficiente do condutor,Tarde,433,82,12,96,526,0.189376
2024,SC,Sul,Retorno proibido,Madrugada,1,0,0,0,1,0.0
2024,SC,Sul,Retorno proibido,Manhã,10,5,0,7,17,0.5
2024,SC,Sul,Retorno proibido,Noite,12,2,0,2,14,0.166667
2024,SC,Sul,Retorno proibido,Tarde,11,4,0,4,11,0.363636
2024,SC,Sul,Sinalização mal posicionada,Madrugada,1,0,0,0,0,0.0
2024,SC,Sul,Sinalização mal posicionada,Manhã,2,0,0,0,1,0.0
2024,SC,Sul,Sinalização mal posicionada,Noite,3,1,0,1,3,0.333333
2024,SC,Sul,Sinalização mal posicionada,Tarde,1,0,0,0,2,0.0
2024,SC,Sul,Suicídio (presumido),Madrugada,7,6,5,1,7,0.857143
2024,SC,Sul,Suicídio (presumido),Manhã,3,3,1,2,3,1.0
2024,SC,Sul,Suicídio (presumido),Noite,11,7,5,3,12,0.636364
2024,SC,Sul,Suicídio (presumido),Tarde,8,8,5,3,10,1.0
2024,SC,Sul,Trafegar com motocicleta (ou similar) entre as faixas,Madrugada,2,0,0,0,2,0.0
2024,SC,Sul,Trafegar com motocicleta (ou similar) entre as faixas,Manhã,120,24,0,26,138,0.2
2024,SC,Sul,Trafegar com motocicleta (ou similar) entre as faixas,Noite,76,18,2,20,95,0.236842
2024,SC,Sul,Trafegar com motocicleta (ou similar) entre as faixas,Tarde,105,28,2,27,117,0.266667
2024,SC,Sul,Transitar na calçada,Tarde,1,1,0,1,2,1.0
2024,SC,Sul,Transitar na contramão,Madrugada,53,30,14,29,96,0.566038
2024,SC,Sul,Transitar na contramão,Manhã,58,34,26,39,123,0.586207
2024,SC,Sul,Transitar na contramão,Noite,112,62,27,71,197,0.553571
2024,SC,Sul,Transitar na contramão,Tarde,70,31,10,34,112,0.442857
2024,SC,Sul,Transitar no acostamento,Madrugada,1,0,0,0,1,0.0
2024,SC,Sul,Transitar no acostamento,Manhã,5,2,0,3,8,0.4
2024,SC,Sul,Transitar no acostamento,Noite,12,5,1,4,15,0.416667
2024,SC,Sul,Transitar no acostamento,Tarde,17,6,1,6,20,0.352941
2024,SC,Sul,Transtornos Mentais (exceto suicidio),Manhã,1,0,0,0,1,0.0
2024,SC,Sul,Transtornos Mentais (exceto suicidio),Noite,1,0,0,0,1,0.0
2024,SC,Sul,Transtornos Mentais (exceto suicidio),Tarde,2,1,0,1,2,0.5
2024,SC,Sul,Ultrapassagem Indevida,Madrugada,12,6,3,10,26,0.5
2024,SC,Sul,Ultrapassagem Indevida,Manhã,52,19,7,20,72,0.365385
2024,SC,Sul,Ultrapassagem Indevida,Noite,62,21,7,23,88,0.33871
2024,SC,Sul,Ultrapassagem Indevida,Tarde,49,21,2,23,71,0.428571
2024,SC,Sul,Velocidade Incompatível,Madrugada,101,25,3,29,115,0.247525
2024,SC,Sul,Velocidade Incompatível,Manhã,139,31,5,35,199,0.223022
2024,SC,Sul,Velocidade Incompatível,Noite,103,23,10,16,110,0.223301
2024,SC,Sul,Velocidade Incompatível,Tarde,153,45,23,52,223,0.294118
2024,SC,Sul,Área urbana sem a presença de local apropriado para a travessia de pedestres,Manhã,1,0,0,0,1,0.0
2024,SC,Sul,Área urbana sem a presença de local apropriado para a travessia de pedestres,Noite,1,0,0,0,1,0.0
2024,SC,Sul,Área urbana sem a presença de local apropriado para a travessia de pedestres,Tarde,1,1,0,1,1,1.0
2024,SE,Nordeste,Acessar a via sem observar a presença dos outros veículos,Madrugada,3,2,1,1,3,0.666667
2024,SE,Nordeste,Acessar a via sem observar a presença dos outros veículos,Manhã,20,10,3,7,24,0.5
2024,SE,Nordeste,Acessar a via sem observar a presença dos outros veículos,Noite,13,5,3,2,18,0.384615
2024,SE,Nordeste,Acessar a via sem observar a presença dos outros veículos,Tarde,25,9,2,9,39,0.36
2024,SE,Nordeste,Acesso irregular,Manhã,2,2,0,2,3,1.0
2024,SE,Nordeste,Acesso irregular,Tarde,1,1,0,1,1,1.0
2024,SE,Nordeste,Acostamento em desnível,Madrugada,1,0,0,0,0,0.0
2024,SE,Nordeste,Acostamento em desnível,Manhã,1,0,0,0,2,0.0
2024,SE,Nordeste,Acostamento em desnível,Noite,1,0,0,0,1,0.0
2024,SE,Nordeste,Acostamento em desnível,Tarde,1,1,0,1,1,1.0
2024,SE,Nordeste,Acumulo de areia ou detritos sobre o pavimento,Madrugada,1,0,0,0,0,0.0
2024,SE,Nordeste,Acumulo de areia ou detritos sobre o pavimento,Manhã,1,0,0,0,2,0.0
2024,SE,Nordeste,Acumulo de areia ou detritos sobre o pavimento,Noite,1,0,0,0,2,0.0
2024,SE,Nordeste,Acumulo de areia ou detritos sobre o pavimento,Tarde,2,0,0,0,2,0.0
2024,SE,Nordeste,Acumulo de água sobre o pavimento,Manhã,9,2,0,2,6,0.222222
2024,SE,Nordeste,Acumulo de água sobre o pavimento,Noite,1,0,0,0,1,0.0
2024,SE,Nordeste,Acumulo de água sobre o pavimento,Tarde,1,0,0,0,0,0.0
2024,SE,Nordeste,Acumulo de óleo sobre o pavimento,Manhã,1,0,0,0,2,0.0
2024,SE,Nordeste,Afundamento ou ondulação no pavimento,Madrugada,1,0,0,0,2,0.0
2024,SE,Nordeste,Afundamento ou ondulação no pavimento,Noite,1,1,1,0,1,1.0
2024,SE,Nordeste,Afundamento ou ondulação no pavimento,Tarde,1,0,0,0,1,0.0
2024,SE,Nordeste,Animais na Pista,Madrugada,11,1,0,1,12,0.090909
2024,SE,Nordeste,Animais na Pista,Manhã,3,2,0,2,5,0.666667
2024,SE,Nordeste,Animais na Pista,Noite,13,6,0,6,26,0.461538
2024,SE,Nordeste,Animais na Pista,Tarde,2,0,0,0,2,0.0
2024,SE,Nordeste,Ausência de reação do condutor,Madrugada,9,2,0,2,7,0.222222
2024,SE,Nordeste,Ausência de reação do condutor,Manhã,21,4,0,4,24,0.190476
2024,SE,Nordeste,Ausência de reação do condutor,Noite,19,7,2,5,23,0.368421
2024,SE,Nordeste,Ausência de reação do condutor,Tarde,15,4,0,4,18,0.266667
2024,SE,Nordeste,Ausência de sinalização,Madrugada,1,1,0,1,2,1.0
2024,SE,Nordeste,Ausência de sinalização,Manhã,2,0,0,0,1,0.0
2024,SE,Nordeste,Ausência de sinalização,Noite,1,1,0,1,1,1.0
2024,SE,Nordeste,Avarias e/ou desgaste excessivo no pneu,Manhã,5,1,0,1,5,0.2
2024,SE,Nordeste,Avarias e/ou desgaste excessivo no pneu,Noite,1,0,0,0,2,0.0
2024,SE,Nordeste,Avarias e/ou desgaste excessivo no pneu,Tarde,2,1,0,1,1,0.5
2024,SE,Nordeste,Carga excessiva e/ou mal acondicionada,Madrugada,1,0,0,0,1,0.0
2024,SE,Nordeste,Carga excessiva e/ou mal acondicionada,Manhã,2,1,0,1,1,0.5
2024,SE,Nordeste,Carga excessiva e/ou mal acondicionada,Tarde,2,1,1,0,2,0.5
2024,SE,Nordeste,Chuva,Madrugada,1,0,0,0,3,0.0
2024,SE,Nordeste,Chuva,Manhã,7,2,0,2,11,0.285714
2024,SE,Nordeste,Chuva,Noite,1,0,0,0,1,0.0
2024,SE,Nordeste,Chuva,Tarde,3,1,0,1,3,0.333333
2024,SE,Nordeste,Condutor Dormindo,Madrugada,5,1,0,1,6,0.2
2024,SE,Nordeste,Condutor Dormindo,Manhã,3,2,0,2,3,0.666667
2024,SE,Nordeste,Condutor Dormindo,Noite,2,0,0,0,3,0.0
2024,SE,Nordeste,Condutor Dormindo,Tarde,2,0,0,0,1,0.0
2024,SE,Nordeste,Condutor deixou de manter distância do veículo da frente,Manhã,32,7,0,7,37,0.21875
2024,SE,Nordeste,Condutor deixou de manter distância do veículo da frente,Noite,10,2,0,2,15,0.2
2024,SE,Nordeste,Condutor deixou de manter distância do veículo da frente,Tarde,17,3,0,4,16,0.176471
2024,SE,Nordeste,Condutor usando celular,Manhã,1,0,0,0,1,0.0
2024,SE,Nordeste,Condutor usando celular,Noite,1,0,0,0,1,0.0
2024,SE,Nordeste,Condutor usando celular,Tarde,1,1,0,1,1,1.0
2024,SE,Nordeste,Conversão proibida,Manhã,2,1,0,1,5,0.5
2024,SE,Nordeste,Conversão proibida,Tarde,1,1,1,0,2,1.0
2024,SE,Nordeste,Curva acentuada,Manhã,1,0,0,0,0,0.0
2024,SE,Nordeste,Deficiência do Sistema de Iluminação/Sinalização,Noite,1,1,0,2,2,1.0
2024,SE,Nordeste,Deixar de acionar o farol da motocicleta (ou similar),Tarde,1,0,0,0,1,0.0
2024,SE,Nordeste,Demais falhas mecânicas ou elétricas,Madrugada,1,0,0,0,1,0.0
2024,SE,Nordeste,Demais falhas mecânicas ou elétricas,Manhã,4,0,0,0,0,0.0
2024,SE,Nordeste,Demais falhas mecânicas ou elétricas,Noite,4,0,0,0,0,0.0
2024,SE,Nordeste,Demais falhas mecânicas ou elétricas,Tarde,7,1,1,2,14,0.142857
2024,SE,Nordeste,Demais falhas na via,Noite,1,1,0,1,1,1.0
2024,SE,Nordeste,Demais falhas na via,Tarde,1,1,0,1,2,1.0
2024,SE,Nordeste,Desrespeitar a preferência no cruzamento,Madrugada,1,1,0,1,1,1.0
2024,SE,Nordeste,Desrespeitar a preferência no cruzamento,Manhã,5,1,0,2,5,0.2
2024,SE,Nordeste,Desrespeitar a preferência no cruzamento,Noite,5,2,1,1,5,0.4
2024,SE,Nordeste,Desrespeitar a preferência no cruzamento,Tarde,9,2,0,3,13,0.222222
2024,SE,Nordeste,Desvio temporário,Manhã,1,1,1,0,1,1.0
2024,SE,Nordeste,Desvio temporário,Noite,1,0,0,0,1,0.0
2024,SE,Nordeste,Entrada inopinada do pedestre,Madrugada,1,1,1,0,1,1.0
2024,SE,Nordeste,Entrada inopinada do pedestre,Manhã,3,1,0,1,3,0.333333
2024,SE,Nordeste,Entrada inopinada do pedestre,Noite,7,5,1,5,9,0.714286
2024,SE,Nordeste,Entrada inopinada do pedestre,Tarde,1,1,1,1,2,1.0
2024,SE,Nordeste,Estacionar ou parar em local proibido,Manhã,1,0,0,0,1,0.0
2024,SE,Nordeste,Estacionar ou parar em local proibido,Noite,2,1,0,1,4,0.5
2024,SE,Nordeste,Faróis desregulados,Noite,1,1,0,1,4,1.0
2024,SE,Nordeste,Frear bruscamente,Tarde,1,0,0,0,1,0.0
2024,SE,Nordeste,Iluminação deficiente,Noite,1,1,0,1,1,1.0
2024,SE,Nordeste,Ingestão de álcool pelo condutor,Madrugada,4,2,0,8,9,0.5
2024,SE,Nordeste,Ingestão de álcool pelo condutor,Manhã,4,0,0,0,3,0.0
2024,SE,Nordeste,Ingestão de álcool pelo condutor,Noite,34,11,0,11,34,0.323529
2024,SE,Nordeste,Ingestão de álcool pelo condutor,Tarde,9,5,0,7,14,0.555556
2024,SE,Nordeste,Mal súbito do condutor,Manhã,1,1,1,0,1,1.0
2024,SE,Nordeste,Mal súbito do condutor,Tarde,1,1,0,1,1,1.0
2024,SE,Nordeste,Manobra de mudança de faixa,Manhã,16,5,2,4,20,0.3125
2024,SE,Nordeste,Manobra de mudança de faixa,Noite,6,3,0,3,7,0.5
2024,SE,Nordeste,Manobra de mudança de faixa,Tarde,12,3,1,2,11,0.25
2024,SE,Nordeste,Objeto estático sobre o leito carroçável,Noite,1,0,0,0,1,0.0
2024,SE,Nordeste,Participar de racha,Noite,1,1,1,1,2,1.0
2024,SE,Nordeste,Pedestre - Ingestão de álcool/ substâncias psicoativas,Noite,8,6,0,6,9,0.75
2024,SE,Nordeste,Pedestre andava na pista,Manhã,1,0,0,0,1,0.0
2024,SE,Nordeste,Pedestre andava na pista,Noite,2,2,2,0,2,1.0
2024,SE,Nordeste,Pedestre cruzava a pista fora da faixa,Noite,2,2,0,2,2,1.0
2024,SE,Nordeste,Pedestre cruzava a pista fora da faixa,Tarde,2,2,0,2,3,1.0
2024,SE,Nordeste,Pista Escorregadia,Manhã,5,3,0,3,8,0.6
2024,SE,Nordeste,Pista Escorregadia,Noite,1,0,0,0,1,0.0
2024,SE,Nordeste,Pista Escorregadia,Tarde,1,0,0,0,1,0.0
2024,SE,Nordeste,Pista esburacada,Manhã,2,0,0,0,2,0.0
2024,SE,Nordeste,Pista esburacada,Noite,3,1,0,1,3,0.333333
2024,SE,Nordeste,Problema na suspensão,Manhã,1,0,0,0,2,0.0
2024,SE,Nordeste,Reação tardia ou ineficiente do condutor,Madrugada,7,0,0,0,5,0.0
2024,SE,Nordeste,Reação tardia ou ineficiente do condutor,Manhã,20,5,1,4,16,0.25
2024,SE,Nordeste,Reação tardia ou ineficiente do condutor,Noite,12,6,1,7,14,0.5
2024,SE,Nordeste,Reação tardia ou ineficiente do condutor,Tarde,18,8,2,6,23,0.444444
2024,SE,Nordeste,Retorno proibido,Manhã,1,1,0,1,1,1.0
2024,SE,Nordeste,Retorno proibido,Noite,4,0,0,0,4,0.0
2024,SE,Nordeste,Sinalização encoberta,Madrugada,1,1,1,0,1,1.0
2024,SE,Nordeste,Sinalização mal posicionada,Noite,1,1,1,0,1,1.0
2024,SE,Nordeste,Suicídio (presumido),Noite,1,1,2,0,2,1.0
2024,SE,Nordeste,Transitar na contramão,Madrugada,2,0,0,0,0,0.0
2024,SE,Nordeste,Transitar na contramão,Manhã,3,2,1,3,6,0.666667
2024,SE,Nordeste,Transitar na contramão,Noite,11,9,4,9,24,0.818182
2024,SE,Nordeste,Transitar na contramão,Tarde,3,1,0,1,7,0.333333
2024,SE,Nordeste,Transitar no acostamento,Madrugada,1,1,1,0,1,1.0
2024,SE,Nordeste,Transitar no acostamento,Manhã,1,1,0,1,3,1.0
2024,SE,Nordeste,Transitar no acostamento,Noite,3,2,0,2,4,0.666667
2024,SE,Nordeste,Transitar no acostamento,Tarde,1,0,0,0,1,0.0
2024,SE,Nordeste,Transtornos Mentais (exceto suicidio),Noite,1,1,1,0,1,1.0
2024,SE,Nordeste,Transtornos Mentais (exceto suicidio),Tarde,1,0,0,0,1,0.0
2024,SE,Nordeste,Ultrapassagem Indevida,Madrugada,1,1,0,2,2,1.0
2024,SE,Nordeste,Ultrapassagem Indevida,Manhã,2,1,1,0,2,0.5
2024,SE,Nordeste,Ultrapassagem Indevida,Noite,2,2,4,0,4,1.0
2024,SE,Nordeste,Ultrapassagem Indevida,Tarde,4,3,0,4,6,0.75
2024,SE,Nordeste,Velocidade Incompatível,Madrugada,3,2,1,2,4,0.666667
2024,SE,Nordeste,Velocidade Incompatível,Manhã,8,4,4,3,12,0.5
2024,SE,Nordeste,Velocidade Incompatível,Noite,11,5,4,2,11,0.454545
2024,SE,Nordeste,Velocidade Incompatível,Tarde,9,4,3,2,15,0.444444
2024,SP,Sudeste,Acessar a via sem observar a presença dos outros veículos,Madrugada,23,5,2,3,29,0.217391
2024,SP,Sudeste,Acessar a via sem observar a presença dos outros veículos,Manhã,61,13,4,17,84,0.213115
2024,SP,Sudeste,Acessar a via sem observar a presença dos outros veículos,Noite,60,22,8,18,82,0.366667
2024,SP,Sudeste,Acessar a via sem observar a presença dos outros veículos,Tarde,81,16,4,15,107,0.197531
2024,SP,Sudeste,Acesso irregular,Madrugada,3,2,0,2,4,0.666667
2024,SP,Sudeste,Acesso irregular,Manhã,4,1,0,1,5,0.25
2024,SP,Sudeste,Acesso irregular,Noite,8,2,3,0,9,0.25
2024,SP,Sudeste,Acesso irregular,Tarde,8,2,0,2,9,0.25
2024,SP,Sudeste,Acostamento em desnível,Manhã,1,0,0,0,1,0.0
2024,SP,Sudeste,Acostamento em desnível,Noite,2,0,0,0,2,0.0
2024,SP,Sudeste,Acumulo de areia ou detritos sobre o pavimento,Madrugada,5,2,0,2,6,0.4
2024,SP,Sudeste,Acumulo de areia ou detritos sobre o pavimento,Manhã,9,2,0,2,10,0.222222
2024,SP,Sudeste,Acumulo de areia ou detritos sobre o pavimento,Noite,6,0,0,0,6,0.0
2024,SP,Sudeste,Acumulo de areia ou detritos sobre o pavimento,Tarde,8,0,0,0,10,0.0
2024,SP,Sudeste,Acumulo de água sobre o pavimento,Madrugada,1,1,0,1,1,1.0
2024,SP,Sudeste,Acumulo de água sobre o pavimento,Manhã,7,1,0,1,7,0.142857
2024,SP,Sudeste,Acumulo de água sobre o pavimento,Noite,6,0,0,0,8,0.0
2024,SP,Sudeste,Acumulo de água sobre o pavimento,Tarde,9,0,0,0,11,0.0
2024,SP,Sudeste,Acumulo de óleo sobre o pavimento,Madrugada,2,0,0,0,3,0.0
2024,SP,Sudeste,Acumulo de óleo sobre o pavimento,Manhã,13,3,0,3,14,0.230769
2024,SP,Sudeste,Acumulo de óleo sobre o pavimento,Noite,3,0,0,0,4,0.0
2024,SP,Sudeste,Acumulo de óleo sobre o pavimento,Tarde,8,2,1,1,8,0.25
2024,SP,Sudeste,Afundamento ou ondulação no pavimento,Manhã,1,0,0,0,1,0.0
2024,SP,Sudeste,Afundamento ou ondulação no pavimento,Noite,2,0,0,0,4,0.0
2024,SP,Sudeste,Afundamento ou ondulação no pavimento,Tarde,3,0,0,0,2,0.0
2024,SP,Sudeste,Animais na Pista,Madrugada,9,3,0,3,13,0.333333
2024,SP,Sudeste,Animais na Pista,Manhã,13,4,1,3,14,0.307692
2024,SP,Sudeste,Animais na Pista,Noite,14,4,1,3,24,0.285714
2024,SP,Sudeste,Animais na Pista,Tarde,6,1,0,1,7,0.166667
2024,SP,Sudeste,Ausência de reação do condutor,Madrugada,160,32,9,28,175,0.2
2024,SP,Sudeste,Ausência de reação do condutor,Manhã,233,45,7,42,256,0.193133
2024,SP,Sudeste,Ausência de reação do condutor,Noite,234,50,8,45,246,0.213675
2024,SP,Sudeste,Ausência de reação do condutor,Tarde,252,46,5,47,286,0.18254
2024,SP,Sudeste,Ausência de sinalização,Noite,4,0,0,0,2,0.0
2024,SP,Sudeste,Ausência de sinalização,Tarde,5,0,0,0,6,0.0
2024,SP,Sudeste,Avarias e/ou desgaste excessivo no pneu,Madrugada,10,1,0,1,10,0.1
2024,SP,Sudeste,Avarias e/ou desgaste excessivo no pneu,Manhã,33,4,1,3,44,0.121212
2024,SP,Sudeste,Avarias e/ou desgaste excessivo no pneu,Noite,26,1,0,1,31,0.038462
2024,SP,Sudeste,Avarias e/ou desgaste excessivo no pneu,Tarde,51,7,0,7,79,0.137255
2024,SP,Sudeste,Carga excessiva e/ou mal acondicionada,Madrugada,1,0,0,0,0,0.0
2024,SP,Sudeste,Carga excessiva e/ou mal acondicionada,Manhã,7,0,0,0,4,0.0
2024,SP,Sudeste,Carga excessiva e/ou mal acondicionada,Noite,2,0,0,0,2,0.0
2024,SP,Sudeste,Carga excessiva e/ou mal acondicionada,Tarde,4,0,0,0,3,0.0
2024,SP,Sudeste,Chuva,Madrugada,9,1,0,1,8,0.111111
2024,SP,Sudeste,Chuva,Manhã,29,2,1,1,37,0.068966
2024,SP,Sudeste,Chuva,Noite,22,3,1,4,34,0.136364
2024,SP,Sudeste,Chuva,Tarde,34,4,2,2,40,0.117647
2024,SP,Sudeste,Condutor Dormindo,Madrugada,47,9,2,10,45,0.191489
2024,SP,Sudeste,Condutor Dormindo,Manhã,18,3,1,2,16,0.166667
2024,SP,Sudeste,Condutor Dormindo,Noite,14,2,5,4,22,0.142857
2024,SP,Sudeste,Condutor Dormindo,Tarde,9,2,0,3,11,0.222222
2024,SP,Sudeste,Condutor deixou de manter distância do veículo da frente,Madrugada,19,3,0,3,21,0.157895
2024,SP,Sudeste,Condutor deixou de manter distância do veículo da frente,Manhã,98,17,2,17,133,0.173469
2024,SP,Sudeste,Condutor deixou de manter distância do veículo da frente,Noite,59,9,0,10,68,0.152542
2024,SP,Sudeste,Condutor deixou de manter distância do veículo da frente,Tarde,87,8,0,11,91,0.091954
2024,SP,Sudeste,Condutor usando celular,Manhã,1,0,0,0,1,0.0
2024,SP,Sudeste,Condutor usando celular,Tarde,1,0,0,0,1,0.0
2024,SP,Sudeste,Conversão proibida,Manhã,11,4,0,4,12,0.363636
2024,SP,Sudeste,Conversão proibida,Noite,10,0,0,0,15,0.0
2024,SP,Sudeste,Conversão proibida,Tarde,14,3,3,1,17,0.214286
2024,SP,Sudeste,Curva acentuada,Madrugada,4,0,0,0,4,0.0
2024,SP,Sudeste,Curva acentuada,Manhã,1,0,0,0,1,0.0
2024,SP,Sudeste,Curva acentuada,Noite,3,0,0,0,4,0.0
2024,SP,Sudeste,Curva acentuada,Tarde,5,2,1,1,5,0.4
2024,SP,Sudeste,Declive acentuado,Noite,1,0,0,0,5,0.0
2024,SP,Sudeste,Deficiência do Sistema de Iluminação/Sinalização,Madrugada,3,1,1,0,3,0.333333
2024,SP,Sudeste,Deficiência do Sistema de Iluminação/Sinalização,Noite,4,2,0,2,6,0.5
2024,SP,Sudeste,Deficiência do Sistema de Iluminação/Sinalização,Tarde,1,1,0,1,1,1.0
2024,SP,Sudeste,Demais Fenômenos da natureza,Noite,2,0,0,0,1,0.0
2024,SP,Sudeste,Demais Fenômenos da natureza,Tarde,1,1,1,0,1,1.0
2024,SP,Sudeste,Demais falhas mecânicas ou elétricas,Madrugada,29,1,0,1,8,0.034483
2024,SP,Sudeste,Demais falhas mecânicas ou elétricas,Manhã,74,6,1,6,60,0.081081
2024,SP,Sudeste,Demais falhas mecânicas ou elétricas,Noite,62,6,0,6,44,0.096774
2024,SP,Sudeste,Demais falhas mecânicas ou elétricas,Tarde,79,8,0,8,59,0.101266
2024,SP,Sudeste,Demais falhas na via,Manhã,6,0,0,0,6,0.0
2024,SP,Sudeste,Demais falhas na via,Noite,5,2,1,1,5,0.4
2024,SP,Sudeste,Demais falhas na via,Tarde,2,0,0,0,3,0.0
2024,SP,Sudeste,Desrespeitar a preferência no cruzamento,Manhã,8,1,0,1,14,0.125
2024,SP,Sudeste,Desrespeitar a preferência no cruzamento,Noite,3,2,0,2,5,0.666667
2024,SP,Sudeste,Desrespeitar a preferência no cruzamento,Tarde,10,2,0,2,13,0.2
2024,SP,Sudeste,Desvio temporário,Manhã,1,0,0,0,1,0.0
2024,SP,Sudeste,Desvio temporário,Noite,2,0,0,0,6,0.0
2024,SP,Sudeste,Entrada inopinada do pedestre,Madrugada,15,9,6,4,20,0.6
2024,SP,Sudeste,Entrada inopinada do pedestre,Manhã,7,6,2,4,7,0.857143
2024,SP,Sudeste,Entrada inopinada do pedestre,Noite,27,20,11,10,29,0.740741
2024,SP,Sudeste,Entrada inopinada do pedestre,Tarde,7,3,1,2,7,0.428571
2024,SP,Sudeste,Estacionar ou parar em local proibido,Madrugada,4,3,2,2,7,0.75
2024,SP,Sudeste,Estacionar ou parar em local proibido,Noite,2,0,0,0,2,0.0
2024,SP,Sudeste,Estacionar ou parar em local proibido,Tarde,4,0,0,0,2,0.0
2024,SP,Sudeste,Falta de acostamento,Manhã,1,0,0,0,1,0.0
2024,SP,Sudeste,Falta de acostamento,Noite,1,1,1,0,1,1.0
2024,SP,Sudeste,Falta de acostamento,Tarde,2,1,0,1,2,0.5
2024,SP,Sudeste,Falta de elemento de contenção que evite a saída do leito carroçável,Madrugada,1,1,1,1,2,1.0
2024,SP,Sudeste,Falta de elemento de contenção que evite a saída do leito carroçável,Manhã,1,1,0,1,3,1.0
2024,SP,Sudeste,Falta de elemento de contenção que evite a saída do leito carroçável,Tarde,1,1,1,0,1,1.0
2024,SP,Sudeste,Faróis desregulados,Noite,1,0,0,0,0,0.0
2024,SP,Sudeste,Frear bruscamente,Madrugada,4,0,0,0,3,0.0
2024,SP,Sudeste,Frear bruscamente,Manhã,9,2,0,2,10,0.222222
2024,SP,Sudeste,Frear bruscamente,Noite,11,0,0,0,16,0.0
2024,SP,Sudeste,Frear bruscamente,Tarde,8,1,0,1,10,0.125
2024,SP,Sudeste,Fumaça,Noite,1,0,0,0,0,0.0
2024,SP,Sudeste,Iluminação deficiente,Madrugada,2,1,0,1,4,0.5
2024,SP,Sudeste,Iluminação deficiente,Noite,5,1,1,0,8,0.2
2024,SP,Sudeste,Ingestão de substâncias psicoativas pelo condutor,Madrugada,2,0,0,0,1,0.0
2024,SP,Sudeste,Ingestão de substâncias psicoativas pelo condutor,Manhã,1,0,0,0,0,0.0
2024,SP,Sudeste,Ingestão de substâncias psicoativas pelo condutor,Noite,2,0,0,0,1,0.0
2024,SP,Sudeste,Ingestão de substâncias psicoativas pelo condutor,Tarde,2,0,0,0,2,0.0
2024,SP,Sudeste,Ingestão de álcool pelo condutor,Madrugada,41,6,2,6,25,0.146341
2024,SP,Sudeste,Ingestão de álcool pelo condutor,Manhã,16,2,0,2,13,0.125
2024,SP,Sudeste,Ingestão de álcool pelo condutor,Noite,69,8,0,10,52,0.115942
2024,SP,Sudeste,Ingestão de álcool pelo condutor,Tarde,40,3,0,3,34,0.075
2024,SP,Sudeste,Mal súbito do condutor,Madrugada,3,1,1,0,3,0.333333
2024,SP,Sudeste,Mal súbito do condutor,Manhã,11,2,2,0,11,0.181818
2024,SP,Sudeste,Mal súbito do condutor,Noite,8,3,0,3,17,0.375
2024,SP,Sudeste,Mal súbito do condutor,Tarde,19,4,2,2,22,0.210526
2024,SP,Sudeste,Manobra de mudança de faixa,Madrugada,24,10,1,9,34,0.416667
2024,SP,Sudeste,Manobra de mudança de faixa,Manhã,116,10,0,10,126,0.086207
2024,SP,Sudeste,Manobra de mudança de faixa,Noite,81,9,1,9,96,0.111111
2024,SP,Sudeste,Manobra de mudança de faixa,Tarde,95,15,2,15,114,0.157895
2024,SP,Sudeste,Modificação proibida,Noite,1,1,0,1,3,1.0
2024,SP,Sudeste,Neblina,Madrugada,3,2,0,2,7,0.666667
2024,SP,Sudeste,Objeto estático sobre o leito carroçável,Madrugada,8,1,1,14,21,0.125
2024,SP,Sudeste,Objeto estático sobre o leito carroçável,Manhã,11,4,0,4,11,0.363636
2024,SP,Sudeste,Objeto estático sobre o leito carroçável,Noite,16,4,0,4,22,0.25
2024,SP,Sudeste,Objeto estático sobre o leito carroçável,Tarde,14,0,0,0,17,0.0
2024,SP,Sudeste,Participar de racha,Madrugada,1,0,0,0,1,0.0
2024,SP,Sudeste,Participar de racha,Manhã,1,0,0,0,0,0.0
2024,SP,Sudeste,Pedestre - Ingestão de álcool/ substâncias psicoativas,Madrugada,1,0,0,0,1,0.0
2024,SP,Sudeste,Pedestre - Ingestão de álcool/ substâncias psicoativas,Noite,1,1,0,1,1,1.0
2024,SP,Sudeste,Pedestre - Ingestão de álcool/ substâncias psicoativas,Tarde,1,1,0,1,1,1.0
2024,SP,Sudeste,Pedestre andava na pista,Madrugada,17,11,7,4,18,0.647059
2024,SP,Sudeste,Pedestre andava na pista,Manhã,2,2,1,1,4,1.0
2024,SP,Sudeste,Pedestre andava na pista,Noite,26,21,12,9,27,0.807692
2024,SP,Sudeste,Pedestre andava na pista,Tarde,2,2,1,1,4,1.0
2024,SP,Sudeste,Pedestre cruzava a pista fora da faixa,Madrugada,8,8,7,1,9,1.0
2024,SP,Sudeste,Pedestre cruzava a pista fora da faixa,Manhã,5,4,2,2,5,0.8
2024,SP,Sudeste,Pedestre cruzava a pista fora da faixa,Noite,16,13,8,7,19,0.8125
2024,SP,Sudeste,Pedestre cruzava a pista fora da faixa,Tarde,6,5,3,2,6,0.833333
2024,SP,Sudeste,Pista Escorregadia,Madrugada,7,1,0,1,7,0.142857
2024,SP,Sudeste,Pista Escorregadia,Manhã,16,1,0,1,17,0.0625
2024,SP,Sudeste,Pista Escorregadia,Noite,16,3,0,3,17,0.1875
2024,SP,Sudeste,Pista Escorregadia,Tarde,20,1,0,1,27,0.05
2024,SP,Sudeste,Pista esburacada,Madrugada,1,0,0,0,1,0.0
2024,SP,Sudeste,Pista esburacada,Manhã,2,1,0,1,1,0.5
2024,SP,Sudeste,Pista esburacada,Noite,3,1,0,2,5,0.333333
2024,SP,Sudeste,Pista esburacada,Tarde,2,0,0,0,1,0.0
2024,SP,Sudeste,Problema com o freio,Madrugada,2,1,0,1,1,0.5
2024,SP,Sudeste,Problema com o freio,Manhã,5,0,0,0,3,0.0
2024,SP,Sudeste,Problema com o freio,Noite,3,0,0,0,2,0.0
2024,SP,Sudeste,Problema com o freio,Tarde,3,0,0,0,2,0.0
2024,SP,Sudeste,Problema na suspensão,Madrugada,1,1,0,1,2,1.0
2024,SP,Sudeste,Problema na suspensão,Tarde,1,0,0,0,1,0.0
2024,SP,Sudeste,Reação tardia ou ineficiente do condutor,Madrugada,186,37,10,36,202,0.198925
2024,SP,Sudeste,Reação tardia ou ineficiente do condutor,Manhã,414,59,13,58,487,0.142512
2024,SP,Sudeste,Reação tardia ou ineficiente do condutor,Noite,313,48,10,51,342,0.153355
2024,SP,Sudeste,Reação tardia ou ineficiente do condutor,Tarde,366,61,11,59,437,0.166667
2024,SP,Sudeste,Restrição de visibilidade em curvas horizontais,Tarde,1,0,0,0,1,0.0
2024,SP,Sudeste,Retorno proibido,Manhã,2,0,0,0,2,0.0
2024,SP,Sudeste,Retorno proibido,Noite,1,0,0,0,1,0.0
2024,SP,Sudeste,Retorno proibido,Tarde,4,2,0,2,7,0.5
2024,SP,Sudeste,Sinalização mal posicionada,Madrugada,1,0,0,0,1,0.0
2024,SP,Sudeste,Sinalização mal posicionada,Manhã,1,0,0,0,1,0.0
2024,SP,Sudeste,Sinalização mal posicionada,Noite,3,2,0,2,3,0.666667
2024,SP,Sudeste,Sinalização mal posicionada,Tarde,1,0,0,0,1,0.0
2024,SP,Sudeste,Suicídio (presumido),Madrugada,5,5,4,1,5,1.0
2024,SP,Sudeste,Suicídio (presumido),Manhã,4,3,1,2,4,0.75
2024,SP,Sudeste,Suicídio (presumido),Noite,4,3,2,2,6,0.75
2024,SP,Sudeste,Suicídio (presumido),Tarde,3,3,1,2,3,1.0
2024,SP,Sudeste,Trafegar com motocicleta (ou similar) entre as faixas,Madrugada,5,1,0,1,8,0.2
2024,SP,Sudeste,Trafegar com motocicleta (ou similar) entre as faixas,Manhã,112,12,0,12,141,0.107143
2024,SP,Sudeste,Trafegar com motocicleta (ou similar) entre as faixas,Noite,56,9,1,9,67,0.160714
2024,SP,Sudeste,Trafegar com motocicleta (ou similar) entre as faixas,Tarde,78,19,2,20,97,0.24359
2024,SP,Sudeste,Transitar na contramão,Madrugada,5,0,0,0,9,0.0
2024,SP,Sudeste,Transitar na contramão,Manhã,7,5,3,2,13,0.714286
2024,SP,Sudeste,Transitar na contramão,Noite,16,6,0,7,24,0.375
2024,SP,Sudeste,Transitar na contramão,Tarde,5,2,2,1,8,0.4
2024,SP,Sudeste,Transitar no acostamento,Manhã,13,2,0,2,18,0.153846
2024,SP,Sudeste,Transitar no acostamento,Noite,6,3,0,5,11,0.5
2024,SP,Sudeste,Transitar no acostamento,Tarde,1,0,0,0,1,0.0
2024,SP,Sudeste,Transtornos Mentais (exceto suicidio),Madrugada,3,1,1,0,1,0.333333
2024,SP,Sudeste,Transtornos Mentais (exceto suicidio),Manhã,1,1,0,1,1,1.0
2024,SP,Sudeste,Ultrapassagem Indevida,Madrugada,1,0,0,0,1,0.0
2024,SP,Sudeste,Ultrapassagem Indevida,Manhã,11,3,0,4,13,0.272727
2024,SP,Sudeste,Ultrapassagem Indevida,Noite,10,3,1,4,13,0.3
2024,SP,Sudeste,Ultrapassagem Indevida,Tarde,21,6,2,4,22,0.285714
2024,SP,Sudeste,Velocidade Incompatível,Madrugada,29,3,2,1,25,0.103448
2024,SP,Sudeste,Velocidade Incompatível,Manhã,48,12,0,17,71,0.25
2024,SP,Sudeste,Velocidade Incompatível,Noite,44,1,0,1,54,0.022727
2024,SP,Sudeste,Velocidade Incompatível,Tarde,45,7,3,6,48,0.155556
2024,SP,Sudeste,Área urbana sem a presença de local apropriado para a travessia de pedestres,Manhã,1,1,1,0,1,1.0
2024,SP,Sudeste,Área urbana sem a presença de local apropriado para a travessia de pedestres,Noite,3,2,1,1,3,0.666667
2024,SP,Sudeste,Área urbana sem a presença de local apropriado para a travessia de pedestres,Tarde,1,0,0,0,0,0.0
2024,TO,Norte,Acessar a via sem observar a presença dos outros veículos,Madrugada,3,0,0,0,2,0.0
2024,TO,Norte,Acessar a via sem observar a presença dos outros veículos,Manhã,28,7,0,8,29,0.25
2024,TO,Norte,Acessar a via sem observar a presença dos outros veículos,Noite,18,7,0,9,21,0.388889
2024,TO,Norte,Acessar a via sem observar a presença dos outros veículos,Tarde,20,8,5,3,18,0.4
2024,TO,Norte,Acesso irregular,Madrugada,1,0,0,0,0,0.0
2024,TO,Norte,Acesso irregular,Manhã,3,2,1,2,6,0.666667
2024,TO,Norte,Acesso irregular,Noite,1,0,0,0,1,0.0
2024,TO,Norte,Acesso irregular,Tarde,1,0,0,0,4,0.0
2024,TO,Norte,Acostamento em desnível,Manhã,1,0,0,0,1,0.0
2024,TO,Norte,Acostamento em desnível,Noite,1,0,0,0,2,0.0
2024,TO,Norte,Acostamento em desnível,Tarde,1,0,0,0,1,0.0
2024,TO,Norte,Acumulo de água sobre o pavimento,Manhã,1,0,0,0,1,0.0
2024,TO,Norte,Acumulo de água sobre o pavimento,Tarde,1,1,1,3,6,1.0
2024,TO,Norte,Afundamento ou ondulação no pavimento,Madrugada,1,0,0,0,1,0.0
2024,TO,Norte,Animais na Pista,Madrugada,7,2,1,1,8,0.285714
2024,TO,Norte,Animais na Pista,Manhã,2,1,0,1,1,0.5
2024,TO,Norte,Animais na Pista,Noite,7,2,1,1,9,0.285714
2024,TO,Norte,Animais na Pista,Tarde,2,0,0,0,1,0.0
2024,TO,Norte,Ausência de reação do condutor,Madrugada,27,12,7,9,34,0.444444
2024,TO,Norte,Ausência de reação do condutor,Manhã,29,10,2,13,34,0.344828
2024,TO,Norte,Ausência de reação do condutor,Noite,28,10,3,10,38,0.357143
2024,TO,Norte,Ausência de reação do condutor,Tarde,34,12,4,12,41,0.352941
2024,TO,Norte,Ausência de sinalização,Noite,3,0,0,0,2,0.0
2024,TO,Norte,Avarias e/ou desgaste excessivo no pneu,Madrugada,1,1,0,1,1,1.0
2024,TO,Norte,Avarias e/ou desgaste excessivo no pneu,Manhã,4,0,0,0,10,0.0
2024,TO,Norte,Avarias e/ou desgaste excessivo no pneu,Noite,7,2,1,2,10,0.285714
2024,TO,Norte,Avarias e/ou desgaste excessivo no pneu,Tarde,8,3,0,4,11,0.375
2024,TO,Norte,Carga excessiva e/ou mal acondicionada,Manhã,1,1,0,1,1,1.0
2024,TO,Norte,Carga excessiva e/ou mal acondicionada,Tarde,3,3,3,2,6,1.0
2024,TO,Norte,Chuva,Madrugada,1,0,0,0,0,0.0
2024,TO,Norte,Chuva,Manhã,3,1,0,1,4,0.333333
2024,TO,Norte,Chuva,Noite,3,0,0,0,4,0.0
2024,TO,Norte,Chuva,Tarde,2,1,0,1,5,0.5
2024,TO,Norte,Condutor Dormindo,Madrugada,9,3,1,2,12,0.333333
2024,TO,Norte,Condutor Dormindo,Manhã,3,0,0,0,2,0.0
2024,TO,Norte,Condutor Dormindo,Tarde,7,3,0,4,11,0.428571
2024,TO,Norte,Condutor deixou de manter distância do veículo da frente,Madrugada,1,1,1,0,2,1.0
2024,TO,Norte,Condutor deixou de manter distância do veículo da frente,Manhã,10,2,0,2,15,0.2
2024,TO,Norte,Condutor deixou de manter distância do veículo da frente,Noite,7,3,1,2,7,0.428571
2024,TO,Norte,Condutor deixou de manter distância do veículo da frente,Tarde,10,1,0,1,6,0.1
2024,TO,Norte,Condutor usando celular,Tarde,1,0,0,0,1,0.0
2024,TO,Norte,Conversão proibida,Manhã,7,2,0,2,11,0.285714
2024,TO,Norte,Conversão proibida,Noite,4,2,0,3,6,0.5
2024,TO,Norte,Conversão proibida,Tarde,5,3,1,2,8,0.6
2024,TO,Norte,Declive acentuado,Madrugada,1,0,0,0,0,0.0
2024,TO,Norte,Deficiência do Sistema de Iluminação/Sinalização,Madrugada,1,1,0,1,1,1.0
2024,TO,Norte,Deficiência do Sistema de Iluminação/Sinalização,Noite,1,0,0,0,1,0.0
2024,TO,Norte,Deixar de acionar o farol da motocicleta (ou similar),Noite,1,0,0,0,1,0.0
2024,TO,Norte,Demais Fenômenos da natureza,Tarde,1,0,0,0,1,0.0
2024,TO,Norte,Demais falhas mecânicas ou elétricas,Madrugada,6,0,0,0,4,0.0
2024,TO,Norte,Demais falhas mecânicas ou elétricas,Manhã,9,1,0,1,8,0.111111
2024,TO,Norte,Demais falhas mecânicas ou elétricas,Noite,5,1,0,1,4,0.2
2024,TO,Norte,Demais falhas mecânicas ou elétricas,Tarde,3,0,0,0,3,0.0
2024,TO,Norte,Demais falhas na via,Manhã,1,0,0,0,1,0.0
2024,TO,Norte,Demais falhas na via,Tarde,2,1,14,1,15,0.5
2024,TO,Norte,Desrespeitar a preferência no cruzamento,Manhã,2,1,0,1,2,0.5
2024,TO,Norte,Desrespeitar a preferência no cruzamento,Noite,5,0,0,0,5,0.0
2024,TO,Norte,Desrespeitar a preferência no cruzamento,Tarde,3,0,0,0,3,0.0
2024,TO,Norte,Desvio temporário,Madrugada,1,0,0,0,0,0.0
2024,TO,Norte,Entrada inopinada do pedestre,Madrugada,2,1,0,1,2,0.5
2024,TO,Norte,Entrada inopinada do pedestre,Manhã,2,2,1,1,2,1.0
2024,TO,Norte,Entrada inopinada do pedestre,Noite,1,1,1,0,1,1.0
2024,TO,Norte,Entrada inopinada do pedestre,Tarde,1,0,0,0,0,0.0
2024,TO,Norte,Estacionar ou parar em local proibido,Madrugada,1,1,1,0,1,1.0
2024,TO,Norte,Estacionar ou parar em local proibido,Manhã,1,0,0,0,1,0.0
2024,TO,Norte,Estacionar ou parar em local proibido,Noite,1,0,0,0,1,0.0
2024,TO,Norte,Estacionar ou parar em local proibido,Tarde,2,0,0,0,2,0.0
2024,TO,Norte,Frear bruscamente,Manhã,2,0,0,0,1,0.0
2024,TO,Norte,Frear bruscamente,Noite,1,1,0,1,1,1.0
2024,TO,Norte,Frear bruscamente,Tarde,1,0,0,0,1,0.0
2024,TO,Norte,Iluminação deficiente,Noite,2,1,0,1,3,0.5
2024,TO,Norte,Ingestão de álcool pelo condutor,Madrugada,12,2,2,0,12,0.166667
2024,TO,Norte,Ingestão de álcool pelo condutor,Manhã,9,2,1,1,8,0.222222
2024,TO,Norte,Ingestão de álcool pelo condutor,Noite,24,7,3,5,21,0.291667
2024,TO,Norte,Ingestão de álcool pelo condutor,Tarde,7,3,0,3,4,0.428571
2024,TO,Norte,Mal súbito do condutor,Manhã,3,0,0,0,2,0.0
2024,TO,Norte,Mal súbito do condutor,Noite,1,0,0,0,1,0.0
2024,TO,Norte,Mal súbito do condutor,Tarde,1,0,0,0,0,0.0
2024,TO,Norte,Manobra de mudança de faixa,Madrugada,4,1,2,0,7,0.25
2024,TO,Norte,Manobra de mudança de faixa,Manhã,12,3,5,3,16,0.25
2024,TO,Norte,Manobra de mudança de faixa,Noite,8,1,0,1,10,0.125
2024,TO,Norte,Manobra de mudança de faixa,Tarde,11,5,1,4,7,0.454545
2024,TO,Norte,Objeto estático sobre o leito carroçável,Madrugada,5,0,0,0,4,0.0
2024,TO,Norte,Objeto estático sobre o leito carroçável,Noite,3,1,0,1,2,0.333333
2024,TO,Norte,Objeto estático sobre o leito carroçável,Tarde,3,2,2,1,5,0.666667
2024,TO,Norte,Pedestre andava na pista,Madrugada,2,1,0,1,3,0.5
2024,TO,Norte,Pedestre andava na pista,Noite,5,5,2,3,8,1.0
2024,TO,Norte,Pedestre cruzava a pista fora da faixa,Madrugada,1,1,1,0,1,1.0
2024,TO,Norte,Pedestre cruzava a pista fora da faixa,Manhã,1,0,0,0,1,0.0
2024,TO,Norte,Pedestre cruzava a pista fora da faixa,Noite,2,1,1,0,4,0.5
2024,TO,Norte,Problema com o freio,Tarde,3,0,0,0,0,0.0
2024,TO,Norte,Problema na suspensão,Manhã,1,0,0,0,1,0.0
2024,TO,Norte,Reação tardia ou ineficiente do condutor,Madrugada,16,2,1,1,26,0.125
2024,TO,Norte,Reação tardia ou ineficiente do condutor,Manhã,37,6,0,8,44,0.162162
2024,TO,Norte,Reação tardia ou ineficiente do condutor,Noite,38,14,2,15,51,0.368421
2024,TO,Norte,Reação tardia ou ineficiente do condutor,Tarde,31,5,2,5,39,0.16129
2024,TO,Norte,Restrição de visibilidade em curvas verticais,Madrugada,1,1,0,5,6,1.0
2024,TO,Norte,Transitar na contramão,Madrugada,10,8,6,5,15,0.8
2024,TO,Norte,Transitar na contramão,Manhã,13,10,10,10,26,0.769231
2024,TO,Norte,Transitar na contramão,Noite,21,15,12,7,26,0.714286
2024,TO,Norte,Transitar na contramão,Tarde,15,13,6,9,24,0.866667
2024,TO,Norte,Transitar no acostamento,Manhã,1,1,0,1,1,1.0
2024,TO,Norte,Transitar no acostamento,Noite,1,0,0,0,1,0.0
2024,TO,Norte,Transtornos Mentais (exceto suicidio),Madrugada,1,0,0,0,1,0.0
2024,TO,Norte,Ultrapassagem Indevida,Madrugada,3,2,1,2,6,0.666667
2024,TO,Norte,Ultrapassagem Indevida,Manhã,13,5,2,5,23,0.384615
2024,TO,Norte,Ultrapassagem Indevida,Noite,8,2,2,1,12,0.25
2024,TO,Norte,Ultrapassagem Indevida,Tarde,14,5,4,5,22,0.357143
2024,TO,Norte,Velocidade Incompatível,Madrugada,3,2,4,36,63,0.666667
2024,TO,Norte,Velocidade Incompatível,Manhã,8,4,0,5,8,0.5
2024,TO,Norte,Velocidade Incompatível,Noite,3,1,1,1,5,0.333333
2024,TO,Norte,Velocidade Incompatível,Tarde,4,2,1,2,6,0.5
